chunk_id,given_label,pred_label,max_conf,triage
Acridotheres fuscus_1_c000,Acridotheres fuscus,Acridotheres fuscus,0.0119,empty
Acridotheres fuscus_1_c001,Acridotheres fuscus,Acridotheres fuscus,0.0047,empty
Acridotheres fuscus_1_c002,Acridotheres fuscus,Acridotheres fuscus,0.0780,empty
Acridotheres fuscus_1_c003,Acridotheres fuscus,Acridotheres fuscus,0.0456,empty
Acridotheres fuscus_2_c000,Acridotheres fuscus,Acridotheres fuscus,0.0192,empty
Acridotheres fuscus_2_c001,Acridotheres fuscus,Sturnia malabarica,0.0040,empty
Acridotheres fuscus_2_c002,Acridotheres fuscus,Pellorneum ruficeps,0.0113,empty
Acridotheres fuscus_2_c003,Acridotheres fuscus,Psilopogon lineatus,0.0053,empty
Acridotheres fuscus_2_c004,Acridotheres fuscus,Acridotheres fuscus,0.0321,empty
Acridotheres fuscus_3_c000,Acridotheres fuscus,Acridotheres fuscus,0.0456,empty
Acridotheres fuscus_3_c001,Acridotheres fuscus,Pluvialis squatarola,0.0009,empty
Acridotheres fuscus_4_c000,Acridotheres fuscus,Acridotheres fuscus,0.1733,empty
Acridotheres fuscus_4_c001,Acridotheres fuscus,Psittacula eupatria,0.0024,empty
Acridotheres fuscus_4_c002,Acridotheres fuscus,Acridotheres fuscus,0.3813,ambiguous
Acridotheres fuscus_4_c003,Acridotheres fuscus,Psittacula eupatria,0.0298,empty
Acridotheres fuscus_4_c004,Acridotheres fuscus,Psittacula eupatria,0.0156,empty
Acridotheres fuscus_4_c005,Acridotheres fuscus,Acridotheres fuscus,0.0458,empty
Acridotheres fuscus_4_c006,Acridotheres fuscus,Acridotheres fuscus,0.4686,ambiguous
Acridotheres fuscus_4_c007,Acridotheres fuscus,Acridotheres fuscus,0.0838,empty
Acridotheres fuscus_5_c000,Acridotheres fuscus,Acridotheres fuscus,0.0204,empty
Acridotheres fuscus_5_c001,Acridotheres fuscus,Acridotheres fuscus,0.0449,empty
Acridotheres fuscus_5_c002,Acridotheres fuscus,Acridotheres fuscus,0.1579,empty
Acridotheres fuscus_5_c003,Acridotheres fuscus,Acridotheres fuscus,0.0487,empty
Acridotheres fuscus_5_c004,Acridotheres fuscus,Cypsiurus balasiensis,0.0139,empty
Acridotheres fuscus_5_c005,Acridotheres fuscus,Acridotheres fuscus,0.0681,empty
Acridotheres fuscus_5_c006,Acridotheres fuscus,Acridotheres fuscus,0.1117,empty
Acridotheres fuscus_5_c007,Acridotheres fuscus,Acridotheres fuscus,0.0537,empty
Acridotheres fuscus_5_c008,Acridotheres fuscus,Cypsiurus balasiensis,0.0342,empty
Acridotheres fuscus_5_c009,Acridotheres fuscus,Acridotheres fuscus,0.2643,ambiguous
Acridotheres fuscus_5_c010,Acridotheres fuscus,Acridotheres fuscus,0.3320,ambiguous
Acridotheres fuscus_6_c000,Acridotheres fuscus,Acridotheres fuscus,0.8066,concordant
Acridotheres fuscus_6_c001,Acridotheres fuscus,Acridotheres fuscus,0.0785,empty
Acridotheres fuscus_7_c000,Acridotheres fuscus,Acridotheres fuscus,0.0920,empty
Acridotheres fuscus_7_c001,Acridotheres fuscus,Acridotheres fuscus,0.0640,empty
Acridotheres fuscus_7_c002,Acridotheres fuscus,Acridotheres fuscus,0.1449,empty
Acridotheres fuscus_7_c003,Acridotheres fuscus,Acridotheres fuscus,0.0903,empty
Acridotheres fuscus_7_c004,Acridotheres fuscus,Acridotheres fuscus,0.0371,empty
Acridotheres fuscus_7_c005,Acridotheres fuscus,Acridotheres fuscus,0.0568,empty
Acridotheres fuscus_7_c006,Acridotheres fuscus,Acridotheres fuscus,0.2164,ambiguous
Acridotheres fuscus_7_c007,Acridotheres fuscus,Acridotheres fuscus,0.1548,empty
Acridotheres fuscus_7_c008,Acridotheres fuscus,Acridotheres fuscus,0.1954,empty
Acridotheres fuscus_7_c009,Acridotheres fuscus,Acridotheres fuscus,0.0165,empty
Acridotheres fuscus_8_c000,Acridotheres fuscus,Acridotheres fuscus,0.9629,concordant
Acridotheres fuscus_8_c001,Acridotheres fuscus,Acridotheres fuscus,0.9669,concordant
Acridotheres fuscus_8_c002,Acridotheres fuscus,Acridotheres fuscus,0.8655,concordant
Acridotheres fuscus_8_c003,Acridotheres fuscus,Acridotheres fuscus,0.9773,concordant
Acridotheres fuscus_8_c004,Acridotheres fuscus,Acridotheres fuscus,0.7525,concordant
Acridotheres fuscus_8_c005,Acridotheres fuscus,Acridotheres fuscus,0.7948,concordant
Acridotheres fuscus_8_c006,Acridotheres fuscus,Acridotheres fuscus,0.6950,concordant
Acridotheres fuscus_9_c000,Acridotheres fuscus,Acridotheres fuscus,0.6126,concordant
Acridotheres fuscus_9_c001,Acridotheres fuscus,Acridotheres fuscus,0.6439,concordant
Acridotheres fuscus_9_c002,Acridotheres fuscus,Acridotheres fuscus,0.0885,empty
Acridotheres fuscus_9_c003,Acridotheres fuscus,Acridotheres fuscus,0.8515,concordant
Acridotheres fuscus_9_c004,Acridotheres fuscus,Acridotheres fuscus,0.9268,concordant
Acridotheres fuscus_9_c005,Acridotheres fuscus,Acridotheres fuscus,0.6411,concordant
Acridotheres fuscus_9_c006,Acridotheres fuscus,Acridotheres fuscus,0.9107,concordant
Acridotheres fuscus_9_c007,Acridotheres fuscus,Acridotheres fuscus,0.1603,empty
Acridotheres fuscus_9_c008,Acridotheres fuscus,Acridotheres fuscus,0.4842,ambiguous
Acridotheres fuscus_9_c009,Acridotheres fuscus,Acridotheres fuscus,0.0707,empty
Acridotheres fuscus_10_c000,Acridotheres fuscus,Acridotheres fuscus,0.0842,empty
Acridotheres fuscus_10_c001,Acridotheres fuscus,Acridotheres fuscus,0.3670,ambiguous
Acridotheres fuscus_10_c002,Acridotheres fuscus,Acridotheres fuscus,0.5302,concordant
Acridotheres fuscus_11_c000,Acridotheres fuscus,Acridotheres fuscus,0.0287,empty
Acridotheres fuscus_11_c001,Acridotheres fuscus,Acridotheres fuscus,0.8436,concordant
Acridotheres fuscus_11_c002,Acridotheres fuscus,Acridotheres fuscus,0.5594,concordant
Acridotheres fuscus_11_c003,Acridotheres fuscus,Acridotheres fuscus,0.8368,concordant
Acridotheres fuscus_12_c000,Acridotheres fuscus,Acridotheres fuscus,0.6774,concordant
Acridotheres fuscus_12_c001,Acridotheres fuscus,Cuculus micropterus,0.0353,empty
Acridotheres fuscus_12_c002,Acridotheres fuscus,Acridotheres fuscus,0.4111,ambiguous
Acridotheres fuscus_12_c003,Acridotheres fuscus,Acridotheres fuscus,0.3595,ambiguous
Acridotheres fuscus_12_c004,Acridotheres fuscus,Acridotheres fuscus,0.8608,concordant
Acridotheres fuscus_12_c005,Acridotheres fuscus,Acridotheres fuscus,0.2901,ambiguous
Acridotheres fuscus_13_c000,Acridotheres fuscus,Chloropsis jerdoni,0.0038,empty
Acridotheres fuscus_13_c001,Acridotheres fuscus,Psittacula eupatria,0.0041,empty
Acridotheres fuscus_14_c000,Acridotheres fuscus,Acridotheres fuscus,0.0141,empty
Acridotheres fuscus_14_c001,Acridotheres fuscus,Acridotheres fuscus,0.0553,empty
Acridotheres fuscus_14_c002,Acridotheres fuscus,Acridotheres fuscus,0.0140,empty
Acridotheres fuscus_15_c000,Acridotheres fuscus,Acridotheres fuscus,0.0690,empty
Acridotheres fuscus_16_c000,Acridotheres fuscus,Acridotheres fuscus,0.6128,concordant
Acridotheres fuscus_16_c001,Acridotheres fuscus,Acridotheres fuscus,0.7420,concordant
Acrocephalus bistrigiceps_1_c000,Acrocephalus bistrigiceps,Acrocephalus bistrigiceps,0.1810,empty
Aethopyga gouldiae_1_c000,Aethopyga gouldiae,Aethopyga gouldiae,0.8338,concordant
Aethopyga gouldiae_1_c001,Aethopyga gouldiae,Aethopyga gouldiae,0.9114,concordant
Aethopyga gouldiae_1_c002,Aethopyga gouldiae,Aethopyga gouldiae,0.7373,concordant
Aethopyga gouldiae_1_c003,Aethopyga gouldiae,Aethopyga gouldiae,0.9852,concordant
Aethopyga gouldiae_1_c004,Aethopyga gouldiae,Aethopyga gouldiae,0.9780,concordant
Aethopyga gouldiae_1_c005,Aethopyga gouldiae,Aethopyga gouldiae,0.9832,concordant
Aethopyga gouldiae_1_c006,Aethopyga gouldiae,Aethopyga gouldiae,0.9445,concordant
Aethopyga gouldiae_1_c007,Aethopyga gouldiae,Aethopyga gouldiae,0.8521,concordant
Aethopyga gouldiae_1_c008,Aethopyga gouldiae,Aethopyga gouldiae,0.6922,concordant
Aethopyga gouldiae_1_c009,Aethopyga gouldiae,Aethopyga gouldiae,0.9554,concordant
Aethopyga gouldiae_2_c000,Aethopyga gouldiae,Aethopyga gouldiae,0.2836,ambiguous
Aethopyga gouldiae_2_c001,Aethopyga gouldiae,Alcippe cinerea,0.0115,empty
Aethopyga gouldiae_2_c002,Aethopyga gouldiae,Pomatorhinus ruficollis,0.0086,empty
Aethopyga gouldiae_2_c003,Aethopyga gouldiae,Aethopyga gouldiae,0.0151,empty
Aethopyga gouldiae_2_c004,Aethopyga gouldiae,Aethopyga gouldiae,0.0840,empty
Aethopyga gouldiae_3_c000,Aethopyga gouldiae,Aethopyga gouldiae,0.2525,ambiguous
Aethopyga gouldiae_3_c001,Aethopyga gouldiae,Aethopyga gouldiae,0.3054,ambiguous
Aethopyga gouldiae_3_c002,Aethopyga gouldiae,Aethopyga gouldiae,0.7290,concordant
Aethopyga gouldiae_3_c003,Aethopyga gouldiae,Aethopyga gouldiae,0.0296,empty
Aethopyga gouldiae_3_c004,Aethopyga gouldiae,Aethopyga gouldiae,0.3948,ambiguous
Aethopyga gouldiae_4_c000,Aethopyga gouldiae,Chelidorhynx hypoxanthus,0.0010,empty
Aethopyga gouldiae_4_c001,Aethopyga gouldiae,Dicaeum cruentatum,0.0052,empty
Aethopyga gouldiae_4_c002,Aethopyga gouldiae,Pluvialis squatarola,0.0009,empty
Aethopyga gouldiae_5_c000,Aethopyga gouldiae,Aethopyga gouldiae,0.2990,ambiguous
Aethopyga gouldiae_5_c001,Aethopyga gouldiae,Aethopyga gouldiae,0.5133,concordant
Aethopyga gouldiae_5_c002,Aethopyga gouldiae,Arborophila torqueola,0.1778,empty
Aethopyga gouldiae_6_c000,Aethopyga gouldiae,Aethopyga gouldiae,0.7590,concordant
Aethopyga gouldiae_6_c001,Aethopyga gouldiae,Aethopyga gouldiae,0.7140,concordant
Alcippe cinerea_1_c000,Alcippe cinerea,Alcippe cinerea,0.9251,concordant
Alcippe cinerea_1_c001,Alcippe cinerea,Sturnia malabarica,0.0059,empty
Alcippe cinerea_1_c002,Alcippe cinerea,Alcippe cinerea,0.9381,concordant
Alcippe cinerea_1_c003,Alcippe cinerea,Psittacula eupatria,0.0178,empty
Alcippe cinerea_1_c004,Alcippe cinerea,Alcippe cinerea,0.5346,concordant
Alcippe cinerea_2_c000,Alcippe cinerea,Alcippe cinerea,0.0817,empty
Alcippe cinerea_2_c001,Alcippe cinerea,Alcippe cinerea,0.0089,empty
Alcippe cinerea_2_c002,Alcippe cinerea,Alcippe cinerea,0.0301,empty
Alcippe cinerea_2_c003,Alcippe cinerea,Alcippe cinerea,0.2725,ambiguous
Alcippe cinerea_2_c004,Alcippe cinerea,Alcippe cinerea,0.0239,empty
Alcippe cinerea_2_c005,Alcippe cinerea,Alcippe cinerea,0.1869,empty
Alcippe cinerea_2_c006,Alcippe cinerea,Alcippe cinerea,0.0782,empty
Alcippe cinerea_3_c000,Alcippe cinerea,Alcippe cinerea,0.9999,concordant
Alcippe cinerea_3_c001,Alcippe cinerea,Alcippe cinerea,0.9442,concordant
Alcippe cinerea_3_c002,Alcippe cinerea,Alcippe cinerea,0.8188,concordant
Alcippe cinerea_3_c003,Alcippe cinerea,Alcippe cinerea,0.4862,ambiguous
Alcippe cinerea_3_c004,Alcippe cinerea,Alcippe cinerea,0.9534,concordant
Alcippe cinerea_3_c005,Alcippe cinerea,Alcippe cinerea,0.9694,concordant
Alcippe cinerea_3_c006,Alcippe cinerea,Alcippe cinerea,0.8204,concordant
Alcippe cinerea_3_c007,Alcippe cinerea,Alcippe cinerea,0.9891,concordant
Alcippe cinerea_3_c008,Alcippe cinerea,Alcippe cinerea,0.8940,concordant
Alcippe cinerea_3_c009,Alcippe cinerea,Alcippe cinerea,0.7034,concordant
Alcippe cinerea_4_c000,Alcippe cinerea,Alcippe cinerea,0.9689,concordant
Alcippe cinerea_4_c001,Alcippe cinerea,Alcippe cinerea,0.9894,concordant
Alcippe cinerea_4_c002,Alcippe cinerea,Alcippe cinerea,0.9571,concordant
Alcippe cinerea_4_c003,Alcippe cinerea,Alcippe cinerea,0.8718,concordant
Alcippe cinerea_4_c004,Alcippe cinerea,Alcippe cinerea,0.8604,concordant
Alcippe cinerea_4_c005,Alcippe cinerea,Alcippe cinerea,0.9858,concordant
Alcippe cinerea_4_c006,Alcippe cinerea,Alcippe cinerea,0.9963,concordant
Alcippe cinerea_4_c007,Alcippe cinerea,Macronus gularis,0.0047,empty
Alcippe cinerea_5_c000,Alcippe cinerea,Alcippe cinerea,0.2802,ambiguous
Alcippe cinerea_5_c001,Alcippe cinerea,Alcippe cinerea,0.7616,concordant
Alcippe cinerea_5_c002,Alcippe cinerea,Alcippe cinerea,0.4573,ambiguous
Alcippe cinerea_6_c000,Alcippe cinerea,Alcippe cinerea,0.9784,concordant
Alcippe cinerea_6_c001,Alcippe cinerea,Polyplectron bicalcaratum,0.0797,empty
Alcippe cinerea_6_c002,Alcippe cinerea,Alcippe cinerea,0.4438,ambiguous
Alcippe cinerea_6_c003,Alcippe cinerea,Alcippe cinerea,0.9878,concordant
Alcippe cinerea_6_c004,Alcippe cinerea,Alcippe cinerea,0.9995,concordant
Alcippe cinerea_6_c005,Alcippe cinerea,Alcippe cinerea,0.9198,concordant
Alcippe cinerea_6_c006,Alcippe cinerea,Alcippe cinerea,0.9961,concordant
Alcippe cinerea_6_c007,Alcippe cinerea,Alcippe cinerea,0.2508,ambiguous
Alcippe cinerea_6_c008,Alcippe cinerea,Alcippe cinerea,0.6675,concordant
Alcippe cinerea_6_c009,Alcippe cinerea,Alcippe cinerea,0.9427,concordant
Alcippe cinerea_7_c000,Alcippe cinerea,Alcippe cinerea,0.4947,ambiguous
Alcippe cinerea_7_c001,Alcippe cinerea,Polyplectron bicalcaratum,0.0183,empty
Alcippe cinerea_7_c002,Alcippe cinerea,Alcippe cinerea,0.0331,empty
Alcippe cinerea_7_c003,Alcippe cinerea,Polyplectron bicalcaratum,0.0063,empty
Alcippe cinerea_7_c004,Alcippe cinerea,Alcippe cinerea,0.0301,empty
Alcippe cinerea_7_c005,Alcippe cinerea,Alcippe cinerea,0.0869,empty
Alcippe cinerea_7_c006,Alcippe cinerea,Polyplectron bicalcaratum,0.0151,empty
Alcippe cinerea_7_c007,Alcippe cinerea,Alcippe cinerea,0.0376,empty
Alcippe cinerea_8_c000,Alcippe cinerea,Alcippe cinerea,0.1492,empty
Alcippe cinerea_8_c001,Alcippe cinerea,Alcippe cinerea,0.8154,concordant
Alcippe cinerea_8_c002,Alcippe cinerea,Alcippe cinerea,0.9997,concordant
Alcippe cinerea_8_c003,Alcippe cinerea,Alcippe cinerea,0.9943,concordant
Alcippe cinerea_8_c004,Alcippe cinerea,Alcippe cinerea,0.9998,concordant
Alcippe cinerea_8_c005,Alcippe cinerea,Alcippe cinerea,0.0824,empty
Alcippe cinerea_9_c000,Alcippe cinerea,Alcippe cinerea,0.9706,concordant
Alcippe cinerea_9_c001,Alcippe cinerea,Alcippe cinerea,0.4707,ambiguous
Alcippe cinerea_10_c000,Alcippe cinerea,Alcippe cinerea,0.6512,concordant
Alcippe cinerea_10_c001,Alcippe cinerea,Alcippe cinerea,0.0787,empty
Alcippe cinerea_10_c002,Alcippe cinerea,Alcippe cinerea,0.1273,empty
Alcippe cinerea_10_c003,Alcippe cinerea,Alcippe cinerea,0.3877,ambiguous
Alcippe cinerea_10_c004,Alcippe cinerea,Alcippe cinerea,0.7323,concordant
Alcippe cinerea_10_c005,Alcippe cinerea,Alcippe cinerea,0.3789,ambiguous
Alcippe cinerea_10_c006,Alcippe cinerea,Alcippe cinerea,0.0707,empty
Alcippe cinerea_10_c007,Alcippe cinerea,Alcippe cinerea,0.2015,ambiguous
Alcippe cinerea_10_c008,Alcippe cinerea,Alcippe cinerea,0.9982,concordant
Alcippe cinerea_10_c009,Alcippe cinerea,Alcippe cinerea,0.9616,concordant
Alcippe cinerea_10_c010,Alcippe cinerea,Alcippe cinerea,0.9082,concordant
Alcippe cinerea_10_c011,Alcippe cinerea,Alcippe cinerea,0.9696,concordant
Alcippe cinerea_10_c012,Alcippe cinerea,Alcippe cinerea,0.2065,ambiguous
Alcippe cinerea_10_c013,Alcippe cinerea,Alcippe cinerea,0.8196,concordant
Alcippe cinerea_10_c014,Alcippe cinerea,Alcippe cinerea,0.9225,concordant
Alcippe cinerea_10_c015,Alcippe cinerea,Alcippe cinerea,0.8665,concordant
Alcippe cinerea_11_c000,Alcippe cinerea,Pomatorhinus ruficollis,0.0004,empty
Alcippe cinerea_11_c001,Alcippe cinerea,Pomatorhinus ruficollis,0.0048,empty
Alcippe cinerea_11_c002,Alcippe cinerea,Phylloscopus inornatus,0.0008,empty
Alcippe cinerea_12_c000,Alcippe cinerea,Alcippe cinerea,0.0425,empty
Alcippe cinerea_12_c001,Alcippe cinerea,Alcippe cinerea,0.0400,empty
Alcippe cinerea_13_c000,Alcippe cinerea,Alcippe cinerea,0.0249,empty
Alcippe cinerea_13_c001,Alcippe cinerea,Alcippe cinerea,0.1262,empty
Alcippe cinerea_14_c000,Alcippe cinerea,Alcippe cinerea,0.3324,ambiguous
Alcippe cinerea_14_c001,Alcippe cinerea,Alcippe cinerea,0.9254,concordant
Alcippe cinerea_14_c002,Alcippe cinerea,Alcippe cinerea,0.9216,concordant
Alcippe cinerea_14_c003,Alcippe cinerea,Alcippe cinerea,0.0518,empty
Alcippe cinerea_14_c004,Alcippe cinerea,Alcippe cinerea,0.0067,empty
Alcippe cinerea_15_c000,Alcippe cinerea,Alcippe cinerea,0.9546,concordant
Alcippe cinerea_15_c001,Alcippe cinerea,Alcippe cinerea,0.9992,concordant
Alcippe cinerea_15_c002,Alcippe cinerea,Alcippe cinerea,0.9979,concordant
Alcippe cinerea_15_c003,Alcippe cinerea,Alcippe cinerea,0.9994,concordant
Alcippe cinerea_15_c004,Alcippe cinerea,Alcippe cinerea,0.9505,concordant
Alcippe cinerea_15_c005,Alcippe cinerea,Alcippe cinerea,0.9975,concordant
Alcippe cinerea_15_c006,Alcippe cinerea,Alcippe cinerea,0.9568,concordant
Alcippe cinerea_15_c007,Alcippe cinerea,Alcippe cinerea,0.9957,concordant
Alcippe cinerea_15_c008,Alcippe cinerea,Alcippe cinerea,0.4686,ambiguous
Alcippe cinerea_16_c000,Alcippe cinerea,Alcippe cinerea,0.9961,concordant
Alcippe cinerea_16_c001,Alcippe cinerea,Alcippe cinerea,0.9940,concordant
Alcippe cinerea_16_c002,Alcippe cinerea,Alcippe cinerea,0.9966,concordant
Alcippe cinerea_16_c003,Alcippe cinerea,Alcippe cinerea,0.9995,concordant
Alcippe cinerea_16_c004,Alcippe cinerea,Alcippe cinerea,0.9976,concordant
Alcippe cinerea_16_c005,Alcippe cinerea,Alcippe cinerea,0.9960,concordant
Alcippe cinerea_16_c006,Alcippe cinerea,Alcippe cinerea,0.9995,concordant
Alcippe cinerea_16_c007,Alcippe cinerea,Alcippe cinerea,0.9761,concordant
Alcippe cinerea_17_c000,Alcippe cinerea,Alcippe cinerea,0.9496,concordant
Alcippe cinerea_17_c001,Alcippe cinerea,Alcippe cinerea,0.6463,concordant
Alcippe cinerea_17_c002,Alcippe cinerea,Alcippe cinerea,0.9806,concordant
Alcippe cinerea_17_c003,Alcippe cinerea,Alcippe cinerea,0.6849,concordant
Alcippe cinerea_17_c004,Alcippe cinerea,Alcippe cinerea,0.9981,concordant
Alcippe cinerea_17_c005,Alcippe cinerea,Alcippe cinerea,0.9989,concordant
Alcippe cinerea_17_c006,Alcippe cinerea,Alcippe cinerea,0.9676,concordant
Alcippe cinerea_17_c007,Alcippe cinerea,Alcippe cinerea,0.9029,concordant
Alcippe cinerea_17_c008,Alcippe cinerea,Alcippe cinerea,0.9787,concordant
Alcippe cinerea_17_c009,Alcippe cinerea,Alcippe cinerea,0.7280,concordant
Alcippe cinerea_18_c000,Alcippe cinerea,Alcippe cinerea,0.9923,concordant
Alcippe cinerea_18_c001,Alcippe cinerea,Alcippe cinerea,0.9814,concordant
Alcippe cinerea_18_c002,Alcippe cinerea,Alcippe cinerea,0.9161,concordant
Alcippe cinerea_18_c003,Alcippe cinerea,Alcippe cinerea,0.9896,concordant
Alcippe cinerea_18_c004,Alcippe cinerea,Alcippe cinerea,0.9465,concordant
Alcippe cinerea_18_c005,Alcippe cinerea,Alcippe cinerea,0.8862,concordant
Alcippe cinerea_18_c006,Alcippe cinerea,Alcippe cinerea,0.9981,concordant
Alcippe cinerea_18_c007,Alcippe cinerea,Alcippe cinerea,0.8974,concordant
Alcippe cinerea_18_c008,Alcippe cinerea,Alcippe cinerea,0.9777,concordant
Alcippe cinerea_18_c009,Alcippe cinerea,Alcippe cinerea,0.9094,concordant
Alcippe cinerea_18_c010,Alcippe cinerea,Alcippe cinerea,0.0156,empty
Alcippe cinerea_18_c011,Alcippe cinerea,Alcippe cinerea,0.1707,empty
Alcippe cinerea_19_c000,Alcippe cinerea,Alcippe cinerea,0.9136,concordant
Alcippe cinerea_19_c001,Alcippe cinerea,Alcippe cinerea,0.9297,concordant
Alcippe cinerea_19_c002,Alcippe cinerea,Alcippe cinerea,0.9134,concordant
Alcippe cinerea_19_c003,Alcippe cinerea,Chelidorhynx hypoxanthus,0.0136,empty
Alcippe cinerea_19_c004,Alcippe cinerea,Alcippe cinerea,0.3938,ambiguous
Alcippe cinerea_19_c005,Alcippe cinerea,Alcippe cinerea,0.9717,concordant
Alcippe cinerea_19_c006,Alcippe cinerea,Alcippe cinerea,0.9531,concordant
Alcippe cinerea_19_c007,Alcippe cinerea,Alcippe cinerea,0.9693,concordant
Alcippe cinerea_19_c008,Alcippe cinerea,Alcippe cinerea,0.9274,concordant
Alcippe cinerea_19_c009,Alcippe cinerea,Alcippe cinerea,0.9142,concordant
Alcippe cinerea_19_c010,Alcippe cinerea,Alcippe cinerea,0.9606,concordant
Alcippe cinerea_20_c000,Alcippe cinerea,Chelidorhynx hypoxanthus,0.0029,empty
Alcippe cinerea_20_c001,Alcippe cinerea,Alcippe cinerea,0.0113,empty
Alcippe cinerea_21_c000,Alcippe cinerea,Alcippe cinerea,0.8115,concordant
Alcippe cinerea_21_c001,Alcippe cinerea,Alcippe cinerea,0.5568,concordant
Alcippe cinerea_21_c002,Alcippe cinerea,Alcippe cinerea,0.9165,concordant
Alcippe cinerea_21_c003,Alcippe cinerea,Alcippe cinerea,0.7083,concordant
Alcippe cinerea_22_c000,Alcippe cinerea,Liocichla phoenicea,0.0026,empty
Alcippe cinerea_23_c000,Alcippe cinerea,Alcippe cinerea,0.6852,concordant
Alcippe cinerea_23_c001,Alcippe cinerea,Alcippe cinerea,0.6866,concordant
Alcippe cinerea_23_c002,Alcippe cinerea,Alcippe cinerea,0.4714,ambiguous
Alcippe cinerea_23_c003,Alcippe cinerea,Alcippe cinerea,0.8417,concordant
Alcippe cinerea_23_c004,Alcippe cinerea,Alcippe cinerea,0.9454,concordant
Alcippe cinerea_23_c005,Alcippe cinerea,Alcippe cinerea,0.9254,concordant
Alcippe cinerea_23_c006,Alcippe cinerea,Alcippe cinerea,0.7990,concordant
Alcippe cinerea_23_c007,Alcippe cinerea,Alcippe cinerea,0.8915,concordant
Alcippe cinerea_23_c008,Alcippe cinerea,Alcippe cinerea,0.9628,concordant
Alcippe cinerea_24_c000,Alcippe cinerea,Alcippe cinerea,0.7305,concordant
Alcippe cinerea_24_c001,Alcippe cinerea,Alcippe cinerea,0.6391,concordant
Alcippe cinerea_24_c002,Alcippe cinerea,Alcippe cinerea,0.7521,concordant
Alcippe cinerea_24_c003,Alcippe cinerea,Alcippe cinerea,0.6121,concordant
Alcippe cinerea_24_c004,Alcippe cinerea,Alcippe cinerea,0.9774,concordant
Alcippe cinerea_24_c005,Alcippe cinerea,Alcippe cinerea,0.5941,concordant
Alcippe cinerea_24_c006,Alcippe cinerea,Chelidorhynx hypoxanthus,0.2142,ambiguous
Alcippe cinerea_24_c007,Alcippe cinerea,Alcippe cinerea,0.7105,concordant
Alcippe cinerea_24_c008,Alcippe cinerea,Alcippe cinerea,0.6192,concordant
Alcippe cinerea_24_c009,Alcippe cinerea,Alcippe cinerea,0.9654,concordant
Arachnothera magna_1_c000,Arachnothera magna,Arachnothera magna,0.9943,concordant
Arachnothera magna_1_c001,Arachnothera magna,Arachnothera magna,0.9916,concordant
Arachnothera magna_1_c002,Arachnothera magna,Arachnothera magna,0.9856,concordant
Arachnothera magna_1_c003,Arachnothera magna,Arachnothera magna,0.9984,concordant
Arachnothera magna_1_c004,Arachnothera magna,Arachnothera magna,0.9943,concordant
Arachnothera magna_1_c005,Arachnothera magna,Arachnothera magna,0.9949,concordant
Arachnothera magna_1_c006,Arachnothera magna,Arachnothera magna,0.9823,concordant
Arachnothera magna_1_c007,Arachnothera magna,Arachnothera magna,0.9939,concordant
Arachnothera magna_1_c008,Arachnothera magna,Arachnothera magna,0.9969,concordant
Arachnothera magna_1_c009,Arachnothera magna,Arachnothera magna,0.9988,concordant
Arachnothera magna_2_c000,Arachnothera magna,Arachnothera magna,0.9998,concordant
Arachnothera magna_2_c001,Arachnothera magna,Arachnothera magna,0.9997,concordant
Arachnothera magna_2_c002,Arachnothera magna,Arachnothera magna,0.9999,concordant
Arachnothera magna_2_c003,Arachnothera magna,Arachnothera magna,0.9993,concordant
Arachnothera magna_2_c004,Arachnothera magna,Arachnothera magna,0.9382,concordant
Arachnothera magna_3_c000,Arachnothera magna,Arachnothera magna,0.9982,concordant
Arachnothera magna_3_c001,Arachnothera magna,Arachnothera magna,0.9945,concordant
Arachnothera magna_3_c002,Arachnothera magna,Arachnothera magna,0.9803,concordant
Arachnothera magna_3_c003,Arachnothera magna,Arachnothera magna,0.7857,concordant
Arachnothera magna_3_c004,Arachnothera magna,Arachnothera magna,0.9851,concordant
Arachnothera magna_3_c005,Arachnothera magna,Arachnothera magna,0.9867,concordant
Arachnothera magna_4_c000,Arachnothera magna,Arachnothera magna,0.9887,concordant
Arachnothera magna_4_c001,Arachnothera magna,Arachnothera magna,0.9971,concordant
Arachnothera magna_4_c002,Arachnothera magna,Arachnothera magna,0.9764,concordant
Arachnothera magna_4_c003,Arachnothera magna,Arachnothera magna,0.9885,concordant
Arachnothera magna_4_c004,Arachnothera magna,Arachnothera magna,0.8113,concordant
Arachnothera magna_5_c000,Arachnothera magna,Arachnothera magna,0.1258,empty
Arachnothera magna_5_c001,Arachnothera magna,Arachnothera magna,0.4431,ambiguous
Arachnothera magna_6_c000,Arachnothera magna,Phylloscopus subaffinis,0.0099,empty
Arachnothera magna_7_c000,Arachnothera magna,Arachnothera magna,0.3388,ambiguous
Arachnothera magna_8_c000,Arachnothera magna,Arachnothera magna,0.3027,ambiguous
Arachnothera magna_8_c001,Arachnothera magna,Arachnothera magna,0.5177,concordant
Arachnothera magna_8_c002,Arachnothera magna,Arachnothera magna,0.4615,ambiguous
Arachnothera magna_8_c003,Arachnothera magna,Arachnothera magna,0.8362,concordant
Arachnothera magna_8_c004,Arachnothera magna,Arachnothera magna,0.6865,concordant
Arachnothera magna_8_c005,Arachnothera magna,Arachnothera magna,0.7528,concordant
Arachnothera magna_8_c006,Arachnothera magna,Arachnothera magna,0.7945,concordant
Arachnothera magna_8_c007,Arachnothera magna,Stachyridopsis ambigua,0.0029,empty
Arachnothera magna_9_c000,Arachnothera magna,Arachnothera magna,0.9974,concordant
Arachnothera magna_9_c001,Arachnothera magna,Arachnothera magna,0.9823,concordant
Arachnothera magna_9_c002,Arachnothera magna,Arachnothera magna,0.9971,concordant
Arachnothera magna_10_c000,Arachnothera magna,Chloropsis jerdoni,0.0014,empty
Arachnothera magna_10_c001,Arachnothera magna,Chloropsis jerdoni,0.0004,empty
Arachnothera magna_10_c002,Arachnothera magna,Chelidorhynx hypoxanthus,0.0003,empty
Arachnothera magna_10_c003,Arachnothera magna,Pluvialis squatarola,0.0009,empty
Arachnothera magna_11_c000,Arachnothera magna,Arachnothera magna,0.7122,concordant
Arachnothera magna_11_c001,Arachnothera magna,Arachnothera magna,0.7345,concordant
Arachnothera magna_11_c002,Arachnothera magna,Arachnothera magna,0.8280,concordant
Arachnothera magna_11_c003,Arachnothera magna,Arachnothera magna,0.9467,concordant
Arborophila torqueola_1_c000,Arborophila torqueola,Arborophila torqueola,0.9993,concordant
Arborophila torqueola_1_c001,Arborophila torqueola,Arborophila torqueola,0.9664,concordant
Arborophila torqueola_1_c002,Arborophila torqueola,Arborophila torqueola,0.9945,concordant
Arborophila torqueola_1_c003,Arborophila torqueola,Arborophila torqueola,0.9965,concordant
Arborophila torqueola_1_c004,Arborophila torqueola,Arborophila torqueola,0.9780,concordant
Arborophila torqueola_1_c005,Arborophila torqueola,Arborophila torqueola,0.9980,concordant
Arborophila torqueola_1_c006,Arborophila torqueola,Arborophila torqueola,0.9950,concordant
Arborophila torqueola_1_c007,Arborophila torqueola,Arborophila torqueola,0.9866,concordant
Arborophila torqueola_1_c008,Arborophila torqueola,Arborophila torqueola,0.9966,concordant
Arborophila torqueola_1_c009,Arborophila torqueola,Arborophila torqueola,0.9980,concordant
Arborophila torqueola_1_c010,Arborophila torqueola,Arborophila torqueola,0.9967,concordant
Arborophila torqueola_1_c011,Arborophila torqueola,Arborophila torqueola,0.9902,concordant
Arborophila torqueola_2_c000,Arborophila torqueola,Arborophila torqueola,0.0649,empty
Arborophila torqueola_2_c001,Arborophila torqueola,Arborophila torqueola,0.5172,concordant
Arborophila torqueola_2_c002,Arborophila torqueola,Arborophila torqueola,0.3128,ambiguous
Arborophila torqueola_2_c003,Arborophila torqueola,Arborophila torqueola,0.9123,concordant
Arborophila torqueola_2_c004,Arborophila torqueola,Arborophila torqueola,0.3116,ambiguous
Arborophila torqueola_2_c005,Arborophila torqueola,Arborophila torqueola,0.9486,concordant
Arborophila torqueola_2_c006,Arborophila torqueola,Arborophila torqueola,0.9303,concordant
Arborophila torqueola_2_c007,Arborophila torqueola,Arborophila torqueola,0.7915,concordant
Arborophila torqueola_2_c008,Arborophila torqueola,Arborophila torqueola,0.4504,ambiguous
Arborophila torqueola_2_c009,Arborophila torqueola,Arborophila torqueola,0.1206,empty
Arborophila torqueola_2_c010,Arborophila torqueola,Arborophila torqueola,0.8200,concordant
Arborophila torqueola_2_c011,Arborophila torqueola,Arborophila torqueola,0.8361,concordant
Arborophila torqueola_2_c012,Arborophila torqueola,Pnoepyga pusilla,0.0021,empty
Arborophila torqueola_2_c013,Arborophila torqueola,Arborophila torqueola,0.9852,concordant
Arborophila torqueola_2_c014,Arborophila torqueola,Arborophila torqueola,0.0807,empty
Arborophila torqueola_2_c015,Arborophila torqueola,Arborophila torqueola,0.9218,concordant
Arborophila torqueola_2_c016,Arborophila torqueola,Arborophila torqueola,0.8758,concordant
Arborophila torqueola_2_c017,Arborophila torqueola,Arborophila torqueola,0.2806,ambiguous
Arborophila torqueola_2_c018,Arborophila torqueola,Arborophila torqueola,0.8380,concordant
Arborophila torqueola_2_c019,Arborophila torqueola,Arborophila torqueola,0.0548,empty
Arborophila torqueola_2_c020,Arborophila torqueola,Arborophila torqueola,0.1154,empty
Arborophila torqueola_2_c021,Arborophila torqueola,Arborophila torqueola,0.0612,empty
Arborophila torqueola_2_c022,Arborophila torqueola,Pomatorhinus ruficollis,0.0021,empty
Arborophila torqueola_2_c023,Arborophila torqueola,Arborophila torqueola,0.2375,ambiguous
Arborophila torqueola_2_c024,Arborophila torqueola,Arborophila torqueola,0.0131,empty
Arborophila torqueola_3_c000,Arborophila torqueola,Arborophila torqueola,0.9974,concordant
Arborophila torqueola_3_c001,Arborophila torqueola,Arborophila torqueola,0.9979,concordant
Arborophila torqueola_3_c002,Arborophila torqueola,Arborophila torqueola,0.9963,concordant
Arborophila torqueola_3_c003,Arborophila torqueola,Arborophila torqueola,0.9964,concordant
Arborophila torqueola_3_c004,Arborophila torqueola,Arborophila torqueola,0.9702,concordant
Arborophila torqueola_3_c005,Arborophila torqueola,Arborophila torqueola,0.9656,concordant
Arborophila torqueola_3_c006,Arborophila torqueola,Arborophila torqueola,0.9961,concordant
Arborophila torqueola_3_c007,Arborophila torqueola,Arborophila torqueola,0.9967,concordant
Arborophila torqueola_3_c008,Arborophila torqueola,Arborophila torqueola,0.9987,concordant
Arborophila torqueola_3_c009,Arborophila torqueola,Arborophila torqueola,0.9963,concordant
Arborophila torqueola_4_c000,Arborophila torqueola,Arborophila torqueola,0.8934,concordant
Arborophila torqueola_4_c001,Arborophila torqueola,Arborophila torqueola,0.4966,ambiguous
Arborophila torqueola_4_c002,Arborophila torqueola,Arborophila torqueola,0.9697,concordant
Arborophila torqueola_4_c003,Arborophila torqueola,Arborophila torqueola,0.9170,concordant
Arborophila torqueola_4_c004,Arborophila torqueola,Arborophila torqueola,0.7650,concordant
Arborophila torqueola_4_c005,Arborophila torqueola,Arborophila torqueola,0.9845,concordant
Arborophila torqueola_4_c006,Arborophila torqueola,Arborophila torqueola,0.9898,concordant
Arborophila torqueola_4_c007,Arborophila torqueola,Arborophila torqueola,0.9590,concordant
Arborophila torqueola_4_c008,Arborophila torqueola,Arborophila torqueola,0.9646,concordant
Arborophila torqueola_4_c009,Arborophila torqueola,Arborophila torqueola,0.8499,concordant
Arborophila torqueola_4_c010,Arborophila torqueola,Arborophila torqueola,0.9946,concordant
Arborophila torqueola_4_c011,Arborophila torqueola,Polyplectron bicalcaratum,0.0067,empty
Arborophila torqueola_4_c012,Arborophila torqueola,Arborophila torqueola,0.9615,concordant
Arborophila torqueola_4_c013,Arborophila torqueola,Arborophila torqueola,0.0031,empty
Arborophila torqueola_4_c014,Arborophila torqueola,Arborophila torqueola,0.9659,concordant
Arborophila torqueola_5_c000,Arborophila torqueola,Arborophila torqueola,0.4585,ambiguous
Arborophila torqueola_5_c001,Arborophila torqueola,Arborophila torqueola,0.6155,concordant
Arborophila torqueola_5_c002,Arborophila torqueola,Arborophila torqueola,0.7291,concordant
Arborophila torqueola_5_c003,Arborophila torqueola,Arborophila torqueola,0.3103,ambiguous
Arborophila torqueola_5_c004,Arborophila torqueola,Arborophila torqueola,0.2442,ambiguous
Arborophila torqueola_5_c005,Arborophila torqueola,Arborophila torqueola,0.3001,ambiguous
Arborophila torqueola_5_c006,Arborophila torqueola,Arborophila torqueola,0.1930,empty
Arborophila torqueola_6_c000,Arborophila torqueola,Arborophila torqueola,0.9948,concordant
Arborophila torqueola_6_c001,Arborophila torqueola,Arborophila torqueola,0.9664,concordant
Arborophila torqueola_6_c002,Arborophila torqueola,Arborophila torqueola,0.9969,concordant
Arborophila torqueola_6_c003,Arborophila torqueola,Arborophila torqueola,0.9973,concordant
Arborophila torqueola_6_c004,Arborophila torqueola,Arborophila torqueola,0.9615,concordant
Arborophila torqueola_6_c005,Arborophila torqueola,Arborophila torqueola,0.9777,concordant
Arborophila torqueola_6_c006,Arborophila torqueola,Arborophila torqueola,0.9811,concordant
Arborophila torqueola_6_c007,Arborophila torqueola,Arborophila torqueola,0.9745,concordant
Arborophila torqueola_6_c008,Arborophila torqueola,Arborophila torqueola,0.9968,concordant
Arborophila torqueola_6_c009,Arborophila torqueola,Arborophila torqueola,0.9928,concordant
Arborophila torqueola_6_c010,Arborophila torqueola,Arborophila torqueola,0.9958,concordant
Arborophila torqueola_6_c011,Arborophila torqueola,Arborophila torqueola,0.9937,concordant
Arborophila torqueola_6_c012,Arborophila torqueola,Arborophila torqueola,0.9311,concordant
Arborophila torqueola_6_c013,Arborophila torqueola,Arborophila torqueola,0.9922,concordant
Arborophila torqueola_6_c014,Arborophila torqueola,Arborophila torqueola,0.9972,concordant
Arborophila torqueola_6_c015,Arborophila torqueola,Arborophila torqueola,0.9893,concordant
Arborophila torqueola_6_c016,Arborophila torqueola,Arborophila torqueola,0.6423,concordant
Arborophila torqueola_6_c017,Arborophila torqueola,Arborophila torqueola,0.6787,concordant
Arborophila torqueola_6_c018,Arborophila torqueola,Arborophila torqueola,0.9971,concordant
Arborophila torqueola_6_c019,Arborophila torqueola,Arborophila torqueola,0.5212,concordant
Arborophila torqueola_7_c000,Arborophila torqueola,Arborophila torqueola,0.9867,concordant
Arborophila torqueola_7_c001,Arborophila torqueola,Arborophila torqueola,0.9980,concordant
Arborophila torqueola_7_c002,Arborophila torqueola,Arborophila torqueola,0.9855,concordant
Arborophila torqueola_7_c003,Arborophila torqueola,Arborophila torqueola,0.9824,concordant
Arborophila torqueola_7_c004,Arborophila torqueola,Arborophila torqueola,0.9887,concordant
Arborophila torqueola_7_c005,Arborophila torqueola,Arborophila torqueola,0.9661,concordant
Arborophila torqueola_7_c006,Arborophila torqueola,Arborophila torqueola,0.9388,concordant
Arborophila torqueola_8_c000,Arborophila torqueola,Arborophila torqueola,0.9951,concordant
Arborophila torqueola_8_c001,Arborophila torqueola,Arborophila torqueola,0.9521,concordant
Arborophila torqueola_8_c002,Arborophila torqueola,Arborophila torqueola,0.9644,concordant
Arborophila torqueola_8_c003,Arborophila torqueola,Arborophila torqueola,0.9860,concordant
Arborophila torqueola_8_c004,Arborophila torqueola,Arborophila torqueola,0.9834,concordant
Arborophila torqueola_8_c005,Arborophila torqueola,Arborophila torqueola,0.9970,concordant
Arborophila torqueola_8_c006,Arborophila torqueola,Arborophila torqueola,0.9856,concordant
Arborophila torqueola_8_c007,Arborophila torqueola,Arborophila torqueola,0.9864,concordant
Arborophila torqueola_8_c008,Arborophila torqueola,Arborophila torqueola,0.9812,concordant
Arborophila torqueola_8_c009,Arborophila torqueola,Arborophila torqueola,0.9724,concordant
Arborophila torqueola_8_c010,Arborophila torqueola,Arborophila torqueola,0.9595,concordant
Arborophila torqueola_8_c011,Arborophila torqueola,Arborophila torqueola,0.9732,concordant
Arborophila torqueola_8_c012,Arborophila torqueola,Arborophila torqueola,0.9742,concordant
Arborophila torqueola_8_c013,Arborophila torqueola,Arborophila torqueola,0.9726,concordant
Arborophila torqueola_8_c014,Arborophila torqueola,Arborophila torqueola,0.9293,concordant
Arborophila torqueola_8_c015,Arborophila torqueola,Arborophila torqueola,0.9928,concordant
Arborophila torqueola_8_c016,Arborophila torqueola,Arborophila torqueola,0.9975,concordant
Arborophila torqueola_8_c017,Arborophila torqueola,Arborophila torqueola,0.9781,concordant
Arborophila torqueola_8_c018,Arborophila torqueola,Arborophila torqueola,0.9493,concordant
Arborophila torqueola_8_c019,Arborophila torqueola,Arborophila torqueola,0.9908,concordant
Arborophila torqueola_8_c020,Arborophila torqueola,Arborophila torqueola,0.9811,concordant
Arborophila torqueola_9_c000,Arborophila torqueola,Arborophila torqueola,0.9942,concordant
Arborophila torqueola_9_c001,Arborophila torqueola,Arborophila torqueola,0.9988,concordant
Arborophila torqueola_9_c002,Arborophila torqueola,Arborophila torqueola,0.0057,empty
Arborophila torqueola_9_c003,Arborophila torqueola,Arborophila torqueola,0.9913,concordant
Arborophila torqueola_9_c004,Arborophila torqueola,Polyplectron bicalcaratum,0.0053,empty
Arborophila torqueola_9_c005,Arborophila torqueola,Pomatorhinus ruficollis,0.0154,empty
Arborophila torqueola_9_c006,Arborophila torqueola,Arborophila torqueola,0.9974,concordant
Arborophila torqueola_9_c007,Arborophila torqueola,Pomatorhinus ruficollis,0.0153,empty
Arborophila torqueola_9_c008,Arborophila torqueola,Arborophila torqueola,0.9977,concordant
Arborophila torqueola_9_c009,Arborophila torqueola,Arborophila torqueola,0.9977,concordant
Arborophila torqueola_9_c010,Arborophila torqueola,Arborophila torqueola,0.9905,concordant
Arborophila torqueola_9_c011,Arborophila torqueola,Arborophila torqueola,0.9983,concordant
Arborophila torqueola_9_c012,Arborophila torqueola,Arborophila torqueola,0.9993,concordant
Arborophila torqueola_10_c000,Arborophila torqueola,Arborophila torqueola,0.9776,concordant
Arborophila torqueola_10_c001,Arborophila torqueola,Arborophila torqueola,0.9735,concordant
Arborophila torqueola_10_c002,Arborophila torqueola,Arborophila torqueola,0.9582,concordant
Arborophila torqueola_10_c003,Arborophila torqueola,Arborophila torqueola,0.9898,concordant
Arborophila torqueola_10_c004,Arborophila torqueola,Arborophila torqueola,0.9503,concordant
Arborophila torqueola_10_c005,Arborophila torqueola,Arborophila torqueola,0.9912,concordant
Arborophila torqueola_10_c006,Arborophila torqueola,Arborophila torqueola,0.9928,concordant
Arborophila torqueola_10_c007,Arborophila torqueola,Arborophila torqueola,0.9594,concordant
Arborophila torqueola_10_c008,Arborophila torqueola,Arborophila torqueola,0.9762,concordant
Arborophila torqueola_11_c000,Arborophila torqueola,Arborophila torqueola,0.9970,concordant
Arborophila torqueola_11_c001,Arborophila torqueola,Arborophila torqueola,0.9937,concordant
Arborophila torqueola_12_c000,Arborophila torqueola,Arborophila torqueola,0.8937,concordant
Arborophila torqueola_12_c001,Arborophila torqueola,Arborophila torqueola,0.9963,concordant
Arborophila torqueola_12_c002,Arborophila torqueola,Arborophila torqueola,0.9952,concordant
Arborophila torqueola_12_c003,Arborophila torqueola,Arborophila torqueola,0.9959,concordant
Arborophila torqueola_12_c004,Arborophila torqueola,Arborophila torqueola,0.9934,concordant
Arborophila torqueola_12_c005,Arborophila torqueola,Arborophila torqueola,0.9935,concordant
Arborophila torqueola_12_c006,Arborophila torqueola,Arborophila torqueola,0.9929,concordant
Arborophila torqueola_12_c007,Arborophila torqueola,Arborophila torqueola,0.9973,concordant
Arborophila torqueola_12_c008,Arborophila torqueola,Arborophila torqueola,0.9970,concordant
Arborophila torqueola_12_c009,Arborophila torqueola,Arborophila torqueola,0.9923,concordant
Arborophila torqueola_12_c010,Arborophila torqueola,Arborophila torqueola,0.9982,concordant
Arborophila torqueola_12_c011,Arborophila torqueola,Arborophila torqueola,0.9969,concordant
Arborophila torqueola_12_c012,Arborophila torqueola,Arborophila torqueola,0.9996,concordant
Arborophila torqueola_12_c013,Arborophila torqueola,Arborophila torqueola,0.9995,concordant
Arborophila torqueola_13_c000,Arborophila torqueola,Arborophila torqueola,0.9655,concordant
Arborophila torqueola_13_c001,Arborophila torqueola,Arborophila torqueola,0.6252,concordant
Arborophila torqueola_13_c002,Arborophila torqueola,Arborophila torqueola,0.8177,concordant
Arborophila torqueola_13_c003,Arborophila torqueola,Arborophila torqueola,0.7861,concordant
Arborophila torqueola_13_c004,Arborophila torqueola,Arborophila torqueola,0.3694,ambiguous
Arborophila torqueola_13_c005,Arborophila torqueola,Arborophila torqueola,0.9738,concordant
Arborophila torqueola_13_c006,Arborophila torqueola,Arborophila torqueola,0.9608,concordant
Arborophila torqueola_13_c007,Arborophila torqueola,Arborophila torqueola,0.9828,concordant
Arborophila torqueola_13_c008,Arborophila torqueola,Arborophila torqueola,0.9881,concordant
Arborophila torqueola_13_c009,Arborophila torqueola,Arborophila torqueola,0.9246,concordant
Arborophila torqueola_13_c010,Arborophila torqueola,Arborophila torqueola,0.9932,concordant
Arborophila torqueola_13_c011,Arborophila torqueola,Arborophila torqueola,0.9501,concordant
Arborophila torqueola_13_c012,Arborophila torqueola,Arborophila torqueola,0.9643,concordant
Arborophila torqueola_13_c013,Arborophila torqueola,Arborophila torqueola,0.9551,concordant
Arborophila torqueola_13_c014,Arborophila torqueola,Arborophila torqueola,0.9721,concordant
Arborophila torqueola_13_c015,Arborophila torqueola,Arborophila torqueola,0.6125,concordant
Arborophila torqueola_13_c016,Arborophila torqueola,Arborophila torqueola,0.9086,concordant
Arborophila torqueola_13_c017,Arborophila torqueola,Arborophila torqueola,0.9798,concordant
Arborophila torqueola_13_c018,Arborophila torqueola,Arborophila torqueola,0.9853,concordant
Arborophila torqueola_13_c019,Arborophila torqueola,Arborophila torqueola,0.9812,concordant
Arborophila torqueola_13_c020,Arborophila torqueola,Arborophila torqueola,0.9238,concordant
Arborophila torqueola_13_c021,Arborophila torqueola,Arborophila torqueola,0.9880,concordant
Arborophila torqueola_13_c022,Arborophila torqueola,Arborophila torqueola,0.9559,concordant
Arborophila torqueola_13_c023,Arborophila torqueola,Arborophila torqueola,0.9892,concordant
Arborophila torqueola_13_c024,Arborophila torqueola,Arborophila torqueola,0.9969,concordant
Arborophila torqueola_13_c025,Arborophila torqueola,Phylloscopus inornatus,0.0234,empty
Arborophila torqueola_13_c026,Arborophila torqueola,Pluvialis squatarola,0.0009,empty
Arborophila torqueola_14_c000,Arborophila torqueola,Arborophila torqueola,0.9261,concordant
Arborophila torqueola_14_c001,Arborophila torqueola,Arborophila torqueola,0.5934,concordant
Arborophila torqueola_15_c000,Arborophila torqueola,Arborophila torqueola,0.9932,concordant
Arborophila torqueola_15_c001,Arborophila torqueola,Arborophila torqueola,0.8837,concordant
Arborophila torqueola_15_c002,Arborophila torqueola,Arborophila torqueola,0.3969,ambiguous
Arborophila torqueola_15_c003,Arborophila torqueola,Arborophila torqueola,0.9258,concordant
Arborophila torqueola_16_c000,Arborophila torqueola,Arborophila torqueola,0.0129,empty
Arborophila torqueola_16_c001,Arborophila torqueola,Arborophila torqueola,0.0601,empty
Arborophila torqueola_16_c002,Arborophila torqueola,Arborophila torqueola,0.0534,empty
Arborophila torqueola_16_c003,Arborophila torqueola,Arborophila torqueola,0.0162,empty
Arborophila torqueola_17_c000,Arborophila torqueola,Arborophila torqueola,0.2738,ambiguous
Arborophila torqueola_17_c001,Arborophila torqueola,Arborophila torqueola,0.4262,ambiguous
Arborophila torqueola_17_c002,Arborophila torqueola,Arborophila torqueola,0.8374,concordant
Arborophila torqueola_17_c003,Arborophila torqueola,Arborophila torqueola,0.3454,ambiguous
Arborophila torqueola_17_c004,Arborophila torqueola,Arborophila torqueola,0.5383,concordant
Arborophila torqueola_17_c005,Arborophila torqueola,Arborophila torqueola,0.9335,concordant
Arborophila torqueola_18_c000,Arborophila torqueola,Arborophila torqueola,0.9666,concordant
Arborophila torqueola_18_c001,Arborophila torqueola,Arborophila torqueola,0.9960,concordant
Arborophila torqueola_18_c002,Arborophila torqueola,Arborophila torqueola,0.9940,concordant
Arborophila torqueola_18_c003,Arborophila torqueola,Arborophila torqueola,0.9880,concordant
Arborophila torqueola_18_c004,Arborophila torqueola,Arborophila torqueola,0.9989,concordant
Arborophila torqueola_19_c000,Arborophila torqueola,Arborophila torqueola,0.0047,empty
Arborophila torqueola_19_c001,Arborophila torqueola,Pomatorhinus ruficollis,0.0020,empty
Arborophila torqueola_19_c002,Arborophila torqueola,Pomatorhinus ruficollis,0.0006,empty
Arborophila torqueola_19_c003,Arborophila torqueola,Arborophila torqueola,0.0089,empty
Arborophila torqueola_19_c004,Arborophila torqueola,Pomatorhinus ruficollis,0.0158,empty
Arborophila torqueola_20_c000,Arborophila torqueola,Arborophila torqueola,0.9666,concordant
Arborophila torqueola_20_c001,Arborophila torqueola,Arborophila torqueola,0.8359,concordant
Arborophila torqueola_20_c002,Arborophila torqueola,Arborophila torqueola,0.9714,concordant
Arborophila torqueola_20_c003,Arborophila torqueola,Arborophila torqueola,0.9855,concordant
Arborophila torqueola_20_c004,Arborophila torqueola,Arborophila torqueola,0.9932,concordant
Arborophila torqueola_20_c005,Arborophila torqueola,Arborophila torqueola,0.9955,concordant
Arborophila torqueola_20_c006,Arborophila torqueola,Arborophila torqueola,0.9830,concordant
Arborophila torqueola_20_c007,Arborophila torqueola,Arborophila torqueola,0.9052,concordant
Arborophila torqueola_20_c008,Arborophila torqueola,Arborophila torqueola,0.9748,concordant
Arborophila torqueola_20_c009,Arborophila torqueola,Arborophila torqueola,0.9909,concordant
Arborophila torqueola_20_c010,Arborophila torqueola,Phylloscopus inornatus,0.0024,empty
Arborophila torqueola_21_c000,Arborophila torqueola,Arborophila torqueola,0.9963,concordant
Arborophila torqueola_21_c001,Arborophila torqueola,Arborophila torqueola,0.9804,concordant
Arborophila torqueola_21_c002,Arborophila torqueola,Arborophila torqueola,0.9979,concordant
Arborophila torqueola_21_c003,Arborophila torqueola,Arborophila torqueola,0.9987,concordant
Arborophila torqueola_21_c004,Arborophila torqueola,Arborophila torqueola,0.9809,concordant
Arborophila torqueola_22_c000,Arborophila torqueola,Eurystomus orientalis,0.0010,empty
Arborophila torqueola_22_c001,Arborophila torqueola,Paradoxornis guttaticollis,0.0059,empty
Arborophila torqueola_22_c002,Arborophila torqueola,Arborophila torqueola,0.0055,empty
Arborophila torqueola_22_c003,Arborophila torqueola,Polyplectron bicalcaratum,0.0143,empty
Arborophila torqueola_23_c000,Arborophila torqueola,Arborophila torqueola,0.9975,concordant
Arborophila torqueola_23_c001,Arborophila torqueola,Arborophila torqueola,0.9838,concordant
Arborophila torqueola_23_c002,Arborophila torqueola,Arborophila torqueola,0.9317,concordant
Arborophila torqueola_23_c003,Arborophila torqueola,Arborophila torqueola,0.9656,concordant
Arborophila torqueola_23_c004,Arborophila torqueola,Arborophila torqueola,0.3654,ambiguous
Arborophila torqueola_23_c005,Arborophila torqueola,Arborophila torqueola,0.4695,ambiguous
Arborophila torqueola_24_c000,Arborophila torqueola,Arborophila torqueola,0.9982,concordant
Arborophila torqueola_24_c001,Arborophila torqueola,Arborophila torqueola,0.9919,concordant
Arborophila torqueola_24_c002,Arborophila torqueola,Arborophila torqueola,0.9956,concordant
Arborophila torqueola_24_c003,Arborophila torqueola,Arborophila torqueola,0.9965,concordant
Arborophila torqueola_24_c004,Arborophila torqueola,Arborophila torqueola,0.9997,concordant
Arborophila torqueola_24_c005,Arborophila torqueola,Arborophila torqueola,0.4695,ambiguous
Arborophila torqueola_24_c006,Arborophila torqueola,Arborophila torqueola,0.9990,concordant
Arborophila torqueola_24_c007,Arborophila torqueola,Arborophila torqueola,0.9614,concordant
Arborophila torqueola_24_c008,Arborophila torqueola,Arborophila torqueola,0.9931,concordant
Arborophila torqueola_24_c009,Arborophila torqueola,Arborophila torqueola,0.2071,ambiguous
Arborophila torqueola_24_c010,Arborophila torqueola,Arborophila torqueola,0.9958,concordant
Arborophila torqueola_24_c011,Arborophila torqueola,Arborophila torqueola,0.9961,concordant
Arborophila torqueola_24_c012,Arborophila torqueola,Phylloscopus inornatus,0.0012,empty
Arborophila torqueola_25_c000,Arborophila torqueola,Arborophila torqueola,0.9995,concordant
Arborophila torqueola_25_c001,Arborophila torqueola,Arborophila torqueola,0.9998,concordant
Arborophila torqueola_25_c002,Arborophila torqueola,Arborophila torqueola,0.9981,concordant
Arborophila torqueola_25_c003,Arborophila torqueola,Arborophila torqueola,0.9990,concordant
Arborophila torqueola_25_c004,Arborophila torqueola,Arborophila torqueola,0.9995,concordant
Arborophila torqueola_25_c005,Arborophila torqueola,Arborophila torqueola,0.9996,concordant
Arborophila torqueola_25_c006,Arborophila torqueola,Arborophila torqueola,0.9992,concordant
Arborophila torqueola_25_c007,Arborophila torqueola,Arborophila torqueola,0.9975,concordant
Arborophila torqueola_26_c000,Arborophila torqueola,Arborophila torqueola,0.9917,concordant
Arborophila torqueola_26_c001,Arborophila torqueola,Arborophila torqueola,0.9989,concordant
Arborophila torqueola_26_c002,Arborophila torqueola,Arborophila torqueola,0.9995,concordant
Arborophila torqueola_26_c003,Arborophila torqueola,Arborophila torqueola,0.9997,concordant
Arborophila torqueola_26_c004,Arborophila torqueola,Arborophila torqueola,0.9992,concordant
Arborophila torqueola_26_c005,Arborophila torqueola,Arborophila torqueola,0.9994,concordant
Arborophila torqueola_26_c006,Arborophila torqueola,Arborophila torqueola,0.9996,concordant
Arborophila torqueola_26_c007,Arborophila torqueola,Arborophila torqueola,0.9991,concordant
Arborophila torqueola_26_c008,Arborophila torqueola,Arborophila torqueola,0.9998,concordant
Arborophila torqueola_26_c009,Arborophila torqueola,Arborophila torqueola,0.9979,concordant
Arborophila torqueola_26_c010,Arborophila torqueola,Arborophila torqueola,0.9997,concordant
Arborophila torqueola_26_c011,Arborophila torqueola,Arborophila torqueola,0.9997,concordant
Arborophila torqueola_26_c012,Arborophila torqueola,Arborophila torqueola,0.9996,concordant
Arborophila torqueola_26_c013,Arborophila torqueola,Arborophila torqueola,0.9991,concordant
Arborophila torqueola_27_c000,Arborophila torqueola,Arborophila torqueola,0.9839,concordant
Arborophila torqueola_27_c001,Arborophila torqueola,Arborophila torqueola,0.9754,concordant
Arborophila torqueola_27_c002,Arborophila torqueola,Arborophila torqueola,0.9967,concordant
Arborophila torqueola_27_c003,Arborophila torqueola,Arborophila torqueola,0.8008,concordant
Arborophila torqueola_28_c000,Arborophila torqueola,Arborophila torqueola,0.9992,concordant
Arborophila torqueola_28_c001,Arborophila torqueola,Arborophila torqueola,0.9964,concordant
Arborophila torqueola_28_c002,Arborophila torqueola,Arborophila torqueola,0.8410,concordant
Arborophila torqueola_28_c003,Arborophila torqueola,Arborophila torqueola,0.9998,concordant
Arborophila torqueola_28_c004,Arborophila torqueola,Arborophila torqueola,0.9956,concordant
Arborophila torqueola_28_c005,Arborophila torqueola,Arborophila torqueola,0.9989,concordant
Arborophila torqueola_28_c006,Arborophila torqueola,Arborophila torqueola,0.9968,concordant
Arborophila torqueola_28_c007,Arborophila torqueola,Arborophila torqueola,0.9999,concordant
Arborophila torqueola_28_c008,Arborophila torqueola,Arborophila torqueola,0.9974,concordant
Arborophila torqueola_28_c009,Arborophila torqueola,Arborophila torqueola,0.9996,concordant
Arborophila torqueola_28_c010,Arborophila torqueola,Arborophila torqueola,0.9930,concordant
Arborophila torqueola_28_c011,Arborophila torqueola,Arborophila torqueola,0.9999,concordant
Arborophila torqueola_28_c012,Arborophila torqueola,Arborophila torqueola,0.9971,concordant
Arborophila torqueola_28_c013,Arborophila torqueola,Arborophila torqueola,0.7645,concordant
Arborophila torqueola_28_c014,Arborophila torqueola,Arborophila torqueola,0.9997,concordant
Arborophila torqueola_28_c015,Arborophila torqueola,Arborophila torqueola,0.9999,concordant
Arborophila torqueola_28_c016,Arborophila torqueola,Arborophila torqueola,0.9991,concordant
Arborophila torqueola_28_c017,Arborophila torqueola,Arborophila torqueola,0.9995,concordant
Arborophila torqueola_28_c018,Arborophila torqueola,Arborophila torqueola,0.9978,concordant
Arborophila torqueola_28_c019,Arborophila torqueola,Arborophila torqueola,0.8887,concordant
Arborophila torqueola_28_c020,Arborophila torqueola,Arborophila torqueola,0.9998,concordant
Arborophila torqueola_28_c021,Arborophila torqueola,Arborophila torqueola,0.9979,concordant
Arborophila torqueola_28_c022,Arborophila torqueola,Arborophila torqueola,0.9959,concordant
Arborophila torqueola_28_c023,Arborophila torqueola,Arborophila torqueola,0.9975,concordant
Arborophila torqueola_28_c024,Arborophila torqueola,Phylloscopus inornatus,0.0009,empty
Arborophila torqueola_28_c025,Arborophila torqueola,Arborophila torqueola,0.8812,concordant
Arborophila torqueola_28_c026,Arborophila torqueola,Arborophila torqueola,0.9937,concordant
Arborophila torqueola_29_c000,Arborophila torqueola,Pomatorhinus ruficollis,0.0103,empty
Arborophila torqueola_29_c001,Arborophila torqueola,Pomatorhinus ruficollis,0.0016,empty
Arborophila torqueola_29_c002,Arborophila torqueola,Pomatorhinus ruficollis,0.0036,empty
Arborophila torqueola_29_c003,Arborophila torqueola,Pomatorhinus ruficollis,0.0116,empty
Arborophila torqueola_29_c004,Arborophila torqueola,Pomatorhinus ruficollis,0.0135,empty
Arborophila torqueola_29_c005,Arborophila torqueola,Pomatorhinus ruficollis,0.0077,empty
Arborophila torqueola_29_c006,Arborophila torqueola,Pomatorhinus ruficollis,0.0164,empty
Arborophila torqueola_30_c000,Arborophila torqueola,Arborophila torqueola,0.0184,empty
Arborophila torqueola_30_c001,Arborophila torqueola,Arborophila torqueola,0.0429,empty
Arborophila torqueola_30_c002,Arborophila torqueola,Arborophila torqueola,0.0901,empty
Arborophila torqueola_31_c000,Arborophila torqueola,Arborophila torqueola,0.9991,concordant
Arborophila torqueola_31_c001,Arborophila torqueola,Arborophila torqueola,0.9887,concordant
Arborophila torqueola_31_c002,Arborophila torqueola,Arborophila torqueola,0.9980,concordant
Arborophila torqueola_31_c003,Arborophila torqueola,Arborophila torqueola,0.9890,concordant
Arborophila torqueola_31_c004,Arborophila torqueola,Arborophila torqueola,0.9892,concordant
Arborophila torqueola_31_c005,Arborophila torqueola,Arborophila torqueola,0.9997,concordant
Arborophila torqueola_31_c006,Arborophila torqueola,Arborophila torqueola,0.9995,concordant
Arborophila torqueola_31_c007,Arborophila torqueola,Arborophila torqueola,0.9844,concordant
Arborophila torqueola_31_c008,Arborophila torqueola,Arborophila torqueola,0.9987,concordant
Arborophila torqueola_31_c009,Arborophila torqueola,Arborophila torqueola,0.9885,concordant
Arborophila torqueola_31_c010,Arborophila torqueola,Arborophila torqueola,0.9992,concordant
Arborophila torqueola_31_c011,Arborophila torqueola,Arborophila torqueola,0.6869,concordant
Arborophila torqueola_31_c012,Arborophila torqueola,Arborophila torqueola,0.9995,concordant
Arborophila torqueola_31_c013,Arborophila torqueola,Arborophila torqueola,0.9966,concordant
Arborophila torqueola_32_c000,Arborophila torqueola,Arborophila torqueola,0.9998,concordant
Arborophila torqueola_32_c001,Arborophila torqueola,Arborophila torqueola,0.9943,concordant
Arborophila torqueola_32_c002,Arborophila torqueola,Arborophila torqueola,0.8000,concordant
Arborophila torqueola_32_c003,Arborophila torqueola,Arborophila torqueola,0.9944,concordant
Arborophila torqueola_32_c004,Arborophila torqueola,Arborophila torqueola,0.9932,concordant
Arborophila torqueola_32_c005,Arborophila torqueola,Arborophila torqueola,0.9931,concordant
Arborophila torqueola_32_c006,Arborophila torqueola,Arborophila torqueola,0.9865,concordant
Arborophila torqueola_32_c007,Arborophila torqueola,Arborophila torqueola,0.9817,concordant
Arborophila torqueola_32_c008,Arborophila torqueola,Arborophila torqueola,0.9947,concordant
Arborophila torqueola_32_c009,Arborophila torqueola,Arborophila torqueola,0.9976,concordant
Arborophila torqueola_32_c010,Arborophila torqueola,Arborophila torqueola,0.9804,concordant
Arborophila torqueola_32_c011,Arborophila torqueola,Arborophila torqueola,0.9807,concordant
Arborophila torqueola_32_c012,Arborophila torqueola,Arborophila torqueola,0.9939,concordant
Arborophila torqueola_32_c013,Arborophila torqueola,Arborophila torqueola,0.9798,concordant
Arborophila torqueola_32_c014,Arborophila torqueola,Arborophila torqueola,0.9917,concordant
Arborophila torqueola_32_c015,Arborophila torqueola,Arborophila torqueola,0.9978,concordant
Arborophila torqueola_33_c000,Arborophila torqueola,Arborophila torqueola,0.9934,concordant
Arborophila torqueola_33_c001,Arborophila torqueola,Arborophila torqueola,0.9470,concordant
Arborophila torqueola_33_c002,Arborophila torqueola,Arborophila torqueola,0.9644,concordant
Arborophila torqueola_33_c003,Arborophila torqueola,Arborophila torqueola,0.9954,concordant
Arborophila torqueola_33_c004,Arborophila torqueola,Arborophila torqueola,0.9869,concordant
Arborophila torqueola_33_c005,Arborophila torqueola,Arborophila torqueola,0.9362,concordant
Arborophila torqueola_33_c006,Arborophila torqueola,Arborophila torqueola,0.9881,concordant
Argya longirostris_1_c000,Argya longirostris,Cuculus micropterus,0.0004,unlabeled
Argya longirostris_1_c001,Argya longirostris,Pluvialis squatarola,0.0008,unlabeled
Argya longirostris_1_c002,Argya longirostris,Acrocephalus bistrigiceps,0.0020,unlabeled
Argya longirostris_1_c003,Argya longirostris,Chloropsis jerdoni,0.0011,unlabeled
Argya longirostris_1_c004,Argya longirostris,Cuculus micropterus,0.0097,unlabeled
Argya longirostris_1_c005,Argya longirostris,Cuculus micropterus,0.8883,unlabeled
Argya longirostris_1_c006,Argya longirostris,Cuculus micropterus,0.1002,unlabeled
Argya longirostris_1_c007,Argya longirostris,Cuculus micropterus,0.0810,unlabeled
Argya longirostris_1_c008,Argya longirostris,Cuculus micropterus,0.7674,unlabeled
Argya longirostris_1_c009,Argya longirostris,Acrocephalus bistrigiceps,0.0007,unlabeled
Argya longirostris_1_c010,Argya longirostris,Acridotheres fuscus,0.0011,unlabeled
Argya longirostris_1_c011,Argya longirostris,Acrocephalus bistrigiceps,0.0137,unlabeled
Argya longirostris_1_c012,Argya longirostris,Pluvialis squatarola,0.0019,unlabeled
Argya longirostris_1_c013,Argya longirostris,Phylloscopus subaffinis,0.0008,unlabeled
Argya longirostris_1_c014,Argya longirostris,Pellorneum ruficeps,0.0263,unlabeled
Argya longirostris_1_c015,Argya longirostris,Pluvialis squatarola,0.0210,unlabeled
Argya longirostris_2_c000,Argya longirostris,Acrocephalus bistrigiceps,0.0009,unlabeled
Argya longirostris_2_c001,Argya longirostris,Pluvialis squatarola,0.0022,unlabeled
Argya longirostris_2_c002,Argya longirostris,Acrocephalus bistrigiceps,0.0039,unlabeled
Argya longirostris_2_c003,Argya longirostris,Alcippe cinerea,0.0023,unlabeled
Argya longirostris_2_c004,Argya longirostris,Pluvialis squatarola,0.0001,unlabeled
Argya longirostris_2_c005,Argya longirostris,Aethopyga gouldiae,0.0008,unlabeled
Argya longirostris_2_c006,Argya longirostris,Pluvialis squatarola,0.0059,unlabeled
Argya longirostris_2_c007,Argya longirostris,Pluvialis squatarola,0.0024,unlabeled
Argya longirostris_2_c008,Argya longirostris,Acrocephalus bistrigiceps,0.0005,unlabeled
Argya longirostris_2_c009,Argya longirostris,Pluvialis squatarola,0.0016,unlabeled
Argya longirostris_3_c000,Argya longirostris,Acrocephalus bistrigiceps,0.0036,unlabeled
Argya longirostris_3_c001,Argya longirostris,Acrocephalus bistrigiceps,0.0029,unlabeled
Argya longirostris_4_c000,Argya longirostris,Stachyridopsis ambigua,0.0006,unlabeled
Argya longirostris_4_c001,Argya longirostris,Locustella davidi,0.0015,unlabeled
Argya longirostris_4_c002,Argya longirostris,Macronus gularis,0.0006,unlabeled
Argya longirostris_4_c003,Argya longirostris,Psittacula eupatria,0.0008,unlabeled
Argya longirostris_4_c004,Argya longirostris,Acrocephalus bistrigiceps,0.0013,unlabeled
Argya longirostris_4_c005,Argya longirostris,Chloropsis jerdoni,0.0002,unlabeled
Argya longirostris_4_c006,Argya longirostris,Chloropsis jerdoni,0.0007,unlabeled
Argya longirostris_5_c000,Argya longirostris,Acrocephalus bistrigiceps,0.0036,unlabeled
Argya longirostris_5_c001,Argya longirostris,Locustella davidi,0.0007,unlabeled
Argya longirostris_5_c002,Argya longirostris,Chloropsis jerdoni,0.0007,unlabeled
Argya longirostris_6_c000,Argya longirostris,Ixobrychus cinnamomeus,0.0010,unlabeled
Argya longirostris_6_c001,Argya longirostris,Ixobrychus cinnamomeus,0.0016,unlabeled
Argya longirostris_6_c002,Argya longirostris,Ixobrychus cinnamomeus,0.0009,unlabeled
Argya longirostris_6_c003,Argya longirostris,Pluvialis squatarola,0.0009,unlabeled
Argya longirostris_7_c000,Argya longirostris,Cyornis poliogenys,0.0237,unlabeled
Argya longirostris_7_c001,Argya longirostris,Acrocephalus bistrigiceps,0.0177,unlabeled
Argya longirostris_7_c002,Argya longirostris,Acridotheres fuscus,0.0008,unlabeled
Argya longirostris_7_c003,Argya longirostris,Stachyridopsis ambigua,0.0003,unlabeled
Argya longirostris_7_c004,Argya longirostris,Cuculus micropterus,0.0001,unlabeled
Argya longirostris_7_c005,Argya longirostris,Cyornis poliogenys,0.0070,unlabeled
Argya longirostris_7_c006,Argya longirostris,Pomatorhinus ruficollis,0.0021,unlabeled
Argya longirostris_7_c007,Argya longirostris,Todiramphus chloris,0.0014,unlabeled
Argya longirostris_7_c008,Argya longirostris,Cyornis poliogenys,0.0098,unlabeled
Argya longirostris_7_c009,Argya longirostris,Acrocephalus bistrigiceps,0.0002,unlabeled
Argya longirostris_7_c010,Argya longirostris,Acrocephalus bistrigiceps,0.0017,unlabeled
Argya longirostris_7_c011,Argya longirostris,Acrocephalus bistrigiceps,0.0015,unlabeled
Argya longirostris_7_c012,Argya longirostris,Pellorneum ruficeps,0.0006,unlabeled
Argya longirostris_7_c013,Argya longirostris,Pellorneum ruficeps,0.0018,unlabeled
Argya longirostris_7_c014,Argya longirostris,Pellorneum ruficeps,0.0080,unlabeled
Argya longirostris_7_c015,Argya longirostris,Lanius tephronotus,0.0005,unlabeled
Argya longirostris_8_c000,Argya longirostris,Pellorneum ruficeps,0.0016,unlabeled
Argya longirostris_8_c001,Argya longirostris,Cyornis poliogenys,0.0072,unlabeled
Argya longirostris_9_c000,Argya longirostris,Chloropsis jerdoni,0.0003,unlabeled
Argya longirostris_9_c001,Argya longirostris,Pomatorhinus ruficollis,0.0139,unlabeled
Argya longirostris_9_c002,Argya longirostris,Liocichla phoenicea,0.0029,unlabeled
Argya longirostris_10_c000,Argya longirostris,Cypsiurus balasiensis,0.0024,unlabeled
Argya longirostris_10_c001,Argya longirostris,Acrocephalus bistrigiceps,0.0019,unlabeled
Argya longirostris_10_c002,Argya longirostris,Chelidorhynx hypoxanthus,0.0001,unlabeled
Argya longirostris_10_c003,Argya longirostris,Macronus gularis,0.0012,unlabeled
Argya longirostris_10_c004,Argya longirostris,Acridotheres fuscus,0.0105,unlabeled
Argya longirostris_10_c005,Argya longirostris,Motacilla citreola,0.0007,unlabeled
Argya longirostris_10_c006,Argya longirostris,Macronus gularis,0.0009,unlabeled
Argya longirostris_10_c007,Argya longirostris,Chloropsis jerdoni,0.0005,unlabeled
Argya longirostris_10_c008,Argya longirostris,Macronus gularis,0.0011,unlabeled
Argya longirostris_11_c000,Argya longirostris,Macronus gularis,0.0010,unlabeled
Argya longirostris_11_c001,Argya longirostris,Chloropsis jerdoni,0.0018,unlabeled
Argya longirostris_11_c002,Argya longirostris,Pomatorhinus ruficollis,0.0003,unlabeled
Argya longirostris_11_c003,Argya longirostris,Stachyridopsis ambigua,0.0004,unlabeled
Argya longirostris_11_c004,Argya longirostris,Macronus gularis,0.0002,unlabeled
Argya longirostris_11_c005,Argya longirostris,Pellorneum ruficeps,0.0012,unlabeled
Argya longirostris_11_c006,Argya longirostris,Macronus gularis,0.0014,unlabeled
Argya longirostris_11_c007,Argya longirostris,Macronus gularis,0.0096,unlabeled
Argya longirostris_11_c008,Argya longirostris,Chloropsis jerdoni,0.0021,unlabeled
Centropus andamanensis_1_c000,Centropus andamanensis,Centropus andamanensis,0.0698,empty
Centropus andamanensis_1_c001,Centropus andamanensis,Chloropsis jerdoni,0.0023,empty
Centropus andamanensis_1_c002,Centropus andamanensis,Cyornis unicolor,0.0069,empty
Centropus andamanensis_1_c003,Centropus andamanensis,Centropus andamanensis,0.0022,empty
Centropus andamanensis_1_c004,Centropus andamanensis,Centropus andamanensis,0.9555,concordant
Centropus andamanensis_1_c005,Centropus andamanensis,Cypsiurus balasiensis,0.0040,empty
Centropus andamanensis_1_c006,Centropus andamanensis,Centropus andamanensis,0.0038,empty
Centropus andamanensis_1_c007,Centropus andamanensis,Centropus andamanensis,0.4055,ambiguous
Centropus andamanensis_1_c008,Centropus andamanensis,Centropus andamanensis,0.5247,concordant
Centropus andamanensis_1_c009,Centropus andamanensis,Cyornis unicolor,0.0159,empty
Centropus andamanensis_1_c010,Centropus andamanensis,Sturnia malabarica,0.0005,empty
Centropus andamanensis_1_c011,Centropus andamanensis,Centropus andamanensis,0.2149,ambiguous
Centropus andamanensis_2_c000,Centropus andamanensis,Centropus andamanensis,0.1185,empty
Centropus andamanensis_2_c001,Centropus andamanensis,Centropus andamanensis,0.0013,empty
Centropus andamanensis_2_c002,Centropus andamanensis,Centropus andamanensis,0.0049,empty
Centropus andamanensis_2_c003,Centropus andamanensis,Centropus andamanensis,0.0027,empty
Centropus andamanensis_2_c004,Centropus andamanensis,Centropus andamanensis,0.0070,empty
Centropus andamanensis_2_c005,Centropus andamanensis,Cypsiurus balasiensis,0.0016,empty
Centropus andamanensis_2_c006,Centropus andamanensis,Dicaeum cruentatum,0.0011,empty
Centropus andamanensis_2_c007,Centropus andamanensis,Centropus andamanensis,0.0141,empty
Centropus andamanensis_2_c008,Centropus andamanensis,Cypsiurus balasiensis,0.0030,empty
Centropus andamanensis_3_c000,Centropus andamanensis,Centropus andamanensis,0.1186,empty
Centropus andamanensis_4_c000,Centropus andamanensis,Centropus andamanensis,0.2889,ambiguous
Centropus andamanensis_4_c001,Centropus andamanensis,Centropus andamanensis,0.9068,concordant
Centropus andamanensis_4_c002,Centropus andamanensis,Centropus andamanensis,0.9961,concordant
Centropus andamanensis_4_c003,Centropus andamanensis,Centropus andamanensis,0.2765,ambiguous
Centropus andamanensis_4_c004,Centropus andamanensis,Centropus andamanensis,0.9278,concordant
Centropus andamanensis_4_c005,Centropus andamanensis,Centropus andamanensis,0.9138,concordant
Centropus andamanensis_4_c006,Centropus andamanensis,Centropus andamanensis,0.2605,ambiguous
Centropus andamanensis_4_c007,Centropus andamanensis,Centropus andamanensis,0.9493,concordant
Centropus andamanensis_4_c008,Centropus andamanensis,Centropus andamanensis,0.8611,concordant
Centropus andamanensis_4_c009,Centropus andamanensis,Centropus andamanensis,0.9894,concordant
Centropus andamanensis_4_c010,Centropus andamanensis,Centropus andamanensis,0.1682,empty
Centropus andamanensis_5_c000,Centropus andamanensis,Centropus andamanensis,0.3921,ambiguous
Centropus andamanensis_5_c001,Centropus andamanensis,Centropus andamanensis,0.2799,ambiguous
Centropus andamanensis_5_c002,Centropus andamanensis,Centropus andamanensis,0.8139,concordant
Centropus andamanensis_5_c003,Centropus andamanensis,Centropus andamanensis,0.9078,concordant
Centropus andamanensis_5_c004,Centropus andamanensis,Centropus andamanensis,0.8480,concordant
Centropus andamanensis_5_c005,Centropus andamanensis,Centropus andamanensis,0.2177,ambiguous
Centropus andamanensis_5_c006,Centropus andamanensis,Centropus andamanensis,0.0900,empty
Centropus andamanensis_5_c007,Centropus andamanensis,Centropus andamanensis,0.3909,ambiguous
Centropus andamanensis_5_c008,Centropus andamanensis,Centropus andamanensis,0.7913,concordant
Centropus andamanensis_5_c009,Centropus andamanensis,Centropus andamanensis,0.9175,concordant
Centropus andamanensis_5_c010,Centropus andamanensis,Centropus andamanensis,0.0183,empty
Centropus andamanensis_6_c000,Centropus andamanensis,Centropus andamanensis,0.8361,concordant
Centropus andamanensis_6_c001,Centropus andamanensis,Centropus andamanensis,0.6530,concordant
Centropus andamanensis_6_c002,Centropus andamanensis,Centropus andamanensis,0.9040,concordant
Centropus andamanensis_6_c003,Centropus andamanensis,Centropus andamanensis,0.5905,concordant
Centropus andamanensis_6_c004,Centropus andamanensis,Centropus andamanensis,0.1848,empty
Centropus andamanensis_6_c005,Centropus andamanensis,Centropus andamanensis,0.3021,ambiguous
Centropus andamanensis_6_c006,Centropus andamanensis,Centropus andamanensis,0.5660,concordant
Centropus andamanensis_6_c007,Centropus andamanensis,Centropus andamanensis,0.6244,concordant
Centropus andamanensis_6_c008,Centropus andamanensis,Centropus andamanensis,0.7522,concordant
Centropus andamanensis_6_c009,Centropus andamanensis,Centropus andamanensis,0.8770,concordant
Centropus andamanensis_6_c010,Centropus andamanensis,Centropus andamanensis,0.8730,concordant
Centropus andamanensis_7_c000,Centropus andamanensis,Centropus andamanensis,0.7591,concordant
Centropus andamanensis_7_c001,Centropus andamanensis,Centropus andamanensis,0.7553,concordant
Centropus andamanensis_7_c002,Centropus andamanensis,Centropus andamanensis,0.9720,concordant
Centropus andamanensis_7_c003,Centropus andamanensis,Centropus andamanensis,0.8118,concordant
Centropus andamanensis_7_c004,Centropus andamanensis,Centropus andamanensis,0.6717,concordant
Centropus andamanensis_7_c005,Centropus andamanensis,Centropus andamanensis,0.9027,concordant
Centropus andamanensis_7_c006,Centropus andamanensis,Centropus andamanensis,0.5276,concordant
Centropus andamanensis_7_c007,Centropus andamanensis,Centropus andamanensis,0.8729,concordant
Centropus andamanensis_7_c008,Centropus andamanensis,Centropus andamanensis,0.8713,concordant
Centropus andamanensis_8_c000,Centropus andamanensis,Centropus andamanensis,0.8430,concordant
Centropus andamanensis_8_c001,Centropus andamanensis,Centropus andamanensis,0.3662,ambiguous
Centropus andamanensis_9_c000,Centropus andamanensis,Centropus andamanensis,0.3438,ambiguous
Centropus andamanensis_9_c001,Centropus andamanensis,Centropus andamanensis,0.0246,empty
Centropus andamanensis_10_c000,Centropus andamanensis,Centropus andamanensis,0.2094,ambiguous
Centropus andamanensis_10_c001,Centropus andamanensis,Centropus andamanensis,0.0481,empty
Centropus andamanensis_10_c002,Centropus andamanensis,Centropus andamanensis,0.5501,concordant
Centropus andamanensis_10_c003,Centropus andamanensis,Centropus andamanensis,0.4752,ambiguous
Centropus andamanensis_10_c004,Centropus andamanensis,Centropus andamanensis,0.0657,empty
Centropus andamanensis_10_c005,Centropus andamanensis,Centropus andamanensis,0.9146,concordant
Centropus andamanensis_10_c006,Centropus andamanensis,Centropus andamanensis,0.3123,ambiguous
Centropus andamanensis_10_c007,Centropus andamanensis,Centropus andamanensis,0.1509,empty
Centropus andamanensis_10_c008,Centropus andamanensis,Centropus andamanensis,0.2846,ambiguous
Centropus andamanensis_11_c000,Centropus andamanensis,Centropus andamanensis,0.9344,concordant
Centropus andamanensis_11_c001,Centropus andamanensis,Centropus andamanensis,0.2408,ambiguous
Centropus andamanensis_11_c002,Centropus andamanensis,Centropus andamanensis,0.0557,empty
Centropus andamanensis_11_c003,Centropus andamanensis,Centropus andamanensis,0.8609,concordant
Centropus andamanensis_11_c004,Centropus andamanensis,Centropus andamanensis,0.2386,ambiguous
Centropus andamanensis_12_c000,Centropus andamanensis,Centropus andamanensis,0.1034,empty
Centropus andamanensis_12_c001,Centropus andamanensis,Chloropsis cochinchinensis,0.0030,empty
Centropus andamanensis_12_c002,Centropus andamanensis,Centropus andamanensis,0.0535,empty
Centropus andamanensis_12_c003,Centropus andamanensis,Macronus gularis,0.0031,empty
Centropus andamanensis_12_c004,Centropus andamanensis,Macronus gularis,0.0007,empty
Centropus andamanensis_12_c005,Centropus andamanensis,Eurystomus orientalis,0.0020,empty
Centropus andamanensis_12_c006,Centropus andamanensis,Halcyon coromanda,0.0007,empty
Centropus andamanensis_12_c007,Centropus andamanensis,Psilopogon lineatus,0.0017,empty
Centropus andamanensis_13_c000,Centropus andamanensis,Centropus andamanensis,0.0035,empty
Centropus andamanensis_13_c001,Centropus andamanensis,Centropus andamanensis,0.0374,empty
Centropus andamanensis_13_c002,Centropus andamanensis,Centropus andamanensis,0.2720,ambiguous
Centropus andamanensis_13_c003,Centropus andamanensis,Centropus andamanensis,0.0934,empty
Centropus andamanensis_13_c004,Centropus andamanensis,Arborophila torqueola,0.0020,empty
Centropus andamanensis_13_c005,Centropus andamanensis,Centropus andamanensis,0.0417,empty
Centropus andamanensis_14_c000,Centropus andamanensis,Halcyon coromanda,0.0055,empty
Centropus andamanensis_15_c000,Centropus andamanensis,Centropus andamanensis,0.0052,empty
Centropus andamanensis_15_c001,Centropus andamanensis,Dicaeum minullum,0.2866,ambiguous
Centropus andamanensis_15_c002,Centropus andamanensis,Centropus andamanensis,0.0259,empty
Centropus andamanensis_15_c003,Centropus andamanensis,Centropus andamanensis,0.0744,empty
Centropus andamanensis_15_c004,Centropus andamanensis,Dicrurus andamanensis,0.0136,empty
Centropus andamanensis_15_c005,Centropus andamanensis,Dicaeum minullum,0.0362,empty
Centropus andamanensis_15_c006,Centropus andamanensis,Centropus andamanensis,0.0552,empty
Centropus andamanensis_15_c007,Centropus andamanensis,Centropus andamanensis,0.3844,ambiguous
Centropus andamanensis_15_c008,Centropus andamanensis,Centropus andamanensis,0.0132,empty
Centropus andamanensis_15_c009,Centropus andamanensis,Centropus andamanensis,0.2092,ambiguous
Centropus andamanensis_15_c010,Centropus andamanensis,Centropus andamanensis,0.1146,empty
Centropus andamanensis_15_c011,Centropus andamanensis,Dicrurus andamanensis,0.0067,empty
Centropus andamanensis_15_c012,Centropus andamanensis,Centropus andamanensis,0.7831,concordant
Centropus andamanensis_15_c013,Centropus andamanensis,Centropus andamanensis,0.1111,empty
Centropus andamanensis_16_c000,Centropus andamanensis,Centropus andamanensis,0.0021,empty
Centropus andamanensis_16_c001,Centropus andamanensis,Pnoepyga pusilla,0.0002,empty
Centropus andamanensis_16_c002,Centropus andamanensis,Pnoepyga pusilla,0.0005,empty
Centropus andamanensis_16_c003,Centropus andamanensis,Pnoepyga pusilla,0.0003,empty
Centropus andamanensis_16_c004,Centropus andamanensis,Centropus andamanensis,0.0045,empty
Chelidorhynx hypoxanthus_1_c000,Chelidorhynx hypoxanthus,Chelidorhynx hypoxanthus,0.5527,concordant
Chelidorhynx hypoxanthus_1_c001,Chelidorhynx hypoxanthus,Chelidorhynx hypoxanthus,0.5418,concordant
Chelidorhynx hypoxanthus_1_c002,Chelidorhynx hypoxanthus,Chelidorhynx hypoxanthus,0.5734,concordant
Chelidorhynx hypoxanthus_1_c003,Chelidorhynx hypoxanthus,Chelidorhynx hypoxanthus,0.9968,concordant
Chelidorhynx hypoxanthus_1_c004,Chelidorhynx hypoxanthus,Chelidorhynx hypoxanthus,0.9600,concordant
Chelidorhynx hypoxanthus_1_c005,Chelidorhynx hypoxanthus,Chelidorhynx hypoxanthus,0.9676,concordant
Chelidorhynx hypoxanthus_1_c006,Chelidorhynx hypoxanthus,Chelidorhynx hypoxanthus,0.9855,concordant
Chelidorhynx hypoxanthus_1_c007,Chelidorhynx hypoxanthus,Chelidorhynx hypoxanthus,0.1893,empty
Chelidorhynx hypoxanthus_1_c008,Chelidorhynx hypoxanthus,Chelidorhynx hypoxanthus,0.2141,ambiguous
Chelidorhynx hypoxanthus_2_c000,Chelidorhynx hypoxanthus,Alcippe cinerea,0.0157,empty
Chelidorhynx hypoxanthus_2_c001,Chelidorhynx hypoxanthus,Alcippe cinerea,0.0184,empty
Chelidorhynx hypoxanthus_3_c000,Chelidorhynx hypoxanthus,Chelidorhynx hypoxanthus,0.3721,ambiguous
Chelidorhynx hypoxanthus_3_c001,Chelidorhynx hypoxanthus,Pnoepyga pusilla,0.0910,empty
Chelidorhynx hypoxanthus_3_c002,Chelidorhynx hypoxanthus,Chelidorhynx hypoxanthus,0.3511,ambiguous
Chelidorhynx hypoxanthus_3_c003,Chelidorhynx hypoxanthus,Chelidorhynx hypoxanthus,0.1111,empty
Chelidorhynx hypoxanthus_3_c004,Chelidorhynx hypoxanthus,Chelidorhynx hypoxanthus,0.3734,ambiguous
Chelidorhynx hypoxanthus_3_c005,Chelidorhynx hypoxanthus,Pluvialis squatarola,0.0009,empty
Chelidorhynx hypoxanthus_4_c000,Chelidorhynx hypoxanthus,Chelidorhynx hypoxanthus,0.9468,concordant
Chelidorhynx hypoxanthus_4_c001,Chelidorhynx hypoxanthus,Chelidorhynx hypoxanthus,0.7856,concordant
Chelidorhynx hypoxanthus_4_c002,Chelidorhynx hypoxanthus,Chelidorhynx hypoxanthus,0.6947,concordant
Chelidorhynx hypoxanthus_4_c003,Chelidorhynx hypoxanthus,Chelidorhynx hypoxanthus,0.5022,concordant
Chelidorhynx hypoxanthus_4_c004,Chelidorhynx hypoxanthus,Chelidorhynx hypoxanthus,0.9577,concordant
Chelidorhynx hypoxanthus_4_c005,Chelidorhynx hypoxanthus,Chelidorhynx hypoxanthus,0.3379,ambiguous
Chelidorhynx hypoxanthus_4_c006,Chelidorhynx hypoxanthus,Chelidorhynx hypoxanthus,0.2447,ambiguous
Chelidorhynx hypoxanthus_4_c007,Chelidorhynx hypoxanthus,Chelidorhynx hypoxanthus,0.8679,concordant
Chelidorhynx hypoxanthus_4_c008,Chelidorhynx hypoxanthus,Chelidorhynx hypoxanthus,0.0218,empty
Chelidorhynx hypoxanthus_5_c000,Chelidorhynx hypoxanthus,Chelidorhynx hypoxanthus,0.8426,concordant
Chelidorhynx hypoxanthus_5_c001,Chelidorhynx hypoxanthus,Chelidorhynx hypoxanthus,0.5696,concordant
Chelidorhynx hypoxanthus_5_c002,Chelidorhynx hypoxanthus,Chelidorhynx hypoxanthus,0.9515,concordant
Chelidorhynx hypoxanthus_5_c003,Chelidorhynx hypoxanthus,Chelidorhynx hypoxanthus,0.9949,concordant
Chelidorhynx hypoxanthus_5_c004,Chelidorhynx hypoxanthus,Chelidorhynx hypoxanthus,0.0832,empty
Chelidorhynx hypoxanthus_5_c005,Chelidorhynx hypoxanthus,Chelidorhynx hypoxanthus,0.2403,ambiguous
Chelidorhynx hypoxanthus_5_c006,Chelidorhynx hypoxanthus,Chelidorhynx hypoxanthus,0.0045,empty
Chelidorhynx hypoxanthus_6_c000,Chelidorhynx hypoxanthus,Alcippe cinerea,0.0106,empty
Chelidorhynx hypoxanthus_7_c000,Chelidorhynx hypoxanthus,Chelidorhynx hypoxanthus,0.2795,ambiguous
Chelidorhynx hypoxanthus_7_c001,Chelidorhynx hypoxanthus,Chelidorhynx hypoxanthus,0.9964,concordant
Chelidorhynx hypoxanthus_7_c002,Chelidorhynx hypoxanthus,Chelidorhynx hypoxanthus,0.9950,concordant
Chelidorhynx hypoxanthus_7_c003,Chelidorhynx hypoxanthus,Chelidorhynx hypoxanthus,0.0187,empty
Chelidorhynx hypoxanthus_7_c004,Chelidorhynx hypoxanthus,Chelidorhynx hypoxanthus,0.4829,ambiguous
Chelidorhynx hypoxanthus_7_c005,Chelidorhynx hypoxanthus,Alcippe cinerea,0.0457,empty
Chelidorhynx hypoxanthus_7_c006,Chelidorhynx hypoxanthus,Chelidorhynx hypoxanthus,0.2465,ambiguous
Chelidorhynx hypoxanthus_8_c000,Chelidorhynx hypoxanthus,Chelidorhynx hypoxanthus,0.9469,concordant
Chelidorhynx hypoxanthus_8_c001,Chelidorhynx hypoxanthus,Chelidorhynx hypoxanthus,0.8814,concordant
Chelidorhynx hypoxanthus_8_c002,Chelidorhynx hypoxanthus,Chelidorhynx hypoxanthus,0.8915,concordant
Chelidorhynx hypoxanthus_8_c003,Chelidorhynx hypoxanthus,Chelidorhynx hypoxanthus,0.8342,concordant
Chelidorhynx hypoxanthus_8_c004,Chelidorhynx hypoxanthus,Chelidorhynx hypoxanthus,0.1671,empty
Chelidorhynx hypoxanthus_9_c000,Chelidorhynx hypoxanthus,Chelidorhynx hypoxanthus,0.9999,concordant
Chelidorhynx hypoxanthus_9_c001,Chelidorhynx hypoxanthus,Chelidorhynx hypoxanthus,1.0000,concordant
Chelidorhynx hypoxanthus_9_c002,Chelidorhynx hypoxanthus,Chelidorhynx hypoxanthus,0.9998,concordant
Chelidorhynx hypoxanthus_9_c003,Chelidorhynx hypoxanthus,Chelidorhynx hypoxanthus,0.9999,concordant
Chelidorhynx hypoxanthus_9_c004,Chelidorhynx hypoxanthus,Chelidorhynx hypoxanthus,0.9999,concordant
Chelidorhynx hypoxanthus_9_c005,Chelidorhynx hypoxanthus,Chelidorhynx hypoxanthus,0.9997,concordant
Chelidorhynx hypoxanthus_9_c006,Chelidorhynx hypoxanthus,Chelidorhynx hypoxanthus,0.9999,concordant
Chelidorhynx hypoxanthus_9_c007,Chelidorhynx hypoxanthus,Chelidorhynx hypoxanthus,0.9989,concordant
Chelidorhynx hypoxanthus_9_c008,Chelidorhynx hypoxanthus,Chelidorhynx hypoxanthus,0.9998,concordant
Chelidorhynx hypoxanthus_9_c009,Chelidorhynx hypoxanthus,Chelidorhynx hypoxanthus,0.9996,concordant
Chelidorhynx hypoxanthus_9_c010,Chelidorhynx hypoxanthus,Chelidorhynx hypoxanthus,0.9999,concordant
Chelidorhynx hypoxanthus_9_c011,Chelidorhynx hypoxanthus,Chelidorhynx hypoxanthus,0.9995,concordant
Chelidorhynx hypoxanthus_9_c012,Chelidorhynx hypoxanthus,Chelidorhynx hypoxanthus,0.9997,concordant
Chelidorhynx hypoxanthus_10_c000,Chelidorhynx hypoxanthus,Chelidorhynx hypoxanthus,0.9999,concordant
Chelidorhynx hypoxanthus_10_c001,Chelidorhynx hypoxanthus,Chelidorhynx hypoxanthus,1.0000,concordant
Chelidorhynx hypoxanthus_10_c002,Chelidorhynx hypoxanthus,Chelidorhynx hypoxanthus,0.9999,concordant
Chelidorhynx hypoxanthus_10_c003,Chelidorhynx hypoxanthus,Chelidorhynx hypoxanthus,1.0000,concordant
Chelidorhynx hypoxanthus_10_c004,Chelidorhynx hypoxanthus,Chelidorhynx hypoxanthus,0.9997,concordant
Chelidorhynx hypoxanthus_10_c005,Chelidorhynx hypoxanthus,Chelidorhynx hypoxanthus,0.9999,concordant
Chelidorhynx hypoxanthus_10_c006,Chelidorhynx hypoxanthus,Chelidorhynx hypoxanthus,0.9998,concordant
Chelidorhynx hypoxanthus_10_c007,Chelidorhynx hypoxanthus,Chelidorhynx hypoxanthus,0.9997,concordant
Chelidorhynx hypoxanthus_10_c008,Chelidorhynx hypoxanthus,Chelidorhynx hypoxanthus,0.9996,concordant
Chelidorhynx hypoxanthus_10_c009,Chelidorhynx hypoxanthus,Chelidorhynx hypoxanthus,0.9999,concordant
Chelidorhynx hypoxanthus_10_c010,Chelidorhynx hypoxanthus,Chelidorhynx hypoxanthus,0.9999,concordant
Chelidorhynx hypoxanthus_10_c011,Chelidorhynx hypoxanthus,Chelidorhynx hypoxanthus,0.9967,concordant
Chelidorhynx hypoxanthus_10_c012,Chelidorhynx hypoxanthus,Chelidorhynx hypoxanthus,1.0000,concordant
Chelidorhynx hypoxanthus_10_c013,Chelidorhynx hypoxanthus,Chelidorhynx hypoxanthus,1.0000,concordant
Chelidorhynx hypoxanthus_10_c014,Chelidorhynx hypoxanthus,Chelidorhynx hypoxanthus,0.9995,concordant
Chelidorhynx hypoxanthus_10_c015,Chelidorhynx hypoxanthus,Chelidorhynx hypoxanthus,0.9995,concordant
Chelidorhynx hypoxanthus_10_c016,Chelidorhynx hypoxanthus,Chelidorhynx hypoxanthus,0.9999,concordant
Chelidorhynx hypoxanthus_10_c017,Chelidorhynx hypoxanthus,Chelidorhynx hypoxanthus,0.9994,concordant
Chelidorhynx hypoxanthus_10_c018,Chelidorhynx hypoxanthus,Chelidorhynx hypoxanthus,0.9997,concordant
Chelidorhynx hypoxanthus_10_c019,Chelidorhynx hypoxanthus,Chelidorhynx hypoxanthus,0.5145,concordant
Chelidorhynx hypoxanthus_11_c000,Chelidorhynx hypoxanthus,Chelidorhynx hypoxanthus,0.9998,concordant
Chelidorhynx hypoxanthus_11_c001,Chelidorhynx hypoxanthus,Chelidorhynx hypoxanthus,1.0000,concordant
Chelidorhynx hypoxanthus_11_c002,Chelidorhynx hypoxanthus,Chelidorhynx hypoxanthus,0.9995,concordant
Chelidorhynx hypoxanthus_11_c003,Chelidorhynx hypoxanthus,Chelidorhynx hypoxanthus,0.9996,concordant
Chelidorhynx hypoxanthus_11_c004,Chelidorhynx hypoxanthus,Chelidorhynx hypoxanthus,0.9978,concordant
Chelidorhynx hypoxanthus_11_c005,Chelidorhynx hypoxanthus,Chelidorhynx hypoxanthus,0.9997,concordant
Chelidorhynx hypoxanthus_11_c006,Chelidorhynx hypoxanthus,Chelidorhynx hypoxanthus,0.9912,concordant
Chelidorhynx hypoxanthus_11_c007,Chelidorhynx hypoxanthus,Chelidorhynx hypoxanthus,0.9998,concordant
Chelidorhynx hypoxanthus_12_c000,Chelidorhynx hypoxanthus,Chelidorhynx hypoxanthus,1.0000,concordant
Chelidorhynx hypoxanthus_12_c001,Chelidorhynx hypoxanthus,Chelidorhynx hypoxanthus,0.9874,concordant
Chelidorhynx hypoxanthus_12_c002,Chelidorhynx hypoxanthus,Chelidorhynx hypoxanthus,0.9986,concordant
Chelidorhynx hypoxanthus_12_c003,Chelidorhynx hypoxanthus,Chelidorhynx hypoxanthus,0.9621,concordant
Chelidorhynx hypoxanthus_12_c004,Chelidorhynx hypoxanthus,Chelidorhynx hypoxanthus,0.9992,concordant
Chelidorhynx hypoxanthus_12_c005,Chelidorhynx hypoxanthus,Chelidorhynx hypoxanthus,0.9998,concordant
Chelidorhynx hypoxanthus_12_c006,Chelidorhynx hypoxanthus,Chelidorhynx hypoxanthus,0.9999,concordant
Chelidorhynx hypoxanthus_12_c007,Chelidorhynx hypoxanthus,Chelidorhynx hypoxanthus,0.9993,concordant
Chelidorhynx hypoxanthus_12_c008,Chelidorhynx hypoxanthus,Chelidorhynx hypoxanthus,0.9999,concordant
Chelidorhynx hypoxanthus_12_c009,Chelidorhynx hypoxanthus,Chelidorhynx hypoxanthus,0.9962,concordant
Chelidorhynx hypoxanthus_12_c010,Chelidorhynx hypoxanthus,Chelidorhynx hypoxanthus,0.9992,concordant
Chelidorhynx hypoxanthus_12_c011,Chelidorhynx hypoxanthus,Chelidorhynx hypoxanthus,0.9999,concordant
Chelidorhynx hypoxanthus_13_c000,Chelidorhynx hypoxanthus,Chelidorhynx hypoxanthus,0.9835,concordant
Chelidorhynx hypoxanthus_13_c001,Chelidorhynx hypoxanthus,Chelidorhynx hypoxanthus,0.9361,concordant
Chelidorhynx hypoxanthus_13_c002,Chelidorhynx hypoxanthus,Chelidorhynx hypoxanthus,0.9960,concordant
Chelidorhynx hypoxanthus_13_c003,Chelidorhynx hypoxanthus,Chelidorhynx hypoxanthus,0.4452,ambiguous
Chelidorhynx hypoxanthus_13_c004,Chelidorhynx hypoxanthus,Chelidorhynx hypoxanthus,0.8892,concordant
Chelidorhynx hypoxanthus_14_c000,Chelidorhynx hypoxanthus,Chelidorhynx hypoxanthus,0.8109,concordant
Chelidorhynx hypoxanthus_14_c001,Chelidorhynx hypoxanthus,Chelidorhynx hypoxanthus,0.4710,ambiguous
Chelidorhynx hypoxanthus_14_c002,Chelidorhynx hypoxanthus,Chelidorhynx hypoxanthus,0.8098,concordant
Chelidorhynx hypoxanthus_14_c003,Chelidorhynx hypoxanthus,Chelidorhynx hypoxanthus,0.5305,concordant
Chelidorhynx hypoxanthus_14_c004,Chelidorhynx hypoxanthus,Chelidorhynx hypoxanthus,0.4906,ambiguous
Chelidorhynx hypoxanthus_14_c005,Chelidorhynx hypoxanthus,Chelidorhynx hypoxanthus,0.7185,concordant
Chelidorhynx hypoxanthus_14_c006,Chelidorhynx hypoxanthus,Chelidorhynx hypoxanthus,0.5623,concordant
Chelidorhynx hypoxanthus_14_c007,Chelidorhynx hypoxanthus,Chelidorhynx hypoxanthus,0.9014,concordant
Chelidorhynx hypoxanthus_14_c008,Chelidorhynx hypoxanthus,Chelidorhynx hypoxanthus,0.0644,empty
Chelidorhynx hypoxanthus_15_c000,Chelidorhynx hypoxanthus,Chelidorhynx hypoxanthus,0.1583,empty
Chelidorhynx hypoxanthus_15_c001,Chelidorhynx hypoxanthus,Chelidorhynx hypoxanthus,0.3921,ambiguous
Chelidorhynx hypoxanthus_15_c002,Chelidorhynx hypoxanthus,Chelidorhynx hypoxanthus,0.2510,ambiguous
Chelidorhynx hypoxanthus_15_c003,Chelidorhynx hypoxanthus,Chelidorhynx hypoxanthus,0.2251,ambiguous
Chelidorhynx hypoxanthus_15_c004,Chelidorhynx hypoxanthus,Chelidorhynx hypoxanthus,0.6592,concordant
Chelidorhynx hypoxanthus_15_c005,Chelidorhynx hypoxanthus,Chelidorhynx hypoxanthus,0.1793,empty
Chelidorhynx hypoxanthus_15_c006,Chelidorhynx hypoxanthus,Chelidorhynx hypoxanthus,0.1539,empty
Chelidorhynx hypoxanthus_15_c007,Chelidorhynx hypoxanthus,Chelidorhynx hypoxanthus,0.0845,empty
Chelidorhynx hypoxanthus_15_c008,Chelidorhynx hypoxanthus,Chelidorhynx hypoxanthus,0.3453,ambiguous
Chelidorhynx hypoxanthus_15_c009,Chelidorhynx hypoxanthus,Chelidorhynx hypoxanthus,0.0748,empty
Chelidorhynx hypoxanthus_15_c010,Chelidorhynx hypoxanthus,Chelidorhynx hypoxanthus,0.4546,ambiguous
Chelidorhynx hypoxanthus_15_c011,Chelidorhynx hypoxanthus,Chelidorhynx hypoxanthus,0.5057,concordant
Chelidorhynx hypoxanthus_15_c012,Chelidorhynx hypoxanthus,Chelidorhynx hypoxanthus,0.8339,concordant
Chelidorhynx hypoxanthus_16_c000,Chelidorhynx hypoxanthus,Chelidorhynx hypoxanthus,0.1432,empty
Chelidorhynx hypoxanthus_16_c001,Chelidorhynx hypoxanthus,Chelidorhynx hypoxanthus,0.0818,empty
Chelidorhynx hypoxanthus_16_c002,Chelidorhynx hypoxanthus,Chelidorhynx hypoxanthus,0.3764,ambiguous
Chelidorhynx hypoxanthus_16_c003,Chelidorhynx hypoxanthus,Chelidorhynx hypoxanthus,0.0715,empty
Chelidorhynx hypoxanthus_16_c004,Chelidorhynx hypoxanthus,Chelidorhynx hypoxanthus,0.4221,ambiguous
Chelidorhynx hypoxanthus_16_c005,Chelidorhynx hypoxanthus,Chelidorhynx hypoxanthus,0.0211,empty
Chelidorhynx hypoxanthus_16_c006,Chelidorhynx hypoxanthus,Chelidorhynx hypoxanthus,0.1269,empty
Chloropsis_1_c000,Chloropsis,Spelaeornis oatesi,0.0008,unlabeled
Chloropsis_1_c001,Chloropsis,Spelaeornis oatesi,0.0047,unlabeled
Chloropsis_1_c002,Chloropsis,Chloropsis jerdoni,0.0332,unlabeled
Chloropsis_1_c003,Chloropsis,Pnoepyga pusilla,0.0007,unlabeled
Chloropsis_1_c004,Chloropsis,Chloropsis cochinchinensis,0.0020,unlabeled
Chloropsis_1_c005,Chloropsis,Cyornis poliogenys,0.0007,unlabeled
Chloropsis_1_c006,Chloropsis,Pluvialis squatarola,0.0009,unlabeled
Chloropsis_2_c000,Chloropsis,Cyornis poliogenys,0.0051,unlabeled
Chloropsis_2_c001,Chloropsis,Arborophila torqueola,0.0051,unlabeled
Chloropsis_2_c002,Chloropsis,Pomatorhinus ruficollis,0.0027,unlabeled
Chloropsis_2_c003,Chloropsis,Chloropsis jerdoni,0.0016,unlabeled
Chloropsis_2_c004,Chloropsis,Chloropsis jerdoni,0.0005,unlabeled
Chloropsis_2_c005,Chloropsis,Chloropsis jerdoni,0.0007,unlabeled
Chloropsis_2_c006,Chloropsis,Chloropsis cochinchinensis,0.0020,unlabeled
Chloropsis_2_c007,Chloropsis,Chloropsis cochinchinensis,0.0003,unlabeled
Chloropsis_2_c008,Chloropsis,Arborophila torqueola,0.0027,unlabeled
Chloropsis_2_c009,Chloropsis,Eurystomus orientalis,0.0011,unlabeled
Chloropsis_2_c010,Chloropsis,Chloropsis cochinchinensis,0.0030,unlabeled
Chloropsis_2_c011,Chloropsis,Loriculus vernalis,0.0004,unlabeled
Chloropsis_2_c012,Chloropsis,Pomatorhinus ruficollis,0.0011,unlabeled
Chloropsis_3_c000,Chloropsis,Arachnothera magna,0.0275,unlabeled
Chloropsis_3_c001,Chloropsis,Arachnothera magna,0.1475,unlabeled
Chloropsis_3_c002,Chloropsis,Arachnothera magna,0.0423,unlabeled
Chloropsis_3_c003,Chloropsis,Arachnothera magna,0.1259,unlabeled
Chloropsis_3_c004,Chloropsis,Arachnothera magna,0.0255,unlabeled
Chloropsis_3_c005,Chloropsis,Arachnothera magna,0.0420,unlabeled
Chloropsis_3_c006,Chloropsis,Arachnothera magna,0.0174,unlabeled
Chloropsis_3_c007,Chloropsis,Arachnothera magna,0.0647,unlabeled
Chloropsis_3_c008,Chloropsis,Arachnothera magna,0.0192,unlabeled
Chloropsis_4_c000,Chloropsis,Chloropsis jerdoni,0.0040,unlabeled
Chloropsis_4_c001,Chloropsis,Polyplectron bicalcaratum,0.0019,unlabeled
Chloropsis_4_c002,Chloropsis,Chloropsis jerdoni,0.0201,unlabeled
Chloropsis_5_c000,Chloropsis,Chloropsis cochinchinensis,0.0038,unlabeled
Chloropsis_5_c001,Chloropsis,Acrocephalus bistrigiceps,0.0008,unlabeled
Chloropsis_5_c002,Chloropsis,Chloropsis jerdoni,0.0326,unlabeled
Chloropsis_5_c003,Chloropsis,Chloropsis jerdoni,0.0144,unlabeled
Chloropsis_5_c004,Chloropsis,Dicaeum cruentatum,0.0053,unlabeled
Chloropsis_5_c005,Chloropsis,Chloropsis cochinchinensis,0.0044,unlabeled
Chloropsis_5_c006,Chloropsis,Chloropsis jerdoni,0.0390,unlabeled
Chloropsis_5_c007,Chloropsis,Chloropsis jerdoni,0.0291,unlabeled
Chloropsis_5_c008,Chloropsis,Pellorneum ruficeps,0.0052,unlabeled
Chloropsis_6_c000,Chloropsis,Arachnothera magna,0.0705,unlabeled
Chloropsis_6_c001,Chloropsis,Arachnothera magna,0.0987,unlabeled
Chloropsis_6_c002,Chloropsis,Arachnothera magna,0.0652,unlabeled
Chloropsis_6_c003,Chloropsis,Chloropsis cochinchinensis,0.0232,unlabeled
Chloropsis_6_c004,Chloropsis,Arachnothera magna,0.0764,unlabeled
Chloropsis_6_c005,Chloropsis,Chloropsis cochinchinensis,0.0478,unlabeled
Chloropsis_7_c000,Chloropsis,Chloropsis cochinchinensis,0.0040,unlabeled
Chloropsis_7_c001,Chloropsis,Chloropsis cochinchinensis,0.0104,unlabeled
Chloropsis_7_c002,Chloropsis,Arachnothera magna,0.0046,unlabeled
Chloropsis_7_c003,Chloropsis,Arachnothera magna,0.0060,unlabeled
Chloropsis_7_c004,Chloropsis,Arachnothera magna,0.0124,unlabeled
Chloropsis_7_c005,Chloropsis,Dicaeum cruentatum,0.0023,unlabeled
Chloropsis_7_c006,Chloropsis,Arachnothera magna,0.0050,unlabeled
Chloropsis_8_c000,Chloropsis,Arachnothera magna,0.9944,unlabeled
Chloropsis_8_c001,Chloropsis,Arachnothera magna,0.9504,unlabeled
Chloropsis_8_c002,Chloropsis,Arachnothera magna,0.9794,unlabeled
Chloropsis_8_c003,Chloropsis,Arachnothera magna,0.5725,unlabeled
Chloropsis_8_c004,Chloropsis,Arachnothera magna,0.9861,unlabeled
Chloropsis_8_c005,Chloropsis,Arachnothera magna,0.9065,unlabeled
Chloropsis_8_c006,Chloropsis,Arachnothera magna,0.9894,unlabeled
Chloropsis_8_c007,Chloropsis,Arachnothera magna,0.9587,unlabeled
Chloropsis_9_c000,Chloropsis,Chloropsis cochinchinensis,0.0040,unlabeled
Chloropsis_9_c001,Chloropsis,Chloropsis cochinchinensis,0.0104,unlabeled
Chloropsis_9_c002,Chloropsis,Arachnothera magna,0.0046,unlabeled
Chloropsis_9_c003,Chloropsis,Arachnothera magna,0.0060,unlabeled
Chloropsis_9_c004,Chloropsis,Arachnothera magna,0.0124,unlabeled
Chloropsis_9_c005,Chloropsis,Dicaeum cruentatum,0.0023,unlabeled
Chloropsis_9_c006,Chloropsis,Arachnothera magna,0.0050,unlabeled
Chloropsis_10_c000,Chloropsis,Pnoepyga pusilla,0.0004,unlabeled
Chloropsis_10_c001,Chloropsis,Pomatorhinus ruficollis,0.0126,unlabeled
Chloropsis_10_c002,Chloropsis,Chloropsis cochinchinensis,0.0015,unlabeled
Chloropsis_10_c003,Chloropsis,Phylloscopus inornatus,0.0009,unlabeled
Chloropsis_10_c004,Chloropsis,Chloropsis cochinchinensis,0.0004,unlabeled
Chloropsis_10_c005,Chloropsis,Pnoepyga pusilla,0.0013,unlabeled
Chloropsis_10_c006,Chloropsis,Chloropsis cochinchinensis,0.0011,unlabeled
Chloropsis_10_c007,Chloropsis,Pomatorhinus ruficollis,0.0192,unlabeled
Chloropsis_10_c008,Chloropsis,Lanius tephronotus,0.0026,unlabeled
Chloropsis_10_c009,Chloropsis,Lanius tephronotus,0.0016,unlabeled
Chloropsis_10_c010,Chloropsis,Pomatorhinus ruficollis,0.0038,unlabeled
Chloropsis_11_c000,Chloropsis,Arachnothera magna,0.0061,unlabeled
Chloropsis_11_c001,Chloropsis,Arachnothera magna,0.7222,unlabeled
Chloropsis_11_c002,Chloropsis,Arachnothera magna,0.1524,unlabeled
Chloropsis_11_c003,Chloropsis,Arachnothera magna,0.6739,unlabeled
Chloropsis_11_c004,Chloropsis,Arachnothera magna,0.0400,unlabeled
Chloropsis_11_c005,Chloropsis,Arachnothera magna,0.2074,unlabeled
Chloropsis_11_c006,Chloropsis,Arachnothera magna,0.9372,unlabeled
Chloropsis_11_c007,Chloropsis,Arachnothera magna,0.9807,unlabeled
Chloropsis_11_c008,Chloropsis,Arachnothera magna,0.9345,unlabeled
Chloropsis_11_c009,Chloropsis,Arachnothera magna,0.2200,unlabeled
Chloropsis_11_c010,Chloropsis,Arachnothera magna,0.8691,unlabeled
Chloropsis_11_c011,Chloropsis,Arachnothera magna,0.8360,unlabeled
Chloropsis_12_c000,Chloropsis,Psilopogon lineatus,0.0100,unlabeled
Chloropsis_13_c000,Chloropsis,Cyornis poliogenys,0.0054,unlabeled
Chloropsis_13_c001,Chloropsis,Cyornis poliogenys,0.0088,unlabeled
Chloropsis_14_c000,Chloropsis,Cyornis poliogenys,0.0617,unlabeled
Chloropsis_14_c001,Chloropsis,Chloropsis cochinchinensis,0.0037,unlabeled
Chloropsis_14_c002,Chloropsis,Cyornis poliogenys,0.0035,unlabeled
Chloropsis_14_c003,Chloropsis,Alcippe cinerea,0.0153,unlabeled
Chloropsis_14_c004,Chloropsis,Chrysococcyx maculatus,0.0128,unlabeled
Chloropsis_14_c005,Chloropsis,Phylloscopus inornatus,0.0049,unlabeled
Chloropsis_14_c006,Chloropsis,Acrocephalus bistrigiceps,0.0051,unlabeled
Chloropsis_14_c007,Chloropsis,Cyornis poliogenys,0.0097,unlabeled
Chloropsis_14_c008,Chloropsis,Cyornis poliogenys,0.0027,unlabeled
Chloropsis_14_c009,Chloropsis,Cyornis poliogenys,0.0305,unlabeled
Chloropsis_14_c010,Chloropsis,Phylloscopus inornatus,0.0048,unlabeled
Chloropsis_14_c011,Chloropsis,Psittacula eupatria,0.0011,unlabeled
Chloropsis_14_c012,Chloropsis,Macronus gularis,0.0013,unlabeled
Chloropsis_14_c013,Chloropsis,Phylloscopus inornatus,0.0007,unlabeled
Chloropsis_14_c014,Chloropsis,Alcippe cinerea,0.0271,unlabeled
Chloropsis_14_c015,Chloropsis,Cyornis poliogenys,0.0699,unlabeled
Chloropsis_14_c016,Chloropsis,Cyornis poliogenys,0.0172,unlabeled
Chloropsis_14_c017,Chloropsis,Cyornis poliogenys,0.0031,unlabeled
Chloropsis_14_c018,Chloropsis,Cyornis poliogenys,0.0184,unlabeled
Chloropsis_14_c019,Chloropsis,Cyornis poliogenys,0.0975,unlabeled
Chloropsis_14_c020,Chloropsis,Cyornis poliogenys,0.0140,unlabeled
Chloropsis_14_c021,Chloropsis,Cyornis poliogenys,0.0052,unlabeled
Chloropsis_14_c022,Chloropsis,Cyornis poliogenys,0.0036,unlabeled
Chloropsis_14_c023,Chloropsis,Centropus andamanensis,0.0010,unlabeled
Chloropsis_14_c024,Chloropsis,Cyornis poliogenys,0.0032,unlabeled
Chloropsis_14_c025,Chloropsis,Cyornis poliogenys,0.0028,unlabeled
Chloropsis_14_c026,Chloropsis,Cyornis poliogenys,0.0900,unlabeled
Chloropsis_14_c027,Chloropsis,Cyornis poliogenys,0.0129,unlabeled
Chloropsis_14_c028,Chloropsis,Cyornis poliogenys,0.0083,unlabeled
Chloropsis_14_c029,Chloropsis,Cyornis poliogenys,0.0080,unlabeled
Chloropsis_14_c030,Chloropsis,Dicaeum minullum,0.0097,unlabeled
Chloropsis_14_c031,Chloropsis,Polyplectron bicalcaratum,0.0044,unlabeled
Chloropsis_14_c032,Chloropsis,Cyornis poliogenys,0.0064,unlabeled
Chloropsis_14_c033,Chloropsis,Cyornis unicolor,0.0014,unlabeled
Chloropsis_14_c034,Chloropsis,Pomatorhinus ruficollis,0.0052,unlabeled
Chloropsis_14_c035,Chloropsis,Chloropsis cochinchinensis,0.0048,unlabeled
Chloropsis_14_c036,Chloropsis,Cyornis unicolor,0.0015,unlabeled
Chloropsis_14_c037,Chloropsis,Polyplectron bicalcaratum,0.0017,unlabeled
Chloropsis_14_c038,Chloropsis,Chloropsis cochinchinensis,0.0184,unlabeled
Chloropsis_14_c039,Chloropsis,Spelaeornis oatesi,0.0110,unlabeled
Chloropsis_14_c040,Chloropsis,Chloropsis cochinchinensis,0.0039,unlabeled
Chloropsis_14_c041,Chloropsis,Chloropsis cochinchinensis,0.0119,unlabeled
Chloropsis_14_c042,Chloropsis,Chloropsis cochinchinensis,0.0063,unlabeled
Chloropsis_14_c043,Chloropsis,Centropus andamanensis,0.0011,unlabeled
Chloropsis_14_c044,Chloropsis,Pomatorhinus ruficollis,0.0033,unlabeled
Chloropsis_14_c045,Chloropsis,Locustella davidi,0.0021,unlabeled
Chloropsis_14_c046,Chloropsis,Arachnothera magna,0.0037,unlabeled
Chloropsis_14_c047,Chloropsis,Cyornis unicolor,0.0011,unlabeled
Chloropsis_14_c048,Chloropsis,Cyornis unicolor,0.0018,unlabeled
Chloropsis_14_c049,Chloropsis,Cyornis unicolor,0.0058,unlabeled
Chloropsis_14_c050,Chloropsis,Centropus andamanensis,0.0026,unlabeled
Chloropsis_14_c051,Chloropsis,Pomatorhinus ruficollis,0.0006,unlabeled
Chloropsis_14_c052,Chloropsis,Stachyridopsis ambigua,0.0052,unlabeled
Chloropsis_14_c053,Chloropsis,Pomatorhinus ruficollis,0.0049,unlabeled
Chloropsis_14_c054,Chloropsis,Cyornis unicolor,0.0046,unlabeled
Chloropsis_14_c055,Chloropsis,Pomatorhinus ruficollis,0.0111,unlabeled
Chloropsis_14_c056,Chloropsis,Chloropsis cochinchinensis,0.0013,unlabeled
Chloropsis_14_c057,Chloropsis,Cyornis unicolor,0.0028,unlabeled
Chloropsis_14_c058,Chloropsis,Pomatorhinus ruficollis,0.0028,unlabeled
Chloropsis_14_c059,Chloropsis,Chloropsis jerdoni,0.0004,unlabeled
Chloropsis_14_c060,Chloropsis,Pomatorhinus ruficollis,0.0029,unlabeled
Chloropsis_14_c061,Chloropsis,Cyornis unicolor,0.0067,unlabeled
Chloropsis_14_c062,Chloropsis,Cyornis unicolor,0.0225,unlabeled
Chloropsis_14_c063,Chloropsis,Cyornis unicolor,0.0121,unlabeled
Chloropsis_14_c064,Chloropsis,Chrysococcyx maculatus,0.0011,unlabeled
Chloropsis_14_c065,Chloropsis,Pluvialis squatarola,0.0009,unlabeled
Chloropsis_14_c066,Chloropsis,Pluvialis squatarola,0.0009,unlabeled
Chloropsis_14_c067,Chloropsis,Pluvialis squatarola,0.0009,unlabeled
Chloropsis_14_c068,Chloropsis,Pluvialis squatarola,0.0009,unlabeled
Chloropsis_14_c069,Chloropsis,Pluvialis squatarola,0.0009,unlabeled
Chloropsis_14_c070,Chloropsis,Pluvialis squatarola,0.0009,unlabeled
Chloropsis_14_c071,Chloropsis,Pluvialis squatarola,0.0009,unlabeled
Chloropsis_14_c072,Chloropsis,Pluvialis squatarola,0.0009,unlabeled
Chloropsis_15_c000,Chloropsis,Locustella davidi,0.0030,unlabeled
Chloropsis_15_c001,Chloropsis,Cyornis unicolor,0.0143,unlabeled
Chloropsis_15_c002,Chloropsis,Cyornis unicolor,0.0116,unlabeled
Chloropsis_15_c003,Chloropsis,Cyornis unicolor,0.0232,unlabeled
Chloropsis_16_c000,Chloropsis,Phylloscopus inornatus,0.0046,unlabeled
Chloropsis_16_c001,Chloropsis,Phylloscopus forresti,0.0011,unlabeled
Chloropsis_16_c002,Chloropsis,Spelaeornis oatesi,0.0025,unlabeled
Chloropsis_16_c003,Chloropsis,Chloropsis cochinchinensis,0.0172,unlabeled
Chloropsis_16_c004,Chloropsis,Phylloscopus inornatus,0.0040,unlabeled
Chloropsis_16_c005,Chloropsis,Cyornis unicolor,0.0103,unlabeled
Chloropsis_16_c006,Chloropsis,Chloropsis cochinchinensis,0.0055,unlabeled
Chloropsis_16_c007,Chloropsis,Chloropsis cochinchinensis,0.0025,unlabeled
Chloropsis_16_c008,Chloropsis,Chloropsis cochinchinensis,0.0019,unlabeled
Chloropsis_17_c000,Chloropsis,Rimator malacoptilus,0.0006,unlabeled
Chloropsis_17_c001,Chloropsis,Arachnothera magna,0.0009,unlabeled
Chloropsis_18_c000,Chloropsis,Aethopyga gouldiae,0.0012,unlabeled
Chloropsis_18_c001,Chloropsis,Pnoepyga pusilla,0.0027,unlabeled
Chloropsis_18_c002,Chloropsis,Spelaeornis oatesi,0.0253,unlabeled
Chloropsis_18_c003,Chloropsis,Lanius tephronotus,0.0007,unlabeled
Chloropsis_19_c000,Chloropsis,Chloropsis jerdoni,0.0229,unlabeled
Chloropsis_19_c001,Chloropsis,Chloropsis jerdoni,0.0020,unlabeled
Chloropsis_19_c002,Chloropsis,Chloropsis jerdoni,0.0082,unlabeled
Chloropsis_19_c003,Chloropsis,Chloropsis cochinchinensis,0.0019,unlabeled
Chloropsis_20_c000,Chloropsis,Chloropsis jerdoni,0.0074,unlabeled
Chloropsis_20_c001,Chloropsis,Chloropsis jerdoni,0.0439,unlabeled
Chloropsis_20_c002,Chloropsis,Chloropsis jerdoni,0.0023,unlabeled
Chloropsis_21_c000,Chloropsis,Macronus gularis,0.0012,unlabeled
Chloropsis_21_c001,Chloropsis,Chloropsis jerdoni,0.0047,unlabeled
Chloropsis cochinchinensis_1_c000,Chloropsis cochinchinensis,Chloropsis cochinchinensis,0.0284,empty
Chloropsis cochinchinensis_1_c001,Chloropsis cochinchinensis,Chloropsis cochinchinensis,0.0847,empty
Chloropsis cochinchinensis_1_c002,Chloropsis cochinchinensis,Chloropsis cochinchinensis,0.0393,empty
Chloropsis cochinchinensis_1_c003,Chloropsis cochinchinensis,Chloropsis cochinchinensis,0.0061,empty
Chloropsis cochinchinensis_1_c004,Chloropsis cochinchinensis,Chloropsis cochinchinensis,0.0017,empty
Chloropsis cochinchinensis_1_c005,Chloropsis cochinchinensis,Cyornis unicolor,0.0234,empty
Chloropsis cochinchinensis_1_c006,Chloropsis cochinchinensis,Chloropsis cochinchinensis,0.0175,empty
Chloropsis cochinchinensis_1_c007,Chloropsis cochinchinensis,Chloropsis cochinchinensis,0.0482,empty
Chloropsis cochinchinensis_1_c008,Chloropsis cochinchinensis,Chloropsis cochinchinensis,0.0618,empty
Chloropsis cochinchinensis_1_c009,Chloropsis cochinchinensis,Macronus gularis,0.0013,empty
Chloropsis jerdoni_1_c000,Chloropsis jerdoni,Chloropsis jerdoni,0.0901,empty
Chloropsis jerdoni_1_c001,Chloropsis jerdoni,Chloropsis jerdoni,0.0761,empty
Chloropsis jerdoni_1_c002,Chloropsis jerdoni,Acridotheres fuscus,0.1539,empty
Chloropsis jerdoni_1_c003,Chloropsis jerdoni,Chloropsis jerdoni,0.0658,empty
Chloropsis jerdoni_1_c004,Chloropsis jerdoni,Chloropsis jerdoni,0.1460,empty
Chloropsis jerdoni_1_c005,Chloropsis jerdoni,Chloropsis jerdoni,0.0209,empty
Chloropsis jerdoni_1_c006,Chloropsis jerdoni,Chloropsis jerdoni,0.0065,empty
Chloropsis jerdoni_1_c007,Chloropsis jerdoni,Chloropsis jerdoni,0.0745,empty
Chloropsis jerdoni_1_c008,Chloropsis jerdoni,Eurystomus orientalis,0.0328,empty
Chloropsis jerdoni_1_c009,Chloropsis jerdoni,Phylloscopus inornatus,0.0033,empty
Chloropsis jerdoni_1_c010,Chloropsis jerdoni,Eurystomus orientalis,0.0094,empty
Chloropsis jerdoni_1_c011,Chloropsis jerdoni,Eurystomus orientalis,0.0372,empty
Chloropsis jerdoni_1_c012,Chloropsis jerdoni,Rimator malacoptilus,0.0011,empty
Chloropsis jerdoni_1_c013,Chloropsis jerdoni,Chloropsis jerdoni,0.0007,empty
Chloropsis jerdoni_1_c014,Chloropsis jerdoni,Acridotheres fuscus,0.0016,empty
Chloropsis jerdoni_1_c015,Chloropsis jerdoni,Chloropsis jerdoni,0.0009,empty
Chloropsis jerdoni_1_c016,Chloropsis jerdoni,Chloropsis jerdoni,0.0238,empty
Chloropsis jerdoni_1_c017,Chloropsis jerdoni,Pluvialis squatarola,0.0009,empty
Chloropsis jerdoni_2_c000,Chloropsis jerdoni,Chloropsis jerdoni,0.6307,concordant
Chloropsis jerdoni_2_c001,Chloropsis jerdoni,Chloropsis jerdoni,0.4686,ambiguous
Chloropsis jerdoni_2_c002,Chloropsis jerdoni,Chloropsis jerdoni,0.2558,ambiguous
Chloropsis jerdoni_2_c003,Chloropsis jerdoni,Chloropsis jerdoni,0.5465,concordant
Chloropsis jerdoni_2_c004,Chloropsis jerdoni,Chloropsis jerdoni,0.7066,concordant
Chloropsis jerdoni_2_c005,Chloropsis jerdoni,Chloropsis jerdoni,0.5153,concordant
Chloropsis jerdoni_2_c006,Chloropsis jerdoni,Chloropsis jerdoni,0.1053,empty
Chloropsis jerdoni_2_c007,Chloropsis jerdoni,Chloropsis jerdoni,0.1429,empty
Chloropsis jerdoni_2_c008,Chloropsis jerdoni,Chloropsis jerdoni,0.2509,ambiguous
Chloropsis jerdoni_2_c009,Chloropsis jerdoni,Chloropsis jerdoni,0.5658,concordant
Chloropsis jerdoni_2_c010,Chloropsis jerdoni,Chloropsis jerdoni,0.3998,ambiguous
Chloropsis jerdoni_3_c000,Chloropsis jerdoni,Chloropsis jerdoni,0.1816,empty
Chloropsis jerdoni_3_c001,Chloropsis jerdoni,Chloropsis jerdoni,0.3403,ambiguous
Chloropsis jerdoni_3_c002,Chloropsis jerdoni,Chloropsis jerdoni,0.2461,ambiguous
Chloropsis jerdoni_3_c003,Chloropsis jerdoni,Chloropsis jerdoni,0.2119,ambiguous
Chloropsis jerdoni_4_c000,Chloropsis jerdoni,Chloropsis jerdoni,0.2924,ambiguous
Chloropsis jerdoni_4_c001,Chloropsis jerdoni,Chloropsis jerdoni,0.0206,empty
Chloropsis jerdoni_4_c002,Chloropsis jerdoni,Chloropsis cochinchinensis,0.0110,empty
Chloropsis jerdoni_4_c003,Chloropsis jerdoni,Chloropsis jerdoni,0.3910,ambiguous
Chloropsis jerdoni_4_c004,Chloropsis jerdoni,Chloropsis jerdoni,0.1040,empty
Chloropsis jerdoni_4_c005,Chloropsis jerdoni,Chloropsis jerdoni,0.6013,concordant
Chloropsis jerdoni_4_c006,Chloropsis jerdoni,Chloropsis jerdoni,0.0898,empty
Chloropsis jerdoni_5_c000,Chloropsis jerdoni,Stachyridopsis ambigua,0.0091,empty
Chloropsis jerdoni_5_c001,Chloropsis jerdoni,Stachyridopsis ambigua,0.0057,empty
Chloropsis jerdoni_5_c002,Chloropsis jerdoni,Chloropsis jerdoni,0.0215,empty
Chloropsis jerdoni_5_c003,Chloropsis jerdoni,Stachyridopsis ambigua,0.0129,empty
Chloropsis jerdoni_5_c004,Chloropsis jerdoni,Chloropsis jerdoni,0.0078,empty
Chloropsis jerdoni_5_c005,Chloropsis jerdoni,Stachyridopsis ambigua,0.0128,empty
Chloropsis jerdoni_5_c006,Chloropsis jerdoni,Stachyridopsis ambigua,0.0178,empty
Chloropsis jerdoni_5_c007,Chloropsis jerdoni,Macronus gularis,0.1166,empty
Chloropsis jerdoni_5_c008,Chloropsis jerdoni,Macronus gularis,0.0498,empty
Chloropsis jerdoni_5_c009,Chloropsis jerdoni,Chloropsis jerdoni,0.0014,empty
Chloropsis jerdoni_5_c010,Chloropsis jerdoni,Chloropsis jerdoni,0.0872,empty
Chloropsis jerdoni_5_c011,Chloropsis jerdoni,Stachyridopsis ambigua,0.0038,empty
Chloropsis jerdoni_5_c012,Chloropsis jerdoni,Chloropsis jerdoni,0.0158,empty
Chloropsis jerdoni_5_c013,Chloropsis jerdoni,Chloropsis cochinchinensis,0.0122,empty
Chloropsis jerdoni_5_c014,Chloropsis jerdoni,Chloropsis jerdoni,0.0456,empty
Chloropsis jerdoni_5_c015,Chloropsis jerdoni,Chloropsis cochinchinensis,0.0337,empty
Chloropsis jerdoni_5_c016,Chloropsis jerdoni,Chloropsis cochinchinensis,0.0163,empty
Chloropsis jerdoni_6_c000,Chloropsis jerdoni,Chloropsis jerdoni,0.0470,empty
Chloropsis jerdoni_6_c001,Chloropsis jerdoni,Eurystomus orientalis,0.0023,empty
Chloropsis jerdoni_6_c002,Chloropsis jerdoni,Ixobrychus cinnamomeus,0.0072,empty
Chloropsis jerdoni_6_c003,Chloropsis jerdoni,Eurystomus orientalis,0.0117,empty
Chloropsis jerdoni_6_c004,Chloropsis jerdoni,Acrocephalus bistrigiceps,0.0629,empty
Chloropsis jerdoni_6_c005,Chloropsis jerdoni,Eurystomus orientalis,0.0654,empty
Chloropsis jerdoni_6_c006,Chloropsis jerdoni,Eurystomus orientalis,0.0059,empty
Chloropsis jerdoni_6_c007,Chloropsis jerdoni,Chloropsis jerdoni,0.0584,empty
Chloropsis jerdoni_6_c008,Chloropsis jerdoni,Acrocephalus bistrigiceps,0.0037,empty
Chloropsis jerdoni_6_c009,Chloropsis jerdoni,Ixobrychus cinnamomeus,0.0139,empty
Chloropsis jerdoni_6_c010,Chloropsis jerdoni,Psittacula eupatria,0.0111,empty
Chloropsis jerdoni_6_c011,Chloropsis jerdoni,Sturnia malabarica,0.0109,empty
Chloropsis jerdoni_6_c012,Chloropsis jerdoni,Ixobrychus cinnamomeus,0.0413,empty
Chloropsis jerdoni_6_c013,Chloropsis jerdoni,Ixobrychus cinnamomeus,0.0427,empty
Chloropsis jerdoni_6_c014,Chloropsis jerdoni,Eurystomus orientalis,0.0033,empty
Chloropsis jerdoni_6_c015,Chloropsis jerdoni,Ixobrychus cinnamomeus,0.0036,empty
Chloropsis jerdoni_6_c016,Chloropsis jerdoni,Cypsiurus balasiensis,0.0081,empty
Chloropsis jerdoni_7_c000,Chloropsis jerdoni,Chloropsis jerdoni,0.0302,empty
Chloropsis jerdoni_7_c001,Chloropsis jerdoni,Chloropsis jerdoni,0.0248,empty
Chloropsis jerdoni_8_c000,Chloropsis jerdoni,Chloropsis jerdoni,0.2297,ambiguous
Chloropsis jerdoni_8_c001,Chloropsis jerdoni,Chloropsis jerdoni,0.2237,ambiguous
Chloropsis jerdoni_8_c002,Chloropsis jerdoni,Chloropsis jerdoni,0.0379,empty
Chloropsis jerdoni_8_c003,Chloropsis jerdoni,Chloropsis jerdoni,0.0125,empty
Chloropsis jerdoni_8_c004,Chloropsis jerdoni,Acridotheres fuscus,0.0055,empty
Chloropsis jerdoni_9_c000,Chloropsis jerdoni,Chloropsis jerdoni,0.1145,empty
Chloropsis jerdoni_9_c001,Chloropsis jerdoni,Chloropsis jerdoni,0.0803,empty
Chloropsis jerdoni_9_c002,Chloropsis jerdoni,Sturnia malabarica,0.0167,empty
Chloropsis jerdoni_9_c003,Chloropsis jerdoni,Chloropsis jerdoni,0.0209,empty
Chloropsis jerdoni_9_c004,Chloropsis jerdoni,Chloropsis jerdoni,0.0261,empty
Chloropsis jerdoni_9_c005,Chloropsis jerdoni,Chloropsis jerdoni,0.0147,empty
Chloropsis jerdoni_9_c006,Chloropsis jerdoni,Chloropsis jerdoni,0.0131,empty
Chloropsis jerdoni_9_c007,Chloropsis jerdoni,Chloropsis jerdoni,0.0135,empty
Chloropsis jerdoni_9_c008,Chloropsis jerdoni,Chloropsis jerdoni,0.0199,empty
Chloropsis jerdoni_9_c009,Chloropsis jerdoni,Sturnia malabarica,0.0040,empty
Chloropsis jerdoni_9_c010,Chloropsis jerdoni,Chloropsis jerdoni,0.0309,empty
Chloropsis jerdoni_9_c011,Chloropsis jerdoni,Chloropsis jerdoni,0.0045,empty
Chloropsis jerdoni_9_c012,Chloropsis jerdoni,Chloropsis jerdoni,0.0112,empty
Chloropsis jerdoni_9_c013,Chloropsis jerdoni,Chloropsis jerdoni,0.0081,empty
Chloropsis jerdoni_9_c014,Chloropsis jerdoni,Cypsiurus balasiensis,0.0116,empty
Chloropsis jerdoni_9_c015,Chloropsis jerdoni,Acridotheres fuscus,0.0132,empty
Chloropsis jerdoni_10_c000,Chloropsis jerdoni,Chloropsis jerdoni,0.0022,empty
Chloropsis jerdoni_10_c001,Chloropsis jerdoni,Chloropsis jerdoni,0.0052,empty
Chloropsis jerdoni_10_c002,Chloropsis jerdoni,Chloropsis jerdoni,0.0105,empty
Chloropsis jerdoni_10_c003,Chloropsis jerdoni,Chloropsis jerdoni,0.0084,empty
Chloropsis jerdoni_10_c004,Chloropsis jerdoni,Chloropsis jerdoni,0.0260,empty
Chloropsis jerdoni_10_c005,Chloropsis jerdoni,Chloropsis jerdoni,0.0620,empty
Chloropsis jerdoni_10_c006,Chloropsis jerdoni,Chloropsis jerdoni,0.0337,empty
Chloropsis jerdoni_10_c007,Chloropsis jerdoni,Chloropsis jerdoni,0.0137,empty
Chloropsis jerdoni_11_c000,Chloropsis jerdoni,Chloropsis jerdoni,0.0283,empty
Chloropsis jerdoni_11_c001,Chloropsis jerdoni,Chloropsis jerdoni,0.0059,empty
Chloropsis jerdoni_11_c002,Chloropsis jerdoni,Chloropsis jerdoni,0.1078,empty
Chloropsis jerdoni_11_c003,Chloropsis jerdoni,Chloropsis jerdoni,0.1243,empty
Chloropsis jerdoni_11_c004,Chloropsis jerdoni,Chloropsis jerdoni,0.0344,empty
Chloropsis jerdoni_11_c005,Chloropsis jerdoni,Loriculus vernalis,0.0067,empty
Chloropsis jerdoni_12_c000,Chloropsis jerdoni,Chloropsis jerdoni,0.0146,empty
Chloropsis jerdoni_12_c001,Chloropsis jerdoni,Lanius tephronotus,0.0042,empty
Chloropsis jerdoni_12_c002,Chloropsis jerdoni,Chloropsis jerdoni,0.0072,empty
Chloropsis jerdoni_13_c000,Chloropsis jerdoni,Chloropsis jerdoni,0.0026,empty
Chloropsis jerdoni_13_c001,Chloropsis jerdoni,Chloropsis jerdoni,0.0068,empty
Chloropsis jerdoni_13_c002,Chloropsis jerdoni,Chloropsis jerdoni,0.0039,empty
Chloropsis jerdoni_13_c003,Chloropsis jerdoni,Chloropsis jerdoni,0.0092,empty
Chloropsis jerdoni_13_c004,Chloropsis jerdoni,Acridotheres fuscus,0.0112,empty
Chloropsis jerdoni_13_c005,Chloropsis jerdoni,Chloropsis jerdoni,0.0032,empty
Chrysococcyx maculatus_1_c000,Chrysococcyx maculatus,Chrysococcyx maculatus,0.8061,concordant
Chrysococcyx maculatus_1_c001,Chrysococcyx maculatus,Chrysococcyx maculatus,0.6189,concordant
Chrysococcyx maculatus_2_c000,Chrysococcyx maculatus,Psilopogon lineatus,0.0032,empty
Chrysococcyx maculatus_2_c001,Chrysococcyx maculatus,Chrysococcyx maculatus,0.9945,concordant
Chrysococcyx maculatus_2_c002,Chrysococcyx maculatus,Cypsiurus balasiensis,0.0005,empty
Chrysococcyx maculatus_2_c003,Chrysococcyx maculatus,Chrysococcyx maculatus,0.7023,concordant
Cuculus micropterus_1_c000,Cuculus micropterus,Cuculus micropterus,0.7293,concordant
Cuculus micropterus_1_c001,Cuculus micropterus,Cuculus micropterus,0.9906,concordant
Cuculus micropterus_1_c002,Cuculus micropterus,Cuculus micropterus,0.8699,concordant
Cuculus micropterus_1_c003,Cuculus micropterus,Cuculus micropterus,0.8967,concordant
Cuculus micropterus_1_c004,Cuculus micropterus,Chloropsis jerdoni,0.0689,empty
Cuculus micropterus_1_c005,Cuculus micropterus,Cuculus micropterus,0.8404,concordant
Cuculus micropterus_2_c000,Cuculus micropterus,Cuculus micropterus,0.9893,concordant
Cuculus micropterus_2_c001,Cuculus micropterus,Cuculus micropterus,0.6531,concordant
Cuculus micropterus_3_c000,Cuculus micropterus,Cuculus micropterus,0.9920,concordant
Cuculus micropterus_3_c001,Cuculus micropterus,Cuculus micropterus,0.8399,concordant
Cuculus micropterus_3_c002,Cuculus micropterus,Cuculus micropterus,0.9269,concordant
Cuculus micropterus_3_c003,Cuculus micropterus,Cuculus micropterus,0.9978,concordant
Cuculus micropterus_3_c004,Cuculus micropterus,Cuculus micropterus,0.9962,concordant
Cuculus micropterus_3_c005,Cuculus micropterus,Cuculus micropterus,0.8669,concordant
Cuculus micropterus_4_c000,Cuculus micropterus,Cuculus micropterus,0.9377,concordant
Cuculus micropterus_4_c001,Cuculus micropterus,Cuculus micropterus,0.9934,concordant
Cuculus micropterus_4_c002,Cuculus micropterus,Cuculus micropterus,0.9903,concordant
Cuculus micropterus_4_c003,Cuculus micropterus,Cuculus micropterus,0.9903,concordant
Cuculus micropterus_4_c004,Cuculus micropterus,Cuculus micropterus,0.9881,concordant
Cuculus micropterus_4_c005,Cuculus micropterus,Cuculus micropterus,0.9719,concordant
Cuculus micropterus_4_c006,Cuculus micropterus,Cuculus micropterus,0.9739,concordant
Cuculus micropterus_4_c007,Cuculus micropterus,Cuculus micropterus,0.9876,concordant
Cuculus micropterus_4_c008,Cuculus micropterus,Cuculus micropterus,0.9314,concordant
Cuculus micropterus_4_c009,Cuculus micropterus,Cuculus micropterus,0.9798,concordant
Cuculus micropterus_4_c010,Cuculus micropterus,Cuculus micropterus,0.7569,concordant
Cuculus micropterus_4_c011,Cuculus micropterus,Cuculus micropterus,0.9828,concordant
Cuculus micropterus_4_c012,Cuculus micropterus,Cuculus micropterus,0.3796,ambiguous
Cuculus micropterus_6_c000,Cuculus micropterus,Cuculus micropterus,0.9996,concordant
Cuculus micropterus_6_c001,Cuculus micropterus,Cuculus micropterus,0.9996,concordant
Cuculus micropterus_6_c002,Cuculus micropterus,Cuculus micropterus,0.9997,concordant
Cuculus micropterus_6_c003,Cuculus micropterus,Cuculus micropterus,0.9999,concordant
Cuculus micropterus_7_c000,Cuculus micropterus,Cuculus micropterus,0.6687,concordant
Cuculus micropterus_7_c001,Cuculus micropterus,Cuculus micropterus,0.8827,concordant
Cuculus micropterus_7_c002,Cuculus micropterus,Cuculus micropterus,0.9538,concordant
Cuculus micropterus_7_c003,Cuculus micropterus,Cuculus micropterus,0.0063,empty
Cuculus micropterus_7_c004,Cuculus micropterus,Cuculus micropterus,0.9709,concordant
Cuculus micropterus_7_c005,Cuculus micropterus,Cuculus micropterus,0.9972,concordant
Cuculus micropterus_7_c006,Cuculus micropterus,Cuculus micropterus,0.9987,concordant
Cuculus micropterus_7_c007,Cuculus micropterus,Cuculus micropterus,0.9998,concordant
Cuculus micropterus_7_c008,Cuculus micropterus,Cuculus micropterus,0.9993,concordant
Cuculus micropterus_8_c000,Cuculus micropterus,Cuculus micropterus,0.9936,concordant
Cuculus micropterus_8_c001,Cuculus micropterus,Cuculus micropterus,0.9998,concordant
Cuculus micropterus_8_c002,Cuculus micropterus,Cuculus micropterus,0.9999,concordant
Cuculus micropterus_8_c003,Cuculus micropterus,Cuculus micropterus,0.9991,concordant
Cuculus micropterus_8_c004,Cuculus micropterus,Cuculus micropterus,0.9996,concordant
Cuculus micropterus_8_c005,Cuculus micropterus,Cuculus micropterus,0.9999,concordant
Cuculus micropterus_8_c006,Cuculus micropterus,Cuculus micropterus,0.9992,concordant
Cuculus micropterus_8_c007,Cuculus micropterus,Cuculus micropterus,0.9997,concordant
Cuculus micropterus_8_c008,Cuculus micropterus,Cuculus micropterus,0.9999,concordant
Cuculus micropterus_8_c009,Cuculus micropterus,Cuculus micropterus,0.9998,concordant
Cuculus micropterus_8_c010,Cuculus micropterus,Cuculus micropterus,0.9997,concordant
Cuculus micropterus_8_c011,Cuculus micropterus,Cuculus micropterus,0.9997,concordant
Cuculus micropterus_8_c012,Cuculus micropterus,Cuculus micropterus,0.9973,concordant
Cuculus micropterus_8_c013,Cuculus micropterus,Cuculus micropterus,0.9979,concordant
Cuculus micropterus_8_c014,Cuculus micropterus,Cuculus micropterus,0.9988,concordant
Cuculus micropterus_8_c015,Cuculus micropterus,Cuculus micropterus,0.9952,concordant
Cuculus micropterus_8_c016,Cuculus micropterus,Cuculus micropterus,0.9993,concordant
Cuculus micropterus_8_c017,Cuculus micropterus,Cuculus micropterus,0.9986,concordant
Cuculus micropterus_8_c018,Cuculus micropterus,Cuculus micropterus,0.9997,concordant
Cuculus micropterus_8_c019,Cuculus micropterus,Cuculus micropterus,0.9996,concordant
Cuculus micropterus_8_c020,Cuculus micropterus,Cuculus micropterus,0.9984,concordant
Cuculus micropterus_8_c021,Cuculus micropterus,Cuculus micropterus,0.9972,concordant
Cuculus micropterus_8_c022,Cuculus micropterus,Cuculus micropterus,0.9988,concordant
Cuculus micropterus_8_c023,Cuculus micropterus,Cuculus micropterus,0.9996,concordant
Cuculus micropterus_8_c024,Cuculus micropterus,Cuculus micropterus,0.9995,concordant
Cuculus micropterus_8_c025,Cuculus micropterus,Cuculus micropterus,0.9988,concordant
Cuculus micropterus_8_c026,Cuculus micropterus,Cuculus micropterus,0.9996,concordant
Cuculus micropterus_8_c027,Cuculus micropterus,Cuculus micropterus,0.9993,concordant
Cuculus micropterus_8_c028,Cuculus micropterus,Cuculus micropterus,0.9997,concordant
Cuculus micropterus_8_c029,Cuculus micropterus,Cuculus micropterus,0.9990,concordant
Cuculus micropterus_8_c030,Cuculus micropterus,Cuculus micropterus,0.9997,concordant
Cuculus micropterus_8_c031,Cuculus micropterus,Cuculus micropterus,0.9961,concordant
Cuculus micropterus_8_c032,Cuculus micropterus,Cuculus micropterus,0.9991,concordant
Cuculus micropterus_8_c033,Cuculus micropterus,Cuculus micropterus,0.9985,concordant
Cuculus micropterus_8_c034,Cuculus micropterus,Cuculus micropterus,0.9992,concordant
Cuculus micropterus_8_c035,Cuculus micropterus,Cuculus micropterus,0.9979,concordant
Cuculus micropterus_8_c036,Cuculus micropterus,Cuculus micropterus,0.9993,concordant
Cuculus micropterus_9_c000,Cuculus micropterus,Cuculus micropterus,0.9998,concordant
Cuculus micropterus_9_c001,Cuculus micropterus,Cuculus micropterus,0.9975,concordant
Cuculus micropterus_9_c002,Cuculus micropterus,Cuculus micropterus,0.9995,concordant
Cuculus micropterus_9_c003,Cuculus micropterus,Cuculus micropterus,0.9999,concordant
Cuculus micropterus_9_c004,Cuculus micropterus,Cuculus micropterus,0.9999,concordant
Cuculus micropterus_9_c005,Cuculus micropterus,Cuculus micropterus,0.9998,concordant
Cuculus micropterus_9_c006,Cuculus micropterus,Cuculus micropterus,1.0000,concordant
Cuculus micropterus_9_c007,Cuculus micropterus,Cuculus micropterus,0.9999,concordant
Cuculus micropterus_9_c008,Cuculus micropterus,Cuculus micropterus,0.9999,concordant
Cuculus micropterus_9_c009,Cuculus micropterus,Cuculus micropterus,1.0000,concordant
Cuculus micropterus_9_c010,Cuculus micropterus,Cuculus micropterus,1.0000,concordant
Cuculus micropterus_9_c011,Cuculus micropterus,Cuculus micropterus,0.9999,concordant
Cuculus micropterus_9_c012,Cuculus micropterus,Cuculus micropterus,0.9999,concordant
Cuculus micropterus_9_c013,Cuculus micropterus,Cuculus micropterus,1.0000,concordant
Cuculus micropterus_10_c000,Cuculus micropterus,Cuculus micropterus,0.9987,concordant
Cuculus micropterus_10_c001,Cuculus micropterus,Cuculus micropterus,0.9897,concordant
Cuculus micropterus_10_c002,Cuculus micropterus,Cuculus micropterus,0.9913,concordant
Cuculus micropterus_10_c003,Cuculus micropterus,Cuculus micropterus,0.9970,concordant
Cuculus micropterus_10_c004,Cuculus micropterus,Cuculus micropterus,0.9997,concordant
Cuculus micropterus_10_c005,Cuculus micropterus,Cuculus micropterus,0.9999,concordant
Cuculus micropterus_10_c006,Cuculus micropterus,Cuculus micropterus,0.9999,concordant
Cuculus micropterus_10_c007,Cuculus micropterus,Cuculus micropterus,0.9993,concordant
Cuculus micropterus_10_c008,Cuculus micropterus,Cuculus micropterus,0.9992,concordant
Cuculus micropterus_10_c009,Cuculus micropterus,Cuculus micropterus,0.9993,concordant
Cuculus micropterus_10_c010,Cuculus micropterus,Cuculus micropterus,0.9999,concordant
Cuculus micropterus_10_c011,Cuculus micropterus,Cuculus micropterus,0.9998,concordant
Cuculus micropterus_10_c012,Cuculus micropterus,Cuculus micropterus,0.9998,concordant
Cuculus micropterus_11_c000,Cuculus micropterus,Cuculus micropterus,0.9986,concordant
Cuculus micropterus_11_c001,Cuculus micropterus,Cuculus micropterus,0.9999,concordant
Cuculus micropterus_11_c002,Cuculus micropterus,Cuculus micropterus,0.9997,concordant
Cuculus micropterus_11_c003,Cuculus micropterus,Cuculus micropterus,0.9995,concordant
Cuculus micropterus_11_c004,Cuculus micropterus,Cuculus micropterus,0.9884,concordant
Cuculus micropterus_11_c005,Cuculus micropterus,Cuculus micropterus,0.9988,concordant
Cuculus micropterus_11_c006,Cuculus micropterus,Cuculus micropterus,0.9988,concordant
Cuculus micropterus_12_c000,Cuculus micropterus,Cuculus micropterus,0.9997,concordant
Cuculus micropterus_12_c001,Cuculus micropterus,Cuculus micropterus,0.9930,concordant
Cuculus micropterus_12_c002,Cuculus micropterus,Cuculus micropterus,0.9945,concordant
Cuculus micropterus_12_c003,Cuculus micropterus,Cuculus micropterus,0.9789,concordant
Cuculus micropterus_12_c004,Cuculus micropterus,Cuculus micropterus,0.9976,concordant
Cuculus micropterus_12_c005,Cuculus micropterus,Cuculus micropterus,0.9986,concordant
Cuculus micropterus_12_c006,Cuculus micropterus,Cuculus micropterus,0.9996,concordant
Cuculus micropterus_12_c007,Cuculus micropterus,Cuculus micropterus,0.9949,concordant
Cuculus micropterus_12_c008,Cuculus micropterus,Cuculus micropterus,0.9990,concordant
Cuculus micropterus_12_c009,Cuculus micropterus,Cuculus micropterus,0.9990,concordant
Cuculus micropterus_12_c010,Cuculus micropterus,Cuculus micropterus,0.9999,concordant
Cuculus micropterus_13_c000,Cuculus micropterus,Cuculus micropterus,0.9788,concordant
Cuculus micropterus_13_c001,Cuculus micropterus,Cuculus micropterus,0.8209,concordant
Cuculus micropterus_13_c002,Cuculus micropterus,Cuculus micropterus,0.9601,concordant
Cuculus micropterus_13_c003,Cuculus micropterus,Cuculus micropterus,0.6605,concordant
Cuculus micropterus_14_c000,Cuculus micropterus,Cuculus micropterus,0.5323,concordant
Cuculus micropterus_14_c001,Cuculus micropterus,Cuculus micropterus,0.0655,empty
Cuculus micropterus_15_c000,Cuculus micropterus,Cuculus micropterus,0.9994,concordant
Cuculus micropterus_15_c001,Cuculus micropterus,Cuculus micropterus,0.9988,concordant
Cuculus micropterus_16_c000,Cuculus micropterus,Cuculus micropterus,0.9998,concordant
Cuculus micropterus_16_c001,Cuculus micropterus,Cuculus micropterus,0.9973,concordant
Cuculus micropterus_16_c002,Cuculus micropterus,Cuculus micropterus,0.9988,concordant
Cuculus micropterus_16_c003,Cuculus micropterus,Cuculus micropterus,0.9992,concordant
Cuculus micropterus_17_c000,Cuculus micropterus,Cuculus micropterus,0.9999,concordant
Cuculus micropterus_17_c001,Cuculus micropterus,Cuculus micropterus,0.9994,concordant
Cuculus micropterus_17_c002,Cuculus micropterus,Cuculus micropterus,0.9993,concordant
Cuculus micropterus_17_c003,Cuculus micropterus,Cuculus micropterus,0.9987,concordant
Cuculus micropterus_17_c004,Cuculus micropterus,Cuculus micropterus,0.9905,concordant
Cuculus micropterus_18_c000,Cuculus micropterus,Cuculus micropterus,0.9985,concordant
Cuculus micropterus_18_c001,Cuculus micropterus,Cuculus micropterus,0.9880,concordant
Cuculus micropterus_18_c002,Cuculus micropterus,Cuculus micropterus,0.9782,concordant
Cuculus micropterus_19_c000,Cuculus micropterus,Todiramphus chloris,0.0128,empty
Cuculus micropterus_19_c001,Cuculus micropterus,Eurystomus orientalis,0.0098,empty
Cuculus micropterus_19_c002,Cuculus micropterus,Cuculus micropterus,0.0709,empty
Cuculus micropterus_19_c003,Cuculus micropterus,Cuculus micropterus,0.9973,concordant
Cuculus micropterus_19_c004,Cuculus micropterus,Cuculus micropterus,0.9999,concordant
Cuculus micropterus_19_c005,Cuculus micropterus,Cuculus micropterus,0.9995,concordant
Cuculus micropterus_19_c006,Cuculus micropterus,Cuculus micropterus,0.1563,empty
Cuculus micropterus_19_c007,Cuculus micropterus,Cuculus micropterus,0.9986,concordant
Cuculus micropterus_19_c008,Cuculus micropterus,Pellorneum ruficeps,0.0098,empty
Cuculus micropterus_20_c000,Cuculus micropterus,Cuculus micropterus,0.9991,concordant
Cuculus micropterus_21_c000,Cuculus micropterus,Cuculus micropterus,0.9961,concordant
Cuculus micropterus_21_c001,Cuculus micropterus,Cuculus micropterus,0.9973,concordant
Cuculus micropterus_21_c002,Cuculus micropterus,Cuculus micropterus,0.9865,concordant
Cuculus micropterus_21_c003,Cuculus micropterus,Cuculus micropterus,0.9907,concordant
Cuculus micropterus_21_c004,Cuculus micropterus,Cuculus micropterus,0.9952,concordant
Cuculus micropterus_22_c000,Cuculus micropterus,Cuculus micropterus,0.9998,concordant
Cuculus micropterus_22_c001,Cuculus micropterus,Cuculus micropterus,0.9971,concordant
Cuculus micropterus_22_c002,Cuculus micropterus,Cuculus micropterus,0.9999,concordant
Cuculus micropterus_22_c003,Cuculus micropterus,Cuculus micropterus,0.9996,concordant
Cuculus micropterus_23_c000,Cuculus micropterus,Cuculus micropterus,0.9978,concordant
Cuculus micropterus_23_c001,Cuculus micropterus,Cuculus micropterus,0.9991,concordant
Cuculus micropterus_23_c002,Cuculus micropterus,Cuculus micropterus,0.9894,concordant
Cuculus micropterus_23_c003,Cuculus micropterus,Cuculus micropterus,0.9853,concordant
Cuculus micropterus_24_c000,Cuculus micropterus,Cuculus micropterus,0.9952,concordant
Cuculus micropterus_24_c001,Cuculus micropterus,Cuculus micropterus,0.9937,concordant
Cuculus micropterus_24_c002,Cuculus micropterus,Cuculus micropterus,0.9871,concordant
Cuculus micropterus_24_c003,Cuculus micropterus,Cuculus micropterus,0.9682,concordant
Cuculus micropterus_24_c004,Cuculus micropterus,Cuculus micropterus,0.0829,empty
Cuculus micropterus_25_c000,Cuculus micropterus,Cuculus micropterus,0.9996,concordant
Cuculus micropterus_25_c001,Cuculus micropterus,Cuculus micropterus,0.9990,concordant
Cuculus micropterus_26_c000,Cuculus micropterus,Cuculus micropterus,0.9982,concordant
Cuculus micropterus_26_c001,Cuculus micropterus,Cuculus micropterus,0.9975,concordant
Cuculus micropterus_26_c002,Cuculus micropterus,Cuculus micropterus,0.9936,concordant
Cuculus micropterus_27_c000,Cuculus micropterus,Cuculus micropterus,0.9997,concordant
Cuculus micropterus_27_c001,Cuculus micropterus,Cuculus micropterus,0.9997,concordant
Cuculus micropterus_27_c002,Cuculus micropterus,Cuculus micropterus,0.9994,concordant
Cuculus micropterus_27_c003,Cuculus micropterus,Cuculus micropterus,1.0000,concordant
Cuculus micropterus_27_c004,Cuculus micropterus,Cuculus micropterus,0.9999,concordant
Cuculus micropterus_27_c005,Cuculus micropterus,Cuculus micropterus,0.9999,concordant
Cuculus micropterus_27_c006,Cuculus micropterus,Cuculus micropterus,0.9997,concordant
Cuculus micropterus_27_c007,Cuculus micropterus,Cuculus micropterus,0.9997,concordant
Cuculus micropterus_27_c008,Cuculus micropterus,Cuculus micropterus,0.9998,concordant
Cuculus micropterus_28_c000,Cuculus micropterus,Cuculus micropterus,0.9986,concordant
Cuculus micropterus_28_c001,Cuculus micropterus,Cuculus micropterus,0.9858,concordant
Cuculus micropterus_28_c002,Cuculus micropterus,Cuculus micropterus,0.9865,concordant
Cuculus micropterus_29_c000,Cuculus micropterus,Cuculus micropterus,0.9760,concordant
Cuculus micropterus_30_c000,Cuculus micropterus,Cuculus micropterus,0.9911,concordant
Cuculus micropterus_30_c001,Cuculus micropterus,Cuculus micropterus,0.9997,concordant
Cuculus micropterus_30_c002,Cuculus micropterus,Cuculus micropterus,0.9807,concordant
Cuculus micropterus_30_c003,Cuculus micropterus,Cuculus micropterus,0.9858,concordant
Cuculus micropterus_30_c004,Cuculus micropterus,Cypsiurus balasiensis,0.0084,empty
Cuculus micropterus_30_c005,Cuculus micropterus,Pellorneum ruficeps,0.0042,empty
Cuculus micropterus_30_c006,Cuculus micropterus,Cuculus micropterus,0.0027,empty
Cuculus micropterus_30_c007,Cuculus micropterus,Cuculus micropterus,0.0031,empty
Cuculus micropterus_31_c000,Cuculus micropterus,Cuculus micropterus,0.8486,concordant
Cuculus micropterus_31_c001,Cuculus micropterus,Cuculus micropterus,0.9970,concordant
Cuculus micropterus_31_c002,Cuculus micropterus,Cuculus micropterus,0.9960,concordant
Cuculus micropterus_31_c003,Cuculus micropterus,Cuculus micropterus,0.8668,concordant
Cuculus micropterus_31_c004,Cuculus micropterus,Cuculus micropterus,0.9899,concordant
Cuculus micropterus_31_c005,Cuculus micropterus,Cuculus micropterus,0.9861,concordant
Cuculus micropterus_31_c006,Cuculus micropterus,Cuculus micropterus,0.7415,concordant
Cuculus micropterus_31_c007,Cuculus micropterus,Cuculus micropterus,0.9854,concordant
Cuculus micropterus_31_c008,Cuculus micropterus,Cuculus micropterus,0.9069,concordant
Cuculus micropterus_32_c000,Cuculus micropterus,Cuculus micropterus,0.9592,concordant
Cuculus micropterus_32_c001,Cuculus micropterus,Cuculus micropterus,0.9940,concordant
Cuculus micropterus_32_c002,Cuculus micropterus,Cuculus micropterus,0.9977,concordant
Cuculus micropterus_32_c003,Cuculus micropterus,Cuculus micropterus,0.9307,concordant
Cuculus micropterus_32_c004,Cuculus micropterus,Chloropsis jerdoni,0.0438,empty
Cuculus micropterus_33_c000,Cuculus micropterus,Cuculus micropterus,0.8609,concordant
Cuculus micropterus_33_c001,Cuculus micropterus,Cuculus micropterus,0.9859,concordant
Cuculus micropterus_34_c000,Cuculus micropterus,Cuculus micropterus,0.8188,concordant
Cuculus micropterus_34_c001,Cuculus micropterus,Cuculus micropterus,0.9765,concordant
Cuculus micropterus_34_c002,Cuculus micropterus,Cuculus micropterus,0.8522,concordant
Cuculus micropterus_34_c003,Cuculus micropterus,Cuculus micropterus,0.9909,concordant
Cuculus micropterus_34_c004,Cuculus micropterus,Cuculus micropterus,0.9375,concordant
Cuculus micropterus_35_c000,Cuculus micropterus,Cuculus micropterus,0.9996,concordant
Cuculus micropterus_35_c001,Cuculus micropterus,Cuculus micropterus,0.9979,concordant
Cuculus micropterus_35_c002,Cuculus micropterus,Cuculus micropterus,0.9995,concordant
Cuculus micropterus_35_c003,Cuculus micropterus,Cuculus micropterus,0.9911,concordant
Cuculus micropterus_35_c004,Cuculus micropterus,Cuculus micropterus,0.9834,concordant
Cuculus micropterus_35_c005,Cuculus micropterus,Cuculus micropterus,0.9995,concordant
Cuculus micropterus_35_c006,Cuculus micropterus,Cuculus micropterus,0.9998,concordant
Cuculus micropterus_35_c007,Cuculus micropterus,Cuculus micropterus,0.9997,concordant
Cuculus micropterus_35_c008,Cuculus micropterus,Cuculus micropterus,0.9923,concordant
Cuculus micropterus_35_c009,Cuculus micropterus,Pomatorhinus ruficollis,0.0004,empty
Cuculus micropterus_35_c010,Cuculus micropterus,Cuculus micropterus,0.9995,concordant
Cuculus micropterus_35_c011,Cuculus micropterus,Motacilla citreola,0.0017,empty
Cuculus micropterus_35_c012,Cuculus micropterus,Cuculus micropterus,0.9997,concordant
Cuculus micropterus_35_c013,Cuculus micropterus,Cuculus micropterus,0.9962,concordant
Cuculus micropterus_35_c014,Cuculus micropterus,Cuculus micropterus,0.9386,concordant
Cuculus micropterus_36_c000,Cuculus micropterus,Cuculus micropterus,0.9990,concordant
Cuculus micropterus_36_c001,Cuculus micropterus,Cuculus micropterus,0.9814,concordant
Cuculus micropterus_36_c002,Cuculus micropterus,Cuculus micropterus,0.9993,concordant
Cuculus micropterus_36_c003,Cuculus micropterus,Cuculus micropterus,0.9987,concordant
Cuculus micropterus_36_c004,Cuculus micropterus,Cuculus micropterus,0.9920,concordant
Cuculus micropterus_36_c005,Cuculus micropterus,Cuculus micropterus,0.9988,concordant
Cuculus micropterus_37_c000,Cuculus micropterus,Cuculus micropterus,0.9294,concordant
Cuculus micropterus_37_c001,Cuculus micropterus,Cuculus micropterus,0.6030,concordant
Cuculus micropterus_38_c000,Cuculus micropterus,Cuculus micropterus,0.9369,concordant
Cuculus micropterus_38_c001,Cuculus micropterus,Cuculus micropterus,0.7305,concordant
Cuculus micropterus_38_c002,Cuculus micropterus,Cuculus micropterus,0.3433,ambiguous
Cuculus micropterus_38_c003,Cuculus micropterus,Cuculus micropterus,0.9237,concordant
Cuculus micropterus_38_c004,Cuculus micropterus,Cuculus micropterus,0.7218,concordant
Cuculus micropterus_39_c000,Cuculus micropterus,Cuculus micropterus,0.9999,concordant
Cuculus micropterus_39_c001,Cuculus micropterus,Cuculus micropterus,0.9991,concordant
Cuculus micropterus_39_c002,Cuculus micropterus,Cuculus micropterus,1.0000,concordant
Cuculus micropterus_39_c003,Cuculus micropterus,Cuculus micropterus,0.9999,concordant
Cuculus micropterus_40_c000,Cuculus micropterus,Cuculus micropterus,0.8874,concordant
Cuculus micropterus_40_c001,Cuculus micropterus,Cuculus micropterus,0.9995,concordant
Cuculus micropterus_40_c002,Cuculus micropterus,Cuculus micropterus,0.9991,concordant
Cuculus micropterus_40_c003,Cuculus micropterus,Cuculus micropterus,0.9995,concordant
Cuculus micropterus_40_c004,Cuculus micropterus,Cuculus micropterus,0.9998,concordant
Cuculus micropterus_41_c000,Cuculus micropterus,Cuculus micropterus,0.9754,concordant
Cuculus micropterus_41_c001,Cuculus micropterus,Cuculus micropterus,0.9995,concordant
Cuculus micropterus_41_c002,Cuculus micropterus,Cuculus micropterus,0.9713,concordant
Cuculus micropterus_41_c003,Cuculus micropterus,Cuculus micropterus,0.9992,concordant
Cuculus micropterus_42_c000,Cuculus micropterus,Cuculus micropterus,0.7229,concordant
Cuculus micropterus_42_c001,Cuculus micropterus,Cuculus micropterus,0.2965,ambiguous
Cuculus micropterus_43_c000,Cuculus micropterus,Cuculus micropterus,0.9890,concordant
Cuculus micropterus_43_c001,Cuculus micropterus,Cuculus micropterus,0.9601,concordant
Cuculus micropterus_43_c002,Cuculus micropterus,Cuculus micropterus,0.9966,concordant
Cuculus micropterus_43_c003,Cuculus micropterus,Cuculus micropterus,0.9966,concordant
Cuculus micropterus_43_c004,Cuculus micropterus,Cuculus micropterus,0.9964,concordant
Cuculus micropterus_43_c005,Cuculus micropterus,Cuculus micropterus,0.9955,concordant
Cuculus micropterus_43_c006,Cuculus micropterus,Cuculus micropterus,0.9972,concordant
Cuculus micropterus_43_c007,Cuculus micropterus,Cuculus micropterus,0.9977,concordant
Cuculus micropterus_43_c008,Cuculus micropterus,Cuculus micropterus,0.9862,concordant
Cuculus micropterus_43_c009,Cuculus micropterus,Cuculus micropterus,0.9965,concordant
Cuculus micropterus_43_c010,Cuculus micropterus,Cuculus micropterus,0.9964,concordant
Cuculus micropterus_43_c011,Cuculus micropterus,Cuculus micropterus,0.9973,concordant
Cuculus micropterus_43_c012,Cuculus micropterus,Cuculus micropterus,0.7590,concordant
Cuculus micropterus_44_c000,Cuculus micropterus,Cuculus micropterus,0.9989,concordant
Cuculus micropterus_44_c001,Cuculus micropterus,Cuculus micropterus,0.9992,concordant
Cuculus micropterus_44_c002,Cuculus micropterus,Cuculus micropterus,0.9981,concordant
Cuculus micropterus_44_c003,Cuculus micropterus,Cuculus micropterus,0.9993,concordant
Cuculus micropterus_44_c004,Cuculus micropterus,Cuculus micropterus,0.9998,concordant
Cuculus micropterus_44_c005,Cuculus micropterus,Cuculus micropterus,0.9987,concordant
Cuculus micropterus_44_c006,Cuculus micropterus,Cuculus micropterus,0.9991,concordant
Cuculus micropterus_44_c007,Cuculus micropterus,Cuculus micropterus,0.9973,concordant
Cuculus micropterus_44_c008,Cuculus micropterus,Centropus andamanensis,0.0099,empty
Cuculus micropterus_44_c009,Cuculus micropterus,Cuculus micropterus,0.9688,concordant
Cuculus micropterus_44_c010,Cuculus micropterus,Cuculus micropterus,0.9988,concordant
Cuculus micropterus_44_c011,Cuculus micropterus,Cuculus micropterus,0.9991,concordant
Cuculus micropterus_44_c012,Cuculus micropterus,Cuculus micropterus,0.9979,concordant
Cuculus micropterus_45_c000,Cuculus micropterus,Cuculus micropterus,0.9969,concordant
Cuculus micropterus_45_c001,Cuculus micropterus,Cuculus micropterus,0.9997,concordant
Cuculus micropterus_45_c002,Cuculus micropterus,Cuculus micropterus,0.9994,concordant
Cuculus micropterus_45_c003,Cuculus micropterus,Cuculus micropterus,0.9815,concordant
Cuculus micropterus_45_c004,Cuculus micropterus,Dicrurus andamanensis,0.0452,empty
Cuculus micropterus_45_c005,Cuculus micropterus,Dicaeum minullum,0.0448,empty
Cuculus micropterus_45_c006,Cuculus micropterus,Cuculus micropterus,0.9729,concordant
Cuculus micropterus_45_c007,Cuculus micropterus,Cuculus micropterus,0.9992,concordant
Cuculus micropterus_45_c008,Cuculus micropterus,Cuculus micropterus,0.9907,concordant
Cuculus micropterus_45_c009,Cuculus micropterus,Cuculus micropterus,0.9960,concordant
Cuculus micropterus_45_c010,Cuculus micropterus,Cuculus micropterus,0.9953,concordant
Cuculus micropterus_45_c011,Cuculus micropterus,Cuculus micropterus,0.9468,concordant
Cuculus micropterus_45_c012,Cuculus micropterus,Cuculus micropterus,0.9948,concordant
Cuculus micropterus_45_c013,Cuculus micropterus,Cuculus micropterus,0.9997,concordant
Cuculus micropterus_46_c000,Cuculus micropterus,Cuculus micropterus,0.9890,concordant
Cuculus micropterus_46_c001,Cuculus micropterus,Cuculus micropterus,0.9601,concordant
Cuculus micropterus_46_c002,Cuculus micropterus,Cuculus micropterus,0.9966,concordant
Cuculus micropterus_46_c003,Cuculus micropterus,Cuculus micropterus,0.9966,concordant
Cuculus micropterus_46_c004,Cuculus micropterus,Cuculus micropterus,0.9964,concordant
Cuculus micropterus_46_c005,Cuculus micropterus,Cuculus micropterus,0.9955,concordant
Cuculus micropterus_46_c006,Cuculus micropterus,Cuculus micropterus,0.9972,concordant
Cuculus micropterus_46_c007,Cuculus micropterus,Cuculus micropterus,0.9977,concordant
Cuculus micropterus_46_c008,Cuculus micropterus,Cuculus micropterus,0.9862,concordant
Cuculus micropterus_46_c009,Cuculus micropterus,Cuculus micropterus,0.9965,concordant
Cuculus micropterus_46_c010,Cuculus micropterus,Cuculus micropterus,0.9964,concordant
Cuculus micropterus_46_c011,Cuculus micropterus,Cuculus micropterus,0.9973,concordant
Cuculus micropterus_46_c012,Cuculus micropterus,Cuculus micropterus,0.7590,concordant
Cuculus micropterus_47_c000,Cuculus micropterus,Cuculus micropterus,0.9754,concordant
Cuculus micropterus_47_c001,Cuculus micropterus,Cuculus micropterus,0.9995,concordant
Cuculus micropterus_47_c002,Cuculus micropterus,Cuculus micropterus,0.9713,concordant
Cuculus micropterus_47_c003,Cuculus micropterus,Cuculus micropterus,0.9992,concordant
Cuculus micropterus_48_c000,Cuculus micropterus,Cuculus micropterus,0.9985,concordant
Cuculus micropterus_48_c001,Cuculus micropterus,Cuculus micropterus,0.9880,concordant
Cuculus micropterus_48_c002,Cuculus micropterus,Cuculus micropterus,0.9782,concordant
Cuculus micropterus_49_c000,Cuculus micropterus,Cuculus micropterus,0.9961,concordant
Cuculus micropterus_49_c001,Cuculus micropterus,Cuculus micropterus,0.9973,concordant
Cuculus micropterus_49_c002,Cuculus micropterus,Cuculus micropterus,0.9865,concordant
Cuculus micropterus_49_c003,Cuculus micropterus,Cuculus micropterus,0.9907,concordant
Cuculus micropterus_49_c004,Cuculus micropterus,Cuculus micropterus,0.9952,concordant
Cuculus micropterus_50_c000,Cuculus micropterus,Cuculus micropterus,0.9998,concordant
Cuculus micropterus_50_c001,Cuculus micropterus,Cuculus micropterus,0.9973,concordant
Cuculus micropterus_50_c002,Cuculus micropterus,Cuculus micropterus,0.9988,concordant
Cuculus micropterus_50_c003,Cuculus micropterus,Cuculus micropterus,0.9992,concordant
Cuculus micropterus_51_c000,Cuculus micropterus,Cuculus micropterus,0.9996,concordant
Cuculus micropterus_51_c001,Cuculus micropterus,Cuculus micropterus,0.9996,concordant
Cuculus micropterus_51_c002,Cuculus micropterus,Cuculus micropterus,0.9997,concordant
Cuculus micropterus_51_c003,Cuculus micropterus,Cuculus micropterus,0.9999,concordant
Cuculus micropterus_52_c000,Cuculus micropterus,Cuculus micropterus,0.9893,concordant
Cuculus micropterus_52_c001,Cuculus micropterus,Cuculus micropterus,0.6531,concordant
Cuculus micropterus_53_c000,Cuculus micropterus,Cuculus micropterus,0.8609,concordant
Cuculus micropterus_53_c001,Cuculus micropterus,Cuculus micropterus,0.9859,concordant
Cuculus micropterus_54_c000,Cuculus micropterus,Cuculus micropterus,0.9294,concordant
Cuculus micropterus_54_c001,Cuculus micropterus,Cuculus micropterus,0.6030,concordant
Cuculus micropterus_56_c000,Cuculus micropterus,Cuculus micropterus,0.9920,concordant
Cuculus micropterus_56_c001,Cuculus micropterus,Cuculus micropterus,0.8399,concordant
Cuculus micropterus_56_c002,Cuculus micropterus,Cuculus micropterus,0.9269,concordant
Cuculus micropterus_56_c003,Cuculus micropterus,Cuculus micropterus,0.9978,concordant
Cuculus micropterus_56_c004,Cuculus micropterus,Cuculus micropterus,0.9962,concordant
Cuculus micropterus_56_c005,Cuculus micropterus,Cuculus micropterus,0.8669,concordant
Cuculus micropterus_57_c000,Cuculus micropterus,Cuculus micropterus,0.9369,concordant
Cuculus micropterus_57_c001,Cuculus micropterus,Cuculus micropterus,0.7305,concordant
Cuculus micropterus_57_c002,Cuculus micropterus,Cuculus micropterus,0.3433,ambiguous
Cuculus micropterus_57_c003,Cuculus micropterus,Cuculus micropterus,0.9237,concordant
Cuculus micropterus_57_c004,Cuculus micropterus,Cuculus micropterus,0.7218,concordant
Cuculus micropterus_58_c000,Cuculus micropterus,Cuculus micropterus,0.9592,concordant
Cuculus micropterus_58_c001,Cuculus micropterus,Cuculus micropterus,0.9940,concordant
Cuculus micropterus_58_c002,Cuculus micropterus,Cuculus micropterus,0.9977,concordant
Cuculus micropterus_58_c003,Cuculus micropterus,Cuculus micropterus,0.9307,concordant
Cuculus micropterus_58_c004,Cuculus micropterus,Chloropsis jerdoni,0.0438,empty
Cuculus micropterus_59_c000,Cuculus micropterus,Cuculus micropterus,0.9994,concordant
Cuculus micropterus_59_c001,Cuculus micropterus,Cuculus micropterus,0.9988,concordant
Cuculus micropterus_60_c000,Cuculus micropterus,Cuculus micropterus,0.9987,concordant
Cuculus micropterus_60_c001,Cuculus micropterus,Cuculus micropterus,0.9897,concordant
Cuculus micropterus_60_c002,Cuculus micropterus,Cuculus micropterus,0.9913,concordant
Cuculus micropterus_60_c003,Cuculus micropterus,Cuculus micropterus,0.9970,concordant
Cuculus micropterus_60_c004,Cuculus micropterus,Cuculus micropterus,0.9997,concordant
Cuculus micropterus_60_c005,Cuculus micropterus,Cuculus micropterus,0.9999,concordant
Cuculus micropterus_60_c006,Cuculus micropterus,Cuculus micropterus,0.9999,concordant
Cuculus micropterus_60_c007,Cuculus micropterus,Cuculus micropterus,0.9993,concordant
Cuculus micropterus_60_c008,Cuculus micropterus,Cuculus micropterus,0.9992,concordant
Cuculus micropterus_60_c009,Cuculus micropterus,Cuculus micropterus,0.9993,concordant
Cuculus micropterus_60_c010,Cuculus micropterus,Cuculus micropterus,0.9999,concordant
Cuculus micropterus_60_c011,Cuculus micropterus,Cuculus micropterus,0.9998,concordant
Cuculus micropterus_60_c012,Cuculus micropterus,Cuculus micropterus,0.9998,concordant
Cuculus micropterus_61_c000,Cuculus micropterus,Cuculus micropterus,0.9986,concordant
Cuculus micropterus_61_c001,Cuculus micropterus,Cuculus micropterus,0.9858,concordant
Cuculus micropterus_61_c002,Cuculus micropterus,Cuculus micropterus,0.9865,concordant
Cuculus micropterus_62_c000,Cuculus micropterus,Cuculus micropterus,0.9952,concordant
Cuculus micropterus_62_c001,Cuculus micropterus,Cuculus micropterus,0.9937,concordant
Cuculus micropterus_62_c002,Cuculus micropterus,Cuculus micropterus,0.9871,concordant
Cuculus micropterus_62_c003,Cuculus micropterus,Cuculus micropterus,0.9682,concordant
Cuculus micropterus_62_c004,Cuculus micropterus,Cuculus micropterus,0.0829,empty
Cuculus micropterus_63_c000,Cuculus micropterus,Cuculus micropterus,0.9911,concordant
Cuculus micropterus_63_c001,Cuculus micropterus,Cuculus micropterus,0.9997,concordant
Cuculus micropterus_63_c002,Cuculus micropterus,Cuculus micropterus,0.9807,concordant
Cuculus micropterus_63_c003,Cuculus micropterus,Cuculus micropterus,0.9858,concordant
Cuculus micropterus_63_c004,Cuculus micropterus,Cypsiurus balasiensis,0.0084,empty
Cuculus micropterus_63_c005,Cuculus micropterus,Pellorneum ruficeps,0.0042,empty
Cuculus micropterus_63_c006,Cuculus micropterus,Cuculus micropterus,0.0027,empty
Cuculus micropterus_63_c007,Cuculus micropterus,Cuculus micropterus,0.0031,empty
Cuculus micropterus_64_c000,Cuculus micropterus,Cuculus micropterus,0.9978,concordant
Cuculus micropterus_64_c001,Cuculus micropterus,Cuculus micropterus,0.9991,concordant
Cuculus micropterus_64_c002,Cuculus micropterus,Cuculus micropterus,0.9894,concordant
Cuculus micropterus_64_c003,Cuculus micropterus,Cuculus micropterus,0.9853,concordant
Cuculus micropterus_65_c000,Cuculus micropterus,Cuculus micropterus,0.9788,concordant
Cuculus micropterus_65_c001,Cuculus micropterus,Cuculus micropterus,0.8209,concordant
Cuculus micropterus_65_c002,Cuculus micropterus,Cuculus micropterus,0.9601,concordant
Cuculus micropterus_65_c003,Cuculus micropterus,Cuculus micropterus,0.6605,concordant
Cuculus micropterus_66_c000,Cuculus micropterus,Cuculus micropterus,0.6687,concordant
Cuculus micropterus_66_c001,Cuculus micropterus,Cuculus micropterus,0.8827,concordant
Cuculus micropterus_66_c002,Cuculus micropterus,Cuculus micropterus,0.9538,concordant
Cuculus micropterus_66_c003,Cuculus micropterus,Cuculus micropterus,0.0063,empty
Cuculus micropterus_66_c004,Cuculus micropterus,Cuculus micropterus,0.9709,concordant
Cuculus micropterus_66_c005,Cuculus micropterus,Cuculus micropterus,0.9972,concordant
Cuculus micropterus_66_c006,Cuculus micropterus,Cuculus micropterus,0.9987,concordant
Cuculus micropterus_66_c007,Cuculus micropterus,Cuculus micropterus,0.9998,concordant
Cuculus micropterus_66_c008,Cuculus micropterus,Cuculus micropterus,0.9993,concordant
Cyornis concretus_1_c000,Cyornis concretus,Cyornis concretus,0.9596,concordant
Cyornis concretus_1_c001,Cyornis concretus,Cyornis concretus,0.3005,ambiguous
Cyornis concretus_1_c002,Cyornis concretus,Cyornis concretus,0.8991,concordant
Cyornis concretus_1_c003,Cyornis concretus,Cyornis concretus,0.7498,concordant
Cyornis concretus_1_c004,Cyornis concretus,Cyornis concretus,0.7331,concordant
Cyornis concretus_1_c005,Cyornis concretus,Cyornis concretus,0.7123,concordant
Cyornis concretus_1_c006,Cyornis concretus,Cyornis concretus,0.9646,concordant
Cyornis concretus_1_c007,Cyornis concretus,Cyornis concretus,0.7776,concordant
Cyornis concretus_1_c008,Cyornis concretus,Cyornis concretus,0.5711,concordant
Cyornis concretus_1_c009,Cyornis concretus,Cyornis concretus,0.2033,ambiguous
Cyornis concretus_1_c010,Cyornis concretus,Cyornis concretus,0.8583,concordant
Cyornis concretus_1_c011,Cyornis concretus,Cyornis concretus,0.9144,concordant
Cyornis concretus_1_c012,Cyornis concretus,Cyornis concretus,0.9426,concordant
Cyornis concretus_2_c000,Cyornis concretus,Cyornis concretus,0.6090,concordant
Cyornis concretus_2_c001,Cyornis concretus,Cyornis concretus,0.2451,ambiguous
Cyornis concretus_2_c002,Cyornis concretus,Cyornis concretus,0.4011,ambiguous
Cyornis concretus_2_c003,Cyornis concretus,Cyornis concretus,0.6338,concordant
Cyornis concretus_3_c000,Cyornis concretus,Cyornis concretus,0.4913,ambiguous
Cyornis concretus_3_c001,Cyornis concretus,Pellorneum ruficeps,0.3379,ambiguous
Cyornis magnirostris_1_c000,Cyornis magnirostris,Cyornis unicolor,0.0467,unlabeled
Cyornis magnirostris_1_c001,Cyornis magnirostris,Phylloscopus inornatus,0.0053,unlabeled
Cyornis magnirostris_1_c002,Cyornis magnirostris,Phylloscopus inornatus,0.0015,unlabeled
Cyornis magnirostris_1_c003,Cyornis magnirostris,Pnoepyga pusilla,0.0010,unlabeled
Cyornis magnirostris_1_c004,Cyornis magnirostris,Pnoepyga pusilla,0.0066,unlabeled
Cyornis magnirostris_1_c005,Cyornis magnirostris,Cyornis unicolor,0.0077,unlabeled
Cyornis magnirostris_1_c006,Cyornis magnirostris,Cyornis unicolor,0.0129,unlabeled
Cyornis magnirostris_1_c007,Cyornis magnirostris,Cyornis poliogenys,0.0052,unlabeled
Cyornis magnirostris_1_c008,Cyornis magnirostris,Dicaeum cruentatum,0.0094,unlabeled
Cyornis magnirostris_1_c009,Cyornis magnirostris,Dicaeum minullum,0.0052,unlabeled
Cyornis magnirostris_1_c010,Cyornis magnirostris,Cyornis unicolor,0.0007,unlabeled
Cyornis magnirostris_1_c011,Cyornis magnirostris,Cyornis poliogenys,0.0016,unlabeled
Cyornis magnirostris_2_c000,Cyornis magnirostris,Cyornis unicolor,0.0049,unlabeled
Cyornis magnirostris_2_c001,Cyornis magnirostris,Cyornis unicolor,0.0090,unlabeled
Cyornis magnirostris_3_c000,Cyornis magnirostris,Cyornis unicolor,0.0133,unlabeled
Cyornis magnirostris_3_c001,Cyornis magnirostris,Cyornis unicolor,0.0376,unlabeled
Cyornis magnirostris_3_c002,Cyornis magnirostris,Cyornis poliogenys,0.0109,unlabeled
Cyornis magnirostris_3_c003,Cyornis magnirostris,Cyornis unicolor,0.0226,unlabeled
Cyornis magnirostris_3_c004,Cyornis magnirostris,Cyornis unicolor,0.0379,unlabeled
Cyornis magnirostris_4_c000,Cyornis magnirostris,Cyornis unicolor,0.0226,unlabeled
Cyornis magnirostris_4_c001,Cyornis magnirostris,Cyornis unicolor,0.0870,unlabeled
Cyornis magnirostris_4_c002,Cyornis magnirostris,Cyornis poliogenys,0.0230,unlabeled
Cyornis magnirostris_5_c000,Cyornis magnirostris,Polyplectron bicalcaratum,0.0506,unlabeled
Cyornis magnirostris_5_c001,Cyornis magnirostris,Polyplectron bicalcaratum,0.0041,unlabeled
Cyornis magnirostris_5_c002,Cyornis magnirostris,Glaucidium cuculoides,0.0176,unlabeled
Cyornis magnirostris_5_c003,Cyornis magnirostris,Cyornis unicolor,0.0134,unlabeled
Cyornis magnirostris_5_c004,Cyornis magnirostris,Arachnothera magna,0.1033,unlabeled
Cyornis magnirostris_5_c005,Cyornis magnirostris,Polyplectron bicalcaratum,0.0395,unlabeled
Cyornis magnirostris_5_c006,Cyornis magnirostris,Glaucidium cuculoides,0.0571,unlabeled
Cyornis magnirostris_5_c007,Cyornis magnirostris,Polyplectron bicalcaratum,0.0371,unlabeled
Cyornis magnirostris_5_c008,Cyornis magnirostris,Polyplectron bicalcaratum,0.0281,unlabeled
Cyornis magnirostris_5_c009,Cyornis magnirostris,Phylloscopus inornatus,0.0363,unlabeled
Cyornis magnirostris_5_c010,Cyornis magnirostris,Glaucidium cuculoides,0.1067,unlabeled
Cyornis magnirostris_5_c011,Cyornis magnirostris,Polyplectron bicalcaratum,0.0417,unlabeled
Cyornis magnirostris_5_c012,Cyornis magnirostris,Polyplectron bicalcaratum,0.0705,unlabeled
Cyornis magnirostris_5_c013,Cyornis magnirostris,Polyplectron bicalcaratum,0.0761,unlabeled
Cyornis magnirostris_5_c014,Cyornis magnirostris,Pnoepyga pusilla,0.0233,unlabeled
Cyornis magnirostris_5_c015,Cyornis magnirostris,Dicaeum cruentatum,0.0590,unlabeled
Cyornis magnirostris_6_c000,Cyornis magnirostris,Pellorneum ruficeps,0.0036,unlabeled
Cyornis magnirostris_6_c001,Cyornis magnirostris,Pnoepyga pusilla,0.0062,unlabeled
Cyornis magnirostris_6_c002,Cyornis magnirostris,Cyornis unicolor,0.0080,unlabeled
Cyornis magnirostris_6_c003,Cyornis magnirostris,Cyornis unicolor,0.0161,unlabeled
Cyornis magnirostris_6_c004,Cyornis magnirostris,Cyornis poliogenys,0.0018,unlabeled
Cyornis magnirostris_6_c005,Cyornis magnirostris,Pellorneum ruficeps,0.0073,unlabeled
Cyornis magnirostris_6_c006,Cyornis magnirostris,Polyplectron bicalcaratum,0.0122,unlabeled
Cyornis magnirostris_6_c007,Cyornis magnirostris,Polyplectron bicalcaratum,0.0653,unlabeled
Cyornis magnirostris_6_c008,Cyornis magnirostris,Polyplectron bicalcaratum,0.0448,unlabeled
Cyornis magnirostris_6_c009,Cyornis magnirostris,Cyornis poliogenys,0.0256,unlabeled
Cyornis magnirostris_6_c010,Cyornis magnirostris,Cyornis unicolor,0.0145,unlabeled
Cyornis magnirostris_6_c011,Cyornis magnirostris,Dicaeum cruentatum,0.0048,unlabeled
Cyornis magnirostris_6_c012,Cyornis magnirostris,Cyornis poliogenys,0.0558,unlabeled
Cyornis magnirostris_6_c013,Cyornis magnirostris,Stachyridopsis ambigua,0.0127,unlabeled
Cyornis magnirostris_6_c014,Cyornis magnirostris,Cyornis unicolor,0.0213,unlabeled
Cyornis magnirostris_6_c015,Cyornis magnirostris,Polyplectron bicalcaratum,0.0152,unlabeled
Cyornis magnirostris_6_c016,Cyornis magnirostris,Cyornis poliogenys,0.0142,unlabeled
Cyornis magnirostris_6_c017,Cyornis magnirostris,Pellorneum ruficeps,0.0033,unlabeled
Cyornis magnirostris_6_c018,Cyornis magnirostris,Cyornis unicolor,0.0547,unlabeled
Cyornis magnirostris_6_c019,Cyornis magnirostris,Cyornis poliogenys,0.0327,unlabeled
Cyornis magnirostris_6_c020,Cyornis magnirostris,Cyornis unicolor,0.0035,unlabeled
Cyornis magnirostris_7_c000,Cyornis magnirostris,Cyornis unicolor,0.0094,unlabeled
Cyornis magnirostris_7_c001,Cyornis magnirostris,Cyornis poliogenys,0.0017,unlabeled
Cyornis magnirostris_7_c002,Cyornis magnirostris,Cyornis poliogenys,0.0213,unlabeled
Cyornis magnirostris_7_c003,Cyornis magnirostris,Cyornis poliogenys,0.2235,unlabeled
Cyornis magnirostris_8_c000,Cyornis magnirostris,Psilopogon lineatus,0.0194,unlabeled
Cyornis magnirostris_8_c001,Cyornis magnirostris,Cyornis unicolor,0.0247,unlabeled
Cyornis magnirostris_8_c002,Cyornis magnirostris,Psilopogon lineatus,0.0284,unlabeled
Cyornis magnirostris_8_c003,Cyornis magnirostris,Cyornis poliogenys,0.0360,unlabeled
Cyornis magnirostris_8_c004,Cyornis magnirostris,Cyornis unicolor,0.0104,unlabeled
Cyornis magnirostris_8_c005,Cyornis magnirostris,Loriculus vernalis,0.0238,unlabeled
Cyornis magnirostris_8_c006,Cyornis magnirostris,Psilopogon lineatus,0.0197,unlabeled
Cyornis magnirostris_8_c007,Cyornis magnirostris,Cyornis poliogenys,0.0181,unlabeled
Cyornis magnirostris_8_c008,Cyornis magnirostris,Pellorneum ruficeps,0.0082,unlabeled
Cyornis magnirostris_8_c009,Cyornis magnirostris,Cyornis unicolor,0.0306,unlabeled
Cyornis magnirostris_8_c010,Cyornis magnirostris,Cyornis poliogenys,0.0424,unlabeled
Cyornis magnirostris_8_c011,Cyornis magnirostris,Pellorneum ruficeps,0.0090,unlabeled
Cyornis magnirostris_8_c012,Cyornis magnirostris,Cyornis unicolor,0.0129,unlabeled
Cyornis magnirostris_8_c013,Cyornis magnirostris,Pellorneum ruficeps,0.0096,unlabeled
Cyornis poliogenys_1_c000,Cyornis poliogenys,Cyornis poliogenys,0.4411,ambiguous
Cyornis poliogenys_1_c001,Cyornis poliogenys,Cyornis poliogenys,0.5128,concordant
Cyornis poliogenys_1_c002,Cyornis poliogenys,Cyornis poliogenys,0.5397,concordant
Cyornis poliogenys_1_c003,Cyornis poliogenys,Cyornis poliogenys,0.7009,concordant
Cyornis poliogenys_1_c004,Cyornis poliogenys,Cyornis poliogenys,0.5074,concordant
Cyornis poliogenys_1_c005,Cyornis poliogenys,Cyornis poliogenys,0.0766,empty
Cyornis poliogenys_1_c006,Cyornis poliogenys,Cyornis poliogenys,0.1519,empty
Cyornis poliogenys_1_c007,Cyornis poliogenys,Cyornis poliogenys,0.0369,empty
Cyornis poliogenys_1_c008,Cyornis poliogenys,Cyornis poliogenys,0.5677,concordant
Cyornis poliogenys_1_c009,Cyornis poliogenys,Cyornis poliogenys,0.7002,concordant
Cyornis poliogenys_1_c010,Cyornis poliogenys,Cyornis poliogenys,0.1119,empty
Cyornis poliogenys_1_c011,Cyornis poliogenys,Cyornis poliogenys,0.8359,concordant
Cyornis poliogenys_2_c000,Cyornis poliogenys,Cyornis poliogenys,0.3189,ambiguous
Cyornis poliogenys_2_c001,Cyornis poliogenys,Cyornis poliogenys,0.7321,concordant
Cyornis poliogenys_2_c002,Cyornis poliogenys,Cyornis poliogenys,0.7787,concordant
Cyornis poliogenys_2_c003,Cyornis poliogenys,Cyornis poliogenys,0.1154,empty
Cyornis poliogenys_2_c004,Cyornis poliogenys,Cyornis poliogenys,0.9802,concordant
Cyornis poliogenys_3_c000,Cyornis poliogenys,Cyornis poliogenys,0.3697,ambiguous
Cyornis poliogenys_3_c001,Cyornis poliogenys,Cyornis poliogenys,0.6110,concordant
Cyornis poliogenys_3_c002,Cyornis poliogenys,Cyornis poliogenys,0.1707,empty
Cyornis poliogenys_3_c003,Cyornis poliogenys,Cyornis poliogenys,0.0889,empty
Cyornis poliogenys_3_c004,Cyornis poliogenys,Cyornis poliogenys,0.4584,ambiguous
Cyornis poliogenys_3_c005,Cyornis poliogenys,Cyornis poliogenys,0.6369,concordant
Cyornis poliogenys_3_c006,Cyornis poliogenys,Cyornis poliogenys,0.6649,concordant
Cyornis poliogenys_3_c007,Cyornis poliogenys,Pellorneum ruficeps,0.1852,empty
Cyornis poliogenys_3_c008,Cyornis poliogenys,Cyornis poliogenys,0.6827,concordant
Cyornis poliogenys_4_c000,Cyornis poliogenys,Cyornis poliogenys,0.3146,ambiguous
Cyornis poliogenys_4_c001,Cyornis poliogenys,Cyornis poliogenys,0.9232,concordant
Cyornis poliogenys_4_c002,Cyornis poliogenys,Cyornis poliogenys,0.3584,ambiguous
Cyornis poliogenys_4_c003,Cyornis poliogenys,Pellorneum ruficeps,0.0520,empty
Cyornis poliogenys_4_c004,Cyornis poliogenys,Pellorneum ruficeps,0.0044,empty
Cyornis poliogenys_4_c005,Cyornis poliogenys,Cyornis poliogenys,0.3327,ambiguous
Cyornis poliogenys_4_c006,Cyornis poliogenys,Phylloscopus inornatus,0.1687,empty
Cyornis poliogenys_4_c007,Cyornis poliogenys,Cyornis poliogenys,0.8764,concordant
Cyornis poliogenys_4_c008,Cyornis poliogenys,Cyornis poliogenys,0.4845,ambiguous
Cyornis poliogenys_5_c000,Cyornis poliogenys,Cyornis poliogenys,0.7198,concordant
Cyornis poliogenys_5_c001,Cyornis poliogenys,Cyornis poliogenys,0.0671,empty
Cyornis poliogenys_5_c002,Cyornis poliogenys,Cyornis poliogenys,0.4671,ambiguous
Cyornis poliogenys_5_c003,Cyornis poliogenys,Cyornis poliogenys,0.4846,ambiguous
Cyornis poliogenys_5_c004,Cyornis poliogenys,Cyornis poliogenys,0.9324,concordant
Cyornis poliogenys_5_c005,Cyornis poliogenys,Cyornis poliogenys,0.0278,empty
Cyornis poliogenys_5_c006,Cyornis poliogenys,Cyornis poliogenys,0.9393,concordant
Cyornis poliogenys_5_c007,Cyornis poliogenys,Cyornis poliogenys,0.7377,concordant
Cyornis poliogenys_6_c000,Cyornis poliogenys,Cyornis poliogenys,0.7198,concordant
Cyornis poliogenys_6_c001,Cyornis poliogenys,Cyornis poliogenys,0.0671,empty
Cyornis poliogenys_6_c002,Cyornis poliogenys,Cyornis poliogenys,0.4671,ambiguous
Cyornis poliogenys_6_c003,Cyornis poliogenys,Cyornis poliogenys,0.4846,ambiguous
Cyornis poliogenys_6_c004,Cyornis poliogenys,Cyornis poliogenys,0.9324,concordant
Cyornis poliogenys_6_c005,Cyornis poliogenys,Cyornis poliogenys,0.0278,empty
Cyornis poliogenys_6_c006,Cyornis poliogenys,Cyornis poliogenys,0.9393,concordant
Cyornis poliogenys_6_c007,Cyornis poliogenys,Cyornis poliogenys,0.7377,concordant
Cyornis poliogenys_7_c000,Cyornis poliogenys,Cyornis poliogenys,0.9200,concordant
Cyornis poliogenys_7_c001,Cyornis poliogenys,Cyornis poliogenys,0.7534,concordant
Cyornis poliogenys_7_c002,Cyornis poliogenys,Cyornis poliogenys,0.4145,ambiguous
Cyornis poliogenys_7_c003,Cyornis poliogenys,Cyornis poliogenys,0.4717,ambiguous
Cyornis poliogenys_7_c004,Cyornis poliogenys,Cyornis poliogenys,0.3371,ambiguous
Cyornis poliogenys_7_c005,Cyornis poliogenys,Cyornis poliogenys,0.4742,ambiguous
Cyornis poliogenys_7_c006,Cyornis poliogenys,Cyornis poliogenys,0.0925,empty
Cyornis poliogenys_8_c000,Cyornis poliogenys,Cyornis poliogenys,0.0508,empty
Cyornis poliogenys_8_c001,Cyornis poliogenys,Chloropsis cochinchinensis,0.0178,empty
Cyornis poliogenys_8_c002,Cyornis poliogenys,Cyornis poliogenys,0.2173,ambiguous
Cyornis poliogenys_8_c003,Cyornis poliogenys,Cyornis poliogenys,0.2030,ambiguous
Cyornis poliogenys_9_c000,Cyornis poliogenys,Cyornis unicolor,0.0062,empty
Cyornis poliogenys_10_c000,Cyornis poliogenys,Cyornis poliogenys,0.1458,empty
Cyornis poliogenys_10_c001,Cyornis poliogenys,Spelaeornis oatesi,0.0139,empty
Cyornis poliogenys_10_c002,Cyornis poliogenys,Cyornis poliogenys,0.0908,empty
Cyornis poliogenys_10_c003,Cyornis poliogenys,Spelaeornis oatesi,0.0594,empty
Cyornis poliogenys_10_c004,Cyornis poliogenys,Cyornis poliogenys,0.0481,empty
Cyornis poliogenys_10_c005,Cyornis poliogenys,Cyornis poliogenys,0.3061,ambiguous
Cyornis poliogenys_10_c006,Cyornis poliogenys,Loriculus vernalis,0.5154,ambiguous
Cyornis poliogenys_10_c007,Cyornis poliogenys,Cyornis poliogenys,0.0249,empty
Cyornis poliogenys_10_c008,Cyornis poliogenys,Spelaeornis oatesi,0.0864,empty
Cyornis poliogenys_10_c009,Cyornis poliogenys,Cyornis poliogenys,0.1781,empty
Cyornis poliogenys_10_c010,Cyornis poliogenys,Cyornis poliogenys,0.4703,ambiguous
Cyornis poliogenys_10_c011,Cyornis poliogenys,Spelaeornis oatesi,0.0455,empty
Cyornis poliogenys_10_c012,Cyornis poliogenys,Cyornis poliogenys,0.1640,empty
Cyornis poliogenys_10_c013,Cyornis poliogenys,Cyornis poliogenys,0.4536,ambiguous
Cyornis poliogenys_10_c014,Cyornis poliogenys,Spelaeornis oatesi,0.1185,empty
Cyornis poliogenys_10_c015,Cyornis poliogenys,Spelaeornis oatesi,0.1072,empty
Cyornis poliogenys_10_c016,Cyornis poliogenys,Cyornis poliogenys,0.2998,ambiguous
Cyornis poliogenys_10_c017,Cyornis poliogenys,Cyornis poliogenys,0.0871,empty
Cyornis poliogenys_10_c018,Cyornis poliogenys,Cyornis poliogenys,0.0319,empty
Cyornis poliogenys_11_c000,Cyornis poliogenys,Cyornis poliogenys,0.2746,ambiguous
Cyornis poliogenys_11_c001,Cyornis poliogenys,Cyornis poliogenys,0.2027,ambiguous
Cyornis poliogenys_11_c002,Cyornis poliogenys,Cyornis unicolor,0.2016,ambiguous
Cyornis poliogenys_11_c003,Cyornis poliogenys,Spelaeornis oatesi,0.0077,empty
Cyornis poliogenys_11_c004,Cyornis poliogenys,Cyornis poliogenys,0.1125,empty
Cyornis poliogenys_11_c005,Cyornis poliogenys,Phylloscopus inornatus,0.3452,ambiguous
Cyornis poliogenys_11_c006,Cyornis poliogenys,Cyornis poliogenys,0.1560,empty
Cyornis poliogenys_11_c007,Cyornis poliogenys,Cyornis poliogenys,0.4245,ambiguous
Cyornis poliogenys_11_c008,Cyornis poliogenys,Cyornis unicolor,0.0797,empty
Cyornis poliogenys_11_c009,Cyornis poliogenys,Cyornis poliogenys,0.1591,empty
Cyornis poliogenys_12_c000,Cyornis poliogenys,Cyornis poliogenys,0.0784,empty
Cyornis poliogenys_12_c001,Cyornis poliogenys,Cyornis poliogenys,0.4052,ambiguous
Cyornis poliogenys_12_c002,Cyornis poliogenys,Cyornis poliogenys,0.0896,empty
Cyornis poliogenys_12_c003,Cyornis poliogenys,Cyornis poliogenys,0.0839,empty
Cyornis poliogenys_12_c004,Cyornis poliogenys,Cyornis poliogenys,0.1208,empty
Cyornis poliogenys_12_c005,Cyornis poliogenys,Cyornis poliogenys,0.4211,ambiguous
Cyornis poliogenys_12_c006,Cyornis poliogenys,Cyornis poliogenys,0.3585,ambiguous
Cyornis poliogenys_13_c000,Cyornis poliogenys,Cyornis poliogenys,0.1994,empty
Cyornis poliogenys_13_c001,Cyornis poliogenys,Cyornis poliogenys,0.3802,ambiguous
Cyornis poliogenys_13_c002,Cyornis poliogenys,Cyornis poliogenys,0.8633,concordant
Cyornis poliogenys_13_c003,Cyornis poliogenys,Cyornis poliogenys,0.7157,concordant
Cyornis poliogenys_13_c004,Cyornis poliogenys,Cyornis poliogenys,0.0039,empty
Cyornis poliogenys_14_c000,Cyornis poliogenys,Cyornis poliogenys,0.2977,ambiguous
Cyornis poliogenys_14_c001,Cyornis poliogenys,Loriculus vernalis,0.0052,empty
Cyornis poliogenys_14_c002,Cyornis poliogenys,Cyornis poliogenys,0.0684,empty
Cyornis poliogenys_15_c000,Cyornis poliogenys,Cyornis poliogenys,0.4728,ambiguous
Cyornis poliogenys_15_c001,Cyornis poliogenys,Cyornis poliogenys,0.4555,ambiguous
Cyornis poliogenys_15_c002,Cyornis poliogenys,Cyornis poliogenys,0.2734,ambiguous
Cyornis poliogenys_15_c003,Cyornis poliogenys,Cyornis poliogenys,0.7681,concordant
Cyornis poliogenys_15_c004,Cyornis poliogenys,Cyornis poliogenys,0.1376,empty
Cyornis poliogenys_15_c005,Cyornis poliogenys,Cyornis poliogenys,0.2912,ambiguous
Cyornis poliogenys_16_c000,Cyornis poliogenys,Cyornis poliogenys,0.8304,concordant
Cyornis poliogenys_16_c001,Cyornis poliogenys,Cyornis poliogenys,0.9665,concordant
Cyornis poliogenys_16_c002,Cyornis poliogenys,Cyornis poliogenys,0.1521,empty
Cyornis poliogenys_16_c003,Cyornis poliogenys,Cyornis poliogenys,0.1575,empty
Cyornis poliogenys_16_c004,Cyornis poliogenys,Cyornis poliogenys,0.6837,concordant
Cyornis poliogenys_16_c005,Cyornis poliogenys,Cyornis poliogenys,0.8178,concordant
Cyornis poliogenys_16_c006,Cyornis poliogenys,Cyornis poliogenys,0.0404,empty
Cyornis poliogenys_17_c000,Cyornis poliogenys,Cyornis poliogenys,0.5001,concordant
Cyornis poliogenys_17_c001,Cyornis poliogenys,Cyornis poliogenys,0.0132,empty
Cyornis poliogenys_17_c002,Cyornis poliogenys,Cyornis poliogenys,0.0049,empty
Cyornis poliogenys_17_c003,Cyornis poliogenys,Cyornis poliogenys,0.5820,concordant
Cyornis poliogenys_17_c004,Cyornis poliogenys,Cyornis poliogenys,0.0032,empty
Cyornis poliogenys_17_c005,Cyornis poliogenys,Cyornis poliogenys,0.0052,empty
Cyornis poliogenys_17_c006,Cyornis poliogenys,Cyornis poliogenys,0.0063,empty
Cyornis poliogenys_17_c007,Cyornis poliogenys,Cyornis poliogenys,0.0232,empty
Cyornis poliogenys_17_c008,Cyornis poliogenys,Cyornis poliogenys,0.6004,concordant
Cyornis poliogenys_17_c009,Cyornis poliogenys,Cyornis poliogenys,0.0024,empty
Cyornis poliogenys_17_c010,Cyornis poliogenys,Cyornis poliogenys,0.0158,empty
Cyornis poliogenys_17_c011,Cyornis poliogenys,Glaucidium cuculoides,0.0008,empty
Cyornis poliogenys_17_c012,Cyornis poliogenys,Psilopogon lineatus,0.0047,empty
Cyornis poliogenys_17_c013,Cyornis poliogenys,Pluvialis squatarola,0.0009,empty
Cyornis poliogenys_18_c000,Cyornis poliogenys,Cyornis poliogenys,0.1324,empty
Cyornis poliogenys_18_c001,Cyornis poliogenys,Cyornis poliogenys,0.0999,empty
Cyornis poliogenys_18_c002,Cyornis poliogenys,Cyornis poliogenys,0.0090,empty
Cyornis poliogenys_18_c003,Cyornis poliogenys,Cyornis poliogenys,0.1242,empty
Cyornis poliogenys_18_c004,Cyornis poliogenys,Cyornis poliogenys,0.8706,concordant
Cyornis poliogenys_18_c005,Cyornis poliogenys,Cyornis poliogenys,0.0924,empty
Cyornis poliogenys_18_c006,Cyornis poliogenys,Cyornis poliogenys,0.6082,concordant
Cyornis poliogenys_18_c007,Cyornis poliogenys,Cyornis poliogenys,0.8850,concordant
Cyornis poliogenys_18_c008,Cyornis poliogenys,Cyornis poliogenys,0.0104,empty
Cyornis poliogenys_18_c009,Cyornis poliogenys,Cyornis poliogenys,0.0020,empty
Cyornis poliogenys_19_c000,Cyornis poliogenys,Cyornis poliogenys,0.7995,concordant
Cyornis poliogenys_19_c001,Cyornis poliogenys,Cyornis poliogenys,0.8231,concordant
Cyornis poliogenys_19_c002,Cyornis poliogenys,Cyornis poliogenys,0.7278,concordant
Cyornis poliogenys_19_c003,Cyornis poliogenys,Cyornis poliogenys,0.1939,empty
Cyornis poliogenys_19_c004,Cyornis poliogenys,Cyornis poliogenys,0.9240,concordant
Cyornis poliogenys_19_c005,Cyornis poliogenys,Cyornis poliogenys,0.9791,concordant
Cyornis poliogenys_19_c006,Cyornis poliogenys,Cyornis poliogenys,0.3579,ambiguous
Cyornis poliogenys_19_c007,Cyornis poliogenys,Cyornis poliogenys,0.0306,empty
Cyornis poliogenys_19_c008,Cyornis poliogenys,Cyornis poliogenys,0.7461,concordant
Cyornis poliogenys_19_c009,Cyornis poliogenys,Cyornis poliogenys,0.8432,concordant
Cyornis poliogenys_20_c000,Cyornis poliogenys,Cyornis poliogenys,0.6214,concordant
Cyornis poliogenys_21_c000,Cyornis poliogenys,Cyornis poliogenys,0.9355,concordant
Cyornis poliogenys_21_c001,Cyornis poliogenys,Cyornis poliogenys,0.7302,concordant
Cyornis poliogenys_21_c002,Cyornis poliogenys,Cyornis poliogenys,0.8582,concordant
Cyornis poliogenys_22_c000,Cyornis poliogenys,Cyornis poliogenys,0.6008,concordant
Cyornis poliogenys_22_c001,Cyornis poliogenys,Cyornis poliogenys,0.9923,concordant
Cyornis poliogenys_22_c002,Cyornis poliogenys,Cyornis poliogenys,0.2699,ambiguous
Cyornis poliogenys_22_c003,Cyornis poliogenys,Cyornis poliogenys,0.2229,ambiguous
Cyornis poliogenys_22_c004,Cyornis poliogenys,Cyornis poliogenys,0.1381,empty
Cyornis poliogenys_22_c005,Cyornis poliogenys,Cyornis poliogenys,0.8513,concordant
Cyornis poliogenys_22_c006,Cyornis poliogenys,Cyornis poliogenys,0.9759,concordant
Cyornis poliogenys_23_c000,Cyornis poliogenys,Cyornis poliogenys,0.8683,concordant
Cyornis poliogenys_23_c001,Cyornis poliogenys,Cyornis poliogenys,0.0141,empty
Cyornis poliogenys_23_c002,Cyornis poliogenys,Psittacula eupatria,0.0034,empty
Cyornis poliogenys_23_c003,Cyornis poliogenys,Cyornis poliogenys,0.8063,concordant
Cyornis poliogenys_23_c004,Cyornis poliogenys,Cyornis poliogenys,0.9491,concordant
Cyornis poliogenys_23_c005,Cyornis poliogenys,Cyornis poliogenys,0.0343,empty
Cyornis poliogenys_23_c006,Cyornis poliogenys,Cyornis poliogenys,0.1525,empty
Cyornis poliogenys_23_c007,Cyornis poliogenys,Cyornis poliogenys,0.0391,empty
Cyornis poliogenys_23_c008,Cyornis poliogenys,Cyornis poliogenys,0.7253,concordant
Cyornis poliogenys_24_c000,Cyornis poliogenys,Cyornis poliogenys,0.7793,concordant
Cyornis poliogenys_24_c001,Cyornis poliogenys,Cyornis poliogenys,0.8460,concordant
Cyornis poliogenys_24_c002,Cyornis poliogenys,Cyornis poliogenys,0.9122,concordant
Cyornis poliogenys_24_c003,Cyornis poliogenys,Cyornis poliogenys,0.3822,ambiguous
Cyornis poliogenys_24_c004,Cyornis poliogenys,Cyornis poliogenys,0.9381,concordant
Cyornis poliogenys_24_c005,Cyornis poliogenys,Cyornis poliogenys,0.2750,ambiguous
Cyornis poliogenys_24_c006,Cyornis poliogenys,Cyornis poliogenys,0.6007,concordant
Cyornis poliogenys_25_c000,Cyornis poliogenys,Cyornis poliogenys,0.8590,concordant
Cyornis poliogenys_25_c001,Cyornis poliogenys,Cyornis poliogenys,0.0343,empty
Cyornis poliogenys_25_c002,Cyornis poliogenys,Cyornis poliogenys,0.8093,concordant
Cyornis poliogenys_25_c003,Cyornis poliogenys,Cyornis poliogenys,0.4465,ambiguous
Cyornis poliogenys_26_c000,Cyornis poliogenys,Cyornis poliogenys,0.8131,concordant
Cyornis poliogenys_26_c001,Cyornis poliogenys,Cyornis poliogenys,0.6908,concordant
Cyornis poliogenys_26_c002,Cyornis poliogenys,Cyornis poliogenys,0.0516,empty
Cyornis poliogenys_26_c003,Cyornis poliogenys,Cyornis poliogenys,0.4674,ambiguous
Cyornis poliogenys_26_c004,Cyornis poliogenys,Cyornis poliogenys,0.9539,concordant
Cyornis poliogenys_26_c005,Cyornis poliogenys,Cyornis poliogenys,0.9334,concordant
Cyornis poliogenys_26_c006,Cyornis poliogenys,Cyornis poliogenys,0.4651,ambiguous
Cyornis poliogenys_26_c007,Cyornis poliogenys,Cyornis poliogenys,0.9428,concordant
Cyornis poliogenys_26_c008,Cyornis poliogenys,Cyornis poliogenys,0.9627,concordant
Cyornis poliogenys_27_c000,Cyornis poliogenys,Cyornis poliogenys,0.2446,ambiguous
Cyornis poliogenys_27_c001,Cyornis poliogenys,Cyornis poliogenys,0.5612,concordant
Cyornis poliogenys_27_c002,Cyornis poliogenys,Cyornis poliogenys,0.6302,concordant
Cyornis poliogenys_28_c000,Cyornis poliogenys,Cyornis poliogenys,0.7797,concordant
Cyornis poliogenys_28_c001,Cyornis poliogenys,Cyornis poliogenys,0.5256,concordant
Cyornis poliogenys_28_c002,Cyornis poliogenys,Cyornis poliogenys,0.7113,concordant
Cyornis poliogenys_28_c003,Cyornis poliogenys,Cyornis poliogenys,0.3401,ambiguous
Cyornis poliogenys_29_c000,Cyornis poliogenys,Cyornis poliogenys,0.5022,concordant
Cyornis poliogenys_29_c001,Cyornis poliogenys,Cyornis poliogenys,0.4547,ambiguous
Cyornis poliogenys_29_c002,Cyornis poliogenys,Cyornis poliogenys,0.0217,empty
Cyornis poliogenys_29_c003,Cyornis poliogenys,Cyornis poliogenys,0.5664,concordant
Cyornis poliogenys_29_c004,Cyornis poliogenys,Cyornis poliogenys,0.7101,concordant
Cyornis poliogenys_29_c005,Cyornis poliogenys,Cyornis poliogenys,0.4688,ambiguous
Cyornis poliogenys_29_c006,Cyornis poliogenys,Cyornis poliogenys,0.4582,ambiguous
Cyornis unicolor_1_c000,Cyornis unicolor,Cyornis unicolor,0.2048,ambiguous
Cyornis unicolor_1_c001,Cyornis unicolor,Cyornis unicolor,0.2262,ambiguous
Cyornis unicolor_1_c002,Cyornis unicolor,Chloropsis cochinchinensis,0.0097,empty
Cyornis unicolor_1_c003,Cyornis unicolor,Chloropsis cochinchinensis,0.0288,empty
Cyornis unicolor_1_c004,Cyornis unicolor,Cyornis unicolor,0.7136,concordant
Cyornis unicolor_1_c005,Cyornis unicolor,Cyornis unicolor,0.2865,ambiguous
Cyornis unicolor_1_c006,Cyornis unicolor,Chloropsis cochinchinensis,0.0177,empty
Cyornis unicolor_1_c007,Cyornis unicolor,Cyornis unicolor,0.5501,concordant
Cyornis unicolor_1_c008,Cyornis unicolor,Chloropsis cochinchinensis,0.0653,empty
Cyornis unicolor_1_c009,Cyornis unicolor,Cyornis unicolor,0.6505,concordant
Cyornis unicolor_1_c010,Cyornis unicolor,Pellorneum ruficeps,0.0370,empty
Cyornis unicolor_1_c011,Cyornis unicolor,Cyornis unicolor,0.6309,concordant
Cyornis unicolor_2_c000,Cyornis unicolor,Cyornis unicolor,0.9876,concordant
Cyornis unicolor_2_c001,Cyornis unicolor,Cyornis unicolor,0.8304,concordant
Cyornis unicolor_2_c002,Cyornis unicolor,Cyornis unicolor,0.9742,concordant
Cyornis unicolor_2_c003,Cyornis unicolor,Cyornis unicolor,0.3741,ambiguous
Cyornis unicolor_2_c004,Cyornis unicolor,Chloropsis cochinchinensis,0.0047,empty
Cyornis unicolor_2_c005,Cyornis unicolor,Cyornis unicolor,0.1993,empty
Cyornis unicolor_2_c006,Cyornis unicolor,Cyornis unicolor,0.1019,empty
Cyornis unicolor_3_c000,Cyornis unicolor,Cyornis unicolor,0.6957,concordant
Cyornis unicolor_3_c001,Cyornis unicolor,Polyplectron bicalcaratum,0.2552,ambiguous
Cyornis unicolor_3_c002,Cyornis unicolor,Cyornis unicolor,0.9429,concordant
Cyornis unicolor_3_c003,Cyornis unicolor,Polyplectron bicalcaratum,0.7867,intruder
Cyornis unicolor_3_c004,Cyornis unicolor,Cyornis unicolor,0.6445,concordant
Cyornis unicolor_3_c005,Cyornis unicolor,Cyornis unicolor,0.7462,concordant
Cyornis unicolor_4_c000,Cyornis unicolor,Cyornis unicolor,0.9865,concordant
Cyornis unicolor_4_c001,Cyornis unicolor,Cyornis unicolor,0.8319,concordant
Cyornis unicolor_4_c002,Cyornis unicolor,Cyornis unicolor,0.6324,concordant
Cyornis unicolor_4_c003,Cyornis unicolor,Cyornis unicolor,0.8125,concordant
Cyornis unicolor_4_c004,Cyornis unicolor,Cyornis unicolor,0.7962,concordant
Cyornis unicolor_4_c005,Cyornis unicolor,Cyornis unicolor,0.9422,concordant
Cyornis unicolor_4_c006,Cyornis unicolor,Cyornis unicolor,0.8825,concordant
Cyornis unicolor_4_c007,Cyornis unicolor,Cyornis unicolor,0.9758,concordant
Cyornis unicolor_4_c008,Cyornis unicolor,Cyornis unicolor,0.3055,ambiguous
Cyornis unicolor_4_c009,Cyornis unicolor,Cyornis unicolor,0.8976,concordant
Cyornis unicolor_4_c010,Cyornis unicolor,Cyornis unicolor,0.8281,concordant
Cyornis unicolor_4_c011,Cyornis unicolor,Cyornis unicolor,0.5552,concordant
Cyornis unicolor_4_c012,Cyornis unicolor,Cyornis unicolor,0.9617,concordant
Cyornis unicolor_4_c013,Cyornis unicolor,Cyornis unicolor,0.9279,concordant
Cyornis unicolor_4_c014,Cyornis unicolor,Cyornis unicolor,0.5017,concordant
Cyornis unicolor_4_c015,Cyornis unicolor,Polyplectron bicalcaratum,0.0616,empty
Cyornis unicolor_4_c016,Cyornis unicolor,Cyornis unicolor,0.9522,concordant
Cyornis unicolor_5_c000,Cyornis unicolor,Cyornis unicolor,0.9337,concordant
Cyornis unicolor_5_c001,Cyornis unicolor,Cyornis unicolor,0.0108,empty
Cyornis unicolor_5_c002,Cyornis unicolor,Cyornis unicolor,0.0028,empty
Cyornis unicolor_5_c003,Cyornis unicolor,Cyornis unicolor,0.0129,empty
Cyornis unicolor_5_c004,Cyornis unicolor,Cyornis unicolor,0.0062,empty
Cyornis unicolor_5_c005,Cyornis unicolor,Cyornis unicolor,0.9348,concordant
Cyornis unicolor_5_c006,Cyornis unicolor,Cyornis unicolor,0.5900,concordant
Cyornis unicolor_5_c007,Cyornis unicolor,Cyornis unicolor,0.0262,empty
Cyornis unicolor_5_c008,Cyornis unicolor,Cyornis unicolor,0.7680,concordant
Cyornis unicolor_5_c009,Cyornis unicolor,Spelaeornis oatesi,0.0193,empty
Cyornis unicolor_5_c010,Cyornis unicolor,Cyornis unicolor,0.3087,ambiguous
Cyornis unicolor_5_c011,Cyornis unicolor,Cyornis unicolor,0.4520,ambiguous
Cyornis unicolor_6_c000,Cyornis unicolor,Cyornis unicolor,0.9077,concordant
Cyornis unicolor_6_c001,Cyornis unicolor,Cyornis poliogenys,0.0010,empty
Cyornis unicolor_6_c002,Cyornis unicolor,Cyornis unicolor,0.0052,empty
Cyornis unicolor_6_c003,Cyornis unicolor,Chloropsis cochinchinensis,0.0095,empty
Cyornis unicolor_6_c004,Cyornis unicolor,Cyornis unicolor,0.3564,ambiguous
Cyornis unicolor_7_c000,Cyornis unicolor,Cyornis unicolor,0.9343,concordant
Cyornis unicolor_7_c001,Cyornis unicolor,Cyornis unicolor,0.6523,concordant
Cyornis unicolor_7_c002,Cyornis unicolor,Cyornis unicolor,0.8216,concordant
Cyornis unicolor_7_c003,Cyornis unicolor,Cyornis unicolor,0.0921,empty
Cyornis unicolor_7_c004,Cyornis unicolor,Cyornis unicolor,0.8579,concordant
Cyornis unicolor_7_c005,Cyornis unicolor,Cyornis unicolor,0.3818,ambiguous
Cyornis unicolor_8_c000,Cyornis unicolor,Cyornis unicolor,0.7365,concordant
Cyornis unicolor_8_c001,Cyornis unicolor,Cyornis unicolor,0.7034,concordant
Cyornis unicolor_8_c002,Cyornis unicolor,Cyornis unicolor,0.5469,concordant
Cyornis unicolor_8_c003,Cyornis unicolor,Cyornis unicolor,0.8359,concordant
Cyornis unicolor_8_c004,Cyornis unicolor,Cyornis unicolor,0.9754,concordant
Cyornis unicolor_8_c005,Cyornis unicolor,Cyornis unicolor,0.1325,empty
Cyornis unicolor_8_c006,Cyornis unicolor,Pellorneum ruficeps,0.4018,ambiguous
Cyornis unicolor_8_c007,Cyornis unicolor,Cyornis unicolor,0.8679,concordant
Cyornis unicolor_9_c000,Cyornis unicolor,Cyornis unicolor,0.1541,empty
Cyornis unicolor_9_c001,Cyornis unicolor,Cyornis unicolor,0.9219,concordant
Cyornis unicolor_9_c002,Cyornis unicolor,Cyornis unicolor,0.5775,concordant
Cyornis unicolor_9_c003,Cyornis unicolor,Cyornis unicolor,0.4646,ambiguous
Cyornis unicolor_9_c004,Cyornis unicolor,Cyornis unicolor,0.9742,concordant
Cyornis unicolor_9_c005,Cyornis unicolor,Cyornis unicolor,0.9906,concordant
Cyornis unicolor_9_c006,Cyornis unicolor,Cyornis unicolor,0.8483,concordant
Cyornis unicolor_10_c000,Cyornis unicolor,Cyornis unicolor,0.9606,concordant
Cyornis unicolor_10_c001,Cyornis unicolor,Cyornis unicolor,0.9456,concordant
Cyornis unicolor_10_c002,Cyornis unicolor,Cyornis unicolor,0.9963,concordant
Cyornis unicolor_10_c003,Cyornis unicolor,Cyornis unicolor,0.9672,concordant
Cyornis unicolor_10_c004,Cyornis unicolor,Cyornis unicolor,0.9001,concordant
Cyornis unicolor_10_c005,Cyornis unicolor,Cyornis unicolor,0.9809,concordant
Cyornis unicolor_10_c006,Cyornis unicolor,Cyornis unicolor,0.9225,concordant
Cyornis unicolor_10_c007,Cyornis unicolor,Cyornis unicolor,0.4709,ambiguous
Cyornis unicolor_10_c008,Cyornis unicolor,Cyornis unicolor,0.4362,ambiguous
Cyornis unicolor_10_c009,Cyornis unicolor,Cyornis unicolor,0.7991,concordant
Cyornis unicolor_10_c010,Cyornis unicolor,Cyornis unicolor,0.9873,concordant
Cyornis unicolor_10_c011,Cyornis unicolor,Cyornis unicolor,0.9572,concordant
Cyornis unicolor_10_c012,Cyornis unicolor,Cyornis unicolor,0.9700,concordant
Cyornis unicolor_10_c013,Cyornis unicolor,Cyornis unicolor,0.9963,concordant
Cyornis unicolor_10_c014,Cyornis unicolor,Cyornis unicolor,0.9800,concordant
Cyornis unicolor_10_c015,Cyornis unicolor,Cyornis unicolor,0.9715,concordant
Cyornis unicolor_10_c016,Cyornis unicolor,Cyornis unicolor,0.9642,concordant
Cyornis unicolor_10_c017,Cyornis unicolor,Cyornis unicolor,0.6709,concordant
Cyornis unicolor_10_c018,Cyornis unicolor,Cyornis unicolor,0.9687,concordant
Cyornis unicolor_10_c019,Cyornis unicolor,Cyornis unicolor,0.9930,concordant
Cyornis unicolor_10_c020,Cyornis unicolor,Cyornis unicolor,0.9316,concordant
Cyornis unicolor_10_c021,Cyornis unicolor,Cyornis unicolor,0.8837,concordant
Cyornis unicolor_10_c022,Cyornis unicolor,Cyornis unicolor,0.9980,concordant
Cyornis unicolor_10_c023,Cyornis unicolor,Cyornis unicolor,0.9924,concordant
Cyornis unicolor_10_c024,Cyornis unicolor,Cyornis unicolor,0.9929,concordant
Cyornis unicolor_10_c025,Cyornis unicolor,Cyornis unicolor,0.7994,concordant
Cyornis unicolor_10_c026,Cyornis unicolor,Cyornis unicolor,0.9467,concordant
Cyornis unicolor_11_c000,Cyornis unicolor,Cyornis unicolor,0.8395,concordant
Cyornis unicolor_11_c001,Cyornis unicolor,Cyornis unicolor,0.9679,concordant
Cyornis unicolor_11_c002,Cyornis unicolor,Cyornis unicolor,0.9476,concordant
Cyornis unicolor_11_c003,Cyornis unicolor,Cyornis unicolor,0.8585,concordant
Cyornis unicolor_11_c004,Cyornis unicolor,Cyornis unicolor,0.9882,concordant
Cyornis unicolor_11_c005,Cyornis unicolor,Cyornis unicolor,0.7112,concordant
Cyornis unicolor_11_c006,Cyornis unicolor,Cyornis unicolor,0.6422,concordant
Cyornis unicolor_11_c007,Cyornis unicolor,Cyornis unicolor,0.9453,concordant
Cyornis unicolor_11_c008,Cyornis unicolor,Cyornis unicolor,0.6300,concordant
Cyornis unicolor_11_c009,Cyornis unicolor,Cyornis unicolor,0.5156,concordant
Cyornis unicolor_11_c010,Cyornis unicolor,Cyornis unicolor,0.3473,ambiguous
Cyornis unicolor_11_c011,Cyornis unicolor,Cyornis unicolor,0.8022,concordant
Cyornis unicolor_11_c012,Cyornis unicolor,Cyornis unicolor,0.8229,concordant
Cyornis unicolor_11_c013,Cyornis unicolor,Cyornis unicolor,0.9623,concordant
Cyornis unicolor_11_c014,Cyornis unicolor,Cyornis unicolor,0.8047,concordant
Cyornis unicolor_11_c015,Cyornis unicolor,Cyornis unicolor,0.9633,concordant
Cyornis unicolor_11_c016,Cyornis unicolor,Cyornis unicolor,0.7380,concordant
Cyornis unicolor_12_c000,Cyornis unicolor,Cyornis unicolor,0.7925,concordant
Cyornis unicolor_12_c001,Cyornis unicolor,Cyornis unicolor,0.8655,concordant
Cyornis unicolor_12_c002,Cyornis unicolor,Cyornis unicolor,0.9422,concordant
Cyornis unicolor_12_c003,Cyornis unicolor,Cyornis unicolor,0.8914,concordant
Cyornis unicolor_12_c004,Cyornis unicolor,Cyornis unicolor,0.3342,ambiguous
Cyornis unicolor_13_c000,Cyornis unicolor,Cyornis unicolor,0.8346,concordant
Cyornis unicolor_13_c001,Cyornis unicolor,Cyornis unicolor,0.0014,empty
Cyornis unicolor_14_c000,Cyornis unicolor,Cyornis unicolor,0.8043,concordant
Cyornis unicolor_14_c001,Cyornis unicolor,Cyornis unicolor,0.3835,ambiguous
Cyornis unicolor_14_c002,Cyornis unicolor,Cyornis unicolor,0.3423,ambiguous
Cyornis unicolor_14_c003,Cyornis unicolor,Cyornis unicolor,0.1429,empty
Cyornis unicolor_14_c004,Cyornis unicolor,Cyornis unicolor,0.2500,ambiguous
Cyornis unicolor_14_c005,Cyornis unicolor,Cyornis unicolor,0.8988,concordant
Cyornis unicolor_15_c000,Cyornis unicolor,Cyornis unicolor,0.1297,empty
Cyornis unicolor_15_c001,Cyornis unicolor,Cyornis unicolor,0.9880,concordant
Cyornis unicolor_15_c002,Cyornis unicolor,Cyornis unicolor,0.9358,concordant
Cyornis unicolor_15_c003,Cyornis unicolor,Cyornis unicolor,0.3334,ambiguous
Cyornis unicolor_15_c004,Cyornis unicolor,Cyornis unicolor,0.9343,concordant
Cyornis unicolor_15_c005,Cyornis unicolor,Cyornis unicolor,0.7745,concordant
Cyornis unicolor_15_c006,Cyornis unicolor,Cyornis unicolor,0.9983,concordant
Cyornis unicolor_15_c007,Cyornis unicolor,Cyornis unicolor,0.0747,empty
Cyornis unicolor_15_c008,Cyornis unicolor,Cyornis unicolor,0.1336,empty
Cyornis unicolor_15_c009,Cyornis unicolor,Cyornis unicolor,0.6700,concordant
Cyornis unicolor_15_c010,Cyornis unicolor,Cyornis unicolor,0.9273,concordant
Cyornis unicolor_15_c011,Cyornis unicolor,Cyornis unicolor,0.9926,concordant
Cyornis unicolor_15_c012,Cyornis unicolor,Cyornis unicolor,0.9550,concordant
Cyornis unicolor_15_c013,Cyornis unicolor,Cyornis unicolor,0.1926,empty
Cyornis unicolor_15_c014,Cyornis unicolor,Dicaeum cruentatum,0.0462,empty
Cyornis unicolor_15_c015,Cyornis unicolor,Cyornis unicolor,0.9608,concordant
Cyornis unicolor_15_c016,Cyornis unicolor,Cyornis unicolor,0.2642,ambiguous
Cyornis unicolor_16_c000,Cyornis unicolor,Cyornis unicolor,0.9359,concordant
Cyornis unicolor_16_c001,Cyornis unicolor,Cyornis unicolor,0.0785,empty
Cyornis unicolor_16_c002,Cyornis unicolor,Cyornis unicolor,0.0926,empty
Cyornis unicolor_16_c003,Cyornis unicolor,Cyornis unicolor,0.7383,concordant
Cyornis unicolor_16_c004,Cyornis unicolor,Cyornis unicolor,0.0157,empty
Cyornis unicolor_16_c005,Cyornis unicolor,Cyornis unicolor,0.8940,concordant
Cyornis unicolor_16_c006,Cyornis unicolor,Cyornis unicolor,0.2517,ambiguous
Cyornis unicolor_16_c007,Cyornis unicolor,Cyornis unicolor,0.7284,concordant
Cyornis unicolor_16_c008,Cyornis unicolor,Cyornis unicolor,0.0866,empty
Cyornis unicolor_16_c009,Cyornis unicolor,Cyornis unicolor,0.8854,concordant
Cyornis unicolor_16_c010,Cyornis unicolor,Cyornis unicolor,0.1040,empty
Cyornis unicolor_16_c011,Cyornis unicolor,Cyornis unicolor,0.5710,concordant
Cyornis unicolor_16_c012,Cyornis unicolor,Cyornis unicolor,0.9554,concordant
Cyornis unicolor_16_c013,Cyornis unicolor,Cyornis unicolor,0.8830,concordant
Cyornis unicolor_16_c014,Cyornis unicolor,Cyornis unicolor,0.7492,concordant
Cyornis unicolor_16_c015,Cyornis unicolor,Cyornis unicolor,0.0389,empty
Cyornis unicolor_16_c016,Cyornis unicolor,Cyornis unicolor,0.1527,empty
Cyornis unicolor_17_c000,Cyornis unicolor,Cyornis unicolor,0.9228,concordant
Cyornis unicolor_17_c001,Cyornis unicolor,Cyornis unicolor,0.6065,concordant
Cyornis unicolor_17_c002,Cyornis unicolor,Cyornis unicolor,0.2305,ambiguous
Cyornis unicolor_17_c003,Cyornis unicolor,Cyornis unicolor,0.9642,concordant
Cyornis unicolor_17_c004,Cyornis unicolor,Cyornis unicolor,0.0658,empty
Cyornis unicolor_18_c000,Cyornis unicolor,Cyornis unicolor,0.9158,concordant
Cyornis unicolor_18_c001,Cyornis unicolor,Cyornis unicolor,0.9802,concordant
Cyornis unicolor_18_c002,Cyornis unicolor,Cyornis unicolor,0.1214,empty
Cyornis unicolor_19_c000,Cyornis unicolor,Cyornis unicolor,0.8882,concordant
Cyornis unicolor_19_c001,Cyornis unicolor,Cyornis unicolor,0.9617,concordant
Cyornis unicolor_19_c002,Cyornis unicolor,Cyornis unicolor,0.5622,concordant
Cyornis unicolor_19_c003,Cyornis unicolor,Cyornis unicolor,0.3291,ambiguous
Cyornis unicolor_19_c004,Cyornis unicolor,Cyornis unicolor,0.9981,concordant
Cyornis unicolor_19_c005,Cyornis unicolor,Cyornis unicolor,0.1317,empty
Cyornis unicolor_19_c006,Cyornis unicolor,Cyornis unicolor,0.1731,empty
Cyornis unicolor_19_c007,Cyornis unicolor,Cyornis unicolor,0.1531,empty
Cyornis unicolor_19_c008,Cyornis unicolor,Cyornis unicolor,0.1827,empty
Cyornis unicolor_19_c009,Cyornis unicolor,Cyornis unicolor,0.9940,concordant
Cyornis unicolor_19_c010,Cyornis unicolor,Cyornis unicolor,0.6866,concordant
Cyornis unicolor_19_c011,Cyornis unicolor,Cyornis unicolor,0.1086,empty
Cyornis unicolor_19_c012,Cyornis unicolor,Cyornis unicolor,0.8722,concordant
Cyornis unicolor_19_c013,Cyornis unicolor,Cyornis unicolor,0.9945,concordant
Cyornis unicolor_19_c014,Cyornis unicolor,Cyornis unicolor,0.3612,ambiguous
Cyornis unicolor_19_c015,Cyornis unicolor,Cyornis unicolor,0.9968,concordant
Cyornis unicolor_19_c016,Cyornis unicolor,Cyornis unicolor,0.2968,ambiguous
Cyornis unicolor_20_c000,Cyornis unicolor,Cyornis unicolor,0.9059,concordant
Cyornis unicolor_20_c001,Cyornis unicolor,Cyornis unicolor,0.9124,concordant
Cyornis unicolor_20_c002,Cyornis unicolor,Cyornis unicolor,0.8985,concordant
Cyornis unicolor_20_c003,Cyornis unicolor,Cyornis unicolor,0.1117,empty
Cyornis unicolor_20_c004,Cyornis unicolor,Cyornis unicolor,0.8046,concordant
Cyornis unicolor_20_c005,Cyornis unicolor,Cyornis unicolor,0.4063,ambiguous
Cyornis unicolor_20_c006,Cyornis unicolor,Cyornis unicolor,0.9452,concordant
Cyornis unicolor_20_c007,Cyornis unicolor,Cyornis unicolor,0.9212,concordant
Cyornis unicolor_20_c008,Cyornis unicolor,Cyornis unicolor,0.0300,empty
Cyornis unicolor_21_c000,Cyornis unicolor,Cyornis unicolor,0.6594,concordant
Cyornis unicolor_21_c001,Cyornis unicolor,Cyornis unicolor,0.7305,concordant
Cyornis unicolor_21_c002,Cyornis unicolor,Cyornis unicolor,0.8870,concordant
Cyornis unicolor_21_c003,Cyornis unicolor,Cyornis unicolor,0.2970,ambiguous
Cyornis unicolor_21_c004,Cyornis unicolor,Cyornis unicolor,0.7657,concordant
Cyornis unicolor_21_c005,Cyornis unicolor,Cyornis unicolor,0.0287,empty
Cyornis unicolor_21_c006,Cyornis unicolor,Cyornis unicolor,0.1288,empty
Cyornis unicolor_21_c007,Cyornis unicolor,Cyornis unicolor,0.9795,concordant
Cyornis unicolor_22_c000,Cyornis unicolor,Cyornis unicolor,0.9689,concordant
Cyornis unicolor_22_c001,Cyornis unicolor,Cyornis unicolor,0.2163,ambiguous
Cyornis unicolor_22_c002,Cyornis unicolor,Cyornis unicolor,0.9749,concordant
Cyornis unicolor_22_c003,Cyornis unicolor,Cyornis unicolor,0.9925,concordant
Cyornis unicolor_22_c004,Cyornis unicolor,Cyornis unicolor,0.9465,concordant
Cyornis unicolor_22_c005,Cyornis unicolor,Cyornis unicolor,0.0721,empty
Cyornis unicolor_22_c006,Cyornis unicolor,Cyornis unicolor,0.9935,concordant
Cyornis unicolor_22_c007,Cyornis unicolor,Cyornis unicolor,0.2920,ambiguous
Cyornis unicolor_22_c008,Cyornis unicolor,Polyplectron bicalcaratum,0.0334,empty
Cyornis unicolor_22_c009,Cyornis unicolor,Cyornis unicolor,0.9841,concordant
Cyornis unicolor_23_c000,Cyornis unicolor,Cyornis unicolor,0.5238,concordant
Cyornis unicolor_23_c001,Cyornis unicolor,Chrysococcyx maculatus,0.0072,empty
Cyornis unicolor_23_c002,Cyornis unicolor,Cyornis unicolor,0.3848,ambiguous
Cyornis unicolor_23_c003,Cyornis unicolor,Cyornis unicolor,0.9895,concordant
Cyornis unicolor_23_c004,Cyornis unicolor,Cyornis unicolor,0.8834,concordant
Cyornis unicolor_23_c005,Cyornis unicolor,Cyornis unicolor,0.0355,empty
Cyornis unicolor_23_c006,Cyornis unicolor,Cyornis unicolor,0.9908,concordant
Cyornis unicolor_23_c007,Cyornis unicolor,Cyornis unicolor,0.3361,ambiguous
Cyornis unicolor_23_c008,Cyornis unicolor,Cyornis unicolor,0.9943,concordant
Cyornis unicolor_24_c000,Cyornis unicolor,Cyornis unicolor,0.9738,concordant
Cyornis unicolor_24_c001,Cyornis unicolor,Cyornis unicolor,0.7445,concordant
Cyornis unicolor_24_c002,Cyornis unicolor,Cyornis unicolor,0.3776,ambiguous
Cyornis unicolor_24_c003,Cyornis unicolor,Cyornis unicolor,0.9116,concordant
Cyornis unicolor_24_c004,Cyornis unicolor,Cyornis unicolor,0.0208,empty
Cyornis unicolor_24_c005,Cyornis unicolor,Cyornis unicolor,0.7870,concordant
Cyornis unicolor_24_c006,Cyornis unicolor,Cyornis unicolor,0.9844,concordant
Cyornis unicolor_25_c000,Cyornis unicolor,Cyornis unicolor,0.8907,concordant
Cyornis unicolor_25_c001,Cyornis unicolor,Cyornis unicolor,0.0487,empty
Cyornis unicolor_25_c002,Cyornis unicolor,Cyornis unicolor,0.9317,concordant
Cyornis unicolor_25_c003,Cyornis unicolor,Cyornis unicolor,0.6902,concordant
Cyornis unicolor_25_c004,Cyornis unicolor,Cyornis unicolor,0.5897,concordant
Cyornis unicolor_25_c005,Cyornis unicolor,Cyornis unicolor,0.4916,ambiguous
Cyornis unicolor_25_c006,Cyornis unicolor,Cyornis unicolor,0.9275,concordant
Cyornis unicolor_25_c007,Cyornis unicolor,Cyornis unicolor,0.7223,concordant
Cyornis unicolor_25_c008,Cyornis unicolor,Cyornis unicolor,0.9766,concordant
Cyornis unicolor_25_c009,Cyornis unicolor,Cyornis unicolor,0.0735,empty
Cyornis unicolor_25_c010,Cyornis unicolor,Cyornis unicolor,0.3879,ambiguous
Cyornis unicolor_25_c011,Cyornis unicolor,Cyornis unicolor,0.0295,empty
Cyornis unicolor_25_c012,Cyornis unicolor,Polyplectron bicalcaratum,0.0200,empty
Cyornis unicolor_25_c013,Cyornis unicolor,Cyornis unicolor,0.9090,concordant
Cyornis unicolor_25_c014,Cyornis unicolor,Cyornis unicolor,0.8081,concordant
Cyornis unicolor_26_c000,Cyornis unicolor,Cyornis unicolor,0.1914,empty
Cyornis unicolor_26_c001,Cyornis unicolor,Cyornis unicolor,0.0192,empty
Cyornis unicolor_26_c002,Cyornis unicolor,Chloropsis cochinchinensis,0.0152,empty
Cyornis unicolor_26_c003,Cyornis unicolor,Cyornis unicolor,0.0337,empty
Cyornis unicolor_26_c004,Cyornis unicolor,Arachnothera magna,0.0188,empty
Cyornis unicolor_26_c005,Cyornis unicolor,Arachnothera magna,0.0066,empty
Cyornis unicolor_26_c006,Cyornis unicolor,Arachnothera magna,0.0163,empty
Cyornis unicolor_27_c000,Cyornis unicolor,Cyornis unicolor,0.7872,concordant
Cyornis unicolor_27_c001,Cyornis unicolor,Cyornis unicolor,0.8916,concordant
Cyornis unicolor_27_c002,Cyornis unicolor,Cyornis unicolor,0.7699,concordant
Cyornis unicolor_27_c003,Cyornis unicolor,Cyornis unicolor,0.9610,concordant
Cyornis unicolor_27_c004,Cyornis unicolor,Halcyon coromanda,0.0109,empty
Cyornis unicolor_27_c005,Cyornis unicolor,Cyornis unicolor,0.0590,empty
Cyornis unicolor_27_c006,Cyornis unicolor,Cyornis unicolor,0.8234,concordant
Cyornis unicolor_27_c007,Cyornis unicolor,Cyornis unicolor,0.9758,concordant
Cyornis unicolor_27_c008,Cyornis unicolor,Cyornis unicolor,0.0354,empty
Cyornis unicolor_27_c009,Cyornis unicolor,Cyornis unicolor,0.9204,concordant
Cyornis unicolor_27_c010,Cyornis unicolor,Cyornis unicolor,0.6056,concordant
Cyornis unicolor_27_c011,Cyornis unicolor,Cyornis unicolor,0.9206,concordant
Cyornis unicolor_28_c000,Cyornis unicolor,Cyornis unicolor,0.8223,concordant
Cyornis unicolor_28_c001,Cyornis unicolor,Cyornis unicolor,0.9503,concordant
Cyornis unicolor_28_c002,Cyornis unicolor,Cyornis unicolor,0.9679,concordant
Cypsiurus balasiensis_1_c000,Cypsiurus balasiensis,Cypsiurus balasiensis,0.3047,ambiguous
Cypsiurus balasiensis_2_c000,Cypsiurus balasiensis,Cypsiurus balasiensis,0.4387,ambiguous
Cypsiurus balasiensis_3_c000,Cypsiurus balasiensis,Cypsiurus balasiensis,0.9963,concordant
Cypsiurus balasiensis_3_c001,Cypsiurus balasiensis,Cypsiurus balasiensis,0.9896,concordant
Cypsiurus balasiensis_3_c002,Cypsiurus balasiensis,Cypsiurus balasiensis,0.9959,concordant
Cypsiurus balasiensis_3_c003,Cypsiurus balasiensis,Cypsiurus balasiensis,0.9940,concordant
Cypsiurus balasiensis_4_c000,Cypsiurus balasiensis,Cypsiurus balasiensis,0.9976,concordant
Cypsiurus balasiensis_4_c001,Cypsiurus balasiensis,Cypsiurus balasiensis,0.7717,concordant
Cypsiurus balasiensis_4_c002,Cypsiurus balasiensis,Cypsiurus balasiensis,0.9175,concordant
Cypsiurus balasiensis_4_c003,Cypsiurus balasiensis,Cypsiurus balasiensis,0.8512,concordant
Cypsiurus balasiensis_5_c000,Cypsiurus balasiensis,Cypsiurus balasiensis,0.6161,concordant
Cypsiurus balasiensis_5_c001,Cypsiurus balasiensis,Cypsiurus balasiensis,0.8857,concordant
Cypsiurus balasiensis_5_c002,Cypsiurus balasiensis,Cypsiurus balasiensis,0.1471,empty
Cypsiurus balasiensis_5_c003,Cypsiurus balasiensis,Cypsiurus balasiensis,0.6187,concordant
Cypsiurus balasiensis_5_c004,Cypsiurus balasiensis,Cypsiurus balasiensis,0.0549,empty
Cypsiurus balasiensis_6_c000,Cypsiurus balasiensis,Cypsiurus balasiensis,0.9987,concordant
Cypsiurus balasiensis_6_c001,Cypsiurus balasiensis,Cypsiurus balasiensis,0.9991,concordant
Cypsiurus balasiensis_6_c002,Cypsiurus balasiensis,Cypsiurus balasiensis,0.9999,concordant
Cypsiurus balasiensis_6_c003,Cypsiurus balasiensis,Cypsiurus balasiensis,0.9997,concordant
Cypsiurus balasiensis_6_c004,Cypsiurus balasiensis,Cypsiurus balasiensis,0.9796,concordant
Cypsiurus balasiensis_6_c005,Cypsiurus balasiensis,Cypsiurus balasiensis,0.9805,concordant
Cypsiurus balasiensis_6_c006,Cypsiurus balasiensis,Cypsiurus balasiensis,0.9993,concordant
Cypsiurus balasiensis_6_c007,Cypsiurus balasiensis,Cypsiurus balasiensis,0.9997,concordant
Cypsiurus balasiensis_6_c008,Cypsiurus balasiensis,Cypsiurus balasiensis,0.0022,empty
Cypsiurus balasiensis_7_c000,Cypsiurus balasiensis,Cypsiurus balasiensis,0.9997,concordant
Cypsiurus balasiensis_7_c001,Cypsiurus balasiensis,Cypsiurus balasiensis,0.9998,concordant
Cypsiurus balasiensis_7_c002,Cypsiurus balasiensis,Cypsiurus balasiensis,0.9999,concordant
Cypsiurus balasiensis_7_c003,Cypsiurus balasiensis,Cypsiurus balasiensis,0.9999,concordant
Cypsiurus balasiensis_7_c004,Cypsiurus balasiensis,Cypsiurus balasiensis,0.0921,empty
Cypsiurus balasiensis_7_c005,Cypsiurus balasiensis,Todiramphus chloris,0.0158,empty
Cypsiurus balasiensis_7_c006,Cypsiurus balasiensis,Cypsiurus balasiensis,0.7012,concordant
Cypsiurus balasiensis_7_c007,Cypsiurus balasiensis,Cypsiurus balasiensis,0.9998,concordant
Cypsiurus balasiensis_7_c008,Cypsiurus balasiensis,Cypsiurus balasiensis,0.9971,concordant
Cypsiurus balasiensis_7_c009,Cypsiurus balasiensis,Cypsiurus balasiensis,0.9993,concordant
Cypsiurus balasiensis_7_c010,Cypsiurus balasiensis,Cypsiurus balasiensis,0.9997,concordant
Cypsiurus balasiensis_7_c011,Cypsiurus balasiensis,Cypsiurus balasiensis,0.9956,concordant
Cypsiurus balasiensis_7_c012,Cypsiurus balasiensis,Cypsiurus balasiensis,0.9981,concordant
Cypsiurus balasiensis_7_c013,Cypsiurus balasiensis,Cypsiurus balasiensis,0.9981,concordant
Cypsiurus balasiensis_7_c014,Cypsiurus balasiensis,Cypsiurus balasiensis,0.9984,concordant
Cypsiurus balasiensis_7_c015,Cypsiurus balasiensis,Cypsiurus balasiensis,0.9999,concordant
Cypsiurus balasiensis_7_c016,Cypsiurus balasiensis,Cypsiurus balasiensis,1.0000,concordant
Cypsiurus balasiensis_7_c017,Cypsiurus balasiensis,Cypsiurus balasiensis,0.9974,concordant
Cypsiurus balasiensis_7_c018,Cypsiurus balasiensis,Cypsiurus balasiensis,0.9997,concordant
Cypsiurus balasiensis_7_c019,Cypsiurus balasiensis,Cypsiurus balasiensis,0.9962,concordant
Cypsiurus balasiensis_7_c020,Cypsiurus balasiensis,Cypsiurus balasiensis,0.7790,concordant
Cypsiurus balasiensis_7_c021,Cypsiurus balasiensis,Cypsiurus balasiensis,0.9997,concordant
Cypsiurus balasiensis_8_c000,Cypsiurus balasiensis,Cypsiurus balasiensis,0.9986,concordant
Cypsiurus balasiensis_8_c001,Cypsiurus balasiensis,Motacilla citreola,0.0030,empty
Cypsiurus balasiensis_8_c002,Cypsiurus balasiensis,Cypsiurus balasiensis,0.1747,empty
Cypsiurus balasiensis_8_c003,Cypsiurus balasiensis,Cypsiurus balasiensis,0.9988,concordant
Cypsiurus balasiensis_8_c004,Cypsiurus balasiensis,Cypsiurus balasiensis,0.9833,concordant
Cypsiurus balasiensis_9_c000,Cypsiurus balasiensis,Cypsiurus balasiensis,0.9937,concordant
Cypsiurus balasiensis_9_c001,Cypsiurus balasiensis,Cypsiurus balasiensis,0.9475,concordant
Dicaeum chrysorrheum_1_c000,Dicaeum chrysorrheum,Dicaeum cruentatum,0.6280,ambiguous
Dicaeum chrysorrheum_1_c001,Dicaeum chrysorrheum,Dicaeum chrysorrheum,0.4938,ambiguous
Dicaeum chrysorrheum_1_c002,Dicaeum chrysorrheum,Dicaeum cruentatum,0.2269,ambiguous
Dicaeum chrysorrheum_1_c003,Dicaeum chrysorrheum,Dicaeum chrysorrheum,0.7727,concordant
Dicaeum chrysorrheum_1_c004,Dicaeum chrysorrheum,Dicaeum chrysorrheum,0.9675,concordant
Dicaeum chrysorrheum_1_c005,Dicaeum chrysorrheum,Dicaeum chrysorrheum,0.9655,concordant
Dicaeum chrysorrheum_1_c006,Dicaeum chrysorrheum,Dicaeum chrysorrheum,0.9109,concordant
Dicaeum chrysorrheum_1_c007,Dicaeum chrysorrheum,Dicaeum chrysorrheum,0.8142,concordant
Dicaeum chrysorrheum_1_c008,Dicaeum chrysorrheum,Dicaeum chrysorrheum,0.8364,concordant
Dicaeum chrysorrheum_1_c009,Dicaeum chrysorrheum,Dicaeum chrysorrheum,0.9478,concordant
Dicaeum chrysorrheum_1_c010,Dicaeum chrysorrheum,Dicaeum chrysorrheum,0.8208,concordant
Dicaeum chrysorrheum_1_c011,Dicaeum chrysorrheum,Dicaeum chrysorrheum,0.9187,concordant
Dicaeum chrysorrheum_1_c012,Dicaeum chrysorrheum,Dicaeum chrysorrheum,0.9181,concordant
Dicaeum chrysorrheum_2_c000,Dicaeum chrysorrheum,Dicaeum chrysorrheum,0.8259,concordant
Dicaeum chrysorrheum_3_c000,Dicaeum chrysorrheum,Dicaeum chrysorrheum,0.2809,ambiguous
Dicaeum chrysorrheum_3_c001,Dicaeum chrysorrheum,Dicaeum cruentatum,0.2568,ambiguous
Dicaeum cruentatum_1_c000,Dicaeum cruentatum,Dicaeum cruentatum,0.2084,ambiguous
Dicaeum cruentatum_1_c001,Dicaeum cruentatum,Dicaeum cruentatum,0.2906,ambiguous
Dicaeum cruentatum_1_c002,Dicaeum cruentatum,Dicaeum cruentatum,0.1989,empty
Dicaeum cruentatum_1_c003,Dicaeum cruentatum,Dicaeum cruentatum,0.4126,ambiguous
Dicaeum cruentatum_1_c004,Dicaeum cruentatum,Dicaeum cruentatum,0.8930,concordant
Dicaeum cruentatum_1_c005,Dicaeum cruentatum,Dicaeum cruentatum,0.0400,empty
Dicaeum cruentatum_1_c006,Dicaeum cruentatum,Dicaeum cruentatum,0.5819,concordant
Dicaeum cruentatum_1_c007,Dicaeum cruentatum,Dicaeum cruentatum,0.0176,empty
Dicaeum cruentatum_1_c008,Dicaeum cruentatum,Dicaeum cruentatum,0.0473,empty
Dicaeum cruentatum_1_c009,Dicaeum cruentatum,Dicaeum cruentatum,0.2049,ambiguous
Dicaeum cruentatum_1_c010,Dicaeum cruentatum,Dicaeum cruentatum,0.0768,empty
Dicaeum cruentatum_1_c011,Dicaeum cruentatum,Dicaeum cruentatum,0.8173,concordant
Dicaeum cruentatum_1_c012,Dicaeum cruentatum,Dicaeum cruentatum,0.6308,concordant
Dicaeum cruentatum_1_c013,Dicaeum cruentatum,Dicaeum cruentatum,0.7339,concordant
Dicaeum cruentatum_1_c014,Dicaeum cruentatum,Dicaeum cruentatum,0.9591,concordant
Dicaeum cruentatum_1_c015,Dicaeum cruentatum,Dicaeum cruentatum,0.1445,empty
Dicaeum cruentatum_2_c000,Dicaeum cruentatum,Acrocephalus bistrigiceps,0.0064,empty
Dicaeum cruentatum_3_c000,Dicaeum cruentatum,Dicaeum cruentatum,0.3089,ambiguous
Dicaeum cruentatum_3_c001,Dicaeum cruentatum,Dicaeum cruentatum,0.1640,empty
Dicaeum cruentatum_3_c002,Dicaeum cruentatum,Dicaeum cruentatum,0.7439,concordant
Dicaeum cruentatum_3_c003,Dicaeum cruentatum,Dicaeum cruentatum,0.7468,concordant
Dicaeum cruentatum_3_c004,Dicaeum cruentatum,Dicaeum cruentatum,0.3933,ambiguous
Dicaeum cruentatum_3_c005,Dicaeum cruentatum,Dicaeum cruentatum,0.6960,concordant
Dicaeum cruentatum_4_c000,Dicaeum cruentatum,Dicaeum cruentatum,0.0200,empty
Dicaeum cruentatum_5_c000,Dicaeum cruentatum,Dicaeum cruentatum,0.0130,empty
Dicaeum cruentatum_5_c001,Dicaeum cruentatum,Dicaeum minullum,0.6590,intruder
Dicaeum cruentatum_6_c000,Dicaeum cruentatum,Dicaeum cruentatum,0.6987,concordant
Dicaeum cruentatum_6_c001,Dicaeum cruentatum,Dicaeum cruentatum,0.1426,empty
Dicaeum cruentatum_6_c002,Dicaeum cruentatum,Dicaeum cruentatum,0.8596,concordant
Dicaeum cruentatum_6_c003,Dicaeum cruentatum,Dicaeum cruentatum,0.9550,concordant
Dicaeum cruentatum_6_c004,Dicaeum cruentatum,Dicaeum cruentatum,0.9038,concordant
Dicaeum cruentatum_6_c005,Dicaeum cruentatum,Dicaeum cruentatum,0.6110,concordant
Dicaeum cruentatum_6_c006,Dicaeum cruentatum,Dicaeum cruentatum,0.4416,ambiguous
Dicaeum cruentatum_7_c000,Dicaeum cruentatum,Dicaeum cruentatum,0.2428,ambiguous
Dicaeum cruentatum_8_c000,Dicaeum cruentatum,Dicaeum cruentatum,0.0249,empty
Dicaeum cruentatum_8_c001,Dicaeum cruentatum,Dicaeum cruentatum,0.0108,empty
Dicaeum cruentatum_8_c002,Dicaeum cruentatum,Dicaeum cruentatum,0.0049,empty
Dicaeum cruentatum_8_c003,Dicaeum cruentatum,Dicaeum cruentatum,0.0972,empty
Dicaeum cruentatum_8_c004,Dicaeum cruentatum,Dicaeum cruentatum,0.0464,empty
Dicaeum cruentatum_8_c005,Dicaeum cruentatum,Psittacula eupatria,0.0048,empty
Dicaeum minullum_1_c000,Dicaeum minullum,Dicaeum minullum,0.3725,ambiguous
Dicaeum minullum_1_c001,Dicaeum minullum,Dicaeum minullum,0.7965,concordant
Dicaeum minullum_1_c002,Dicaeum minullum,Dicaeum minullum,0.9574,concordant
Dicaeum minullum_1_c003,Dicaeum minullum,Dicaeum minullum,0.7161,concordant
Dicaeum minullum_1_c004,Dicaeum minullum,Dicaeum minullum,0.9675,concordant
Dicaeum minullum_1_c005,Dicaeum minullum,Dicaeum minullum,0.9695,concordant
Dicaeum minullum_1_c006,Dicaeum minullum,Dicaeum minullum,0.8386,concordant
Dicaeum minullum_2_c000,Dicaeum minullum,Dicaeum minullum,0.7971,concordant
Dicaeum minullum_2_c001,Dicaeum minullum,Dicaeum minullum,0.6627,concordant
Dicaeum minullum_2_c002,Dicaeum minullum,Dicaeum minullum,0.0236,empty
Dicaeum minullum_2_c003,Dicaeum minullum,Dicaeum minullum,0.5788,concordant
Dicaeum minullum_3_c000,Dicaeum minullum,Dicaeum minullum,0.9829,concordant
Dicaeum minullum_3_c001,Dicaeum minullum,Dicaeum minullum,0.9421,concordant
Dicaeum minullum_3_c002,Dicaeum minullum,Dicaeum minullum,0.8312,concordant
Dicaeum minullum_3_c003,Dicaeum minullum,Dicaeum minullum,0.8770,concordant
Dicaeum minullum_3_c004,Dicaeum minullum,Dicaeum minullum,0.9629,concordant
Dicaeum minullum_3_c005,Dicaeum minullum,Dicaeum minullum,0.5471,concordant
Dicaeum minullum_4_c000,Dicaeum minullum,Dicaeum minullum,0.6021,concordant
Dicaeum minullum_4_c001,Dicaeum minullum,Dicaeum minullum,0.5892,concordant
Dicaeum minullum_4_c002,Dicaeum minullum,Dicaeum minullum,0.6600,concordant
Dicaeum minullum_5_c000,Dicaeum minullum,Dicaeum minullum,0.0743,empty
Dicaeum minullum_5_c001,Dicaeum minullum,Dicaeum cruentatum,0.0650,empty
Dicaeum minullum_6_c000,Dicaeum minullum,Dicaeum minullum,0.6531,concordant
Dicaeum minullum_6_c001,Dicaeum minullum,Dicaeum minullum,0.1684,empty
Dicaeum minullum_6_c002,Dicaeum minullum,Dicaeum minullum,0.1421,empty
Dicaeum minullum_7_c000,Dicaeum minullum,Dicaeum minullum,0.2915,ambiguous
Dicaeum minullum_7_c001,Dicaeum minullum,Dicaeum minullum,0.2631,ambiguous
Dicrurus andamanensis_1_c000,Dicrurus andamanensis,Dicrurus andamanensis,0.9998,concordant
Dicrurus andamanensis_1_c001,Dicrurus andamanensis,Dicrurus andamanensis,0.9996,concordant
Dicrurus andamanensis_1_c002,Dicrurus andamanensis,Dicrurus andamanensis,0.9983,concordant
Dicrurus andamanensis_2_c000,Dicrurus andamanensis,Dicrurus andamanensis,0.9983,concordant
Dicrurus andamanensis_2_c001,Dicrurus andamanensis,Dicrurus andamanensis,0.9947,concordant
Dicrurus andamanensis_2_c002,Dicrurus andamanensis,Dicrurus andamanensis,0.9913,concordant
Dicrurus andamanensis_2_c003,Dicrurus andamanensis,Dicrurus andamanensis,0.9981,concordant
Dicrurus andamanensis_2_c004,Dicrurus andamanensis,Dicrurus andamanensis,0.9982,concordant
Dicrurus andamanensis_2_c005,Dicrurus andamanensis,Dicrurus andamanensis,0.9993,concordant
Dicrurus andamanensis_2_c006,Dicrurus andamanensis,Dicrurus andamanensis,0.9994,concordant
Dicrurus andamanensis_2_c007,Dicrurus andamanensis,Dicrurus andamanensis,0.9994,concordant
Dicrurus andamanensis_2_c008,Dicrurus andamanensis,Dicrurus andamanensis,0.9993,concordant
Dicrurus andamanensis_2_c009,Dicrurus andamanensis,Dicrurus andamanensis,0.9989,concordant
Dicrurus andamanensis_2_c010,Dicrurus andamanensis,Dicrurus andamanensis,0.9952,concordant
Dicrurus andamanensis_2_c011,Dicrurus andamanensis,Dicrurus andamanensis,0.9993,concordant
Dicrurus andamanensis_2_c012,Dicrurus andamanensis,Dicrurus andamanensis,0.9992,concordant
Dicrurus andamanensis_3_c000,Dicrurus andamanensis,Dicrurus andamanensis,0.9995,concordant
Dicrurus andamanensis_3_c001,Dicrurus andamanensis,Dicrurus andamanensis,0.9957,concordant
Dicrurus andamanensis_3_c002,Dicrurus andamanensis,Dicrurus andamanensis,0.9957,concordant
Dicrurus andamanensis_4_c000,Dicrurus andamanensis,Dicrurus andamanensis,0.0063,empty
Dicrurus andamanensis_4_c001,Dicrurus andamanensis,Dicrurus andamanensis,0.0953,empty
Dicrurus andamanensis_5_c000,Dicrurus andamanensis,Dicrurus andamanensis,0.9871,concordant
Dicrurus andamanensis_5_c001,Dicrurus andamanensis,Dicrurus andamanensis,0.2568,ambiguous
Dicrurus andamanensis_5_c002,Dicrurus andamanensis,Dicrurus andamanensis,0.9456,concordant
Dicrurus andamanensis_5_c003,Dicrurus andamanensis,Dicrurus andamanensis,0.0272,empty
Dicrurus andamanensis_5_c004,Dicrurus andamanensis,Dicrurus andamanensis,0.9896,concordant
Dicrurus andamanensis_5_c005,Dicrurus andamanensis,Dicrurus andamanensis,0.5390,concordant
Dicrurus andamanensis_5_c006,Dicrurus andamanensis,Dicrurus andamanensis,0.5072,concordant
Dicrurus andamanensis_6_c000,Dicrurus andamanensis,Dicrurus andamanensis,0.5964,concordant
Dicrurus andamanensis_6_c001,Dicrurus andamanensis,Liocichla phoenicea,0.0038,empty
Dicrurus andamanensis_6_c002,Dicrurus andamanensis,Dicrurus andamanensis,0.9807,concordant
Dicrurus andamanensis_6_c003,Dicrurus andamanensis,Dicrurus andamanensis,0.7941,concordant
Dicrurus andamanensis_6_c004,Dicrurus andamanensis,Dicrurus andamanensis,0.0571,empty
Dicrurus andamanensis_7_c000,Dicrurus andamanensis,Dicrurus andamanensis,0.2894,ambiguous
Dicrurus andamanensis_7_c001,Dicrurus andamanensis,Dicrurus andamanensis,0.7245,concordant
Dicrurus andamanensis_7_c002,Dicrurus andamanensis,Dicrurus andamanensis,0.8764,concordant
Dicrurus andamanensis_7_c003,Dicrurus andamanensis,Cyornis unicolor,0.0068,empty
Dicrurus andamanensis_7_c004,Dicrurus andamanensis,Dicrurus andamanensis,0.9080,concordant
Dicrurus andamanensis_7_c005,Dicrurus andamanensis,Dicrurus andamanensis,0.1315,empty
Dicrurus andamanensis_7_c006,Dicrurus andamanensis,Dicrurus andamanensis,0.5029,concordant
Dicrurus andamanensis_8_c000,Dicrurus andamanensis,Psittacula eupatria,0.0292,empty
Dicrurus andamanensis_8_c001,Dicrurus andamanensis,Dicrurus andamanensis,0.0392,empty
Dicrurus andamanensis_8_c002,Dicrurus andamanensis,Dicrurus andamanensis,0.1716,empty
Dicrurus andamanensis_8_c003,Dicrurus andamanensis,Sturnia malabarica,0.0520,empty
Dicrurus andamanensis_8_c004,Dicrurus andamanensis,Dicrurus andamanensis,0.0326,empty
Dicrurus andamanensis_8_c005,Dicrurus andamanensis,Dicrurus andamanensis,0.0904,empty
Dicrurus andamanensis_9_c000,Dicrurus andamanensis,Dicrurus andamanensis,0.5803,concordant
Dicrurus andamanensis_9_c001,Dicrurus andamanensis,Dicrurus andamanensis,0.4534,ambiguous
Dicrurus andamanensis_9_c002,Dicrurus andamanensis,Dicrurus andamanensis,0.4900,ambiguous
Dicrurus andamanensis_9_c003,Dicrurus andamanensis,Dicrurus andamanensis,0.0512,empty
Dicrurus andamanensis_9_c004,Dicrurus andamanensis,Dicrurus andamanensis,0.2100,ambiguous
Dicrurus andamanensis_10_c000,Dicrurus andamanensis,Dicrurus andamanensis,0.9999,concordant
Dicrurus andamanensis_10_c001,Dicrurus andamanensis,Dicrurus andamanensis,0.9991,concordant
Dicrurus andamanensis_10_c002,Dicrurus andamanensis,Dicrurus andamanensis,1.0000,concordant
Dicrurus andamanensis_10_c003,Dicrurus andamanensis,Dicrurus andamanensis,0.9996,concordant
Dicrurus andamanensis_10_c004,Dicrurus andamanensis,Dicrurus andamanensis,0.9998,concordant
Dicrurus andamanensis_10_c005,Dicrurus andamanensis,Dicrurus andamanensis,1.0000,concordant
Dicrurus andamanensis_10_c006,Dicrurus andamanensis,Dicrurus andamanensis,0.9998,concordant
Dicrurus andamanensis_10_c007,Dicrurus andamanensis,Dicrurus andamanensis,0.9972,concordant
Dicrurus andamanensis_10_c008,Dicrurus andamanensis,Dicrurus andamanensis,0.9969,concordant
Dicrurus andamanensis_10_c009,Dicrurus andamanensis,Dicrurus andamanensis,0.9978,concordant
Dicrurus andamanensis_10_c010,Dicrurus andamanensis,Dicrurus andamanensis,0.3443,ambiguous
Dicrurus andamanensis_10_c011,Dicrurus andamanensis,Dicrurus andamanensis,0.4753,ambiguous
Dicrurus andamanensis_11_c000,Dicrurus andamanensis,Dicrurus andamanensis,0.9979,concordant
Dicrurus andamanensis_11_c001,Dicrurus andamanensis,Dicrurus andamanensis,0.9989,concordant
Dicrurus andamanensis_11_c002,Dicrurus andamanensis,Dicrurus andamanensis,0.9990,concordant
Dicrurus andamanensis_11_c003,Dicrurus andamanensis,Dicrurus andamanensis,0.9856,concordant
Dicrurus andamanensis_11_c004,Dicrurus andamanensis,Dicrurus andamanensis,0.9993,concordant
Dicrurus andamanensis_11_c005,Dicrurus andamanensis,Dicrurus andamanensis,0.9999,concordant
Dicrurus andamanensis_11_c006,Dicrurus andamanensis,Dicrurus andamanensis,0.9998,concordant
Dicrurus andamanensis_11_c007,Dicrurus andamanensis,Dicrurus andamanensis,0.9991,concordant
Dicrurus andamanensis_11_c008,Dicrurus andamanensis,Dicrurus andamanensis,0.9998,concordant
Dicrurus andamanensis_11_c009,Dicrurus andamanensis,Dicrurus andamanensis,0.9995,concordant
Dicrurus andamanensis_11_c010,Dicrurus andamanensis,Dicrurus andamanensis,0.9999,concordant
Dicrurus andamanensis_12_c000,Dicrurus andamanensis,Dicrurus andamanensis,0.9794,concordant
Dicrurus andamanensis_12_c001,Dicrurus andamanensis,Dicrurus andamanensis,0.9888,concordant
Dicrurus andamanensis_12_c002,Dicrurus andamanensis,Dicrurus andamanensis,0.9860,concordant
Dicrurus andamanensis_12_c003,Dicrurus andamanensis,Dicrurus andamanensis,0.9811,concordant
Dicrurus andamanensis_12_c004,Dicrurus andamanensis,Dicrurus andamanensis,0.2404,ambiguous
Dicrurus andamanensis_12_c005,Dicrurus andamanensis,Dicrurus andamanensis,0.9739,concordant
Dicrurus andamanensis_13_c000,Dicrurus andamanensis,Dicrurus andamanensis,0.9979,concordant
Dicrurus andamanensis_13_c001,Dicrurus andamanensis,Dicrurus andamanensis,0.9988,concordant
Dicrurus andamanensis_13_c002,Dicrurus andamanensis,Dicrurus andamanensis,0.9772,concordant
Dicrurus andamanensis_13_c003,Dicrurus andamanensis,Dicrurus andamanensis,0.9517,concordant
Dicrurus andamanensis_13_c004,Dicrurus andamanensis,Dicrurus andamanensis,0.9990,concordant
Dicrurus andamanensis_13_c005,Dicrurus andamanensis,Dicrurus andamanensis,0.9960,concordant
Dicrurus andamanensis_13_c006,Dicrurus andamanensis,Dicrurus andamanensis,0.9990,concordant
Dicrurus andamanensis_13_c007,Dicrurus andamanensis,Dicrurus andamanensis,0.9959,concordant
Dicrurus andamanensis_13_c008,Dicrurus andamanensis,Dicrurus andamanensis,0.9966,concordant
Dicrurus andamanensis_13_c009,Dicrurus andamanensis,Dicrurus andamanensis,0.9829,concordant
Dicrurus andamanensis_13_c010,Dicrurus andamanensis,Dicrurus andamanensis,0.9849,concordant
Dicrurus andamanensis_13_c011,Dicrurus andamanensis,Dicrurus andamanensis,0.9997,concordant
Dicrurus andamanensis_13_c012,Dicrurus andamanensis,Dicrurus andamanensis,0.9997,concordant
Dicrurus andamanensis_14_c000,Dicrurus andamanensis,Dicrurus andamanensis,0.9960,concordant
Dicrurus andamanensis_14_c001,Dicrurus andamanensis,Dicrurus andamanensis,0.9929,concordant
Dicrurus andamanensis_14_c002,Dicrurus andamanensis,Dicrurus andamanensis,0.9517,concordant
Dicrurus andamanensis_14_c003,Dicrurus andamanensis,Dicrurus andamanensis,0.8325,concordant
Dicrurus andamanensis_15_c000,Dicrurus andamanensis,Dicrurus andamanensis,0.9885,concordant
Dicrurus andamanensis_15_c001,Dicrurus andamanensis,Dicrurus andamanensis,0.9420,concordant
Dicrurus andamanensis_15_c002,Dicrurus andamanensis,Dicrurus andamanensis,0.0780,empty
Dicrurus andamanensis_15_c003,Dicrurus andamanensis,Dicrurus andamanensis,0.7754,concordant
Dicrurus andamanensis_15_c004,Dicrurus andamanensis,Dicrurus andamanensis,0.0114,empty
Dicrurus andamanensis_15_c005,Dicrurus andamanensis,Dicrurus andamanensis,0.9724,concordant
Dicrurus andamanensis_15_c006,Dicrurus andamanensis,Dicrurus andamanensis,0.1878,empty
Dicrurus andamanensis_15_c007,Dicrurus andamanensis,Dicrurus andamanensis,0.8224,concordant
Dicrurus andamanensis_15_c008,Dicrurus andamanensis,Dicrurus andamanensis,0.1294,empty
Dicrurus andamanensis_15_c009,Dicrurus andamanensis,Dicrurus andamanensis,0.1509,empty
Dicrurus andamanensis_15_c010,Dicrurus andamanensis,Dicrurus andamanensis,0.1226,empty
Dicrurus andamanensis_15_c011,Dicrurus andamanensis,Dicrurus andamanensis,0.9766,concordant
Dicrurus andamanensis_16_c000,Dicrurus andamanensis,Dicrurus andamanensis,0.8309,concordant
Dicrurus andamanensis_16_c001,Dicrurus andamanensis,Dicrurus andamanensis,0.8528,concordant
Dicrurus andamanensis_16_c002,Dicrurus andamanensis,Dicrurus andamanensis,0.8306,concordant
Dicrurus andamanensis_16_c003,Dicrurus andamanensis,Dicrurus andamanensis,0.4161,ambiguous
Dicrurus andamanensis_16_c004,Dicrurus andamanensis,Dicrurus andamanensis,0.1616,empty
Dicrurus andamanensis_16_c005,Dicrurus andamanensis,Dicrurus andamanensis,0.4613,ambiguous
Dicrurus andamanensis_16_c006,Dicrurus andamanensis,Dicrurus andamanensis,0.9461,concordant
Dicrurus andamanensis_17_c000,Dicrurus andamanensis,Psittacula eupatria,0.0258,empty
Dicrurus andamanensis_17_c001,Dicrurus andamanensis,Acridotheres fuscus,0.0456,empty
Dicrurus andamanensis_17_c002,Dicrurus andamanensis,Acridotheres fuscus,0.0113,empty
Dicrurus andamanensis_18_c000,Dicrurus andamanensis,Dicrurus andamanensis,0.9636,concordant
Dicrurus andamanensis_18_c001,Dicrurus andamanensis,Cuculus micropterus,0.9392,intruder
Dicrurus andamanensis_18_c002,Dicrurus andamanensis,Cuculus micropterus,0.6806,intruder
Dicrurus andamanensis_18_c003,Dicrurus andamanensis,Cuculus micropterus,0.0261,empty
Dicrurus andamanensis_18_c004,Dicrurus andamanensis,Dicrurus andamanensis,0.9819,concordant
Dicrurus andamanensis_18_c005,Dicrurus andamanensis,Dicaeum minullum,0.0341,empty
Dicrurus andamanensis_18_c006,Dicrurus andamanensis,Dicrurus andamanensis,0.9524,concordant
Dicrurus andamanensis_18_c007,Dicrurus andamanensis,Dicrurus andamanensis,0.2457,ambiguous
Dicrurus andamanensis_18_c008,Dicrurus andamanensis,Cuculus micropterus,0.4861,ambiguous
Dicrurus andamanensis_18_c009,Dicrurus andamanensis,Dicrurus andamanensis,0.7902,concordant
Dicrurus andamanensis_18_c010,Dicrurus andamanensis,Dicrurus andamanensis,0.0562,empty
Dicrurus andamanensis_18_c011,Dicrurus andamanensis,Dicrurus andamanensis,0.9195,concordant
Dicrurus andamanensis_18_c012,Dicrurus andamanensis,Cuculus micropterus,0.1341,empty
Dicrurus andamanensis_18_c013,Dicrurus andamanensis,Cuculus micropterus,0.7713,intruder
Dicrurus andamanensis_19_c000,Dicrurus andamanensis,Dicrurus andamanensis,0.7260,concordant
Dicrurus andamanensis_19_c001,Dicrurus andamanensis,Centropus andamanensis,0.0087,empty
Dicrurus andamanensis_19_c002,Dicrurus andamanensis,Dicrurus andamanensis,0.2769,ambiguous
Dicrurus andamanensis_19_c003,Dicrurus andamanensis,Dicrurus andamanensis,0.0583,empty
Dicrurus andamanensis_20_c000,Dicrurus andamanensis,Dicrurus andamanensis,0.0468,empty
Dicrurus andamanensis_20_c001,Dicrurus andamanensis,Pnoepyga pusilla,0.0028,empty
Eurystomus orientalis_1_c000,Eurystomus orientalis,Eurystomus orientalis,0.9985,concordant
Eurystomus orientalis_1_c001,Eurystomus orientalis,Eurystomus orientalis,0.9971,concordant
Eurystomus orientalis_1_c002,Eurystomus orientalis,Eurystomus orientalis,0.9865,concordant
Eurystomus orientalis_1_c003,Eurystomus orientalis,Cyornis unicolor,0.0172,empty
Eurystomus orientalis_1_c004,Eurystomus orientalis,Cyornis unicolor,0.0310,empty
Eurystomus orientalis_1_c005,Eurystomus orientalis,Eurystomus orientalis,0.9993,concordant
Eurystomus orientalis_1_c006,Eurystomus orientalis,Eurystomus orientalis,0.9878,concordant
Eurystomus orientalis_1_c007,Eurystomus orientalis,Eurystomus orientalis,0.9831,concordant
Eurystomus orientalis_2_c000,Eurystomus orientalis,Eurystomus orientalis,0.6767,concordant
Eurystomus orientalis_2_c001,Eurystomus orientalis,Eurystomus orientalis,0.5395,concordant
Eurystomus orientalis_2_c002,Eurystomus orientalis,Eurystomus orientalis,0.8447,concordant
Eurystomus orientalis_2_c003,Eurystomus orientalis,Eurystomus orientalis,0.7950,concordant
Eurystomus orientalis_2_c004,Eurystomus orientalis,Eurystomus orientalis,0.9710,concordant
Eurystomus orientalis_2_c005,Eurystomus orientalis,Eurystomus orientalis,0.8347,concordant
Eurystomus orientalis_2_c006,Eurystomus orientalis,Eurystomus orientalis,0.0101,empty
Eurystomus orientalis_3_c000,Eurystomus orientalis,Eurystomus orientalis,0.9026,concordant
Eurystomus orientalis_3_c001,Eurystomus orientalis,Eurystomus orientalis,0.7662,concordant
Eurystomus orientalis_3_c002,Eurystomus orientalis,Pluvialis squatarola,0.0009,empty
Eurystomus orientalis_4_c000,Eurystomus orientalis,Eurystomus orientalis,0.3935,ambiguous
Eurystomus orientalis_4_c001,Eurystomus orientalis,Eurystomus orientalis,0.9217,concordant
Eurystomus orientalis_4_c002,Eurystomus orientalis,Glaucidium cuculoides,0.0595,empty
Eurystomus orientalis_5_c000,Eurystomus orientalis,Eurystomus orientalis,0.6175,concordant
Eurystomus orientalis_5_c001,Eurystomus orientalis,Eurystomus orientalis,0.9129,concordant
Eurystomus orientalis_5_c002,Eurystomus orientalis,Eurystomus orientalis,0.9933,concordant
Eurystomus orientalis_5_c003,Eurystomus orientalis,Eurystomus orientalis,0.7705,concordant
Eurystomus orientalis_5_c004,Eurystomus orientalis,Eurystomus orientalis,0.9541,concordant
Eurystomus orientalis_5_c005,Eurystomus orientalis,Eurystomus orientalis,0.1451,empty
Eurystomus orientalis_5_c006,Eurystomus orientalis,Eurystomus orientalis,0.9765,concordant
Eurystomus orientalis_5_c007,Eurystomus orientalis,Eurystomus orientalis,0.4300,ambiguous
Glaucidium cuculoides_1_c000,Glaucidium cuculoides,Glaucidium cuculoides,0.9682,concordant
Glaucidium cuculoides_1_c001,Glaucidium cuculoides,Glaucidium cuculoides,0.7775,concordant
Glaucidium cuculoides_1_c002,Glaucidium cuculoides,Glaucidium cuculoides,0.1363,empty
Glaucidium cuculoides_1_c003,Glaucidium cuculoides,Glaucidium cuculoides,0.9874,concordant
Glaucidium cuculoides_1_c004,Glaucidium cuculoides,Glaucidium cuculoides,0.4101,ambiguous
Glaucidium cuculoides_2_c000,Glaucidium cuculoides,Glaucidium cuculoides,0.9265,concordant
Glaucidium cuculoides_2_c001,Glaucidium cuculoides,Glaucidium cuculoides,0.9705,concordant
Glaucidium cuculoides_2_c002,Glaucidium cuculoides,Glaucidium cuculoides,0.0240,empty
Glaucidium cuculoides_2_c003,Glaucidium cuculoides,Glaucidium cuculoides,0.0110,empty
Glaucidium cuculoides_2_c004,Glaucidium cuculoides,Glaucidium cuculoides,0.0167,empty
Glaucidium cuculoides_2_c005,Glaucidium cuculoides,Glaucidium cuculoides,0.0068,empty
Glaucidium cuculoides_2_c006,Glaucidium cuculoides,Glaucidium cuculoides,0.0184,empty
Glaucidium cuculoides_2_c007,Glaucidium cuculoides,Glaucidium cuculoides,0.5831,concordant
Glaucidium cuculoides_2_c008,Glaucidium cuculoides,Glaucidium cuculoides,0.9945,concordant
Glaucidium cuculoides_2_c009,Glaucidium cuculoides,Glaucidium cuculoides,0.9161,concordant
Glaucidium cuculoides_3_c000,Glaucidium cuculoides,Glaucidium cuculoides,0.8121,concordant
Glaucidium cuculoides_3_c001,Glaucidium cuculoides,Glaucidium cuculoides,0.4608,ambiguous
Glaucidium cuculoides_3_c002,Glaucidium cuculoides,Glaucidium cuculoides,0.2888,ambiguous
Glaucidium cuculoides_4_c000,Glaucidium cuculoides,Glaucidium cuculoides,0.1668,empty
Glaucidium cuculoides_4_c001,Glaucidium cuculoides,Glaucidium cuculoides,0.1403,empty
Glaucidium cuculoides_5_c000,Glaucidium cuculoides,Glaucidium cuculoides,0.1258,empty
Glaucidium cuculoides_6_c000,Glaucidium cuculoides,Glaucidium cuculoides,0.0802,empty
Glaucidium cuculoides_6_c001,Glaucidium cuculoides,Glaucidium cuculoides,0.2716,ambiguous
Glaucidium cuculoides_6_c002,Glaucidium cuculoides,Glaucidium cuculoides,0.6292,concordant
Glaucidium cuculoides_6_c003,Glaucidium cuculoides,Glaucidium cuculoides,0.7955,concordant
Glaucidium cuculoides_6_c004,Glaucidium cuculoides,Glaucidium cuculoides,0.7978,concordant
Glaucidium cuculoides_6_c005,Glaucidium cuculoides,Glaucidium cuculoides,0.0075,empty
Glaucidium cuculoides_7_c000,Glaucidium cuculoides,Glaucidium cuculoides,0.9477,concordant
Glaucidium cuculoides_7_c001,Glaucidium cuculoides,Glaucidium cuculoides,0.6586,concordant
Glaucidium cuculoides_8_c000,Glaucidium cuculoides,Glaucidium cuculoides,0.0091,empty
Glaucidium cuculoides_8_c001,Glaucidium cuculoides,Glaucidium cuculoides,0.8117,concordant
Glaucidium cuculoides_8_c002,Glaucidium cuculoides,Glaucidium cuculoides,0.7645,concordant
Glaucidium cuculoides_8_c003,Glaucidium cuculoides,Glaucidium cuculoides,0.0080,empty
Glaucidium cuculoides_8_c004,Glaucidium cuculoides,Halcyon coromanda,0.0031,empty
Glaucidium cuculoides_8_c005,Glaucidium cuculoides,Glaucidium cuculoides,0.8453,concordant
Glaucidium cuculoides_8_c006,Glaucidium cuculoides,Glaucidium cuculoides,0.1238,empty
Glaucidium cuculoides_8_c007,Glaucidium cuculoides,Halcyon coromanda,0.0076,empty
Glaucidium cuculoides_9_c000,Glaucidium cuculoides,Glaucidium cuculoides,0.0937,empty
Glaucidium cuculoides_10_c000,Glaucidium cuculoides,Glaucidium cuculoides,0.8637,concordant
Glaucidium cuculoides_10_c001,Glaucidium cuculoides,Glaucidium cuculoides,0.0301,empty
Glaucidium cuculoides_10_c002,Glaucidium cuculoides,Glaucidium cuculoides,0.0220,empty
Glaucidium cuculoides_10_c003,Glaucidium cuculoides,Halcyon coromanda,0.0131,empty
Glaucidium cuculoides_10_c004,Glaucidium cuculoides,Glaucidium cuculoides,0.0181,empty
Glaucidium cuculoides_10_c005,Glaucidium cuculoides,Halcyon coromanda,0.0043,empty
Glaucidium cuculoides_10_c006,Glaucidium cuculoides,Glaucidium cuculoides,0.0180,empty
Glaucidium cuculoides_11_c000,Glaucidium cuculoides,Glaucidium cuculoides,0.2057,ambiguous
Glaucidium cuculoides_12_c000,Glaucidium cuculoides,Psittacula eupatria,0.0254,empty
Glaucidium cuculoides_12_c001,Glaucidium cuculoides,Halcyon coromanda,0.0013,empty
Glaucidium cuculoides_12_c002,Glaucidium cuculoides,Glaucidium cuculoides,0.0058,empty
Glaucidium cuculoides_12_c003,Glaucidium cuculoides,Glaucidium cuculoides,0.0152,empty
Glaucidium cuculoides_12_c004,Glaucidium cuculoides,Psittacula eupatria,0.0394,empty
Glaucidium cuculoides_12_c005,Glaucidium cuculoides,Glaucidium cuculoides,0.0013,empty
Glaucidium cuculoides_12_c006,Glaucidium cuculoides,Glaucidium cuculoides,0.0219,empty
Glaucidium cuculoides_12_c007,Glaucidium cuculoides,Psilopogon lineatus,0.0019,empty
Glaucidium cuculoides_12_c008,Glaucidium cuculoides,Pomatorhinus ruficollis,0.0003,empty
Glaucidium cuculoides_12_c009,Glaucidium cuculoides,Halcyon coromanda,0.0052,empty
Glaucidium cuculoides_12_c010,Glaucidium cuculoides,Psilopogon lineatus,0.0098,empty
Glaucidium cuculoides_12_c011,Glaucidium cuculoides,Psilopogon lineatus,0.0030,empty
Glaucidium cuculoides_12_c012,Glaucidium cuculoides,Halcyon coromanda,0.0009,empty
Glaucidium cuculoides_12_c013,Glaucidium cuculoides,Glaucidium cuculoides,0.1055,empty
Glaucidium cuculoides_12_c014,Glaucidium cuculoides,Glaucidium cuculoides,0.0101,empty
Glaucidium cuculoides_12_c015,Glaucidium cuculoides,Pomatorhinus ruficollis,0.0011,empty
Glaucidium cuculoides_12_c016,Glaucidium cuculoides,Halcyon coromanda,0.0031,empty
Glaucidium cuculoides_12_c017,Glaucidium cuculoides,Halcyon coromanda,0.0040,empty
Glaucidium cuculoides_12_c018,Glaucidium cuculoides,Glaucidium cuculoides,0.0133,empty
Glaucidium cuculoides_12_c019,Glaucidium cuculoides,Glaucidium cuculoides,0.4743,ambiguous
Glaucidium cuculoides_12_c020,Glaucidium cuculoides,Glaucidium cuculoides,0.0927,empty
Glaucidium cuculoides_12_c021,Glaucidium cuculoides,Glaucidium cuculoides,0.0105,empty
Glaucidium cuculoides_12_c022,Glaucidium cuculoides,Glaucidium cuculoides,0.0027,empty
Glaucidium cuculoides_12_c023,Glaucidium cuculoides,Glaucidium cuculoides,0.0164,empty
Glaucidium cuculoides_12_c024,Glaucidium cuculoides,Glaucidium cuculoides,0.0001,empty
Glaucidium cuculoides_12_c025,Glaucidium cuculoides,Glaucidium cuculoides,0.0265,empty
Glaucidium cuculoides_12_c026,Glaucidium cuculoides,Glaucidium cuculoides,0.0306,empty
Glaucidium cuculoides_12_c027,Glaucidium cuculoides,Glaucidium cuculoides,0.0304,empty
Glaucidium cuculoides_13_c000,Glaucidium cuculoides,Glaucidium cuculoides,0.5027,concordant
Glaucidium cuculoides_13_c001,Glaucidium cuculoides,Glaucidium cuculoides,0.1609,empty
Glaucidium cuculoides_13_c002,Glaucidium cuculoides,Glaucidium cuculoides,0.4692,ambiguous
Glaucidium cuculoides_13_c003,Glaucidium cuculoides,Glaucidium cuculoides,0.3029,ambiguous
Glaucidium cuculoides_14_c000,Glaucidium cuculoides,Glaucidium cuculoides,0.8754,concordant
Glaucidium cuculoides_14_c001,Glaucidium cuculoides,Glaucidium cuculoides,0.6840,concordant
Glaucidium cuculoides_14_c002,Glaucidium cuculoides,Glaucidium cuculoides,0.0274,empty
Glaucidium cuculoides_14_c003,Glaucidium cuculoides,Glaucidium cuculoides,0.1393,empty
Glaucidium cuculoides_14_c004,Glaucidium cuculoides,Pellorneum ruficeps,0.0020,empty
Glaucidium cuculoides_14_c005,Glaucidium cuculoides,Glaucidium cuculoides,0.1998,empty
Glaucidium cuculoides_14_c006,Glaucidium cuculoides,Glaucidium cuculoides,0.1521,empty
Glaucidium cuculoides_15_c000,Glaucidium cuculoides,Glaucidium cuculoides,0.8754,concordant
Glaucidium cuculoides_15_c001,Glaucidium cuculoides,Glaucidium cuculoides,0.6840,concordant
Glaucidium cuculoides_15_c002,Glaucidium cuculoides,Glaucidium cuculoides,0.0274,empty
Glaucidium cuculoides_15_c003,Glaucidium cuculoides,Glaucidium cuculoides,0.1393,empty
Glaucidium cuculoides_15_c004,Glaucidium cuculoides,Pellorneum ruficeps,0.0020,empty
Glaucidium cuculoides_15_c005,Glaucidium cuculoides,Glaucidium cuculoides,0.1998,empty
Glaucidium cuculoides_15_c006,Glaucidium cuculoides,Glaucidium cuculoides,0.1521,empty
Glaucidium cuculoides_16_c000,Glaucidium cuculoides,Glaucidium cuculoides,0.8349,concordant
Glaucidium cuculoides_17_c000,Glaucidium cuculoides,Arborophila torqueola,0.0141,empty
Glaucidium cuculoides_17_c001,Glaucidium cuculoides,Arborophila torqueola,0.0097,empty
Glaucidium cuculoides_17_c002,Glaucidium cuculoides,Pnoepyga pusilla,0.0004,empty
Glaucidium cuculoides_17_c003,Glaucidium cuculoides,Pnoepyga pusilla,0.0006,empty
Glaucidium cuculoides_17_c004,Glaucidium cuculoides,Glaucidium cuculoides,0.2877,ambiguous
Glaucidium cuculoides_17_c005,Glaucidium cuculoides,Glaucidium cuculoides,0.5491,concordant
Glaucidium cuculoides_17_c006,Glaucidium cuculoides,Glaucidium cuculoides,0.5761,concordant
Glaucidium cuculoides_18_c000,Glaucidium cuculoides,Psittacula eupatria,0.0037,empty
Glaucidium cuculoides_18_c001,Glaucidium cuculoides,Cyornis unicolor,0.1006,empty
Glaucidium cuculoides_19_c000,Glaucidium cuculoides,Glaucidium cuculoides,0.6640,concordant
Glaucidium cuculoides_19_c001,Glaucidium cuculoides,Glaucidium cuculoides,0.9492,concordant
Glaucidium cuculoides_20_c000,Glaucidium cuculoides,Glaucidium cuculoides,0.7603,concordant
Glaucidium cuculoides_20_c001,Glaucidium cuculoides,Glaucidium cuculoides,0.1853,empty
Glaucidium cuculoides_21_c000,Glaucidium cuculoides,Glaucidium cuculoides,0.9691,concordant
Glaucidium cuculoides_21_c001,Glaucidium cuculoides,Glaucidium cuculoides,0.6126,concordant
Glaucidium cuculoides_21_c002,Glaucidium cuculoides,Glaucidium cuculoides,0.7153,concordant
Glaucidium cuculoides_21_c003,Glaucidium cuculoides,Glaucidium cuculoides,0.3950,ambiguous
Glaucidium cuculoides_21_c004,Glaucidium cuculoides,Glaucidium cuculoides,0.2111,ambiguous
Glaucidium cuculoides_21_c005,Glaucidium cuculoides,Glaucidium cuculoides,0.1860,empty
Glaucidium cuculoides_21_c006,Glaucidium cuculoides,Glaucidium cuculoides,0.9845,concordant
Glaucidium cuculoides_21_c007,Glaucidium cuculoides,Glaucidium cuculoides,0.3460,ambiguous
Glaucidium cuculoides_21_c008,Glaucidium cuculoides,Glaucidium cuculoides,0.5595,concordant
Glaucidium cuculoides_21_c009,Glaucidium cuculoides,Glaucidium cuculoides,0.1968,empty
Glaucidium cuculoides_22_c000,Glaucidium cuculoides,Glaucidium cuculoides,0.8866,concordant
Glaucidium cuculoides_22_c001,Glaucidium cuculoides,Glaucidium cuculoides,0.7064,concordant
Glaucidium cuculoides_23_c000,Glaucidium cuculoides,Glaucidium cuculoides,0.9953,concordant
Glaucidium cuculoides_23_c001,Glaucidium cuculoides,Glaucidium cuculoides,0.8737,concordant
Glaucidium cuculoides_23_c002,Glaucidium cuculoides,Glaucidium cuculoides,0.0941,empty
Glaucidium cuculoides_23_c003,Glaucidium cuculoides,Glaucidium cuculoides,0.0383,empty
Glaucidium cuculoides_24_c000,Glaucidium cuculoides,Glaucidium cuculoides,0.8573,concordant
Glaucidium cuculoides_24_c001,Glaucidium cuculoides,Glaucidium cuculoides,0.9381,concordant
Glaucidium cuculoides_25_c000,Glaucidium cuculoides,Glaucidium cuculoides,0.6352,concordant
Glaucidium cuculoides_25_c001,Glaucidium cuculoides,Glaucidium cuculoides,0.8790,concordant
Glaucidium cuculoides_25_c002,Glaucidium cuculoides,Polyplectron bicalcaratum,0.1848,empty
Glaucidium cuculoides_25_c003,Glaucidium cuculoides,Polyplectron bicalcaratum,0.0136,empty
Glaucidium cuculoides_25_c004,Glaucidium cuculoides,Polyplectron bicalcaratum,0.0251,empty
Glaucidium cuculoides_25_c005,Glaucidium cuculoides,Glaucidium cuculoides,0.8178,concordant
Glaucidium cuculoides_25_c006,Glaucidium cuculoides,Glaucidium cuculoides,0.9459,concordant
Glaucidium cuculoides_25_c007,Glaucidium cuculoides,Glaucidium cuculoides,0.0820,empty
Glaucidium cuculoides_25_c008,Glaucidium cuculoides,Halcyon coromanda,0.0151,empty
Glaucidium cuculoides_25_c009,Glaucidium cuculoides,Polyplectron bicalcaratum,0.0123,empty
Glaucidium cuculoides_25_c010,Glaucidium cuculoides,Glaucidium cuculoides,0.3645,ambiguous
Glaucidium cuculoides_25_c011,Glaucidium cuculoides,Glaucidium cuculoides,0.8677,concordant
Glaucidium cuculoides_26_c000,Glaucidium cuculoides,Macronus gularis,0.0007,empty
Glaucidium cuculoides_26_c001,Glaucidium cuculoides,Glaucidium cuculoides,0.9490,concordant
Glaucidium cuculoides_26_c002,Glaucidium cuculoides,Glaucidium cuculoides,0.9437,concordant
Glaucidium cuculoides_27_c000,Glaucidium cuculoides,Glaucidium cuculoides,0.8570,concordant
Glaucidium cuculoides_27_c001,Glaucidium cuculoides,Glaucidium cuculoides,0.9763,concordant
Glaucidium cuculoides_27_c002,Glaucidium cuculoides,Glaucidium cuculoides,0.9696,concordant
Glaucidium cuculoides_28_c000,Glaucidium cuculoides,Glaucidium cuculoides,0.0139,empty
Glaucidium cuculoides_28_c001,Glaucidium cuculoides,Glaucidium cuculoides,0.3874,ambiguous
Glaucidium cuculoides_28_c002,Glaucidium cuculoides,Glaucidium cuculoides,0.0013,empty
Glaucidium cuculoides_28_c003,Glaucidium cuculoides,Glaucidium cuculoides,0.0135,empty
Glaucidium cuculoides_29_c000,Glaucidium cuculoides,Glaucidium cuculoides,0.8050,concordant
Glaucidium cuculoides_29_c001,Glaucidium cuculoides,Glaucidium cuculoides,0.8811,concordant
Glaucidium cuculoides_29_c002,Glaucidium cuculoides,Glaucidium cuculoides,0.5922,concordant
Glaucidium cuculoides_29_c003,Glaucidium cuculoides,Glaucidium cuculoides,0.6418,concordant
Glaucidium cuculoides_29_c004,Glaucidium cuculoides,Glaucidium cuculoides,0.5590,concordant
Glaucidium cuculoides_29_c005,Glaucidium cuculoides,Glaucidium cuculoides,0.6124,concordant
Glaucidium cuculoides_29_c006,Glaucidium cuculoides,Glaucidium cuculoides,0.9730,concordant
Glaucidium cuculoides_29_c007,Glaucidium cuculoides,Glaucidium cuculoides,0.4580,ambiguous
Glaucidium cuculoides_29_c008,Glaucidium cuculoides,Glaucidium cuculoides,0.9838,concordant
Glaucidium cuculoides_29_c009,Glaucidium cuculoides,Glaucidium cuculoides,0.9343,concordant
Glaucidium cuculoides_29_c010,Glaucidium cuculoides,Glaucidium cuculoides,0.9272,concordant
Glaucidium cuculoides_29_c011,Glaucidium cuculoides,Glaucidium cuculoides,0.8903,concordant
Glaucidium cuculoides_29_c012,Glaucidium cuculoides,Glaucidium cuculoides,0.6899,concordant
Glaucidium cuculoides_29_c013,Glaucidium cuculoides,Glaucidium cuculoides,0.9839,concordant
Glaucidium cuculoides_29_c014,Glaucidium cuculoides,Glaucidium cuculoides,0.9298,concordant
Glaucidium cuculoides_29_c015,Glaucidium cuculoides,Glaucidium cuculoides,0.8923,concordant
Glaucidium cuculoides_29_c016,Glaucidium cuculoides,Glaucidium cuculoides,0.9246,concordant
Glaucidium cuculoides_29_c017,Glaucidium cuculoides,Glaucidium cuculoides,0.4746,ambiguous
Glaucidium cuculoides_30_c000,Glaucidium cuculoides,Glaucidium cuculoides,0.8212,concordant
Glaucidium cuculoides_30_c001,Glaucidium cuculoides,Glaucidium cuculoides,0.8033,concordant
Glaucidium cuculoides_30_c002,Glaucidium cuculoides,Glaucidium cuculoides,0.9874,concordant
Glaucidium cuculoides_30_c003,Glaucidium cuculoides,Glaucidium cuculoides,0.9739,concordant
Glaucidium cuculoides_30_c004,Glaucidium cuculoides,Glaucidium cuculoides,0.6604,concordant
Glaucidium cuculoides_30_c005,Glaucidium cuculoides,Glaucidium cuculoides,0.6203,concordant
Glaucidium cuculoides_30_c006,Glaucidium cuculoides,Glaucidium cuculoides,0.9669,concordant
Glaucidium cuculoides_30_c007,Glaucidium cuculoides,Glaucidium cuculoides,0.8807,concordant
Glaucidium cuculoides_30_c008,Glaucidium cuculoides,Glaucidium cuculoides,0.9897,concordant
Glaucidium cuculoides_30_c009,Glaucidium cuculoides,Glaucidium cuculoides,0.8668,concordant
Glaucidium cuculoides_30_c010,Glaucidium cuculoides,Glaucidium cuculoides,0.9054,concordant
Glaucidium cuculoides_30_c011,Glaucidium cuculoides,Glaucidium cuculoides,0.8084,concordant
Glaucidium cuculoides_30_c012,Glaucidium cuculoides,Glaucidium cuculoides,0.9844,concordant
Glaucidium cuculoides_30_c013,Glaucidium cuculoides,Glaucidium cuculoides,0.9818,concordant
Glaucidium cuculoides_30_c014,Glaucidium cuculoides,Glaucidium cuculoides,0.9485,concordant
Glaucidium cuculoides_30_c015,Glaucidium cuculoides,Glaucidium cuculoides,0.8260,concordant
Glaucidium cuculoides_30_c016,Glaucidium cuculoides,Glaucidium cuculoides,0.8073,concordant
Glaucidium cuculoides_30_c017,Glaucidium cuculoides,Glaucidium cuculoides,0.9810,concordant
Glaucidium cuculoides_31_c000,Glaucidium cuculoides,Glaucidium cuculoides,0.6511,concordant
Glaucidium cuculoides_31_c001,Glaucidium cuculoides,Glaucidium cuculoides,0.0132,empty
Glaucidium cuculoides_31_c002,Glaucidium cuculoides,Glaucidium cuculoides,0.0064,empty
Glaucidium cuculoides_31_c003,Glaucidium cuculoides,Glaucidium cuculoides,0.1921,empty
Glaucidium cuculoides_31_c004,Glaucidium cuculoides,Glaucidium cuculoides,0.0520,empty
Glaucidium cuculoides_31_c005,Glaucidium cuculoides,Glaucidium cuculoides,0.0101,empty
Glaucidium cuculoides_31_c006,Glaucidium cuculoides,Glaucidium cuculoides,0.0025,empty
Glaucidium cuculoides_31_c007,Glaucidium cuculoides,Glaucidium cuculoides,0.0145,empty
Glaucidium cuculoides_31_c008,Glaucidium cuculoides,Glaucidium cuculoides,0.5567,concordant
Glaucidium cuculoides_31_c009,Glaucidium cuculoides,Glaucidium cuculoides,0.0857,empty
Glaucidium cuculoides_31_c010,Glaucidium cuculoides,Glaucidium cuculoides,0.0026,empty
Glaucidium cuculoides_31_c011,Glaucidium cuculoides,Glaucidium cuculoides,0.0029,empty
Glaucidium cuculoides_31_c012,Glaucidium cuculoides,Glaucidium cuculoides,0.0059,empty
Glaucidium cuculoides_31_c013,Glaucidium cuculoides,Glaucidium cuculoides,0.0006,empty
Glaucidium cuculoides_31_c014,Glaucidium cuculoides,Glaucidium cuculoides,0.0008,empty
Glaucidium cuculoides_31_c015,Glaucidium cuculoides,Glaucidium cuculoides,0.3685,ambiguous
Glaucidium cuculoides_31_c016,Glaucidium cuculoides,Glaucidium cuculoides,0.0008,empty
Glaucidium cuculoides_31_c017,Glaucidium cuculoides,Glaucidium cuculoides,0.0005,empty
Glaucidium cuculoides_31_c018,Glaucidium cuculoides,Glaucidium cuculoides,0.0018,empty
Glaucidium cuculoides_31_c019,Glaucidium cuculoides,Psittacula eupatria,0.0015,empty
Glaucidium cuculoides_31_c020,Glaucidium cuculoides,Glaucidium cuculoides,0.0007,empty
Glaucidium cuculoides_31_c021,Glaucidium cuculoides,Glaucidium cuculoides,0.0039,empty
Glaucidium cuculoides_31_c022,Glaucidium cuculoides,Glaucidium cuculoides,0.0021,empty
Glaucidium cuculoides_31_c023,Glaucidium cuculoides,Glaucidium cuculoides,0.7082,concordant
Glaucidium cuculoides_31_c024,Glaucidium cuculoides,Glaucidium cuculoides,0.4550,ambiguous
Glaucidium cuculoides_31_c025,Glaucidium cuculoides,Pluvialis squatarola,0.0007,empty
Glaucidium cuculoides_31_c026,Glaucidium cuculoides,Glaucidium cuculoides,0.0027,empty
Glaucidium cuculoides_31_c027,Glaucidium cuculoides,Glaucidium cuculoides,0.0040,empty
Glaucidium cuculoides_31_c028,Glaucidium cuculoides,Glaucidium cuculoides,0.0027,empty
Glaucidium cuculoides_31_c029,Glaucidium cuculoides,Glaucidium cuculoides,0.0011,empty
Glaucidium cuculoides_31_c030,Glaucidium cuculoides,Glaucidium cuculoides,0.5768,concordant
Glaucidium cuculoides_31_c031,Glaucidium cuculoides,Glaucidium cuculoides,0.2293,ambiguous
Glaucidium cuculoides_31_c032,Glaucidium cuculoides,Glaucidium cuculoides,0.9068,concordant
Glaucidium cuculoides_31_c033,Glaucidium cuculoides,Glaucidium cuculoides,0.0106,empty
Glaucidium cuculoides_31_c034,Glaucidium cuculoides,Glaucidium cuculoides,0.0023,empty
Glaucidium cuculoides_31_c035,Glaucidium cuculoides,Glaucidium cuculoides,0.2313,ambiguous
Glaucidium cuculoides_31_c036,Glaucidium cuculoides,Glaucidium cuculoides,0.0064,empty
Glaucidium cuculoides_31_c037,Glaucidium cuculoides,Glaucidium cuculoides,0.0392,empty
Glaucidium cuculoides_31_c038,Glaucidium cuculoides,Pluvialis squatarola,0.0009,empty
Glaucidium cuculoides_31_c039,Glaucidium cuculoides,Glaucidium cuculoides,0.0121,empty
Glaucidium cuculoides_31_c040,Glaucidium cuculoides,Glaucidium cuculoides,0.1940,empty
Glaucidium cuculoides_31_c041,Glaucidium cuculoides,Glaucidium cuculoides,0.9800,concordant
Glaucidium cuculoides_31_c042,Glaucidium cuculoides,Glaucidium cuculoides,0.0084,empty
Glaucidium cuculoides_31_c043,Glaucidium cuculoides,Glaucidium cuculoides,0.0086,empty
Glaucidium cuculoides_31_c044,Glaucidium cuculoides,Glaucidium cuculoides,0.0114,empty
Glaucidium cuculoides_31_c045,Glaucidium cuculoides,Glaucidium cuculoides,0.0296,empty
Glaucidium cuculoides_31_c046,Glaucidium cuculoides,Glaucidium cuculoides,0.0414,empty
Glaucidium cuculoides_31_c047,Glaucidium cuculoides,Glaucidium cuculoides,0.0052,empty
Glaucidium cuculoides_31_c048,Glaucidium cuculoides,Glaucidium cuculoides,0.0481,empty
Glaucidium cuculoides_31_c049,Glaucidium cuculoides,Glaucidium cuculoides,0.0090,empty
Glaucidium cuculoides_31_c050,Glaucidium cuculoides,Glaucidium cuculoides,0.1414,empty
Glaucidium cuculoides_31_c051,Glaucidium cuculoides,Glaucidium cuculoides,0.3715,ambiguous
Glaucidium cuculoides_31_c052,Glaucidium cuculoides,Glaucidium cuculoides,0.9050,concordant
Glaucidium cuculoides_31_c053,Glaucidium cuculoides,Glaucidium cuculoides,0.0090,empty
Glaucidium cuculoides_31_c054,Glaucidium cuculoides,Glaucidium cuculoides,0.0020,empty
Glaucidium cuculoides_32_c000,Glaucidium cuculoides,Glaucidium cuculoides,0.9396,concordant
Glaucidium cuculoides_32_c001,Glaucidium cuculoides,Glaucidium cuculoides,0.7249,concordant
Glaucidium cuculoides_32_c002,Glaucidium cuculoides,Glaucidium cuculoides,0.0023,empty
Glaucidium cuculoides_32_c003,Glaucidium cuculoides,Glaucidium cuculoides,0.5605,concordant
Glaucidium cuculoides_32_c004,Glaucidium cuculoides,Glaucidium cuculoides,0.7922,concordant
Glaucidium cuculoides_33_c000,Glaucidium cuculoides,Glaucidium cuculoides,0.0416,empty
Glaucidium cuculoides_33_c001,Glaucidium cuculoides,Glaucidium cuculoides,0.5975,concordant
Glaucidium cuculoides_34_c000,Glaucidium cuculoides,Glaucidium cuculoides,0.4580,ambiguous
Glaucidium cuculoides_34_c001,Glaucidium cuculoides,Glaucidium cuculoides,0.2116,ambiguous
Glaucidium cuculoides_34_c002,Glaucidium cuculoides,Glaucidium cuculoides,0.6683,concordant
Glaucidium cuculoides_34_c003,Glaucidium cuculoides,Glaucidium cuculoides,0.0039,empty
Glaucidium cuculoides_35_c000,Glaucidium cuculoides,Glaucidium cuculoides,0.0223,empty
Glaucidium cuculoides_35_c001,Glaucidium cuculoides,Glaucidium cuculoides,0.0040,empty
Glaucidium cuculoides_36_c000,Glaucidium cuculoides,Glaucidium cuculoides,0.0302,empty
Glaucidium cuculoides_36_c001,Glaucidium cuculoides,Glaucidium cuculoides,0.0047,empty
Glaucidium cuculoides_36_c002,Glaucidium cuculoides,Glaucidium cuculoides,0.0127,empty
Glaucidium cuculoides_37_c000,Glaucidium cuculoides,Glaucidium cuculoides,0.2903,ambiguous
Glaucidium cuculoides_37_c001,Glaucidium cuculoides,Glaucidium cuculoides,0.9682,concordant
Glaucidium cuculoides_37_c002,Glaucidium cuculoides,Glaucidium cuculoides,0.7277,concordant
Glaucidium cuculoides_37_c003,Glaucidium cuculoides,Glaucidium cuculoides,0.0017,empty
Glaucidium cuculoides_37_c004,Glaucidium cuculoides,Glaucidium cuculoides,0.0031,empty
Glaucidium cuculoides_38_c000,Glaucidium cuculoides,Glaucidium cuculoides,0.0011,empty
Glaucidium cuculoides_38_c001,Glaucidium cuculoides,Glaucidium cuculoides,0.0012,empty
Glaucidium cuculoides_38_c002,Glaucidium cuculoides,Glaucidium cuculoides,0.0159,empty
Glaucidium cuculoides_38_c003,Glaucidium cuculoides,Glaucidium cuculoides,0.2814,ambiguous
Glaucidium cuculoides_38_c004,Glaucidium cuculoides,Glaucidium cuculoides,0.0007,empty
Glaucidium cuculoides_38_c005,Glaucidium cuculoides,Psilopogon lineatus,0.0151,empty
Glaucidium cuculoides_38_c006,Glaucidium cuculoides,Glaucidium cuculoides,0.0018,empty
Glaucidium cuculoides_38_c007,Glaucidium cuculoides,Glaucidium cuculoides,0.0011,empty
Glaucidium cuculoides_39_c000,Glaucidium cuculoides,Glaucidium cuculoides,0.9701,concordant
Glaucidium cuculoides_39_c001,Glaucidium cuculoides,Glaucidium cuculoides,0.8467,concordant
Glaucidium cuculoides_39_c002,Glaucidium cuculoides,Glaucidium cuculoides,0.8559,concordant
Glaucidium cuculoides_39_c003,Glaucidium cuculoides,Glaucidium cuculoides,0.3652,ambiguous
Glaucidium cuculoides_39_c004,Glaucidium cuculoides,Glaucidium cuculoides,0.0476,empty
Glaucidium cuculoides_39_c005,Glaucidium cuculoides,Glaucidium cuculoides,0.0065,empty
Glaucidium cuculoides_39_c006,Glaucidium cuculoides,Glaucidium cuculoides,0.0077,empty
Glaucidium cuculoides_40_c000,Glaucidium cuculoides,Glaucidium cuculoides,0.5537,concordant
Glaucidium cuculoides_40_c001,Glaucidium cuculoides,Glaucidium cuculoides,0.1644,empty
Glaucidium cuculoides_41_c000,Glaucidium cuculoides,Glaucidium cuculoides,0.0031,empty
Halcyon coromanda_1_c000,Halcyon coromanda,Halcyon coromanda,0.9941,concordant
Halcyon coromanda_1_c001,Halcyon coromanda,Halcyon coromanda,0.9777,concordant
Halcyon coromanda_1_c002,Halcyon coromanda,Halcyon coromanda,0.8566,concordant
Halcyon coromanda_1_c003,Halcyon coromanda,Pnoepyga pusilla,0.0048,empty
Halcyon coromanda_2_c000,Halcyon coromanda,Halcyon coromanda,0.1480,empty
Halcyon coromanda_3_c000,Halcyon coromanda,Psilopogon lineatus,0.0008,empty
Halcyon coromanda_3_c001,Halcyon coromanda,Psilopogon lineatus,0.0010,empty
Halcyon coromanda_3_c002,Halcyon coromanda,Pomatorhinus ruficollis,0.0008,empty
Halcyon coromanda_4_c000,Halcyon coromanda,Halcyon coromanda,0.9990,concordant
Halcyon coromanda_4_c001,Halcyon coromanda,Halcyon coromanda,0.9961,concordant
Halcyon coromanda_4_c002,Halcyon coromanda,Halcyon coromanda,0.9827,concordant
Halcyon coromanda_5_c000,Halcyon coromanda,Halcyon coromanda,0.9411,concordant
Halcyon coromanda_6_c000,Halcyon coromanda,Halcyon coromanda,0.9964,concordant
Halcyon coromanda_6_c001,Halcyon coromanda,Halcyon coromanda,0.9398,concordant
Halcyon coromanda_6_c002,Halcyon coromanda,Halcyon coromanda,0.9521,concordant
Halcyon coromanda_6_c003,Halcyon coromanda,Halcyon coromanda,0.9604,concordant
Halcyon coromanda_7_c000,Halcyon coromanda,Halcyon coromanda,0.9725,concordant
Halcyon coromanda_7_c001,Halcyon coromanda,Halcyon coromanda,0.8487,concordant
Halcyon coromanda_7_c002,Halcyon coromanda,Halcyon coromanda,0.5869,concordant
Halcyon coromanda_7_c003,Halcyon coromanda,Pomatorhinus ruficollis,0.0087,empty
Halcyon coromanda_8_c000,Halcyon coromanda,Halcyon coromanda,0.7846,concordant
Halcyon coromanda_8_c001,Halcyon coromanda,Halcyon coromanda,0.7488,concordant
Halcyon coromanda_8_c002,Halcyon coromanda,Ixobrychus cinnamomeus,0.0040,empty
Iole cacharensis_1_c000,Iole cacharensis,Iole cacharensis,0.1018,empty
Iole cacharensis_1_c001,Iole cacharensis,Iole cacharensis,0.0297,empty
Iole cacharensis_1_c002,Iole cacharensis,Iole cacharensis,0.0144,empty
Iole cacharensis_2_c000,Iole cacharensis,Todiramphus chloris,0.0011,empty
Iole cacharensis_2_c001,Iole cacharensis,Pellorneum ruficeps,0.0412,empty
Iole cacharensis_2_c002,Iole cacharensis,Pellorneum ruficeps,0.0024,empty
Iole cacharensis_2_c003,Iole cacharensis,Pellorneum ruficeps,0.0092,empty
Iole cacharensis_3_c000,Iole cacharensis,Sturnia malabarica,0.0097,empty
Iole cacharensis_3_c001,Iole cacharensis,Macronus gularis,0.0017,empty
Iole cacharensis_3_c002,Iole cacharensis,Chloropsis cochinchinensis,0.0055,empty
Iole cacharensis_3_c003,Iole cacharensis,Macronus gularis,0.0099,empty
Iole cacharensis_4_c000,Iole cacharensis,Chloropsis cochinchinensis,0.0022,empty
Iole cacharensis_5_c000,Iole cacharensis,Eurystomus orientalis,0.0011,empty
Iole cacharensis_5_c001,Iole cacharensis,Pomatorhinus ruficollis,0.0009,empty
Iole cacharensis_6_c000,Iole cacharensis,Iole cacharensis,0.0173,empty
Iole cacharensis_6_c001,Iole cacharensis,Chloropsis cochinchinensis,0.0300,empty
Iole cacharensis_6_c002,Iole cacharensis,Chloropsis cochinchinensis,0.1723,empty
Iole cacharensis_6_c003,Iole cacharensis,Chloropsis cochinchinensis,0.0541,empty
Iole cacharensis_6_c004,Iole cacharensis,Iole cacharensis,0.0619,empty
Iole cacharensis_6_c005,Iole cacharensis,Iole cacharensis,0.0434,empty
Iole cacharensis_6_c006,Iole cacharensis,Chloropsis cochinchinensis,0.0251,empty
Iole cacharensis_6_c007,Iole cacharensis,Chloropsis cochinchinensis,0.0738,empty
Ixobrychus cinnamomeus_1_c000,Ixobrychus cinnamomeus,Loriculus vernalis,0.0010,empty
Ixobrychus cinnamomeus_2_c000,Ixobrychus cinnamomeus,Chloropsis jerdoni,0.0062,empty
Ixobrychus cinnamomeus_2_c001,Ixobrychus cinnamomeus,Ixobrychus cinnamomeus,0.0161,empty
Ixobrychus cinnamomeus_3_c000,Ixobrychus cinnamomeus,Ixobrychus cinnamomeus,0.0689,empty
Ixobrychus cinnamomeus_3_c001,Ixobrychus cinnamomeus,Ixobrychus cinnamomeus,0.0227,empty
Ixobrychus cinnamomeus_4_c000,Ixobrychus cinnamomeus,Ixobrychus cinnamomeus,0.0019,empty
Ixobrychus cinnamomeus_4_c001,Ixobrychus cinnamomeus,Pluvialis squatarola,0.0016,empty
Ixobrychus cinnamomeus_4_c002,Ixobrychus cinnamomeus,Sturnia malabarica,0.0028,empty
Ixobrychus cinnamomeus_4_c003,Ixobrychus cinnamomeus,Sturnia malabarica,0.0048,empty
Ixobrychus cinnamomeus_4_c004,Ixobrychus cinnamomeus,Sturnia malabarica,0.0053,empty
Ixobrychus cinnamomeus_4_c005,Ixobrychus cinnamomeus,Sturnia malabarica,0.0033,empty
Ixobrychus cinnamomeus_4_c006,Ixobrychus cinnamomeus,Phylloscopus inornatus,0.0081,empty
Ixobrychus cinnamomeus_4_c007,Ixobrychus cinnamomeus,Phylloscopus inornatus,0.0056,empty
Lanius tephronotus_1_c000,Lanius tephronotus,Lanius tephronotus,0.9905,concordant
Lanius tephronotus_1_c001,Lanius tephronotus,Lanius tephronotus,0.8533,concordant
Lanius tephronotus_1_c002,Lanius tephronotus,Lanius tephronotus,0.8888,concordant
Lanius tephronotus_1_c003,Lanius tephronotus,Lanius tephronotus,0.9234,concordant
Lanius tephronotus_1_c004,Lanius tephronotus,Lanius tephronotus,0.3109,ambiguous
Lanius tephronotus_2_c000,Lanius tephronotus,Lanius tephronotus,0.9961,concordant
Lanius tephronotus_2_c001,Lanius tephronotus,Lanius tephronotus,0.9939,concordant
Lanius tephronotus_2_c002,Lanius tephronotus,Lanius tephronotus,0.9981,concordant
Lanius tephronotus_2_c003,Lanius tephronotus,Lanius tephronotus,0.9967,concordant
Lanius tephronotus_2_c004,Lanius tephronotus,Lanius tephronotus,0.4868,ambiguous
Lanius tephronotus_3_c000,Lanius tephronotus,Eurystomus orientalis,0.0318,empty
Lanius tephronotus_4_c000,Lanius tephronotus,Lanius tephronotus,0.1402,empty
Lanius tephronotus_4_c001,Lanius tephronotus,Lanius tephronotus,0.2089,ambiguous
Lanius tephronotus_4_c002,Lanius tephronotus,Lanius tephronotus,0.2221,ambiguous
Lanius tephronotus_4_c003,Lanius tephronotus,Lanius tephronotus,0.0060,empty
Lanius tephronotus_4_c004,Lanius tephronotus,Lanius tephronotus,0.0011,empty
Lanius tephronotus_4_c005,Lanius tephronotus,Pnoepyga pusilla,0.0009,empty
Lanius tephronotus_4_c006,Lanius tephronotus,Pluvialis squatarola,0.0009,empty
Lanius tephronotus_5_c000,Lanius tephronotus,Lanius tephronotus,0.8320,concordant
Lanius tephronotus_5_c001,Lanius tephronotus,Lanius tephronotus,0.1544,empty
Lanius tephronotus_5_c002,Lanius tephronotus,Lanius tephronotus,0.6249,concordant
Lanius tephronotus_5_c003,Lanius tephronotus,Lanius tephronotus,0.2193,ambiguous
Lanius tephronotus_5_c004,Lanius tephronotus,Lanius tephronotus,0.0076,empty
Lanius tephronotus_5_c005,Lanius tephronotus,Lanius tephronotus,0.9045,concordant
Lanius tephronotus_5_c006,Lanius tephronotus,Lanius tephronotus,0.2556,ambiguous
Lanius tephronotus_5_c007,Lanius tephronotus,Lanius tephronotus,0.3644,ambiguous
Lanius tephronotus_5_c008,Lanius tephronotus,Lanius tephronotus,0.5695,concordant
Lanius tephronotus_5_c009,Lanius tephronotus,Lanius tephronotus,0.0045,empty
Lanius tephronotus_5_c010,Lanius tephronotus,Lanius tephronotus,0.1954,empty
Lanius tephronotus_5_c011,Lanius tephronotus,Lanius tephronotus,0.6496,concordant
Lanius tephronotus_5_c012,Lanius tephronotus,Lanius tephronotus,0.9264,concordant
Lanius tephronotus_5_c013,Lanius tephronotus,Lanius tephronotus,0.9506,concordant
Lanius tephronotus_5_c014,Lanius tephronotus,Lanius tephronotus,0.6732,concordant
Lanius tephronotus_5_c015,Lanius tephronotus,Lanius tephronotus,0.6331,concordant
Liocichla phoenicea_1_c000,Liocichla phoenicea,Liocichla phoenicea,0.0857,empty
Liocichla phoenicea_1_c001,Liocichla phoenicea,Liocichla phoenicea,0.0334,empty
Liocichla phoenicea_1_c002,Liocichla phoenicea,Liocichla phoenicea,0.3205,ambiguous
Liocichla phoenicea_1_c003,Liocichla phoenicea,Liocichla phoenicea,0.1010,empty
Liocichla phoenicea_1_c004,Liocichla phoenicea,Liocichla phoenicea,0.0093,empty
Liocichla phoenicea_2_c000,Liocichla phoenicea,Liocichla phoenicea,0.9607,concordant
Liocichla phoenicea_2_c001,Liocichla phoenicea,Liocichla phoenicea,0.9717,concordant
Liocichla phoenicea_2_c002,Liocichla phoenicea,Liocichla phoenicea,0.9763,concordant
Liocichla phoenicea_2_c003,Liocichla phoenicea,Liocichla phoenicea,0.9255,concordant
Liocichla phoenicea_2_c004,Liocichla phoenicea,Liocichla phoenicea,0.9740,concordant
Liocichla phoenicea_2_c005,Liocichla phoenicea,Liocichla phoenicea,0.9800,concordant
Liocichla phoenicea_2_c006,Liocichla phoenicea,Liocichla phoenicea,0.9835,concordant
Liocichla phoenicea_2_c007,Liocichla phoenicea,Liocichla phoenicea,0.9196,concordant
Liocichla phoenicea_2_c008,Liocichla phoenicea,Liocichla phoenicea,0.9063,concordant
Liocichla phoenicea_2_c009,Liocichla phoenicea,Liocichla phoenicea,0.9685,concordant
Liocichla phoenicea_2_c010,Liocichla phoenicea,Liocichla phoenicea,0.9559,concordant
Liocichla phoenicea_2_c011,Liocichla phoenicea,Liocichla phoenicea,0.8984,concordant
Liocichla phoenicea_3_c000,Liocichla phoenicea,Liocichla phoenicea,0.5646,concordant
Liocichla phoenicea_3_c001,Liocichla phoenicea,Liocichla phoenicea,0.0920,empty
Liocichla phoenicea_3_c002,Liocichla phoenicea,Liocichla phoenicea,0.2707,ambiguous
Liocichla phoenicea_3_c003,Liocichla phoenicea,Polyplectron bicalcaratum,0.1651,empty
Liocichla phoenicea_3_c004,Liocichla phoenicea,Liocichla phoenicea,0.1385,empty
Liocichla phoenicea_3_c005,Liocichla phoenicea,Polyplectron bicalcaratum,0.1062,empty
Liocichla phoenicea_3_c006,Liocichla phoenicea,Liocichla phoenicea,0.0183,empty
Liocichla phoenicea_3_c007,Liocichla phoenicea,Liocichla phoenicea,0.0601,empty
Liocichla phoenicea_4_c000,Liocichla phoenicea,Liocichla phoenicea,0.8557,concordant
Liocichla phoenicea_4_c001,Liocichla phoenicea,Liocichla phoenicea,0.6421,concordant
Liocichla phoenicea_4_c002,Liocichla phoenicea,Liocichla phoenicea,0.8302,concordant
Liocichla phoenicea_4_c003,Liocichla phoenicea,Liocichla phoenicea,0.5088,concordant
Liocichla phoenicea_4_c004,Liocichla phoenicea,Liocichla phoenicea,0.5785,concordant
Liocichla phoenicea_4_c005,Liocichla phoenicea,Liocichla phoenicea,0.6243,concordant
Liocichla phoenicea_4_c006,Liocichla phoenicea,Liocichla phoenicea,0.4870,ambiguous
Liocichla phoenicea_4_c007,Liocichla phoenicea,Liocichla phoenicea,0.6857,concordant
Liocichla phoenicea_4_c008,Liocichla phoenicea,Pomatorhinus ruficollis,0.0130,empty
Liocichla phoenicea_4_c009,Liocichla phoenicea,Liocichla phoenicea,0.3873,ambiguous
Liocichla phoenicea_5_c000,Liocichla phoenicea,Liocichla phoenicea,0.9880,concordant
Liocichla phoenicea_5_c001,Liocichla phoenicea,Liocichla phoenicea,0.9749,concordant
Liocichla phoenicea_5_c002,Liocichla phoenicea,Liocichla phoenicea,0.9390,concordant
Liocichla phoenicea_5_c003,Liocichla phoenicea,Liocichla phoenicea,0.9381,concordant
Liocichla phoenicea_5_c004,Liocichla phoenicea,Liocichla phoenicea,0.9661,concordant
Liocichla phoenicea_5_c005,Liocichla phoenicea,Liocichla phoenicea,0.9059,concordant
Liocichla phoenicea_5_c006,Liocichla phoenicea,Liocichla phoenicea,0.9943,concordant
Liocichla phoenicea_6_c000,Liocichla phoenicea,Liocichla phoenicea,0.9364,concordant
Liocichla phoenicea_6_c001,Liocichla phoenicea,Liocichla phoenicea,0.9200,concordant
Liocichla phoenicea_6_c002,Liocichla phoenicea,Liocichla phoenicea,0.6034,concordant
Liocichla phoenicea_6_c003,Liocichla phoenicea,Liocichla phoenicea,0.9429,concordant
Liocichla phoenicea_6_c004,Liocichla phoenicea,Liocichla phoenicea,0.9938,concordant
Liocichla phoenicea_6_c005,Liocichla phoenicea,Pomatorhinus ruficollis,0.0099,empty
Liocichla phoenicea_6_c006,Liocichla phoenicea,Liocichla phoenicea,0.8593,concordant
Liocichla phoenicea_6_c007,Liocichla phoenicea,Liocichla phoenicea,0.9871,concordant
Liocichla phoenicea_6_c008,Liocichla phoenicea,Liocichla phoenicea,0.1552,empty
Liocichla phoenicea_6_c009,Liocichla phoenicea,Liocichla phoenicea,0.9798,concordant
Liocichla phoenicea_6_c010,Liocichla phoenicea,Liocichla phoenicea,0.9941,concordant
Liocichla phoenicea_6_c011,Liocichla phoenicea,Arborophila torqueola,0.0027,empty
Liocichla phoenicea_7_c000,Liocichla phoenicea,Liocichla phoenicea,0.8401,concordant
Liocichla phoenicea_7_c001,Liocichla phoenicea,Cyornis unicolor,0.0191,empty
Liocichla phoenicea_7_c002,Liocichla phoenicea,Liocichla phoenicea,0.1901,empty
Liocichla phoenicea_7_c003,Liocichla phoenicea,Liocichla phoenicea,0.1217,empty
Liocichla phoenicea_8_c000,Liocichla phoenicea,Liocichla phoenicea,0.9502,concordant
Liocichla phoenicea_8_c001,Liocichla phoenicea,Liocichla phoenicea,0.5078,concordant
Liocichla phoenicea_8_c002,Liocichla phoenicea,Liocichla phoenicea,0.3891,ambiguous
Liocichla phoenicea_8_c003,Liocichla phoenicea,Liocichla phoenicea,0.1398,empty
Liocichla phoenicea_8_c004,Liocichla phoenicea,Pellorneum ruficeps,0.0028,empty
Liocichla phoenicea_8_c005,Liocichla phoenicea,Liocichla phoenicea,0.2326,ambiguous
Liocichla phoenicea_8_c006,Liocichla phoenicea,Liocichla phoenicea,0.9273,concordant
Liocichla phoenicea_8_c007,Liocichla phoenicea,Liocichla phoenicea,0.4586,ambiguous
Liocichla phoenicea_9_c000,Liocichla phoenicea,Liocichla phoenicea,0.2110,ambiguous
Liocichla phoenicea_9_c001,Liocichla phoenicea,Liocichla phoenicea,0.5154,concordant
Liocichla phoenicea_9_c002,Liocichla phoenicea,Liocichla phoenicea,0.2806,ambiguous
Liocichla phoenicea_9_c003,Liocichla phoenicea,Liocichla phoenicea,0.9910,concordant
Liocichla phoenicea_9_c004,Liocichla phoenicea,Liocichla phoenicea,0.8592,concordant
Liocichla phoenicea_9_c005,Liocichla phoenicea,Loriculus vernalis,0.0133,empty
Liocichla phoenicea_9_c006,Liocichla phoenicea,Liocichla phoenicea,0.9911,concordant
Liocichla phoenicea_9_c007,Liocichla phoenicea,Liocichla phoenicea,0.9860,concordant
Liocichla phoenicea_9_c008,Liocichla phoenicea,Liocichla phoenicea,0.9842,concordant
Liocichla phoenicea_9_c009,Liocichla phoenicea,Liocichla phoenicea,0.1089,empty
Liocichla phoenicea_9_c010,Liocichla phoenicea,Liocichla phoenicea,0.9353,concordant
Liocichla phoenicea_9_c011,Liocichla phoenicea,Liocichla phoenicea,0.6996,concordant
Liocichla phoenicea_10_c000,Liocichla phoenicea,Liocichla phoenicea,0.4663,ambiguous
Liocichla phoenicea_10_c001,Liocichla phoenicea,Liocichla phoenicea,0.4019,ambiguous
Liocichla phoenicea_10_c002,Liocichla phoenicea,Liocichla phoenicea,0.9321,concordant
Liocichla phoenicea_10_c003,Liocichla phoenicea,Liocichla phoenicea,0.9801,concordant
Liocichla phoenicea_10_c004,Liocichla phoenicea,Liocichla phoenicea,0.9915,concordant
Liocichla phoenicea_10_c005,Liocichla phoenicea,Liocichla phoenicea,0.9505,concordant
Liocichla phoenicea_10_c006,Liocichla phoenicea,Liocichla phoenicea,0.9551,concordant
Liocichla phoenicea_10_c007,Liocichla phoenicea,Liocichla phoenicea,0.0753,empty
Liocichla phoenicea_10_c008,Liocichla phoenicea,Liocichla phoenicea,0.3954,ambiguous
Liocichla phoenicea_10_c009,Liocichla phoenicea,Liocichla phoenicea,0.2184,ambiguous
Liocichla phoenicea_10_c010,Liocichla phoenicea,Liocichla phoenicea,0.3996,ambiguous
Liocichla phoenicea_11_c000,Liocichla phoenicea,Liocichla phoenicea,0.9908,concordant
Liocichla phoenicea_11_c001,Liocichla phoenicea,Liocichla phoenicea,0.9914,concordant
Liocichla phoenicea_11_c002,Liocichla phoenicea,Liocichla phoenicea,0.9577,concordant
Liocichla phoenicea_11_c003,Liocichla phoenicea,Liocichla phoenicea,0.1472,empty
Liocichla phoenicea_11_c004,Liocichla phoenicea,Liocichla phoenicea,0.9326,concordant
Liocichla phoenicea_11_c005,Liocichla phoenicea,Liocichla phoenicea,0.9166,concordant
Liocichla phoenicea_12_c000,Liocichla phoenicea,Liocichla phoenicea,0.3319,ambiguous
Liocichla phoenicea_12_c001,Liocichla phoenicea,Liocichla phoenicea,0.6453,concordant
Liocichla phoenicea_12_c002,Liocichla phoenicea,Pellorneum ruficeps,0.0022,empty
Liocichla phoenicea_12_c003,Liocichla phoenicea,Liocichla phoenicea,0.6018,concordant
Liocichla phoenicea_12_c004,Liocichla phoenicea,Liocichla phoenicea,0.8451,concordant
Liocichla phoenicea_12_c005,Liocichla phoenicea,Liocichla phoenicea,0.1051,empty
Liocichla phoenicea_12_c006,Liocichla phoenicea,Cyornis unicolor,0.0023,empty
Liocichla phoenicea_12_c007,Liocichla phoenicea,Liocichla phoenicea,0.7711,concordant
Liocichla phoenicea_12_c008,Liocichla phoenicea,Liocichla phoenicea,0.0021,empty
Liocichla phoenicea_12_c009,Liocichla phoenicea,Liocichla phoenicea,0.8932,concordant
Liocichla phoenicea_12_c010,Liocichla phoenicea,Liocichla phoenicea,0.0026,empty
Liocichla phoenicea_12_c011,Liocichla phoenicea,Liocichla phoenicea,0.8292,concordant
Liocichla phoenicea_12_c012,Liocichla phoenicea,Liocichla phoenicea,0.5021,concordant
Liocichla phoenicea_13_c000,Liocichla phoenicea,Liocichla phoenicea,0.9604,concordant
Liocichla phoenicea_13_c001,Liocichla phoenicea,Liocichla phoenicea,0.8516,concordant
Liocichla phoenicea_13_c002,Liocichla phoenicea,Liocichla phoenicea,0.1330,empty
Liocichla phoenicea_13_c003,Liocichla phoenicea,Liocichla phoenicea,0.3542,ambiguous
Liocichla phoenicea_13_c004,Liocichla phoenicea,Liocichla phoenicea,0.4156,ambiguous
Liocichla phoenicea_13_c005,Liocichla phoenicea,Liocichla phoenicea,0.9448,concordant
Liocichla phoenicea_13_c006,Liocichla phoenicea,Liocichla phoenicea,0.9888,concordant
Liocichla phoenicea_13_c007,Liocichla phoenicea,Liocichla phoenicea,0.9961,concordant
Liocichla phoenicea_13_c008,Liocichla phoenicea,Chelidorhynx hypoxanthus,0.5904,ambiguous
Liocichla phoenicea_13_c009,Liocichla phoenicea,Liocichla phoenicea,0.9752,concordant
Liocichla phoenicea_13_c010,Liocichla phoenicea,Liocichla phoenicea,0.1328,empty
Liocichla phoenicea_13_c011,Liocichla phoenicea,Chelidorhynx hypoxanthus,0.4622,ambiguous
Liocichla phoenicea_13_c012,Liocichla phoenicea,Liocichla phoenicea,0.1279,empty
Liocichla phoenicea_13_c013,Liocichla phoenicea,Liocichla phoenicea,0.8207,concordant
Liocichla phoenicea_13_c014,Liocichla phoenicea,Liocichla phoenicea,0.8039,concordant
Liocichla phoenicea_13_c015,Liocichla phoenicea,Liocichla phoenicea,0.1707,empty
Liocichla phoenicea_13_c016,Liocichla phoenicea,Liocichla phoenicea,0.9376,concordant
Liocichla phoenicea_13_c017,Liocichla phoenicea,Liocichla phoenicea,0.9669,concordant
Liocichla phoenicea_13_c018,Liocichla phoenicea,Liocichla phoenicea,0.6296,concordant
Liocichla phoenicea_13_c019,Liocichla phoenicea,Liocichla phoenicea,0.9041,concordant
Liocichla phoenicea_13_c020,Liocichla phoenicea,Liocichla phoenicea,0.9948,concordant
Liocichla phoenicea_13_c021,Liocichla phoenicea,Liocichla phoenicea,0.8894,concordant
Liocichla phoenicea_13_c022,Liocichla phoenicea,Liocichla phoenicea,0.9560,concordant
Liocichla phoenicea_13_c023,Liocichla phoenicea,Liocichla phoenicea,0.9946,concordant
Liocichla phoenicea_13_c024,Liocichla phoenicea,Liocichla phoenicea,0.9571,concordant
Liocichla phoenicea_13_c025,Liocichla phoenicea,Liocichla phoenicea,0.9244,concordant
Liocichla phoenicea_13_c026,Liocichla phoenicea,Liocichla phoenicea,0.9835,concordant
Liocichla phoenicea_13_c027,Liocichla phoenicea,Liocichla phoenicea,0.9893,concordant
Liocichla phoenicea_13_c028,Liocichla phoenicea,Liocichla phoenicea,0.7861,concordant
Liocichla phoenicea_13_c029,Liocichla phoenicea,Liocichla phoenicea,0.8763,concordant
Liocichla phoenicea_13_c030,Liocichla phoenicea,Liocichla phoenicea,0.9946,concordant
Liocichla phoenicea_13_c031,Liocichla phoenicea,Liocichla phoenicea,0.9907,concordant
Liocichla phoenicea_13_c032,Liocichla phoenicea,Liocichla phoenicea,0.9851,concordant
Liocichla phoenicea_13_c033,Liocichla phoenicea,Liocichla phoenicea,0.6392,concordant
Liocichla phoenicea_13_c034,Liocichla phoenicea,Liocichla phoenicea,0.9320,concordant
Liocichla phoenicea_14_c000,Liocichla phoenicea,Liocichla phoenicea,0.9900,concordant
Liocichla phoenicea_14_c001,Liocichla phoenicea,Liocichla phoenicea,0.9873,concordant
Liocichla phoenicea_14_c002,Liocichla phoenicea,Liocichla phoenicea,0.9460,concordant
Liocichla phoenicea_14_c003,Liocichla phoenicea,Liocichla phoenicea,0.1279,empty
Liocichla phoenicea_14_c004,Liocichla phoenicea,Liocichla phoenicea,0.9364,concordant
Liocichla phoenicea_14_c005,Liocichla phoenicea,Liocichla phoenicea,0.9329,concordant
Liocichla phoenicea_15_c000,Liocichla phoenicea,Liocichla phoenicea,0.0111,empty
Liocichla phoenicea_15_c001,Liocichla phoenicea,Liocichla phoenicea,0.1059,empty
Liocichla phoenicea_15_c002,Liocichla phoenicea,Liocichla phoenicea,0.1044,empty
Liocichla phoenicea_15_c003,Liocichla phoenicea,Pnoepyga pusilla,0.0032,empty
Liocichla phoenicea_16_c000,Liocichla phoenicea,Liocichla phoenicea,0.6395,concordant
Liocichla phoenicea_16_c001,Liocichla phoenicea,Liocichla phoenicea,0.4815,ambiguous
Liocichla phoenicea_16_c002,Liocichla phoenicea,Cuculus micropterus,0.0031,empty
Liocichla phoenicea_16_c003,Liocichla phoenicea,Liocichla phoenicea,0.8315,concordant
Liocichla phoenicea_16_c004,Liocichla phoenicea,Liocichla phoenicea,0.3360,ambiguous
Liocichla phoenicea_16_c005,Liocichla phoenicea,Psittacula eupatria,0.0163,empty
Liocichla phoenicea_17_c000,Liocichla phoenicea,Liocichla phoenicea,0.9962,concordant
Liocichla phoenicea_17_c001,Liocichla phoenicea,Liocichla phoenicea,0.9846,concordant
Liocichla phoenicea_17_c002,Liocichla phoenicea,Liocichla phoenicea,0.9857,concordant
Liocichla phoenicea_17_c003,Liocichla phoenicea,Liocichla phoenicea,0.8103,concordant
Liocichla phoenicea_17_c004,Liocichla phoenicea,Liocichla phoenicea,0.9930,concordant
Liocichla phoenicea_18_c000,Liocichla phoenicea,Liocichla phoenicea,0.9898,concordant
Liocichla phoenicea_18_c001,Liocichla phoenicea,Liocichla phoenicea,0.9968,concordant
Liocichla phoenicea_18_c002,Liocichla phoenicea,Liocichla phoenicea,0.9878,concordant
Liocichla phoenicea_19_c000,Liocichla phoenicea,Liocichla phoenicea,0.9843,concordant
Liocichla phoenicea_19_c001,Liocichla phoenicea,Liocichla phoenicea,0.9479,concordant
Liocichla phoenicea_19_c002,Liocichla phoenicea,Liocichla phoenicea,0.8969,concordant
Liocichla phoenicea_19_c003,Liocichla phoenicea,Liocichla phoenicea,0.9822,concordant
Liocichla phoenicea_20_c000,Liocichla phoenicea,Liocichla phoenicea,0.8279,concordant
Liocichla phoenicea_20_c001,Liocichla phoenicea,Liocichla phoenicea,0.3478,ambiguous
Liocichla phoenicea_21_c000,Liocichla phoenicea,Liocichla phoenicea,0.6556,concordant
Liocichla phoenicea_21_c001,Liocichla phoenicea,Liocichla phoenicea,0.8033,concordant
Liocichla phoenicea_21_c002,Liocichla phoenicea,Liocichla phoenicea,0.6285,concordant
Liocichla phoenicea_21_c003,Liocichla phoenicea,Liocichla phoenicea,0.0990,empty
Liocichla phoenicea_21_c004,Liocichla phoenicea,Liocichla phoenicea,0.9271,concordant
Liocichla phoenicea_21_c005,Liocichla phoenicea,Liocichla phoenicea,0.8888,concordant
Liocichla phoenicea_21_c006,Liocichla phoenicea,Liocichla phoenicea,0.9039,concordant
Liocichla phoenicea_21_c007,Liocichla phoenicea,Liocichla phoenicea,0.9192,concordant
Liocichla phoenicea_21_c008,Liocichla phoenicea,Liocichla phoenicea,0.8741,concordant
Liocichla phoenicea_21_c009,Liocichla phoenicea,Liocichla phoenicea,0.2051,ambiguous
Liocichla phoenicea_21_c010,Liocichla phoenicea,Liocichla phoenicea,0.7907,concordant
Liocichla phoenicea_21_c011,Liocichla phoenicea,Liocichla phoenicea,0.3026,ambiguous
Liocichla phoenicea_21_c012,Liocichla phoenicea,Liocichla phoenicea,0.8436,concordant
Liocichla phoenicea_22_c000,Liocichla phoenicea,Liocichla phoenicea,0.1279,empty
Liocichla phoenicea_22_c001,Liocichla phoenicea,Liocichla phoenicea,0.6003,concordant
Liocichla phoenicea_22_c002,Liocichla phoenicea,Liocichla phoenicea,0.3388,ambiguous
Liocichla phoenicea_22_c003,Liocichla phoenicea,Liocichla phoenicea,0.3181,ambiguous
Liocichla phoenicea_22_c004,Liocichla phoenicea,Liocichla phoenicea,0.3568,ambiguous
Liocichla phoenicea_22_c005,Liocichla phoenicea,Eurystomus orientalis,0.0078,empty
Liocichla phoenicea_22_c006,Liocichla phoenicea,Liocichla phoenicea,0.2812,ambiguous
Liocichla phoenicea_23_c000,Liocichla phoenicea,Liocichla phoenicea,0.9657,concordant
Liocichla phoenicea_23_c001,Liocichla phoenicea,Liocichla phoenicea,0.8372,concordant
Liocichla phoenicea_23_c002,Liocichla phoenicea,Liocichla phoenicea,0.9687,concordant
Liocichla phoenicea_23_c003,Liocichla phoenicea,Liocichla phoenicea,0.8748,concordant
Liocichla phoenicea_23_c004,Liocichla phoenicea,Liocichla phoenicea,0.9814,concordant
Liocichla phoenicea_23_c005,Liocichla phoenicea,Liocichla phoenicea,0.9720,concordant
Liocichla phoenicea_23_c006,Liocichla phoenicea,Liocichla phoenicea,0.9947,concordant
Liocichla phoenicea_23_c007,Liocichla phoenicea,Liocichla phoenicea,0.4527,ambiguous
Locustella davidi_1_c000,Locustella davidi,Locustella davidi,0.0078,empty
Locustella davidi_1_c001,Locustella davidi,Locustella davidi,0.0077,empty
Locustella davidi_1_c002,Locustella davidi,Locustella davidi,0.9726,concordant
Locustella davidi_1_c003,Locustella davidi,Locustella davidi,0.0098,empty
Locustella davidi_1_c004,Locustella davidi,Locustella davidi,0.4994,ambiguous
Locustella davidi_1_c005,Locustella davidi,Locustella davidi,0.9483,concordant
Locustella davidi_1_c006,Locustella davidi,Locustella davidi,0.9983,concordant
Locustella davidi_1_c007,Locustella davidi,Ixobrychus cinnamomeus,0.0026,empty
Locustella davidi_2_c000,Locustella davidi,Locustella davidi,0.7774,concordant
Locustella davidi_2_c001,Locustella davidi,Locustella davidi,0.9268,concordant
Locustella davidi_2_c002,Locustella davidi,Locustella davidi,0.9774,concordant
Locustella davidi_2_c003,Locustella davidi,Locustella davidi,0.9372,concordant
Locustella davidi_3_c000,Locustella davidi,Locustella davidi,0.4121,ambiguous
Locustella davidi_3_c001,Locustella davidi,Acrocephalus bistrigiceps,0.0719,empty
Locustella davidi_3_c002,Locustella davidi,Acrocephalus bistrigiceps,0.1304,empty
Locustella davidi_3_c003,Locustella davidi,Acrocephalus bistrigiceps,0.0286,empty
Locustella davidi_3_c004,Locustella davidi,Locustella davidi,0.9881,concordant
Locustella davidi_3_c005,Locustella davidi,Locustella davidi,0.9844,concordant
Locustella davidi_4_c000,Locustella davidi,Locustella davidi,0.9983,concordant
Locustella davidi_4_c001,Locustella davidi,Locustella davidi,0.9926,concordant
Locustella davidi_4_c002,Locustella davidi,Locustella davidi,0.6790,concordant
Locustella davidi_4_c003,Locustella davidi,Locustella davidi,0.9735,concordant
Locustella davidi_4_c004,Locustella davidi,Locustella davidi,0.9892,concordant
Locustella davidi_4_c005,Locustella davidi,Locustella davidi,0.9897,concordant
Locustella davidi_4_c006,Locustella davidi,Locustella davidi,0.9967,concordant
Locustella davidi_4_c007,Locustella davidi,Locustella davidi,0.9903,concordant
Locustella davidi_5_c000,Locustella davidi,Locustella davidi,0.4403,ambiguous
Locustella davidi_5_c001,Locustella davidi,Locustella davidi,0.8093,concordant
Locustella davidi_5_c002,Locustella davidi,Locustella davidi,0.8643,concordant
Locustella davidi_5_c003,Locustella davidi,Locustella davidi,0.5720,concordant
Locustella davidi_5_c004,Locustella davidi,Locustella davidi,0.6125,concordant
Locustella davidi_5_c005,Locustella davidi,Locustella davidi,0.5851,concordant
Locustella davidi_6_c000,Locustella davidi,Locustella davidi,0.7265,concordant
Locustella davidi_6_c001,Locustella davidi,Locustella davidi,0.9841,concordant
Locustella davidi_6_c002,Locustella davidi,Locustella davidi,0.9853,concordant
Locustella davidi_6_c003,Locustella davidi,Locustella davidi,0.9794,concordant
Locustella davidi_6_c004,Locustella davidi,Locustella davidi,0.9517,concordant
Locustella davidi_6_c005,Locustella davidi,Locustella davidi,0.7519,concordant
Locustella davidi_6_c006,Locustella davidi,Locustella davidi,0.8591,concordant
Locustella davidi_6_c007,Locustella davidi,Locustella davidi,0.8438,concordant
Locustella davidi_7_c000,Locustella davidi,Locustella davidi,0.9679,concordant
Locustella davidi_7_c001,Locustella davidi,Locustella davidi,0.9858,concordant
Locustella davidi_7_c002,Locustella davidi,Locustella davidi,0.9801,concordant
Locustella davidi_7_c003,Locustella davidi,Locustella davidi,0.9749,concordant
Locustella davidi_8_c000,Locustella davidi,Locustella davidi,0.9751,concordant
Loriculus vernalis_1_c000,Loriculus vernalis,Loriculus vernalis,0.9717,concordant
Loriculus vernalis_1_c001,Loriculus vernalis,Loriculus vernalis,0.9490,concordant
Loriculus vernalis_1_c002,Loriculus vernalis,Loriculus vernalis,0.6318,concordant
Loriculus vernalis_1_c003,Loriculus vernalis,Loriculus vernalis,0.2198,ambiguous
Loriculus vernalis_1_c004,Loriculus vernalis,Loriculus vernalis,0.7064,concordant
Loriculus vernalis_1_c005,Loriculus vernalis,Loriculus vernalis,0.4785,ambiguous
Loriculus vernalis_1_c006,Loriculus vernalis,Loriculus vernalis,0.9081,concordant
Loriculus vernalis_1_c007,Loriculus vernalis,Loriculus vernalis,0.9289,concordant
Loriculus vernalis_1_c008,Loriculus vernalis,Loriculus vernalis,0.9870,concordant
Loriculus vernalis_2_c000,Loriculus vernalis,Loriculus vernalis,0.9795,concordant
Loriculus vernalis_4_c000,Loriculus vernalis,Loriculus vernalis,0.2362,ambiguous
Loriculus vernalis_5_c000,Loriculus vernalis,Loriculus vernalis,0.6755,concordant
Loriculus vernalis_5_c001,Loriculus vernalis,Loriculus vernalis,0.9471,concordant
Loriculus vernalis_5_c002,Loriculus vernalis,Loriculus vernalis,0.8138,concordant
Loriculus vernalis_5_c003,Loriculus vernalis,Loriculus vernalis,0.8193,concordant
Loriculus vernalis_5_c004,Loriculus vernalis,Loriculus vernalis,0.0026,empty
Loriculus vernalis_6_c000,Loriculus vernalis,Loriculus vernalis,0.0042,empty
Loriculus vernalis_6_c001,Loriculus vernalis,Dicaeum cruentatum,0.0664,empty
Loriculus vernalis_7_c000,Loriculus vernalis,Dicaeum cruentatum,0.0035,empty
Loriculus vernalis_7_c001,Loriculus vernalis,Psittacula eupatria,0.0155,empty
Loriculus vernalis_8_c000,Loriculus vernalis,Loriculus vernalis,0.9159,concordant
Loriculus vernalis_8_c001,Loriculus vernalis,Loriculus vernalis,0.9183,concordant
Loriculus vernalis_8_c002,Loriculus vernalis,Loriculus vernalis,0.9011,concordant
Loriculus vernalis_8_c003,Loriculus vernalis,Loriculus vernalis,0.7880,concordant
Loriculus vernalis_8_c004,Loriculus vernalis,Loriculus vernalis,0.9712,concordant
Loriculus vernalis_8_c005,Loriculus vernalis,Loriculus vernalis,0.9607,concordant
Loriculus vernalis_8_c006,Loriculus vernalis,Loriculus vernalis,0.9814,concordant
Loriculus vernalis_8_c007,Loriculus vernalis,Loriculus vernalis,0.9615,concordant
Loriculus vernalis_8_c008,Loriculus vernalis,Loriculus vernalis,0.7687,concordant
Loriculus vernalis_9_c000,Loriculus vernalis,Loriculus vernalis,0.9826,concordant
Loriculus vernalis_9_c001,Loriculus vernalis,Loriculus vernalis,0.9753,concordant
Loriculus vernalis_10_c000,Loriculus vernalis,Loriculus vernalis,0.2412,ambiguous
Loriculus vernalis_10_c001,Loriculus vernalis,Loriculus vernalis,0.3964,ambiguous
Loriculus vernalis_10_c002,Loriculus vernalis,Loriculus vernalis,0.6318,concordant
Loriculus vernalis_10_c003,Loriculus vernalis,Loriculus vernalis,0.0540,empty
Loriculus vernalis_10_c004,Loriculus vernalis,Loriculus vernalis,0.0175,empty
Loriculus vernalis_10_c005,Loriculus vernalis,Loriculus vernalis,0.2977,ambiguous
Loriculus vernalis_10_c006,Loriculus vernalis,Loriculus vernalis,0.9943,concordant
Loriculus vernalis_10_c007,Loriculus vernalis,Loriculus vernalis,0.0169,empty
Loriculus vernalis_10_c008,Loriculus vernalis,Loriculus vernalis,0.9945,concordant
Loriculus vernalis_10_c009,Loriculus vernalis,Loriculus vernalis,0.9740,concordant
Loriculus vernalis_10_c010,Loriculus vernalis,Loriculus vernalis,0.9841,concordant
Loriculus vernalis_10_c011,Loriculus vernalis,Loriculus vernalis,0.9824,concordant
Loriculus vernalis_10_c012,Loriculus vernalis,Loriculus vernalis,0.6254,concordant
Loriculus vernalis_10_c013,Loriculus vernalis,Loriculus vernalis,0.0089,empty
Loriculus vernalis_11_c000,Loriculus vernalis,Loriculus vernalis,0.9966,concordant
Loriculus vernalis_11_c001,Loriculus vernalis,Loriculus vernalis,0.2942,ambiguous
Loriculus vernalis_12_c000,Loriculus vernalis,Loriculus vernalis,0.2642,ambiguous
Loriculus vernalis_14_c000,Loriculus vernalis,Loriculus vernalis,0.6260,concordant
Loriculus vernalis_14_c001,Loriculus vernalis,Loriculus vernalis,0.8003,concordant
Loriculus vernalis_14_c002,Loriculus vernalis,Loriculus vernalis,0.0890,empty
Loriculus vernalis_14_c003,Loriculus vernalis,Loriculus vernalis,0.0478,empty
Loriculus vernalis_15_c000,Loriculus vernalis,Loriculus vernalis,0.7674,concordant
Loriculus vernalis_15_c001,Loriculus vernalis,Loriculus vernalis,0.0396,empty
Loriculus vernalis_15_c002,Loriculus vernalis,Loriculus vernalis,0.1868,empty
Loriculus vernalis_15_c003,Loriculus vernalis,Loriculus vernalis,0.1010,empty
Loriculus vernalis_15_c004,Loriculus vernalis,Loriculus vernalis,0.0306,empty
Loriculus vernalis_16_c000,Loriculus vernalis,Loriculus vernalis,0.9902,concordant
Loriculus vernalis_16_c001,Loriculus vernalis,Loriculus vernalis,0.9460,concordant
Loriculus vernalis_16_c002,Loriculus vernalis,Loriculus vernalis,0.9917,concordant
Loriculus vernalis_16_c003,Loriculus vernalis,Loriculus vernalis,0.9577,concordant
Loriculus vernalis_16_c004,Loriculus vernalis,Loriculus vernalis,0.9340,concordant
Loriculus vernalis_16_c005,Loriculus vernalis,Loriculus vernalis,0.6727,concordant
Loriculus vernalis_17_c000,Loriculus vernalis,Loriculus vernalis,0.8649,concordant
Loriculus vernalis_17_c001,Loriculus vernalis,Loriculus vernalis,0.9811,concordant
Loriculus vernalis_18_c000,Loriculus vernalis,Dicaeum minullum,0.8383,intruder
Loriculus vernalis_18_c001,Loriculus vernalis,Dicaeum minullum,0.8046,intruder
Loriculus vernalis_18_c002,Loriculus vernalis,Dicaeum minullum,0.8366,intruder
Loriculus vernalis_18_c003,Loriculus vernalis,Loriculus vernalis,0.0194,empty
Loriculus vernalis_18_c004,Loriculus vernalis,Dicaeum minullum,0.2537,ambiguous
Loriculus vernalis_18_c005,Loriculus vernalis,Dicaeum minullum,0.0715,empty
Loriculus vernalis_18_c006,Loriculus vernalis,Loriculus vernalis,0.0411,empty
Loriculus vernalis_18_c007,Loriculus vernalis,Spelaeornis oatesi,0.1688,empty
Loriculus vernalis_19_c000,Loriculus vernalis,Aethopyga gouldiae,0.0602,empty
Loriculus vernalis_19_c001,Loriculus vernalis,Dicaeum minullum,0.1683,empty
Loriculus vernalis_19_c002,Loriculus vernalis,Stachyridopsis ambigua,0.0065,empty
Loriculus vernalis_19_c003,Loriculus vernalis,Loriculus vernalis,0.0102,empty
Loriculus vernalis_20_c000,Loriculus vernalis,Loriculus vernalis,0.9194,concordant
Loriculus vernalis_20_c001,Loriculus vernalis,Loriculus vernalis,0.9874,concordant
Loriculus vernalis_20_c002,Loriculus vernalis,Loriculus vernalis,0.4503,ambiguous
Loriculus vernalis_21_c000,Loriculus vernalis,Loriculus vernalis,0.9308,concordant
Loriculus vernalis_21_c001,Loriculus vernalis,Loriculus vernalis,0.9230,concordant
Loriculus vernalis_21_c002,Loriculus vernalis,Loriculus vernalis,0.0041,empty
Loriculus vernalis_21_c003,Loriculus vernalis,Loriculus vernalis,0.9025,concordant
Loriculus vernalis_22_c000,Loriculus vernalis,Loriculus vernalis,0.7537,concordant
Loriculus vernalis_22_c001,Loriculus vernalis,Loriculus vernalis,0.0690,empty
Loriculus vernalis_22_c002,Loriculus vernalis,Loriculus vernalis,0.7859,concordant
Loriculus vernalis_22_c003,Loriculus vernalis,Chloropsis jerdoni,0.1137,empty
Loriculus vernalis_22_c004,Loriculus vernalis,Loriculus vernalis,0.0718,empty
Loriculus vernalis_22_c005,Loriculus vernalis,Chloropsis jerdoni,0.0428,empty
Loriculus vernalis_22_c006,Loriculus vernalis,Loriculus vernalis,0.1672,empty
Loriculus vernalis_23_c000,Loriculus vernalis,Loriculus vernalis,0.5447,concordant
Loriculus vernalis_23_c001,Loriculus vernalis,Loriculus vernalis,0.2722,ambiguous
Loriculus vernalis_24_c000,Loriculus vernalis,Loriculus vernalis,0.0562,empty
Loriculus vernalis_24_c001,Loriculus vernalis,Loriculus vernalis,0.8872,concordant
Loriculus vernalis_24_c002,Loriculus vernalis,Loriculus vernalis,0.8418,concordant
Loriculus vernalis_25_c000,Loriculus vernalis,Loriculus vernalis,0.0119,empty
Loriculus vernalis_25_c001,Loriculus vernalis,Loriculus vernalis,0.0188,empty
Loriculus vernalis_25_c002,Loriculus vernalis,Loriculus vernalis,0.9125,concordant
Loriculus vernalis_25_c003,Loriculus vernalis,Loriculus vernalis,0.9955,concordant
Loriculus vernalis_25_c004,Loriculus vernalis,Loriculus vernalis,0.3758,ambiguous
Loriculus vernalis_25_c005,Loriculus vernalis,Loriculus vernalis,0.9767,concordant
Loriculus vernalis_25_c006,Loriculus vernalis,Loriculus vernalis,0.9945,concordant
Loriculus vernalis_25_c007,Loriculus vernalis,Loriculus vernalis,0.9893,concordant
Loriculus vernalis_25_c008,Loriculus vernalis,Loriculus vernalis,0.9988,concordant
Loriculus vernalis_25_c009,Loriculus vernalis,Loriculus vernalis,0.9910,concordant
Loriculus vernalis_25_c010,Loriculus vernalis,Loriculus vernalis,0.0610,empty
Loriculus vernalis_26_c000,Loriculus vernalis,Loriculus vernalis,0.5249,concordant
Loriculus vernalis_26_c001,Loriculus vernalis,Loriculus vernalis,0.0607,empty
Loriculus vernalis_26_c002,Loriculus vernalis,Loriculus vernalis,0.0152,empty
Loriculus vernalis_26_c003,Loriculus vernalis,Acridotheres fuscus,0.0521,empty
Loriculus vernalis_26_c004,Loriculus vernalis,Acridotheres fuscus,0.1506,empty
Loriculus vernalis_26_c005,Loriculus vernalis,Loriculus vernalis,0.3181,ambiguous
Loriculus vernalis_26_c006,Loriculus vernalis,Loriculus vernalis,0.1452,empty
Loriculus vernalis_26_c007,Loriculus vernalis,Loriculus vernalis,0.2255,ambiguous
Loriculus vernalis_26_c008,Loriculus vernalis,Loriculus vernalis,0.0133,empty
Loriculus vernalis_27_c000,Loriculus vernalis,Loriculus vernalis,0.3072,ambiguous
Loriculus vernalis_27_c001,Loriculus vernalis,Loriculus vernalis,0.0195,empty
Loriculus vernalis_27_c002,Loriculus vernalis,Loriculus vernalis,0.0621,empty
Loriculus vernalis_27_c003,Loriculus vernalis,Loriculus vernalis,0.0125,empty
Loriculus vernalis_27_c004,Loriculus vernalis,Loriculus vernalis,0.9071,concordant
Loriculus vernalis_27_c005,Loriculus vernalis,Loriculus vernalis,0.9246,concordant
Loriculus vernalis_27_c006,Loriculus vernalis,Loriculus vernalis,0.0065,empty
Loriculus vernalis_27_c007,Loriculus vernalis,Loriculus vernalis,0.6147,concordant
Loriculus vernalis_27_c008,Loriculus vernalis,Loriculus vernalis,0.5255,concordant
Loriculus vernalis_27_c009,Loriculus vernalis,Loriculus vernalis,0.9937,concordant
Loriculus vernalis_27_c010,Loriculus vernalis,Loriculus vernalis,0.9981,concordant
Loriculus vernalis_27_c011,Loriculus vernalis,Loriculus vernalis,0.9888,concordant
Loriculus vernalis_27_c012,Loriculus vernalis,Loriculus vernalis,0.9999,concordant
Loriculus vernalis_27_c013,Loriculus vernalis,Loriculus vernalis,0.9999,concordant
Loriculus vernalis_27_c014,Loriculus vernalis,Loriculus vernalis,0.9959,concordant
Loriculus vernalis_27_c015,Loriculus vernalis,Loriculus vernalis,0.9961,concordant
Loriculus vernalis_27_c016,Loriculus vernalis,Loriculus vernalis,0.9990,concordant
Loriculus vernalis_27_c017,Loriculus vernalis,Loriculus vernalis,0.9955,concordant
Loriculus vernalis_27_c018,Loriculus vernalis,Loriculus vernalis,0.9983,concordant
Loriculus vernalis_27_c019,Loriculus vernalis,Loriculus vernalis,0.0269,empty
Loriculus vernalis_27_c020,Loriculus vernalis,Loriculus vernalis,0.0371,empty
Loriculus vernalis_28_c000,Loriculus vernalis,Loriculus vernalis,0.9225,concordant
Loriculus vernalis_28_c001,Loriculus vernalis,Loriculus vernalis,0.6690,concordant
Loriculus vernalis_28_c002,Loriculus vernalis,Loriculus vernalis,0.9292,concordant
Loriculus vernalis_28_c003,Loriculus vernalis,Loriculus vernalis,0.9072,concordant
Loriculus vernalis_28_c004,Loriculus vernalis,Loriculus vernalis,0.6169,concordant
Loriculus vernalis_28_c005,Loriculus vernalis,Loriculus vernalis,0.7903,concordant
Loriculus vernalis_28_c006,Loriculus vernalis,Loriculus vernalis,0.5050,concordant
Loriculus vernalis_28_c007,Loriculus vernalis,Loriculus vernalis,0.9476,concordant
Loriculus vernalis_28_c008,Loriculus vernalis,Loriculus vernalis,0.8861,concordant
Loriculus vernalis_28_c009,Loriculus vernalis,Loriculus vernalis,0.7708,concordant
Loriculus vernalis_28_c010,Loriculus vernalis,Loriculus vernalis,0.8594,concordant
Loriculus vernalis_28_c011,Loriculus vernalis,Loriculus vernalis,0.7013,concordant
Loriculus vernalis_28_c012,Loriculus vernalis,Loriculus vernalis,0.0051,empty
Loriculus vernalis_29_c000,Loriculus vernalis,Loriculus vernalis,0.7248,concordant
Loriculus vernalis_29_c001,Loriculus vernalis,Loriculus vernalis,0.5557,concordant
Loriculus vernalis_29_c002,Loriculus vernalis,Loriculus vernalis,0.1970,empty
Loriculus vernalis_29_c003,Loriculus vernalis,Loriculus vernalis,0.7641,concordant
Loriculus vernalis_29_c004,Loriculus vernalis,Loriculus vernalis,0.9936,concordant
Loriculus vernalis_29_c005,Loriculus vernalis,Loriculus vernalis,0.0019,empty
Loriculus vernalis_29_c006,Loriculus vernalis,Loriculus vernalis,0.0226,empty
Loriculus vernalis_29_c007,Loriculus vernalis,Pellorneum ruficeps,0.0052,empty
Loriculus vernalis_29_c008,Loriculus vernalis,Loriculus vernalis,0.0268,empty
Loriculus vernalis_30_c000,Loriculus vernalis,Loriculus vernalis,0.3446,ambiguous
Loriculus vernalis_31_c000,Loriculus vernalis,Aethopyga gouldiae,0.0243,empty
Loriculus vernalis_32_c000,Loriculus vernalis,Loriculus vernalis,0.0503,empty
Loriculus vernalis_32_c001,Loriculus vernalis,Loriculus vernalis,0.0908,empty
Loriculus vernalis_33_c000,Loriculus vernalis,Loriculus vernalis,0.6243,concordant
Loriculus vernalis_33_c001,Loriculus vernalis,Loriculus vernalis,0.3089,ambiguous
Loriculus vernalis_33_c002,Loriculus vernalis,Loriculus vernalis,0.0056,empty
Loriculus vernalis_34_c000,Loriculus vernalis,Loriculus vernalis,0.1134,empty
Macronus gularis_1_c000,Macronus gularis,Macronus gularis,0.9969,concordant
Macronus gularis_1_c001,Macronus gularis,Macronus gularis,0.9977,concordant
Macronus gularis_1_c002,Macronus gularis,Macronus gularis,0.9978,concordant
Macronus gularis_1_c003,Macronus gularis,Macronus gularis,0.9951,concordant
Macronus gularis_2_c000,Macronus gularis,Macronus gularis,0.9616,concordant
Macronus gularis_2_c001,Macronus gularis,Macronus gularis,0.9971,concordant
Macronus gularis_3_c000,Macronus gularis,Macronus gularis,0.8387,concordant
Macronus gularis_3_c001,Macronus gularis,Macronus gularis,0.9852,concordant
Macronus gularis_3_c002,Macronus gularis,Macronus gularis,0.9576,concordant
Macronus gularis_3_c003,Macronus gularis,Macronus gularis,0.9874,concordant
Macronus gularis_3_c004,Macronus gularis,Macronus gularis,0.5322,concordant
Macronus gularis_3_c005,Macronus gularis,Macronus gularis,0.9911,concordant
Macronus gularis_3_c006,Macronus gularis,Macronus gularis,0.9981,concordant
Macronus gularis_3_c007,Macronus gularis,Macronus gularis,0.9987,concordant
Macronus gularis_4_c000,Macronus gularis,Macronus gularis,0.2928,ambiguous
Macronus gularis_4_c001,Macronus gularis,Macronus gularis,0.9610,concordant
Macronus gularis_4_c002,Macronus gularis,Macronus gularis,0.6157,concordant
Macronus gularis_4_c003,Macronus gularis,Macronus gularis,0.9476,concordant
Macronus gularis_4_c004,Macronus gularis,Macronus gularis,0.8198,concordant
Macronus gularis_4_c005,Macronus gularis,Macronus gularis,0.9218,concordant
Macronus gularis_4_c006,Macronus gularis,Macronus gularis,0.7914,concordant
Macronus gularis_4_c007,Macronus gularis,Macronus gularis,0.6126,concordant
Macronus gularis_4_c008,Macronus gularis,Macronus gularis,0.4073,ambiguous
Macronus gularis_4_c009,Macronus gularis,Macronus gularis,0.4339,ambiguous
Macronus gularis_5_c000,Macronus gularis,Macronus gularis,0.9700,concordant
Macronus gularis_5_c001,Macronus gularis,Macronus gularis,0.9504,concordant
Macronus gularis_5_c002,Macronus gularis,Macronus gularis,0.8097,concordant
Macronus gularis_5_c003,Macronus gularis,Macronus gularis,0.9909,concordant
Macronus gularis_5_c004,Macronus gularis,Macronus gularis,0.9970,concordant
Macronus gularis_5_c005,Macronus gularis,Macronus gularis,0.1285,empty
Macronus gularis_6_c000,Macronus gularis,Macronus gularis,0.1492,empty
Macronus gularis_6_c001,Macronus gularis,Macronus gularis,0.5463,concordant
Macronus gularis_6_c002,Macronus gularis,Macronus gularis,0.6177,concordant
Macronus gularis_6_c003,Macronus gularis,Macronus gularis,0.8826,concordant
Macronus gularis_6_c004,Macronus gularis,Macronus gularis,0.9556,concordant
Macronus gularis_6_c005,Macronus gularis,Macronus gularis,0.5327,concordant
Macronus gularis_7_c000,Macronus gularis,Stachyridopsis ambigua,0.2903,ambiguous
Macronus gularis_7_c001,Macronus gularis,Stachyridopsis ambigua,0.7086,intruder
Macronus gularis_7_c002,Macronus gularis,Stachyridopsis ambigua,0.3496,ambiguous
Macronus gularis_7_c003,Macronus gularis,Macronus gularis,0.8265,concordant
Macronus gularis_7_c004,Macronus gularis,Stachyridopsis ambigua,0.5745,ambiguous
Macronus gularis_7_c005,Macronus gularis,Stachyridopsis ambigua,0.4789,ambiguous
Macronus gularis_8_c000,Macronus gularis,Macronus gularis,0.9546,concordant
Macronus gularis_8_c001,Macronus gularis,Macronus gularis,0.7436,concordant
Macronus gularis_8_c002,Macronus gularis,Macronus gularis,0.9565,concordant
Macronus gularis_8_c003,Macronus gularis,Macronus gularis,0.7932,concordant
Macronus gularis_8_c004,Macronus gularis,Macronus gularis,0.9352,concordant
Macronus gularis_8_c005,Macronus gularis,Macronus gularis,0.5674,concordant
Macronus gularis_8_c006,Macronus gularis,Macronus gularis,0.7621,concordant
Macronus gularis_9_c000,Macronus gularis,Macronus gularis,0.5537,concordant
Macronus gularis_9_c001,Macronus gularis,Macronus gularis,0.6602,concordant
Macronus gularis_9_c002,Macronus gularis,Macronus gularis,0.3318,ambiguous
Macronus gularis_10_c000,Macronus gularis,Macronus gularis,0.5571,concordant
Macronus gularis_10_c001,Macronus gularis,Macronus gularis,0.6206,concordant
Macronus gularis_11_c000,Macronus gularis,Macronus gularis,0.3979,ambiguous
Macronus gularis_11_c001,Macronus gularis,Macronus gularis,0.2384,ambiguous
Macronus gularis_11_c002,Macronus gularis,Macronus gularis,0.0128,empty
Macronus gularis_11_c003,Macronus gularis,Macronus gularis,0.0097,empty
Macronus gularis_12_c000,Macronus gularis,Macronus gularis,0.4070,ambiguous
Macronus gularis_12_c001,Macronus gularis,Macronus gularis,0.6222,concordant
Macronus gularis_12_c002,Macronus gularis,Macronus gularis,0.8711,concordant
Macronus gularis_13_c000,Macronus gularis,Macronus gularis,0.7575,concordant
Macronus gularis_13_c001,Macronus gularis,Macronus gularis,0.6711,concordant
Macronus gularis_13_c002,Macronus gularis,Macronus gularis,0.9649,concordant
Macronus gularis_13_c003,Macronus gularis,Macronus gularis,0.9475,concordant
Macronus gularis_14_c000,Macronus gularis,Macronus gularis,0.9662,concordant
Macronus gularis_14_c001,Macronus gularis,Macronus gularis,0.9887,concordant
Macronus gularis_15_c000,Macronus gularis,Macronus gularis,0.9983,concordant
Macronus gularis_15_c001,Macronus gularis,Macronus gularis,0.9984,concordant
Macronus gularis_15_c002,Macronus gularis,Macronus gularis,0.9410,concordant
Macronus gularis_15_c003,Macronus gularis,Macronus gularis,0.9705,concordant
Macronus gularis_15_c004,Macronus gularis,Macronus gularis,0.9660,concordant
Macronus gularis_16_c000,Macronus gularis,Macronus gularis,0.9993,concordant
Macronus gularis_16_c001,Macronus gularis,Macronus gularis,0.9990,concordant
Macronus gularis_16_c002,Macronus gularis,Macronus gularis,0.9995,concordant
Macronus gularis_16_c003,Macronus gularis,Macronus gularis,0.9999,concordant
Macronus gularis_16_c004,Macronus gularis,Macronus gularis,0.9987,concordant
Macronus gularis_16_c005,Macronus gularis,Macronus gularis,0.9996,concordant
Macronus gularis_16_c006,Macronus gularis,Macronus gularis,0.9996,concordant
Macronus gularis_16_c007,Macronus gularis,Macronus gularis,0.0670,empty
Macronus gularis_17_c000,Macronus gularis,Macronus gularis,0.9991,concordant
Macronus gularis_17_c001,Macronus gularis,Macronus gularis,0.9982,concordant
Macronus gularis_17_c002,Macronus gularis,Macronus gularis,0.9983,concordant
Macronus gularis_17_c003,Macronus gularis,Macronus gularis,0.9978,concordant
Macronus gularis_17_c004,Macronus gularis,Macronus gularis,0.9990,concordant
Macronus gularis_17_c005,Macronus gularis,Macronus gularis,0.9990,concordant
Macronus gularis_17_c006,Macronus gularis,Macronus gularis,0.9994,concordant
Macronus gularis_17_c007,Macronus gularis,Macronus gularis,0.9991,concordant
Macronus gularis_17_c008,Macronus gularis,Macronus gularis,0.9992,concordant
Macronus gularis_17_c009,Macronus gularis,Macronus gularis,0.9992,concordant
Macronus gularis_17_c010,Macronus gularis,Macronus gularis,0.9993,concordant
Macronus gularis_17_c011,Macronus gularis,Macronus gularis,0.9996,concordant
Macronus gularis_17_c012,Macronus gularis,Macronus gularis,0.9979,concordant
Macronus gularis_17_c013,Macronus gularis,Macronus gularis,0.9995,concordant
Macronus gularis_17_c014,Macronus gularis,Macronus gularis,0.9988,concordant
Macronus gularis_17_c015,Macronus gularis,Macronus gularis,0.9977,concordant
Macronus gularis_17_c016,Macronus gularis,Macronus gularis,0.9993,concordant
Macronus gularis_17_c017,Macronus gularis,Macronus gularis,0.9986,concordant
Macronus gularis_17_c018,Macronus gularis,Macronus gularis,0.9969,concordant
Macronus gularis_18_c000,Macronus gularis,Macronus gularis,0.9999,concordant
Macronus gularis_18_c001,Macronus gularis,Macronus gularis,0.9984,concordant
Macronus gularis_19_c000,Macronus gularis,Macronus gularis,0.9637,concordant
Macronus gularis_19_c001,Macronus gularis,Macronus gularis,0.6256,concordant
Macronus gularis_19_c002,Macronus gularis,Macronus gularis,0.7687,concordant
Macronus gularis_19_c003,Macronus gularis,Macronus gularis,0.8020,concordant
Macronus gularis_20_c000,Macronus gularis,Macronus gularis,0.9220,concordant
Macronus gularis_20_c001,Macronus gularis,Macronus gularis,0.6703,concordant
Macronus gularis_20_c002,Macronus gularis,Macronus gularis,0.8331,concordant
Macronus gularis_20_c003,Macronus gularis,Macronus gularis,0.4941,ambiguous
Macronus gularis_21_c000,Macronus gularis,Macronus gularis,0.9893,concordant
Macronus gularis_21_c001,Macronus gularis,Macronus gularis,0.9394,concordant
Macronus gularis_21_c002,Macronus gularis,Macronus gularis,0.9755,concordant
Macronus gularis_21_c003,Macronus gularis,Macronus gularis,0.9933,concordant
Macronus gularis_21_c004,Macronus gularis,Macronus gularis,0.9795,concordant
Macronus gularis_21_c005,Macronus gularis,Macronus gularis,0.9921,concordant
Macronus gularis_21_c006,Macronus gularis,Macronus gularis,0.9506,concordant
Macronus gularis_21_c007,Macronus gularis,Macronus gularis,0.9454,concordant
Macronus gularis_21_c008,Macronus gularis,Macronus gularis,0.9738,concordant
Macronus gularis_21_c009,Macronus gularis,Macronus gularis,0.9770,concordant
Macronus gularis_21_c010,Macronus gularis,Glaucidium cuculoides,0.0069,empty
Macronus gularis_21_c011,Macronus gularis,Macronus gularis,0.9953,concordant
Macronus gularis_21_c012,Macronus gularis,Macronus gularis,0.9928,concordant
Macronus gularis_21_c013,Macronus gularis,Macronus gularis,0.1065,empty
Macronus gularis_21_c014,Macronus gularis,Macronus gularis,0.9957,concordant
Macronus gularis_21_c015,Macronus gularis,Macronus gularis,0.9803,concordant
Macronus gularis_21_c016,Macronus gularis,Macronus gularis,0.9106,concordant
Macronus gularis_21_c017,Macronus gularis,Macronus gularis,0.9972,concordant
Macronus gularis_22_c000,Macronus gularis,Macronus gularis,0.8571,concordant
Macronus gularis_22_c001,Macronus gularis,Macronus gularis,0.8239,concordant
Macronus gularis_22_c002,Macronus gularis,Macronus gularis,0.9683,concordant
Macronus gularis_22_c003,Macronus gularis,Macronus gularis,0.8420,concordant
Macronus gularis_22_c004,Macronus gularis,Macronus gularis,0.6311,concordant
Macronus gularis_23_c000,Macronus gularis,Macronus gularis,0.9985,concordant
Macronus gularis_23_c001,Macronus gularis,Macronus gularis,0.9996,concordant
Macronus gularis_23_c002,Macronus gularis,Macronus gularis,0.9966,concordant
Macronus gularis_23_c003,Macronus gularis,Macronus gularis,0.9988,concordant
Macronus gularis_23_c004,Macronus gularis,Macronus gularis,0.9960,concordant
Macronus gularis_23_c005,Macronus gularis,Macronus gularis,0.9996,concordant
Macronus gularis_23_c006,Macronus gularis,Macronus gularis,0.9993,concordant
Macronus gularis_24_c000,Macronus gularis,Macronus gularis,0.9982,concordant
Macronus gularis_24_c001,Macronus gularis,Macronus gularis,0.9983,concordant
Macronus gularis_24_c002,Macronus gularis,Macronus gularis,0.9996,concordant
Macronus gularis_24_c003,Macronus gularis,Macronus gularis,0.9982,concordant
Motacilla citreola_1_c000,Motacilla citreola,Motacilla citreola,0.9981,concordant
Motacilla citreola_1_c001,Motacilla citreola,Motacilla citreola,0.9898,concordant
Motacilla citreola_1_c002,Motacilla citreola,Motacilla citreola,0.9970,concordant
Motacilla citreola_1_c003,Motacilla citreola,Motacilla citreola,0.9965,concordant
Motacilla citreola_2_c000,Motacilla citreola,Motacilla citreola,0.9937,concordant
Motacilla citreola_3_c000,Motacilla citreola,Motacilla citreola,0.9399,concordant
Motacilla citreola_3_c001,Motacilla citreola,Motacilla citreola,0.9892,concordant
Motacilla citreola_4_c000,Motacilla citreola,Motacilla citreola,0.9259,concordant
Motacilla citreola_5_c000,Motacilla citreola,Motacilla citreola,0.9908,concordant
Motacilla citreola_5_c001,Motacilla citreola,Motacilla citreola,0.9798,concordant
Motacilla citreola_5_c002,Motacilla citreola,Motacilla citreola,0.1883,empty
Motacilla citreola_6_c000,Motacilla citreola,Motacilla citreola,0.7223,concordant
Motacilla citreola_6_c001,Motacilla citreola,Motacilla citreola,0.9963,concordant
Motacilla citreola_6_c002,Motacilla citreola,Motacilla citreola,0.1634,empty
Motacilla citreola_6_c003,Motacilla citreola,Motacilla citreola,0.1108,empty
Motacilla citreola_7_c000,Motacilla citreola,Motacilla citreola,0.4090,ambiguous
Motacilla citreola_7_c001,Motacilla citreola,Motacilla citreola,0.8706,concordant
Motacilla citreola_7_c002,Motacilla citreola,Motacilla citreola,0.7127,concordant
Motacilla citreola_8_c000,Motacilla citreola,Motacilla citreola,0.0114,empty
Motacilla citreola_9_c000,Motacilla citreola,Motacilla citreola,0.1661,empty
Motacilla citreola_9_c001,Motacilla citreola,Motacilla citreola,0.4022,ambiguous
Motacilla citreola_10_c000,Motacilla citreola,Motacilla citreola,0.9958,concordant
Motacilla citreola_10_c001,Motacilla citreola,Motacilla citreola,0.2104,ambiguous
Motacilla citreola_10_c002,Motacilla citreola,Pnoepyga pusilla,0.0005,empty
Motacilla citreola_10_c003,Motacilla citreola,Motacilla citreola,0.9007,concordant
Motacilla citreola_10_c004,Motacilla citreola,Motacilla citreola,0.9309,concordant
Motacilla citreola_10_c005,Motacilla citreola,Motacilla citreola,0.9809,concordant
Motacilla citreola_11_c000,Motacilla citreola,Motacilla citreola,0.3060,ambiguous
Motacilla citreola_12_c000,Motacilla citreola,Motacilla citreola,0.9918,concordant
Motacilla citreola_13_c000,Motacilla citreola,Motacilla citreola,0.9843,concordant
Motacilla citreola_13_c001,Motacilla citreola,Motacilla citreola,0.9851,concordant
Motacilla citreola_13_c002,Motacilla citreola,Motacilla citreola,0.8409,concordant
Motacilla citreola_13_c003,Motacilla citreola,Motacilla citreola,0.9767,concordant
Motacilla citreola_13_c004,Motacilla citreola,Motacilla citreola,0.9727,concordant
Motacilla citreola_14_c000,Motacilla citreola,Motacilla citreola,0.9938,concordant
Motacilla citreola_14_c001,Motacilla citreola,Motacilla citreola,0.9927,concordant
Motacilla citreola_14_c002,Motacilla citreola,Motacilla citreola,0.9901,concordant
Motacilla citreola_14_c003,Motacilla citreola,Motacilla citreola,0.9912,concordant
Motacilla citreola_14_c004,Motacilla citreola,Motacilla citreola,0.9806,concordant
Motacilla citreola_14_c005,Motacilla citreola,Motacilla citreola,0.8561,concordant
Motacilla citreola_14_c006,Motacilla citreola,Motacilla citreola,0.9874,concordant
Motacilla citreola_14_c007,Motacilla citreola,Motacilla citreola,0.9884,concordant
Motacilla citreola_14_c008,Motacilla citreola,Motacilla citreola,0.9965,concordant
Motacilla citreola_14_c009,Motacilla citreola,Motacilla citreola,0.9896,concordant
Motacilla citreola_14_c010,Motacilla citreola,Motacilla citreola,0.7715,concordant
Motacilla citreola_14_c011,Motacilla citreola,Motacilla citreola,0.9988,concordant
Motacilla citreola_14_c012,Motacilla citreola,Motacilla citreola,0.9934,concordant
Motacilla citreola_14_c013,Motacilla citreola,Motacilla citreola,0.9880,concordant
Motacilla citreola_14_c014,Motacilla citreola,Motacilla citreola,0.9883,concordant
Motacilla citreola_14_c015,Motacilla citreola,Motacilla citreola,0.9867,concordant
Motacilla citreola_14_c016,Motacilla citreola,Motacilla citreola,0.9957,concordant
Motacilla citreola_14_c017,Motacilla citreola,Motacilla citreola,0.9800,concordant
Motacilla citreola_14_c018,Motacilla citreola,Motacilla citreola,0.0020,empty
Motacilla citreola_15_c000,Motacilla citreola,Motacilla citreola,0.8029,concordant
Motacilla citreola_15_c001,Motacilla citreola,Motacilla citreola,0.0347,empty
Motacilla citreola_16_c000,Motacilla citreola,Motacilla citreola,0.9659,concordant
Motacilla citreola_16_c001,Motacilla citreola,Motacilla citreola,0.8251,concordant
Motacilla citreola_16_c002,Motacilla citreola,Motacilla citreola,0.5275,concordant
Motacilla citreola_17_c000,Motacilla citreola,Motacilla citreola,0.9145,concordant
Motacilla citreola_17_c001,Motacilla citreola,Motacilla citreola,0.9077,concordant
Motacilla citreola_17_c002,Motacilla citreola,Motacilla citreola,0.9863,concordant
Motacilla citreola_18_c000,Motacilla citreola,Motacilla citreola,0.1027,empty
Motacilla citreola_18_c001,Motacilla citreola,Motacilla citreola,0.4978,ambiguous
Motacilla citreola_18_c002,Motacilla citreola,Motacilla citreola,0.9316,concordant
Motacilla citreola_18_c003,Motacilla citreola,Motacilla citreola,0.0914,empty
Motacilla citreola_18_c004,Motacilla citreola,Motacilla citreola,0.0182,empty
Motacilla citreola_18_c005,Motacilla citreola,Motacilla citreola,0.8115,concordant
Motacilla citreola_19_c000,Motacilla citreola,Motacilla citreola,0.9925,concordant
Mystery mystery_1_c000,Mystery mystery,Arborophila torqueola,0.0022,unlabeled
Mystery mystery_1_c001,Mystery mystery,Chloropsis jerdoni,0.0015,unlabeled
Mystery mystery_1_c002,Mystery mystery,Arborophila torqueola,0.0014,unlabeled
Mystery mystery_1_c003,Mystery mystery,Chloropsis jerdoni,0.0116,unlabeled
Mystery mystery_1_c004,Mystery mystery,Arborophila torqueola,0.0062,unlabeled
Mystery mystery_1_c005,Mystery mystery,Pomatorhinus ruficollis,0.0042,unlabeled
Mystery mystery_1_c006,Mystery mystery,Liocichla phoenicea,0.0024,unlabeled
Mystery mystery_1_c007,Mystery mystery,Pomatorhinus ruficollis,0.0004,unlabeled
Mystery mystery_1_c008,Mystery mystery,Acridotheres fuscus,0.0018,unlabeled
Mystery mystery_1_c009,Mystery mystery,Todiramphus chloris,0.0008,unlabeled
Mystery mystery_1_c010,Mystery mystery,Chloropsis jerdoni,0.0007,unlabeled
Mystery mystery_1_c011,Mystery mystery,Chloropsis jerdoni,0.0023,unlabeled
Mystery mystery_1_c012,Mystery mystery,Arborophila torqueola,0.0017,unlabeled
Mystery mystery_1_c013,Mystery mystery,Sturnia malabarica,0.0033,unlabeled
Mystery mystery_1_c014,Mystery mystery,Acridotheres fuscus,0.0075,unlabeled
Mystery mystery_2_c000,Mystery mystery,Pluvialis squatarola,0.0009,unlabeled
Mystery mystery_2_c001,Mystery mystery,Todiramphus chloris,0.0005,unlabeled
Mystery mystery_2_c002,Mystery mystery,Todiramphus chloris,0.0176,unlabeled
Mystery mystery_2_c003,Mystery mystery,Pluvialis squatarola,0.0012,unlabeled
Mystery mystery_2_c004,Mystery mystery,Pomatorhinus ruficollis,0.0020,unlabeled
Mystery mystery_2_c005,Mystery mystery,Aethopyga gouldiae,0.0006,unlabeled
Mystery mystery_2_c006,Mystery mystery,Eurystomus orientalis,0.0011,unlabeled
Mystery mystery_3_c000,Mystery mystery,Pellorneum ruficeps,0.0006,unlabeled
Mystery mystery_3_c001,Mystery mystery,Pellorneum ruficeps,0.0039,unlabeled
Mystery mystery_3_c002,Mystery mystery,Chloropsis jerdoni,0.0053,unlabeled
Mystery mystery_4_c000,Mystery mystery,Psilopogon lineatus,0.0708,unlabeled
Mystery mystery_4_c001,Mystery mystery,Psilopogon lineatus,0.0192,unlabeled
Mystery mystery_4_c002,Mystery mystery,Pomatorhinus ruficollis,0.0036,unlabeled
Mystery mystery_4_c003,Mystery mystery,Pomatorhinus ruficollis,0.0008,unlabeled
Mystery mystery_4_c004,Mystery mystery,Pomatorhinus ruficollis,0.0005,unlabeled
Mystery mystery_5_c000,Mystery mystery,Pluvialis squatarola,0.0001,unlabeled
Mystery mystery_5_c001,Mystery mystery,Pellorneum ruficeps,0.0002,unlabeled
Mystery mystery_5_c002,Mystery mystery,Eurystomus orientalis,0.0002,unlabeled
Mystery mystery_5_c003,Mystery mystery,Glaucidium cuculoides,0.0008,unlabeled
Mystery mystery_5_c004,Mystery mystery,Pluvialis squatarola,0.0001,unlabeled
Mystery mystery_5_c005,Mystery mystery,Pluvialis squatarola,0.0001,unlabeled
Mystery mystery_5_c006,Mystery mystery,Glaucidium cuculoides,0.0001,unlabeled
Mystery mystery_5_c007,Mystery mystery,Glaucidium cuculoides,0.0001,unlabeled
Mystery mystery_5_c008,Mystery mystery,Glaucidium cuculoides,0.0001,unlabeled
Mystery mystery_5_c009,Mystery mystery,Glaucidium cuculoides,0.0032,unlabeled
Mystery mystery_5_c010,Mystery mystery,Glaucidium cuculoides,0.0002,unlabeled
Mystery mystery_5_c011,Mystery mystery,Pluvialis squatarola,0.0001,unlabeled
Mystery mystery_6_c000,Mystery mystery,Glaucidium cuculoides,0.0010,unlabeled
Mystery mystery_6_c001,Mystery mystery,Halcyon coromanda,0.0001,unlabeled
Mystery mystery_6_c002,Mystery mystery,Glaucidium cuculoides,0.0037,unlabeled
Mystery mystery_6_c003,Mystery mystery,Ixobrychus cinnamomeus,0.0001,unlabeled
Mystery mystery_6_c004,Mystery mystery,Psittacula eupatria,0.0001,unlabeled
Mystery mystery_6_c005,Mystery mystery,Glaucidium cuculoides,0.0001,unlabeled
Mystery mystery_6_c006,Mystery mystery,Pellorneum ruficeps,0.0007,unlabeled
Mystery mystery_7_c000,Mystery mystery,Psittacula eupatria,0.0013,unlabeled
Mystery mystery_7_c001,Mystery mystery,Psittacula eupatria,0.0043,unlabeled
Mystery mystery_7_c002,Mystery mystery,Cyornis concretus,0.0121,unlabeled
Mystery mystery_7_c003,Mystery mystery,Cyornis concretus,0.0021,unlabeled
Mystery mystery_7_c004,Mystery mystery,Cyornis concretus,0.0191,unlabeled
Mystery mystery_7_c005,Mystery mystery,Todiramphus chloris,0.0006,unlabeled
Mystery mystery_7_c006,Mystery mystery,Cyornis concretus,0.0094,unlabeled
Mystery mystery_7_c007,Mystery mystery,Cyornis concretus,0.7564,unlabeled
Mystery mystery_7_c008,Mystery mystery,Cyornis concretus,0.0139,unlabeled
Mystery mystery_7_c009,Mystery mystery,Cyornis concretus,0.0192,unlabeled
Mystery mystery_7_c010,Mystery mystery,Pellorneum ruficeps,0.0124,unlabeled
Mystery mystery_7_c011,Mystery mystery,Cyornis concretus,0.0511,unlabeled
Mystery mystery_7_c012,Mystery mystery,Cyornis unicolor,0.0020,unlabeled
Mystery mystery_7_c013,Mystery mystery,Cyornis concretus,0.0130,unlabeled
Mystery mystery_7_c014,Mystery mystery,Cyornis unicolor,0.0413,unlabeled
Mystery mystery_8_c000,Mystery mystery,Halcyon coromanda,0.0074,unlabeled
Mystery mystery_8_c001,Mystery mystery,Pomatorhinus ruficollis,0.0009,unlabeled
Mystery mystery_8_c002,Mystery mystery,Pomatorhinus ruficollis,0.0048,unlabeled
Mystery mystery_8_c003,Mystery mystery,Cuculus micropterus,0.0043,unlabeled
Mystery mystery_9_c000,Mystery mystery,Psilopogon lineatus,0.0000,unlabeled
Mystery mystery_9_c001,Mystery mystery,Pnoepyga pusilla,0.0000,unlabeled
Mystery mystery_9_c002,Mystery mystery,Pellorneum ruficeps,0.0000,unlabeled
Mystery mystery_9_c003,Mystery mystery,Psilopogon lineatus,0.0000,unlabeled
Mystery mystery_9_c004,Mystery mystery,Psilopogon lineatus,0.0000,unlabeled
Mystery mystery_9_c005,Mystery mystery,Psilopogon lineatus,0.0000,unlabeled
Mystery mystery_9_c006,Mystery mystery,Pnoepyga pusilla,0.0000,unlabeled
Mystery mystery_9_c007,Mystery mystery,Pnoepyga pusilla,0.0000,unlabeled
Mystery mystery_9_c008,Mystery mystery,Psilopogon lineatus,0.0000,unlabeled
Mystery mystery_9_c009,Mystery mystery,Pnoepyga pusilla,0.0000,unlabeled
Mystery mystery_9_c010,Mystery mystery,Pnoepyga pusilla,0.0000,unlabeled
Mystery mystery_9_c011,Mystery mystery,Psilopogon lineatus,0.0000,unlabeled
Mystery mystery_9_c012,Mystery mystery,Psilopogon lineatus,0.0000,unlabeled
Mystery mystery_9_c013,Mystery mystery,Pnoepyga pusilla,0.0000,unlabeled
Mystery mystery_9_c014,Mystery mystery,Pnoepyga pusilla,0.0000,unlabeled
Mystery mystery_9_c015,Mystery mystery,Sturnia malabarica,0.0000,unlabeled
Mystery mystery_9_c016,Mystery mystery,Locustella davidi,0.0000,unlabeled
Mystery mystery_9_c017,Mystery mystery,Pluvialis squatarola,0.0000,unlabeled
Mystery mystery_9_c018,Mystery mystery,Psilopogon lineatus,0.0000,unlabeled
Mystery mystery_9_c019,Mystery mystery,Pnoepyga pusilla,0.0000,unlabeled
Mystery mystery_9_c020,Mystery mystery,Pellorneum ruficeps,0.0000,unlabeled
Mystery mystery_9_c021,Mystery mystery,Psilopogon lineatus,0.0000,unlabeled
Mystery mystery_9_c022,Mystery mystery,Psittacula eupatria,0.0000,unlabeled
Mystery mystery_9_c023,Mystery mystery,Pnoepyga pusilla,0.0000,unlabeled
Mystery mystery_9_c024,Mystery mystery,Motacilla citreola,0.0000,unlabeled
Mystery mystery_9_c025,Mystery mystery,Pnoepyga pusilla,0.0000,unlabeled
Mystery mystery_9_c026,Mystery mystery,Pnoepyga pusilla,0.0000,unlabeled
Mystery mystery_9_c027,Mystery mystery,Pluvialis squatarola,0.0000,unlabeled
Mystery mystery_9_c028,Mystery mystery,Pnoepyga pusilla,0.0000,unlabeled
Mystery mystery_9_c029,Mystery mystery,Pluvialis squatarola,0.0000,unlabeled
Mystery mystery_9_c030,Mystery mystery,Pellorneum ruficeps,0.0000,unlabeled
Mystery mystery_10_c000,Mystery mystery,Pomatorhinus ruficollis,0.0398,unlabeled
Mystery mystery_11_c000,Mystery mystery,Chloropsis jerdoni,0.0032,unlabeled
Mystery mystery_11_c001,Mystery mystery,Phylloscopus inornatus,0.0166,unlabeled
Mystery mystery_11_c002,Mystery mystery,Pellorneum ruficeps,0.0061,unlabeled
Mystery mystery_11_c003,Mystery mystery,Pellorneum ruficeps,0.0038,unlabeled
Mystery mystery_11_c004,Mystery mystery,Pellorneum ruficeps,0.0049,unlabeled
Mystery mystery_11_c005,Mystery mystery,Phylloscopus inornatus,0.0095,unlabeled
Mystery mystery_11_c006,Mystery mystery,Phylloscopus inornatus,0.0045,unlabeled
Mystery mystery_11_c007,Mystery mystery,Pellorneum ruficeps,0.0062,unlabeled
Mystery mystery_11_c008,Mystery mystery,Phylloscopus inornatus,0.0052,unlabeled
Mystery mystery_11_c009,Mystery mystery,Phylloscopus inornatus,0.0056,unlabeled
Mystery mystery_11_c010,Mystery mystery,Phylloscopus inornatus,0.0114,unlabeled
Mystery mystery_11_c011,Mystery mystery,Phylloscopus inornatus,0.0032,unlabeled
Mystery mystery_11_c012,Mystery mystery,Phylloscopus inornatus,0.0059,unlabeled
Mystery mystery_11_c013,Mystery mystery,Phylloscopus inornatus,0.0132,unlabeled
Mystery mystery_11_c014,Mystery mystery,Phylloscopus inornatus,0.0030,unlabeled
Mystery mystery_11_c015,Mystery mystery,Phylloscopus inornatus,0.0034,unlabeled
Mystery mystery_11_c016,Mystery mystery,Psittacula eupatria,0.0108,unlabeled
Mystery mystery_11_c017,Mystery mystery,Pellorneum ruficeps,0.0079,unlabeled
Mystery mystery_11_c018,Mystery mystery,Pellorneum ruficeps,0.0052,unlabeled
Mystery mystery_11_c019,Mystery mystery,Phylloscopus inornatus,0.0116,unlabeled
Mystery mystery_11_c020,Mystery mystery,Phylloscopus inornatus,0.0060,unlabeled
Mystery mystery_11_c021,Mystery mystery,Psittacula eupatria,0.0019,unlabeled
Mystery mystery_12_c000,Mystery mystery,Eurystomus orientalis,0.0012,unlabeled
Mystery mystery_12_c001,Mystery mystery,Phylloscopus inornatus,0.0017,unlabeled
Mystery mystery_13_c000,Mystery mystery,Sturnia malabarica,0.0081,unlabeled
Mystery mystery_13_c001,Mystery mystery,Psittacula eupatria,0.0059,unlabeled
Mystery mystery_14_c000,Mystery mystery,Psittacula eupatria,0.0981,unlabeled
Mystery mystery_14_c001,Mystery mystery,Psittacula eupatria,0.4232,unlabeled
Mystery mystery_15_c000,Mystery mystery,Sturnia malabarica,0.0386,unlabeled
Mystery mystery_15_c001,Mystery mystery,Psittacula eupatria,0.0251,unlabeled
Mystery mystery_16_c000,Mystery mystery,Pellorneum ruficeps,0.0015,unlabeled
Mystery mystery_16_c001,Mystery mystery,Glaucidium cuculoides,0.0034,unlabeled
Mystery mystery_16_c002,Mystery mystery,Todiramphus chloris,0.0003,unlabeled
Mystery mystery_16_c003,Mystery mystery,Glaucidium cuculoides,0.0084,unlabeled
Mystery mystery_16_c004,Mystery mystery,Chloropsis cochinchinensis,0.0012,unlabeled
Mystery mystery_16_c005,Mystery mystery,Chloropsis cochinchinensis,0.0016,unlabeled
Mystery mystery_16_c006,Mystery mystery,Pellorneum ruficeps,0.0014,unlabeled
Mystery mystery_16_c007,Mystery mystery,Glaucidium cuculoides,0.0009,unlabeled
Mystery mystery_16_c008,Mystery mystery,Todiramphus chloris,0.0010,unlabeled
Mystery mystery_16_c009,Mystery mystery,Pellorneum ruficeps,0.0022,unlabeled
Mystery mystery_16_c010,Mystery mystery,Chloropsis jerdoni,0.0002,unlabeled
Mystery mystery_16_c011,Mystery mystery,Chloropsis jerdoni,0.0006,unlabeled
Mystery mystery_16_c012,Mystery mystery,Cuculus micropterus,0.0003,unlabeled
Mystery mystery_16_c013,Mystery mystery,Pellorneum ruficeps,0.0048,unlabeled
Mystery mystery_16_c014,Mystery mystery,Pellorneum ruficeps,0.0004,unlabeled
Mystery mystery_16_c015,Mystery mystery,Pellorneum ruficeps,0.0049,unlabeled
Mystery mystery_16_c016,Mystery mystery,Glaucidium cuculoides,0.0083,unlabeled
Mystery mystery_16_c017,Mystery mystery,Glaucidium cuculoides,0.0245,unlabeled
Mystery mystery_16_c018,Mystery mystery,Glaucidium cuculoides,0.0058,unlabeled
Mystery mystery_16_c019,Mystery mystery,Glaucidium cuculoides,0.0028,unlabeled
Mystery mystery_16_c020,Mystery mystery,Pellorneum ruficeps,0.0094,unlabeled
Mystery mystery_16_c021,Mystery mystery,Pellorneum ruficeps,0.0039,unlabeled
Mystery mystery_16_c022,Mystery mystery,Glaucidium cuculoides,0.0060,unlabeled
Mystery mystery_16_c023,Mystery mystery,Glaucidium cuculoides,0.0664,unlabeled
Mystery mystery_16_c024,Mystery mystery,Phylloscopus inornatus,0.0079,unlabeled
Mystery mystery_17_c000,Mystery mystery,Cypsiurus balasiensis,0.0053,unlabeled
Mystery mystery_17_c001,Mystery mystery,Chloropsis jerdoni,0.0018,unlabeled
Mystery mystery_17_c002,Mystery mystery,Chloropsis jerdoni,0.0021,unlabeled
Mystery mystery_17_c003,Mystery mystery,Cypsiurus balasiensis,0.0011,unlabeled
Mystery mystery_17_c004,Mystery mystery,Chloropsis jerdoni,0.0018,unlabeled
Mystery mystery_17_c005,Mystery mystery,Chloropsis jerdoni,0.0006,unlabeled
Mystery mystery_17_c006,Mystery mystery,Acridotheres fuscus,0.0014,unlabeled
Mystery mystery_17_c007,Mystery mystery,Psittacula eupatria,0.0021,unlabeled
Mystery mystery_17_c008,Mystery mystery,Cypsiurus balasiensis,0.0008,unlabeled
Mystery mystery_17_c009,Mystery mystery,Cuculus micropterus,0.0009,unlabeled
Mystery mystery_17_c010,Mystery mystery,Cypsiurus balasiensis,0.0025,unlabeled
Mystery mystery_17_c011,Mystery mystery,Acridotheres fuscus,0.0003,unlabeled
Mystery mystery_17_c012,Mystery mystery,Cypsiurus balasiensis,0.0005,unlabeled
Mystery mystery_17_c013,Mystery mystery,Psittacula eupatria,0.0005,unlabeled
Mystery mystery_17_c014,Mystery mystery,Acridotheres fuscus,0.0021,unlabeled
Mystery mystery_17_c015,Mystery mystery,Pellorneum ruficeps,0.0011,unlabeled
Mystery mystery_17_c016,Mystery mystery,Cypsiurus balasiensis,0.0003,unlabeled
Mystery mystery_17_c017,Mystery mystery,Cuculus micropterus,0.0019,unlabeled
Mystery mystery_17_c018,Mystery mystery,Cypsiurus balasiensis,0.0007,unlabeled
Mystery mystery_17_c019,Mystery mystery,Cypsiurus balasiensis,0.0019,unlabeled
Mystery mystery_17_c020,Mystery mystery,Chloropsis jerdoni,0.0047,unlabeled
Mystery mystery_18_c000,Mystery mystery,Chloropsis jerdoni,0.0014,unlabeled
Mystery mystery_18_c001,Mystery mystery,Chloropsis jerdoni,0.0006,unlabeled
Mystery mystery_18_c002,Mystery mystery,Alcippe cinerea,0.0015,unlabeled
Mystery mystery_18_c003,Mystery mystery,Chloropsis jerdoni,0.0007,unlabeled
Mystery mystery_18_c004,Mystery mystery,Pellorneum ruficeps,0.0012,unlabeled
Mystery mystery_18_c005,Mystery mystery,Pnoepyga pusilla,0.0029,unlabeled
Mystery mystery_18_c006,Mystery mystery,Pnoepyga pusilla,0.0011,unlabeled
Mystery mystery_19_c000,Mystery mystery,Motacilla citreola,0.0009,unlabeled
Mystery mystery_19_c001,Mystery mystery,Acridotheres fuscus,0.0092,unlabeled
Mystery mystery_19_c002,Mystery mystery,Riparia chinensis,0.0037,unlabeled
Mystery mystery_19_c003,Mystery mystery,Dicaeum minullum,0.0006,unlabeled
Mystery mystery_19_c004,Mystery mystery,Loriculus vernalis,0.0004,unlabeled
Mystery mystery_19_c005,Mystery mystery,Locustella davidi,0.0004,unlabeled
Mystery mystery_19_c006,Mystery mystery,Dicaeum minullum,0.0008,unlabeled
Mystery mystery_19_c007,Mystery mystery,Acrocephalus bistrigiceps,0.0003,unlabeled
Mystery mystery_19_c008,Mystery mystery,Dicaeum minullum,0.0014,unlabeled
Mystery mystery_19_c009,Mystery mystery,Acrocephalus bistrigiceps,0.0010,unlabeled
Mystery mystery_19_c010,Mystery mystery,Locustella davidi,0.0003,unlabeled
Mystery mystery_19_c011,Mystery mystery,Locustella davidi,0.0002,unlabeled
Mystery mystery_19_c012,Mystery mystery,Cypsiurus balasiensis,0.0015,unlabeled
Mystery mystery_19_c013,Mystery mystery,Cypsiurus balasiensis,0.0003,unlabeled
Mystery mystery_19_c014,Mystery mystery,Locustella davidi,0.0010,unlabeled
Mystery mystery_19_c015,Mystery mystery,Riparia chinensis,0.0004,unlabeled
Mystery mystery_19_c016,Mystery mystery,Pomatorhinus ruficollis,0.0021,unlabeled
Mystery mystery_19_c017,Mystery mystery,Acrocephalus bistrigiceps,0.0008,unlabeled
Mystery mystery_19_c018,Mystery mystery,Locustella davidi,0.0019,unlabeled
Mystery mystery_19_c019,Mystery mystery,Cypsiurus balasiensis,0.0010,unlabeled
Mystery mystery_19_c020,Mystery mystery,Acrocephalus bistrigiceps,0.0019,unlabeled
Mystery mystery_19_c021,Mystery mystery,Cypsiurus balasiensis,0.0031,unlabeled
Mystery mystery_19_c022,Mystery mystery,Riparia chinensis,0.0005,unlabeled
Mystery mystery_19_c023,Mystery mystery,Pomatorhinus ruficollis,0.0018,unlabeled
Mystery mystery_19_c024,Mystery mystery,Loriculus vernalis,0.0002,unlabeled
Mystery mystery_19_c025,Mystery mystery,Acridotheres fuscus,0.0018,unlabeled
Mystery mystery_19_c026,Mystery mystery,Psittacula eupatria,0.0007,unlabeled
Mystery mystery_19_c027,Mystery mystery,Cypsiurus balasiensis,0.0014,unlabeled
Mystery mystery_19_c028,Mystery mystery,Locustella davidi,0.0018,unlabeled
Mystery mystery_19_c029,Mystery mystery,Acrocephalus bistrigiceps,0.0053,unlabeled
Mystery mystery_19_c030,Mystery mystery,Acrocephalus bistrigiceps,0.0249,unlabeled
Mystery mystery_19_c031,Mystery mystery,Riparia chinensis,0.0182,unlabeled
Mystery mystery_19_c032,Mystery mystery,Riparia chinensis,0.0324,unlabeled
Mystery mystery_19_c033,Mystery mystery,Riparia chinensis,0.0015,unlabeled
Mystery mystery_19_c034,Mystery mystery,Acrocephalus bistrigiceps,0.0007,unlabeled
Mystery mystery_19_c035,Mystery mystery,Acrocephalus bistrigiceps,0.0016,unlabeled
Mystery mystery_19_c036,Mystery mystery,Dicaeum minullum,0.0001,unlabeled
Mystery mystery_19_c037,Mystery mystery,Acrocephalus bistrigiceps,0.0004,unlabeled
Mystery mystery_19_c038,Mystery mystery,Acrocephalus bistrigiceps,0.0050,unlabeled
Mystery mystery_19_c039,Mystery mystery,Acridotheres fuscus,0.0023,unlabeled
Mystery mystery_19_c040,Mystery mystery,Acridotheres fuscus,0.0049,unlabeled
Mystery mystery_19_c041,Mystery mystery,Acrocephalus bistrigiceps,0.0039,unlabeled
Mystery mystery_19_c042,Mystery mystery,Acrocephalus bistrigiceps,0.0011,unlabeled
Mystery mystery_19_c043,Mystery mystery,Dicaeum minullum,0.0010,unlabeled
Mystery mystery_19_c044,Mystery mystery,Riparia chinensis,0.0107,unlabeled
Mystery mystery_19_c045,Mystery mystery,Acrocephalus bistrigiceps,0.0046,unlabeled
Mystery mystery_20_c000,Mystery mystery,Pluvialis squatarola,0.0046,unlabeled
Mystery mystery_20_c001,Mystery mystery,Pluvialis squatarola,0.0069,unlabeled
Mystery mystery_20_c002,Mystery mystery,Dicaeum cruentatum,0.0074,unlabeled
Mystery mystery_20_c003,Mystery mystery,Pluvialis squatarola,0.0258,unlabeled
Mystery mystery_20_c004,Mystery mystery,Pluvialis squatarola,0.0021,unlabeled
Mystery mystery_20_c005,Mystery mystery,Chloropsis jerdoni,0.0022,unlabeled
Mystery mystery_20_c006,Mystery mystery,Pellorneum ruficeps,0.0004,unlabeled
Mystery mystery_20_c007,Mystery mystery,Chloropsis jerdoni,0.0006,unlabeled
Mystery mystery_20_c008,Mystery mystery,Pluvialis squatarola,0.0009,unlabeled
Mystery mystery_21_c000,Mystery mystery,Pellorneum ruficeps,0.0146,unlabeled
Mystery mystery_21_c001,Mystery mystery,Cyornis poliogenys,0.0371,unlabeled
Mystery mystery_21_c002,Mystery mystery,Pellorneum ruficeps,0.0174,unlabeled
Mystery mystery_22_c000,Mystery mystery,Locustella davidi,0.0015,unlabeled
Mystery mystery_22_c001,Mystery mystery,Cuculus micropterus,0.0005,unlabeled
Mystery mystery_23_c000,Mystery mystery,Psittacula eupatria,0.0103,unlabeled
Mystery mystery_23_c001,Mystery mystery,Phylloscopus inornatus,0.0056,unlabeled
Mystery mystery_24_c000,Mystery mystery,Chloropsis jerdoni,0.0014,unlabeled
Mystery mystery_24_c001,Mystery mystery,Pomatorhinus ruficollis,0.0001,unlabeled
Mystery mystery_24_c002,Mystery mystery,Pomatorhinus ruficollis,0.0004,unlabeled
Mystery mystery_24_c003,Mystery mystery,Chloropsis jerdoni,0.0101,unlabeled
Mystery mystery_24_c004,Mystery mystery,Psittacula eupatria,0.0069,unlabeled
Mystery mystery_24_c005,Mystery mystery,Acridotheres fuscus,0.0030,unlabeled
Mystery mystery_24_c006,Mystery mystery,Acridotheres fuscus,0.0262,unlabeled
Mystery mystery_25_c000,Mystery mystery,Chloropsis jerdoni,0.0049,unlabeled
Mystery mystery_25_c001,Mystery mystery,Psittacula eupatria,0.0041,unlabeled
Mystery mystery_25_c002,Mystery mystery,Chloropsis jerdoni,0.0165,unlabeled
Mystery mystery_25_c003,Mystery mystery,Chloropsis jerdoni,0.0100,unlabeled
Mystery mystery_25_c004,Mystery mystery,Psittacula eupatria,0.0026,unlabeled
Mystery mystery_25_c005,Mystery mystery,Acrocephalus bistrigiceps,0.0026,unlabeled
Mystery mystery_25_c006,Mystery mystery,Psittacula eupatria,0.0115,unlabeled
Mystery mystery_25_c007,Mystery mystery,Acrocephalus bistrigiceps,0.0036,unlabeled
Mystery mystery_25_c008,Mystery mystery,Acridotheres fuscus,0.0042,unlabeled
Mystery mystery_25_c009,Mystery mystery,Locustella davidi,0.0420,unlabeled
Mystery mystery_25_c010,Mystery mystery,Locustella davidi,0.0056,unlabeled
Mystery mystery_25_c011,Mystery mystery,Locustella davidi,0.0017,unlabeled
Mystery mystery_25_c012,Mystery mystery,Locustella davidi,0.0009,unlabeled
Mystery mystery_25_c013,Mystery mystery,Acrocephalus bistrigiceps,0.0082,unlabeled
Mystery mystery_25_c014,Mystery mystery,Locustella davidi,0.0305,unlabeled
Mystery mystery_25_c015,Mystery mystery,Locustella davidi,0.0038,unlabeled
Mystery mystery_25_c016,Mystery mystery,Locustella davidi,0.0330,unlabeled
Mystery mystery_25_c017,Mystery mystery,Psittacula eupatria,0.0041,unlabeled
Mystery mystery_25_c018,Mystery mystery,Locustella davidi,0.0044,unlabeled
Mystery mystery_25_c019,Mystery mystery,Locustella davidi,0.0245,unlabeled
Mystery mystery_25_c020,Mystery mystery,Locustella davidi,0.0223,unlabeled
Mystery mystery_25_c021,Mystery mystery,Psittacula eupatria,0.0236,unlabeled
Mystery mystery_25_c022,Mystery mystery,Locustella davidi,0.0307,unlabeled
Mystery mystery_25_c023,Mystery mystery,Locustella davidi,0.0033,unlabeled
Mystery mystery_25_c024,Mystery mystery,Locustella davidi,0.0079,unlabeled
Mystery mystery_25_c025,Mystery mystery,Psittacula eupatria,0.0160,unlabeled
Mystery mystery_25_c026,Mystery mystery,Psittacula eupatria,0.0394,unlabeled
Mystery mystery_25_c027,Mystery mystery,Psittacula eupatria,0.0091,unlabeled
Mystery mystery_25_c028,Mystery mystery,Psittacula eupatria,0.0103,unlabeled
Mystery mystery_26_c000,Mystery mystery,Pellorneum ruficeps,0.0131,unlabeled
Mystery mystery_26_c001,Mystery mystery,Psittacula eupatria,0.0043,unlabeled
Mystery mystery_27_c000,Mystery mystery,Locustella davidi,0.0015,unlabeled
Mystery mystery_27_c001,Mystery mystery,Acridotheres fuscus,0.0057,unlabeled
Mystery mystery_27_c002,Mystery mystery,Acrocephalus bistrigiceps,0.0087,unlabeled
Mystery mystery_28_c000,Mystery mystery,Phylloscopus inornatus,0.0105,unlabeled
Mystery mystery_28_c001,Mystery mystery,Chloropsis cochinchinensis,0.0306,unlabeled
Mystery mystery_29_c000,Mystery mystery,Acridotheres fuscus,0.0038,unlabeled
Mystery mystery_29_c001,Mystery mystery,Pluvialis squatarola,0.0148,unlabeled
Mystery mystery_30_c000,Mystery mystery,Psittacula eupatria,0.0011,unlabeled
Mystery mystery_30_c001,Mystery mystery,Acridotheres fuscus,0.0171,unlabeled
Mystery mystery_31_c000,Mystery mystery,Chloropsis cochinchinensis,0.0130,unlabeled
Mystery mystery_31_c001,Mystery mystery,Pluvialis squatarola,0.0015,unlabeled
Mystery mystery_32_c000,Mystery mystery,Locustella davidi,0.0001,unlabeled
Mystery mystery_32_c001,Mystery mystery,Locustella davidi,0.0002,unlabeled
Mystery mystery_32_c002,Mystery mystery,Cyornis concretus,0.0004,unlabeled
Mystery mystery_33_c000,Mystery mystery,Acrocephalus bistrigiceps,0.0001,unlabeled
Mystery mystery_33_c001,Mystery mystery,Sturnia malabarica,0.0008,unlabeled
Mystery mystery_33_c002,Mystery mystery,Lanius tephronotus,0.0042,unlabeled
Mystery mystery_34_c000,Mystery mystery,Glaucidium cuculoides,0.0078,unlabeled
Mystery mystery_34_c001,Mystery mystery,Glaucidium cuculoides,0.0018,unlabeled
Mystery mystery_34_c002,Mystery mystery,Glaucidium cuculoides,0.0029,unlabeled
Mystery mystery_34_c003,Mystery mystery,Pomatorhinus ruficollis,0.0011,unlabeled
Mystery mystery_34_c004,Mystery mystery,Glaucidium cuculoides,0.0045,unlabeled
Mystery mystery_34_c005,Mystery mystery,Polyplectron bicalcaratum,0.0139,unlabeled
Mystery mystery_34_c006,Mystery mystery,Polyplectron bicalcaratum,0.0054,unlabeled
Mystery mystery_34_c007,Mystery mystery,Glaucidium cuculoides,0.0040,unlabeled
Mystery mystery_34_c008,Mystery mystery,Phylloscopus inornatus,0.0038,unlabeled
Mystery mystery_34_c009,Mystery mystery,Pnoepyga pusilla,0.0057,unlabeled
Mystery mystery_34_c010,Mystery mystery,Pnoepyga pusilla,0.0052,unlabeled
Mystery mystery_34_c011,Mystery mystery,Pnoepyga pusilla,0.0086,unlabeled
Mystery mystery_34_c012,Mystery mystery,Polyplectron bicalcaratum,0.0035,unlabeled
Mystery mystery_35_c000,Mystery mystery,Psittacula eupatria,0.1379,unlabeled
Mystery mystery_35_c001,Mystery mystery,Psittacula eupatria,0.0094,unlabeled
Mystery mystery_35_c002,Mystery mystery,Psittacula eupatria,0.0154,unlabeled
Mystery mystery_35_c003,Mystery mystery,Psittacula eupatria,0.0310,unlabeled
Mystery mystery_35_c004,Mystery mystery,Psittacula eupatria,0.0251,unlabeled
Mystery mystery_35_c005,Mystery mystery,Psittacula eupatria,0.2125,unlabeled
Mystery mystery_35_c006,Mystery mystery,Psittacula eupatria,0.0039,unlabeled
Mystery mystery_35_c007,Mystery mystery,Psittacula eupatria,0.0445,unlabeled
Mystery mystery_35_c008,Mystery mystery,Psittacula eupatria,0.0022,unlabeled
Mystery mystery_35_c009,Mystery mystery,Acridotheres fuscus,0.0035,unlabeled
Mystery mystery_35_c010,Mystery mystery,Psittacula eupatria,0.0512,unlabeled
Mystery mystery_35_c011,Mystery mystery,Psittacula eupatria,0.0065,unlabeled
Mystery mystery_35_c012,Mystery mystery,Pellorneum ruficeps,0.0097,unlabeled
Mystery mystery_35_c013,Mystery mystery,Psittacula eupatria,0.0345,unlabeled
Mystery mystery_35_c014,Mystery mystery,Chloropsis jerdoni,0.0074,unlabeled
Mystery mystery_35_c015,Mystery mystery,Psittacula eupatria,0.0570,unlabeled
Mystery mystery_35_c016,Mystery mystery,Psittacula eupatria,0.0121,unlabeled
Mystery mystery_35_c017,Mystery mystery,Psittacula eupatria,0.0094,unlabeled
Mystery mystery_35_c018,Mystery mystery,Psittacula eupatria,0.0902,unlabeled
Mystery mystery_35_c019,Mystery mystery,Locustella davidi,0.0018,unlabeled
Mystery mystery_35_c020,Mystery mystery,Cuculus micropterus,0.0051,unlabeled
Mystery mystery_35_c021,Mystery mystery,Psittacula eupatria,0.0019,unlabeled
Mystery mystery_36_c000,Mystery mystery,Cyornis unicolor,0.0043,unlabeled
Mystery mystery_36_c001,Mystery mystery,Pellorneum ruficeps,0.0055,unlabeled
Mystery mystery_36_c002,Mystery mystery,Cyornis unicolor,0.0342,unlabeled
Mystery mystery_37_c000,Mystery mystery,Pellorneum ruficeps,0.0046,unlabeled
Mystery mystery_37_c001,Mystery mystery,Pellorneum ruficeps,0.0071,unlabeled
Mystery mystery_37_c002,Mystery mystery,Pellorneum ruficeps,0.0011,unlabeled
Mystery mystery_37_c003,Mystery mystery,Pellorneum ruficeps,0.0039,unlabeled
Mystery mystery_37_c004,Mystery mystery,Pellorneum ruficeps,0.0033,unlabeled
Mystery mystery_37_c005,Mystery mystery,Pellorneum ruficeps,0.0090,unlabeled
Mystery mystery_38_c000,Mystery mystery,Pellorneum ruficeps,0.9655,unlabeled
Mystery mystery_38_c001,Mystery mystery,Pellorneum ruficeps,0.9992,unlabeled
Mystery mystery_38_c002,Mystery mystery,Pellorneum ruficeps,0.9309,unlabeled
Mystery mystery_38_c003,Mystery mystery,Pellorneum ruficeps,0.9973,unlabeled
Mystery mystery_38_c004,Mystery mystery,Pellorneum ruficeps,0.7659,unlabeled
Mystery mystery_38_c005,Mystery mystery,Pellorneum ruficeps,0.9953,unlabeled
Mystery mystery_38_c006,Mystery mystery,Macronus gularis,0.0854,unlabeled
Mystery mystery_38_c007,Mystery mystery,Pellorneum ruficeps,0.0092,unlabeled
Mystery mystery_38_c008,Mystery mystery,Pellorneum ruficeps,0.0038,unlabeled
Mystery mystery_38_c009,Mystery mystery,Pluvialis squatarola,0.0005,unlabeled
Mystery mystery_38_c010,Mystery mystery,Acridotheres fuscus,0.0006,unlabeled
Mystery mystery_38_c011,Mystery mystery,Cypsiurus balasiensis,0.0003,unlabeled
Mystery mystery_38_c012,Mystery mystery,Sturnia malabarica,0.0004,unlabeled
Mystery mystery_38_c013,Mystery mystery,Chloropsis jerdoni,0.0007,unlabeled
Mystery mystery_38_c014,Mystery mystery,Chloropsis jerdoni,0.0042,unlabeled
Mystery mystery_38_c015,Mystery mystery,Chloropsis jerdoni,0.0015,unlabeled
Mystery mystery_38_c016,Mystery mystery,Chloropsis jerdoni,0.0025,unlabeled
Mystery mystery_38_c017,Mystery mystery,Todiramphus chloris,0.0042,unlabeled
Mystery mystery_38_c018,Mystery mystery,Loriculus vernalis,0.0014,unlabeled
Mystery mystery_38_c019,Mystery mystery,Sturnia malabarica,0.0020,unlabeled
Mystery mystery_38_c020,Mystery mystery,Chloropsis jerdoni,0.0069,unlabeled
Mystery mystery_38_c021,Mystery mystery,Chloropsis jerdoni,0.0066,unlabeled
Mystery mystery_38_c022,Mystery mystery,Chloropsis jerdoni,0.0061,unlabeled
Mystery mystery_38_c023,Mystery mystery,Loriculus vernalis,0.0012,unlabeled
Mystery mystery_38_c024,Mystery mystery,Chloropsis jerdoni,0.0006,unlabeled
Mystery mystery_38_c025,Mystery mystery,Pellorneum ruficeps,0.0057,unlabeled
Mystery mystery_39_c000,Mystery mystery,Pellorneum ruficeps,0.9655,unlabeled
Mystery mystery_39_c001,Mystery mystery,Pellorneum ruficeps,0.9992,unlabeled
Mystery mystery_39_c002,Mystery mystery,Pellorneum ruficeps,0.9309,unlabeled
Mystery mystery_39_c003,Mystery mystery,Pellorneum ruficeps,0.9973,unlabeled
Mystery mystery_39_c004,Mystery mystery,Pellorneum ruficeps,0.7659,unlabeled
Mystery mystery_39_c005,Mystery mystery,Pellorneum ruficeps,0.9953,unlabeled
Mystery mystery_39_c006,Mystery mystery,Macronus gularis,0.0854,unlabeled
Mystery mystery_39_c007,Mystery mystery,Pellorneum ruficeps,0.0092,unlabeled
Mystery mystery_39_c008,Mystery mystery,Pellorneum ruficeps,0.0038,unlabeled
Mystery mystery_39_c009,Mystery mystery,Pluvialis squatarola,0.0005,unlabeled
Mystery mystery_39_c010,Mystery mystery,Acridotheres fuscus,0.0006,unlabeled
Mystery mystery_39_c011,Mystery mystery,Cypsiurus balasiensis,0.0003,unlabeled
Mystery mystery_39_c012,Mystery mystery,Sturnia malabarica,0.0004,unlabeled
Mystery mystery_39_c013,Mystery mystery,Chloropsis jerdoni,0.0007,unlabeled
Mystery mystery_39_c014,Mystery mystery,Chloropsis jerdoni,0.0042,unlabeled
Mystery mystery_39_c015,Mystery mystery,Chloropsis jerdoni,0.0015,unlabeled
Mystery mystery_39_c016,Mystery mystery,Chloropsis jerdoni,0.0025,unlabeled
Mystery mystery_39_c017,Mystery mystery,Todiramphus chloris,0.0042,unlabeled
Mystery mystery_39_c018,Mystery mystery,Loriculus vernalis,0.0014,unlabeled
Mystery mystery_39_c019,Mystery mystery,Sturnia malabarica,0.0020,unlabeled
Mystery mystery_39_c020,Mystery mystery,Chloropsis jerdoni,0.0069,unlabeled
Mystery mystery_39_c021,Mystery mystery,Chloropsis jerdoni,0.0066,unlabeled
Mystery mystery_39_c022,Mystery mystery,Chloropsis jerdoni,0.0061,unlabeled
Mystery mystery_39_c023,Mystery mystery,Loriculus vernalis,0.0012,unlabeled
Mystery mystery_39_c024,Mystery mystery,Chloropsis jerdoni,0.0006,unlabeled
Mystery mystery_39_c025,Mystery mystery,Pellorneum ruficeps,0.0057,unlabeled
Mystery mystery_40_c000,Mystery mystery,Dicaeum cruentatum,0.0003,unlabeled
Mystery mystery_40_c001,Mystery mystery,Loriculus vernalis,0.0007,unlabeled
Mystery mystery_40_c002,Mystery mystery,Halcyon coromanda,0.0008,unlabeled
Mystery mystery_40_c003,Mystery mystery,Motacilla citreola,0.0100,unlabeled
Mystery mystery_40_c004,Mystery mystery,Chelidorhynx hypoxanthus,0.0004,unlabeled
Mystery mystery_41_c000,Mystery mystery,Cuculus micropterus,0.0060,unlabeled
Mystery mystery_41_c001,Mystery mystery,Chloropsis jerdoni,0.0048,unlabeled
Mystery mystery_41_c002,Mystery mystery,Pomatorhinus ruficollis,0.0011,unlabeled
Mystery mystery_41_c003,Mystery mystery,Loriculus vernalis,0.0015,unlabeled
Mystery mystery_41_c004,Mystery mystery,Pellorneum ruficeps,0.0039,unlabeled
Mystery mystery_41_c005,Mystery mystery,Loriculus vernalis,0.0093,unlabeled
Mystery mystery_41_c006,Mystery mystery,Loriculus vernalis,0.0214,unlabeled
Mystery mystery_41_c007,Mystery mystery,Cuculus micropterus,0.0014,unlabeled
Mystery mystery_41_c008,Mystery mystery,Pomatorhinus ruficollis,0.0016,unlabeled
Mystery mystery_41_c009,Mystery mystery,Pellorneum ruficeps,0.0082,unlabeled
Mystery mystery_41_c010,Mystery mystery,Pellorneum ruficeps,0.0127,unlabeled
Mystery mystery_41_c011,Mystery mystery,Pellorneum ruficeps,0.0012,unlabeled
Mystery mystery_41_c012,Mystery mystery,Psilopogon lineatus,0.0010,unlabeled
Mystery mystery_42_c000,Mystery mystery,Chloropsis jerdoni,0.0010,unlabeled
Mystery mystery_42_c001,Mystery mystery,Chloropsis jerdoni,0.0138,unlabeled
Mystery mystery_42_c002,Mystery mystery,Chloropsis jerdoni,0.0015,unlabeled
Mystery mystery_42_c003,Mystery mystery,Chloropsis jerdoni,0.0005,unlabeled
Mystery mystery_42_c004,Mystery mystery,Chloropsis jerdoni,0.0008,unlabeled
Mystery mystery_42_c005,Mystery mystery,Chloropsis jerdoni,0.0021,unlabeled
Mystery mystery_42_c006,Mystery mystery,Chloropsis jerdoni,0.0014,unlabeled
Mystery mystery_43_c000,Mystery mystery,Pellorneum ruficeps,0.0008,unlabeled
Mystery mystery_43_c001,Mystery mystery,Chloropsis jerdoni,0.0001,unlabeled
Mystery mystery_43_c002,Mystery mystery,Chloropsis jerdoni,0.0016,unlabeled
Mystery mystery_43_c003,Mystery mystery,Stachyridopsis ambigua,0.0319,unlabeled
Mystery mystery_43_c004,Mystery mystery,Stachyridopsis ambigua,0.0038,unlabeled
Mystery mystery_43_c005,Mystery mystery,Chloropsis jerdoni,0.0008,unlabeled
Mystery mystery_43_c006,Mystery mystery,Stachyridopsis ambigua,0.0121,unlabeled
Mystery mystery_43_c007,Mystery mystery,Stachyridopsis ambigua,0.0099,unlabeled
Mystery mystery_43_c008,Mystery mystery,Chloropsis jerdoni,0.0004,unlabeled
Mystery mystery_43_c009,Mystery mystery,Chloropsis jerdoni,0.0019,unlabeled
Mystery mystery_43_c010,Mystery mystery,Cyornis unicolor,0.0028,unlabeled
Mystery mystery_43_c011,Mystery mystery,Halcyon coromanda,0.0003,unlabeled
Mystery mystery_43_c012,Mystery mystery,Chloropsis jerdoni,0.0005,unlabeled
Mystery mystery_43_c013,Mystery mystery,Pomatorhinus ruficollis,0.0016,unlabeled
Mystery mystery_43_c014,Mystery mystery,Cyornis unicolor,0.0005,unlabeled
Mystery mystery_43_c015,Mystery mystery,Cyornis unicolor,0.0009,unlabeled
Mystery mystery_43_c016,Mystery mystery,Phylloscopus inornatus,0.0026,unlabeled
Mystery mystery_43_c017,Mystery mystery,Chloropsis jerdoni,0.0008,unlabeled
Mystery mystery_43_c018,Mystery mystery,Stachyridopsis ambigua,0.0211,unlabeled
Mystery mystery_43_c019,Mystery mystery,Pomatorhinus ruficollis,0.0100,unlabeled
Mystery mystery_43_c020,Mystery mystery,Phylloscopus inornatus,0.0036,unlabeled
Mystery mystery_43_c021,Mystery mystery,Chloropsis jerdoni,0.0032,unlabeled
Mystery mystery_43_c022,Mystery mystery,Chloropsis jerdoni,0.0014,unlabeled
Mystery mystery_43_c023,Mystery mystery,Pomatorhinus ruficollis,0.0010,unlabeled
Mystery mystery_43_c024,Mystery mystery,Chloropsis jerdoni,0.0031,unlabeled
Mystery mystery_43_c025,Mystery mystery,Chloropsis jerdoni,0.0021,unlabeled
Mystery mystery_43_c026,Mystery mystery,Ixobrychus cinnamomeus,0.0003,unlabeled
Mystery mystery_43_c027,Mystery mystery,Chloropsis jerdoni,0.0004,unlabeled
Mystery mystery_43_c028,Mystery mystery,Phylloscopus inornatus,0.0011,unlabeled
Mystery mystery_43_c029,Mystery mystery,Chloropsis jerdoni,0.0049,unlabeled
Mystery mystery_43_c030,Mystery mystery,Psittacula eupatria,0.0003,unlabeled
Mystery mystery_43_c031,Mystery mystery,Psittacula eupatria,0.0015,unlabeled
Mystery mystery_43_c032,Mystery mystery,Pomatorhinus ruficollis,0.0013,unlabeled
Mystery mystery_43_c033,Mystery mystery,Pellorneum ruficeps,0.0033,unlabeled
Mystery mystery_43_c034,Mystery mystery,Phylloscopus inornatus,0.0006,unlabeled
Mystery mystery_43_c035,Mystery mystery,Halcyon coromanda,0.0008,unlabeled
Mystery mystery_43_c036,Mystery mystery,Cyornis concretus,0.0004,unlabeled
Mystery mystery_43_c037,Mystery mystery,Psittacula eupatria,0.0163,unlabeled
Mystery mystery_43_c038,Mystery mystery,Psittacula eupatria,0.0059,unlabeled
Mystery mystery_43_c039,Mystery mystery,Phylloscopus inornatus,0.0034,unlabeled
Mystery mystery_44_c000,Mystery mystery,Pellorneum ruficeps,0.0062,unlabeled
Mystery mystery_45_c000,Mystery mystery,Cuculus micropterus,0.0039,unlabeled
Mystery mystery_46_c000,Mystery mystery,Pellorneum ruficeps,0.0081,unlabeled
Mystery mystery_46_c001,Mystery mystery,Pellorneum ruficeps,0.0033,unlabeled
Mystery mystery_46_c002,Mystery mystery,Pellorneum ruficeps,0.0018,unlabeled
Mystery mystery_46_c003,Mystery mystery,Pellorneum ruficeps,0.0032,unlabeled
Mystery mystery_46_c004,Mystery mystery,Todiramphus chloris,0.1124,unlabeled
Mystery mystery_46_c005,Mystery mystery,Todiramphus chloris,0.0684,unlabeled
Mystery mystery_47_c000,Mystery mystery,Psittacula eupatria,0.0015,unlabeled
Mystery mystery_47_c001,Mystery mystery,Psittacula eupatria,0.0026,unlabeled
Mystery mystery_48_c000,Mystery mystery,Pluvialis squatarola,0.0000,unlabeled
Mystery mystery_49_c000,Mystery mystery,Chloropsis jerdoni,0.0044,unlabeled
Mystery mystery_49_c001,Mystery mystery,Pellorneum ruficeps,0.0183,unlabeled
Mystery mystery_50_c000,Mystery mystery,Pellorneum ruficeps,0.0039,unlabeled
Mystery mystery_50_c001,Mystery mystery,Pellorneum ruficeps,0.0082,unlabeled
Mystery mystery_51_c000,Mystery mystery,Pomatorhinus ruficollis,0.0025,unlabeled
Mystery mystery_51_c001,Mystery mystery,Pellorneum ruficeps,0.0260,unlabeled
Mystery mystery_52_c000,Mystery mystery,Pomatorhinus ruficollis,0.0007,unlabeled
Mystery mystery_53_c000,Mystery mystery,Chloropsis jerdoni,0.0010,unlabeled
Mystery mystery_53_c001,Mystery mystery,Chloropsis jerdoni,0.0026,unlabeled
Mystery mystery_53_c002,Mystery mystery,Glaucidium cuculoides,0.0025,unlabeled
Mystery mystery_53_c003,Mystery mystery,Acrocephalus bistrigiceps,0.0007,unlabeled
Mystery mystery_54_c000,Mystery mystery,Macronus gularis,0.0727,unlabeled
Mystery mystery_54_c001,Mystery mystery,Macronus gularis,0.1731,unlabeled
Mystery mystery_55_c000,Mystery mystery,Sturnia malabarica,0.0180,unlabeled
Mystery mystery_55_c001,Mystery mystery,Sturnia malabarica,0.0097,unlabeled
Mystery mystery_55_c002,Mystery mystery,Lanius tephronotus,0.0081,unlabeled
Mystery mystery_55_c003,Mystery mystery,Sturnia malabarica,0.0417,unlabeled
Mystery mystery_55_c004,Mystery mystery,Lanius tephronotus,0.0101,unlabeled
Mystery mystery_55_c005,Mystery mystery,Sturnia malabarica,0.0076,unlabeled
Mystery mystery_55_c006,Mystery mystery,Sturnia malabarica,0.0246,unlabeled
Mystery mystery_55_c007,Mystery mystery,Sturnia malabarica,0.0036,unlabeled
Mystery mystery_55_c008,Mystery mystery,Psittacula eupatria,0.0102,unlabeled
Mystery mystery_55_c009,Mystery mystery,Sturnia malabarica,0.0164,unlabeled
Mystery mystery_55_c010,Mystery mystery,Psittacula eupatria,0.0035,unlabeled
Mystery mystery_56_c000,Mystery mystery,Riparia chinensis,0.0047,unlabeled
Mystery mystery_56_c001,Mystery mystery,Riparia chinensis,0.0030,unlabeled
Mystery mystery_56_c002,Mystery mystery,Ixobrychus cinnamomeus,0.0009,unlabeled
Mystery mystery_56_c003,Mystery mystery,Riparia chinensis,0.0011,unlabeled
Mystery mystery_56_c004,Mystery mystery,Riparia chinensis,0.0031,unlabeled
Mystery mystery_56_c005,Mystery mystery,Riparia chinensis,0.0040,unlabeled
Mystery mystery_56_c006,Mystery mystery,Riparia chinensis,0.0008,unlabeled
Mystery mystery_56_c007,Mystery mystery,Riparia chinensis,0.0011,unlabeled
Mystery mystery_56_c008,Mystery mystery,Riparia chinensis,0.0009,unlabeled
Mystery mystery_56_c009,Mystery mystery,Riparia chinensis,0.0007,unlabeled
Mystery mystery_56_c010,Mystery mystery,Psilopogon lineatus,0.0288,unlabeled
Mystery mystery_56_c011,Mystery mystery,Psittacula eupatria,0.0015,unlabeled
Mystery mystery_56_c012,Mystery mystery,Riparia chinensis,0.0024,unlabeled
Mystery mystery_57_c000,Mystery mystery,Chloropsis jerdoni,0.0018,unlabeled
Mystery mystery_57_c001,Mystery mystery,Chloropsis jerdoni,0.0017,unlabeled
Mystery mystery_58_c000,Mystery mystery,Lanius tephronotus,0.0072,unlabeled
Mystery mystery_58_c001,Mystery mystery,Lanius tephronotus,0.0155,unlabeled
Mystery mystery_58_c002,Mystery mystery,Lanius tephronotus,0.0119,unlabeled
Mystery mystery_58_c003,Mystery mystery,Acrocephalus bistrigiceps,0.0149,unlabeled
Mystery mystery_58_c004,Mystery mystery,Psittacula eupatria,0.0013,unlabeled
Mystery mystery_59_c000,Mystery mystery,Macronus gularis,0.0002,unlabeled
Mystery mystery_59_c001,Mystery mystery,Sturnia malabarica,0.0180,unlabeled
Mystery mystery_59_c002,Mystery mystery,Halcyon coromanda,0.0115,unlabeled
Mystery mystery_59_c003,Mystery mystery,Psittacula eupatria,0.0019,unlabeled
Mystery mystery_60_c000,Mystery mystery,Phylloscopus inornatus,0.0025,unlabeled
Mystery mystery_60_c001,Mystery mystery,Phylloscopus inornatus,0.0015,unlabeled
Mystery mystery_60_c002,Mystery mystery,Cuculus micropterus,0.0021,unlabeled
Mystery mystery_60_c003,Mystery mystery,Pellorneum ruficeps,0.0014,unlabeled
Mystery mystery_60_c004,Mystery mystery,Phylloscopus inornatus,0.0388,unlabeled
Mystery mystery_60_c005,Mystery mystery,Psittacula eupatria,0.0079,unlabeled
Mystery mystery_60_c006,Mystery mystery,Todiramphus chloris,0.0060,unlabeled
Mystery mystery_61_c000,Mystery mystery,Pluvialis squatarola,0.0005,unlabeled
Mystery mystery_61_c001,Mystery mystery,Macronus gularis,0.0012,unlabeled
Mystery mystery_61_c002,Mystery mystery,Glaucidium cuculoides,0.0065,unlabeled
Mystery mystery_62_c000,Mystery mystery,Polyplectron bicalcaratum,0.0035,unlabeled
Mystery mystery_62_c001,Mystery mystery,Pnoepyga pusilla,0.0110,unlabeled
Mystery mystery_62_c002,Mystery mystery,Dicaeum cruentatum,0.0008,unlabeled
Mystery mystery_62_c003,Mystery mystery,Pomatorhinus ruficollis,0.0022,unlabeled
Mystery mystery_62_c004,Mystery mystery,Cuculus micropterus,0.0012,unlabeled
Mystery mystery_62_c005,Mystery mystery,Pomatorhinus ruficollis,0.0003,unlabeled
Mystery mystery_62_c006,Mystery mystery,Cyornis unicolor,0.0028,unlabeled
Mystery mystery_62_c007,Mystery mystery,Cyornis concretus,0.0148,unlabeled
Mystery mystery_62_c008,Mystery mystery,Pnoepyga pusilla,0.0004,unlabeled
Mystery mystery_62_c009,Mystery mystery,Liocichla phoenicea,0.0013,unlabeled
Mystery mystery_62_c010,Mystery mystery,Eurystomus orientalis,0.0159,unlabeled
Mystery mystery_62_c011,Mystery mystery,Psittacula eupatria,0.0010,unlabeled
Mystery mystery_62_c012,Mystery mystery,Pellorneum ruficeps,0.0030,unlabeled
Mystery mystery_62_c013,Mystery mystery,Acridotheres fuscus,0.0002,unlabeled
Mystery mystery_62_c014,Mystery mystery,Sturnia malabarica,0.0010,unlabeled
Mystery mystery_62_c015,Mystery mystery,Sturnia malabarica,0.0006,unlabeled
Mystery mystery_62_c016,Mystery mystery,Macronus gularis,0.0010,unlabeled
Mystery mystery_62_c017,Mystery mystery,Sturnia malabarica,0.0050,unlabeled
Mystery mystery_62_c018,Mystery mystery,Sturnia malabarica,0.0011,unlabeled
Mystery mystery_62_c019,Mystery mystery,Todiramphus chloris,0.0020,unlabeled
Mystery mystery_62_c020,Mystery mystery,Pomatorhinus ruficollis,0.0051,unlabeled
Mystery mystery_63_c000,Mystery mystery,Psittacula eupatria,0.0017,unlabeled
Mystery mystery_63_c001,Mystery mystery,Sturnia malabarica,0.0017,unlabeled
Mystery mystery_63_c002,Mystery mystery,Psittacula eupatria,0.0005,unlabeled
Mystery mystery_63_c003,Mystery mystery,Psittacula eupatria,0.0174,unlabeled
Mystery mystery_63_c004,Mystery mystery,Psittacula eupatria,0.0028,unlabeled
Mystery mystery_64_c000,Mystery mystery,Pomatorhinus ruficollis,0.9859,unlabeled
Mystery mystery_64_c001,Mystery mystery,Halcyon coromanda,0.0076,unlabeled
Mystery mystery_64_c002,Mystery mystery,Pomatorhinus ruficollis,0.9880,unlabeled
Mystery mystery_65_c000,Mystery mystery,Pellorneum ruficeps,0.0074,unlabeled
Mystery mystery_66_c000,Mystery mystery,Acrocephalus bistrigiceps,0.0005,unlabeled
Mystery mystery_66_c001,Mystery mystery,Acrocephalus bistrigiceps,0.0077,unlabeled
Mystery mystery_66_c002,Mystery mystery,Cypsiurus balasiensis,0.0008,unlabeled
Mystery mystery_67_c000,Mystery mystery,Sturnia malabarica,0.0110,unlabeled
Mystery mystery_67_c001,Mystery mystery,Acridotheres fuscus,0.0083,unlabeled
Mystery mystery_67_c002,Mystery mystery,Chloropsis jerdoni,0.0261,unlabeled
Mystery mystery_67_c003,Mystery mystery,Chloropsis jerdoni,0.0400,unlabeled
Mystery mystery_67_c004,Mystery mystery,Sturnia malabarica,0.0056,unlabeled
Mystery mystery_67_c005,Mystery mystery,Pluvialis squatarola,0.0026,unlabeled
Mystery mystery_67_c006,Mystery mystery,Acridotheres fuscus,0.0058,unlabeled
Mystery mystery_68_c000,Mystery mystery,Phylloscopus inornatus,0.0019,unlabeled
Mystery mystery_69_c000,Mystery mystery,Phylloscopus inornatus,0.2629,unlabeled
Mystery mystery_70_c000,Mystery mystery,Dicaeum minullum,0.0260,unlabeled
Mystery mystery_70_c001,Mystery mystery,Aethopyga gouldiae,0.0023,unlabeled
Mystery mystery_71_c000,Mystery mystery,Chelidorhynx hypoxanthus,0.0730,unlabeled
Mystery mystery_71_c001,Mystery mystery,Chelidorhynx hypoxanthus,0.0678,unlabeled
Mystery mystery_72_c000,Mystery mystery,Pellorneum ruficeps,0.0049,unlabeled
Mystery mystery_72_c001,Mystery mystery,Loriculus vernalis,0.0103,unlabeled
Mystery mystery_72_c002,Mystery mystery,Pellorneum ruficeps,0.0031,unlabeled
Mystery mystery_72_c003,Mystery mystery,Pellorneum ruficeps,0.0067,unlabeled
Mystery mystery_73_c000,Mystery mystery,Chloropsis jerdoni,0.0496,unlabeled
Mystery mystery_73_c001,Mystery mystery,Chloropsis jerdoni,0.0326,unlabeled
Mystery mystery_73_c002,Mystery mystery,Chloropsis jerdoni,0.0057,unlabeled
Mystery mystery_74_c000,Mystery mystery,Paradoxornis guttaticollis,0.0008,unlabeled
Mystery mystery_74_c001,Mystery mystery,Psittacula eupatria,0.0028,unlabeled
Mystery mystery_75_c000,Mystery mystery,Chloropsis jerdoni,0.0004,unlabeled
Mystery mystery_75_c001,Mystery mystery,Chloropsis jerdoni,0.0017,unlabeled
Mystery mystery_75_c002,Mystery mystery,Lanius tephronotus,0.0026,unlabeled
Mystery mystery_75_c003,Mystery mystery,Chloropsis jerdoni,0.0003,unlabeled
Mystery mystery_75_c004,Mystery mystery,Chloropsis jerdoni,0.0030,unlabeled
Mystery mystery_75_c005,Mystery mystery,Chloropsis jerdoni,0.0010,unlabeled
Mystery mystery_76_c000,Mystery mystery,Chloropsis jerdoni,0.0012,unlabeled
Mystery mystery_76_c001,Mystery mystery,Pellorneum ruficeps,0.0073,unlabeled
Mystery mystery_76_c002,Mystery mystery,Pomatorhinus ruficollis,0.0011,unlabeled
Mystery mystery_77_c000,Mystery mystery,Cuculus micropterus,0.1427,unlabeled
Mystery mystery_77_c001,Mystery mystery,Cuculus micropterus,0.0011,unlabeled
Mystery mystery_77_c002,Mystery mystery,Cuculus micropterus,0.0024,unlabeled
Mystery mystery_78_c000,Mystery mystery,Sturnia malabarica,0.0006,unlabeled
Mystery mystery_78_c001,Mystery mystery,Sturnia malabarica,0.0001,unlabeled
Mystery mystery_78_c002,Mystery mystery,Sturnia malabarica,0.0016,unlabeled
Mystery mystery_79_c000,Mystery mystery,Cypsiurus balasiensis,0.0005,unlabeled
Mystery mystery_80_c000,Mystery mystery,Acrocephalus bistrigiceps,0.0111,unlabeled
Mystery mystery_80_c001,Mystery mystery,Motacilla citreola,0.0064,unlabeled
Mystery mystery_80_c002,Mystery mystery,Motacilla citreola,0.0211,unlabeled
Mystery mystery_80_c003,Mystery mystery,Pellorneum ruficeps,0.0008,unlabeled
Mystery mystery_81_c000,Mystery mystery,Dicaeum cruentatum,0.0297,unlabeled
Mystery mystery_81_c001,Mystery mystery,Chrysococcyx maculatus,0.0170,unlabeled
Mystery mystery_81_c002,Mystery mystery,Dicaeum cruentatum,0.0199,unlabeled
Mystery mystery_81_c003,Mystery mystery,Chrysococcyx maculatus,0.0104,unlabeled
Mystery mystery_82_c000,Mystery mystery,Glaucidium cuculoides,0.0133,unlabeled
Mystery mystery_82_c001,Mystery mystery,Todiramphus chloris,0.0089,unlabeled
Mystery mystery_82_c002,Mystery mystery,Locustella davidi,0.0144,unlabeled
Mystery mystery_82_c003,Mystery mystery,Psittacula eupatria,0.0028,unlabeled
Mystery mystery_82_c004,Mystery mystery,Glaucidium cuculoides,0.0022,unlabeled
Mystery mystery_82_c005,Mystery mystery,Arborophila torqueola,0.0138,unlabeled
Mystery mystery_82_c006,Mystery mystery,Pomatorhinus ruficollis,0.0077,unlabeled
Mystery mystery_82_c007,Mystery mystery,Chelidorhynx hypoxanthus,0.0093,unlabeled
Mystery mystery_83_c000,Mystery mystery,Macronus gularis,0.0071,unlabeled
Mystery mystery_83_c001,Mystery mystery,Macronus gularis,0.0010,unlabeled
Mystery mystery_83_c002,Mystery mystery,Macronus gularis,0.0062,unlabeled
Mystery mystery_83_c003,Mystery mystery,Macronus gularis,0.0131,unlabeled
Mystery mystery_83_c004,Mystery mystery,Macronus gularis,0.0012,unlabeled
Mystery mystery_83_c005,Mystery mystery,Pomatorhinus ruficollis,0.0016,unlabeled
Mystery mystery_83_c006,Mystery mystery,Pluvialis squatarola,0.0009,unlabeled
Mystery mystery_84_c000,Mystery mystery,Acrocephalus bistrigiceps,0.0460,unlabeled
Mystery mystery_84_c001,Mystery mystery,Acrocephalus bistrigiceps,0.0303,unlabeled
Mystery mystery_84_c002,Mystery mystery,Acrocephalus bistrigiceps,0.0165,unlabeled
Mystery mystery_84_c003,Mystery mystery,Cuculus micropterus,0.0174,unlabeled
Mystery mystery_85_c000,Mystery mystery,Pellorneum ruficeps,0.0035,unlabeled
Mystery mystery_85_c001,Mystery mystery,Psittacula eupatria,0.0071,unlabeled
Mystery mystery_85_c002,Mystery mystery,Loriculus vernalis,0.0071,unlabeled
Mystery mystery_85_c003,Mystery mystery,Dicaeum minullum,0.0059,unlabeled
Mystery mystery_85_c004,Mystery mystery,Phylloscopus inornatus,0.0025,unlabeled
Mystery mystery_85_c005,Mystery mystery,Pellorneum ruficeps,0.0008,unlabeled
Mystery mystery_85_c006,Mystery mystery,Pellorneum ruficeps,0.0128,unlabeled
Mystery mystery_86_c000,Mystery mystery,Loriculus vernalis,0.0056,unlabeled
Mystery mystery_86_c001,Mystery mystery,Pellorneum ruficeps,0.0025,unlabeled
Mystery mystery_86_c002,Mystery mystery,Phylloscopus inornatus,0.0074,unlabeled
Mystery mystery_86_c003,Mystery mystery,Cyornis poliogenys,0.0065,unlabeled
Mystery mystery_86_c004,Mystery mystery,Loriculus vernalis,0.0087,unlabeled
Mystery mystery_86_c005,Mystery mystery,Pellorneum ruficeps,0.0178,unlabeled
Mystery mystery_86_c006,Mystery mystery,Loriculus vernalis,0.0123,unlabeled
Mystery mystery_86_c007,Mystery mystery,Loriculus vernalis,0.0519,unlabeled
Mystery mystery_86_c008,Mystery mystery,Loriculus vernalis,0.0034,unlabeled
Mystery mystery_86_c009,Mystery mystery,Phylloscopus inornatus,0.0032,unlabeled
Mystery mystery_87_c000,Mystery mystery,Ixobrychus cinnamomeus,0.0013,unlabeled
Mystery mystery_87_c001,Mystery mystery,Ixobrychus cinnamomeus,0.0029,unlabeled
Mystery mystery_87_c002,Mystery mystery,Ixobrychus cinnamomeus,0.0044,unlabeled
Mystery mystery_88_c000,Mystery mystery,Locustella davidi,0.0014,unlabeled
Mystery mystery_88_c001,Mystery mystery,Pellorneum ruficeps,0.0001,unlabeled
Mystery mystery_88_c002,Mystery mystery,Macronus gularis,0.0003,unlabeled
Mystery mystery_88_c003,Mystery mystery,Pluvialis squatarola,0.0009,unlabeled
Mystery mystery_89_c000,Mystery mystery,Pellorneum ruficeps,0.0064,unlabeled
Mystery mystery_89_c001,Mystery mystery,Pellorneum ruficeps,0.0007,unlabeled
Mystery mystery_89_c002,Mystery mystery,Pellorneum ruficeps,0.0009,unlabeled
Mystery mystery_89_c003,Mystery mystery,Pellorneum ruficeps,0.0013,unlabeled
Mystery mystery_90_c000,Mystery mystery,Halcyon coromanda,0.0018,unlabeled
Mystery mystery_91_c000,Mystery mystery,Pellorneum ruficeps,0.0082,unlabeled
Mystery mystery_91_c001,Mystery mystery,Pellorneum ruficeps,0.0107,unlabeled
Mystery mystery_91_c002,Mystery mystery,Pellorneum ruficeps,0.0074,unlabeled
Mystery mystery_91_c003,Mystery mystery,Pellorneum ruficeps,0.0093,unlabeled
Mystery mystery_91_c004,Mystery mystery,Pellorneum ruficeps,0.0106,unlabeled
Mystery mystery_91_c005,Mystery mystery,Chloropsis jerdoni,0.0034,unlabeled
Mystery mystery_91_c006,Mystery mystery,Chloropsis jerdoni,0.0086,unlabeled
Mystery mystery_92_c000,Mystery mystery,Chloropsis jerdoni,0.0109,unlabeled
Mystery mystery_92_c001,Mystery mystery,Psittacula eupatria,0.0042,unlabeled
Mystery mystery_92_c002,Mystery mystery,Acridotheres fuscus,0.0093,unlabeled
Mystery mystery_92_c003,Mystery mystery,Pellorneum ruficeps,0.0080,unlabeled
Mystery mystery_92_c004,Mystery mystery,Chloropsis jerdoni,0.0084,unlabeled
Mystery mystery_92_c005,Mystery mystery,Chloropsis jerdoni,0.0076,unlabeled
Mystery mystery_93_c000,Mystery mystery,Acrocephalus bistrigiceps,0.0018,unlabeled
Mystery mystery_93_c001,Mystery mystery,Acrocephalus bistrigiceps,0.0029,unlabeled
Mystery mystery_93_c002,Mystery mystery,Acrocephalus bistrigiceps,0.0063,unlabeled
Mystery mystery_93_c003,Mystery mystery,Acrocephalus bistrigiceps,0.0051,unlabeled
Mystery mystery_93_c004,Mystery mystery,Acrocephalus bistrigiceps,0.0069,unlabeled
Mystery mystery_93_c005,Mystery mystery,Arborophila torqueola,0.0073,unlabeled
Mystery mystery_93_c006,Mystery mystery,Arborophila torqueola,0.0478,unlabeled
Mystery mystery_93_c007,Mystery mystery,Cuculus micropterus,0.0048,unlabeled
Mystery mystery_93_c008,Mystery mystery,Cuculus micropterus,0.0044,unlabeled
Mystery mystery_93_c009,Mystery mystery,Pellorneum ruficeps,0.0081,unlabeled
Mystery mystery_93_c010,Mystery mystery,Centropus andamanensis,0.0052,unlabeled
Mystery mystery_93_c011,Mystery mystery,Psittacula eupatria,0.0020,unlabeled
Mystery mystery_94_c000,Mystery mystery,Pellorneum ruficeps,0.0200,unlabeled
Mystery mystery_94_c001,Mystery mystery,Pellorneum ruficeps,0.0043,unlabeled
Mystery mystery_94_c002,Mystery mystery,Cuculus micropterus,0.0014,unlabeled
Mystery mystery_95_c000,Mystery mystery,Cyornis poliogenys,0.0001,unlabeled
Mystery mystery_95_c001,Mystery mystery,Iole cacharensis,0.0011,unlabeled
Mystery mystery_95_c002,Mystery mystery,Phylloscopus inornatus,0.0008,unlabeled
Mystery mystery_95_c003,Mystery mystery,Iole cacharensis,0.0001,unlabeled
Mystery mystery_95_c004,Mystery mystery,Pnoepyga pusilla,0.0005,unlabeled
Mystery mystery_96_c000,Mystery mystery,Macronus gularis,0.9998,unlabeled
Mystery mystery_96_c001,Mystery mystery,Macronus gularis,0.9913,unlabeled
Mystery mystery_97_c000,Mystery mystery,Macronus gularis,0.0046,unlabeled
Mystery mystery_97_c001,Mystery mystery,Polyplectron bicalcaratum,0.0014,unlabeled
Mystery mystery_98_c000,Mystery mystery,Cyornis poliogenys,0.0050,unlabeled
Mystery mystery_98_c001,Mystery mystery,Cyornis poliogenys,0.0038,unlabeled
Mystery mystery_99_c000,Mystery mystery,Motacilla citreola,0.0004,unlabeled
Mystery mystery_99_c001,Mystery mystery,Motacilla citreola,0.0006,unlabeled
Mystery mystery_100_c000,Mystery mystery,Glaucidium cuculoides,0.0004,unlabeled
Mystery mystery_100_c001,Mystery mystery,Glaucidium cuculoides,0.0224,unlabeled
Mystery mystery_101_c000,Mystery mystery,Psilopogon lineatus,0.2632,unlabeled
Mystery mystery_102_c000,Mystery mystery,Pomatorhinus ruficollis,0.0001,unlabeled
Mystery mystery_102_c001,Mystery mystery,Phylloscopus inornatus,0.0022,unlabeled
Mystery mystery_102_c002,Mystery mystery,Chloropsis jerdoni,0.0002,unlabeled
Mystery mystery_103_c000,Mystery mystery,Acrocephalus bistrigiceps,0.0125,unlabeled
Mystery mystery_103_c001,Mystery mystery,Acrocephalus bistrigiceps,0.1019,unlabeled
Mystery mystery_104_c000,Mystery mystery,Locustella davidi,0.1005,unlabeled
Mystery mystery_105_c000,Mystery mystery,Pellorneum ruficeps,0.0484,unlabeled
Mystery mystery_105_c001,Mystery mystery,Pellorneum ruficeps,0.0404,unlabeled
Mystery mystery_105_c002,Mystery mystery,Pellorneum ruficeps,0.0197,unlabeled
Mystery mystery_106_c000,Mystery mystery,Pluvialis squatarola,0.0000,unlabeled
Mystery mystery_106_c001,Mystery mystery,Pellorneum ruficeps,0.0001,unlabeled
Mystery mystery_107_c000,Mystery mystery,Stachyridopsis ambigua,0.0002,unlabeled
Mystery mystery_107_c001,Mystery mystery,Pellorneum ruficeps,0.0006,unlabeled
Mystery mystery_107_c002,Mystery mystery,Cyornis unicolor,0.0008,unlabeled
Mystery mystery_107_c003,Mystery mystery,Cyornis unicolor,0.0020,unlabeled
Mystery mystery_107_c004,Mystery mystery,Pellorneum ruficeps,0.0138,unlabeled
Mystery mystery_107_c005,Mystery mystery,Eurystomus orientalis,0.0013,unlabeled
Mystery mystery_108_c000,Mystery mystery,Todiramphus chloris,0.0064,unlabeled
Mystery mystery_109_c000,Mystery mystery,Dicrurus andamanensis,0.0115,unlabeled
Mystery mystery_109_c001,Mystery mystery,Polyplectron bicalcaratum,0.0119,unlabeled
Mystery mystery_109_c002,Mystery mystery,Polyplectron bicalcaratum,0.1539,unlabeled
Mystery mystery_109_c003,Mystery mystery,Polyplectron bicalcaratum,0.0077,unlabeled
Mystery mystery_109_c004,Mystery mystery,Polyplectron bicalcaratum,0.0274,unlabeled
Mystery mystery_109_c005,Mystery mystery,Polyplectron bicalcaratum,0.0583,unlabeled
Mystery mystery_110_c000,Mystery mystery,Acrocephalus bistrigiceps,0.0712,unlabeled
Mystery mystery_110_c001,Mystery mystery,Acrocephalus bistrigiceps,0.0101,unlabeled
Mystery mystery_110_c002,Mystery mystery,Acrocephalus bistrigiceps,0.0030,unlabeled
Mystery mystery_110_c003,Mystery mystery,Acrocephalus bistrigiceps,0.0029,unlabeled
Mystery mystery_110_c004,Mystery mystery,Acrocephalus bistrigiceps,0.0030,unlabeled
Mystery mystery_110_c005,Mystery mystery,Acrocephalus bistrigiceps,0.0874,unlabeled
Mystery mystery_110_c006,Mystery mystery,Pnoepyga pusilla,0.0076,unlabeled
Mystery mystery_110_c007,Mystery mystery,Acrocephalus bistrigiceps,0.0135,unlabeled
Mystery mystery_110_c008,Mystery mystery,Acrocephalus bistrigiceps,0.0218,unlabeled
Mystery mystery_110_c009,Mystery mystery,Acrocephalus bistrigiceps,0.0027,unlabeled
Mystery mystery_110_c010,Mystery mystery,Acrocephalus bistrigiceps,0.0085,unlabeled
Mystery mystery_110_c011,Mystery mystery,Acrocephalus bistrigiceps,0.1041,unlabeled
Mystery mystery_110_c012,Mystery mystery,Acrocephalus bistrigiceps,0.0165,unlabeled
Mystery mystery_110_c013,Mystery mystery,Cyornis unicolor,0.0073,unlabeled
Mystery mystery_110_c014,Mystery mystery,Acrocephalus bistrigiceps,0.0043,unlabeled
Mystery mystery_110_c015,Mystery mystery,Cyornis unicolor,0.0044,unlabeled
Mystery mystery_110_c016,Mystery mystery,Acrocephalus bistrigiceps,0.0097,unlabeled
Mystery mystery_110_c017,Mystery mystery,Acrocephalus bistrigiceps,0.0129,unlabeled
Mystery mystery_110_c018,Mystery mystery,Acrocephalus bistrigiceps,0.0294,unlabeled
Mystery mystery_110_c019,Mystery mystery,Acrocephalus bistrigiceps,0.0148,unlabeled
Mystery mystery_110_c020,Mystery mystery,Lanius tephronotus,0.0068,unlabeled
Mystery mystery_110_c021,Mystery mystery,Acrocephalus bistrigiceps,0.0052,unlabeled
Mystery mystery_110_c022,Mystery mystery,Halcyon coromanda,0.0036,unlabeled
Mystery mystery_110_c023,Mystery mystery,Acrocephalus bistrigiceps,0.0012,unlabeled
Mystery mystery_110_c024,Mystery mystery,Acrocephalus bistrigiceps,0.0112,unlabeled
Mystery mystery_110_c025,Mystery mystery,Acrocephalus bistrigiceps,0.0108,unlabeled
Mystery mystery_110_c026,Mystery mystery,Acrocephalus bistrigiceps,0.0369,unlabeled
Mystery mystery_110_c027,Mystery mystery,Locustella davidi,0.0084,unlabeled
Mystery mystery_110_c028,Mystery mystery,Acridotheres fuscus,0.0013,unlabeled
Mystery mystery_110_c029,Mystery mystery,Macronus gularis,0.0012,unlabeled
Mystery mystery_111_c000,Mystery mystery,Phylloscopus inornatus,0.0335,unlabeled
Mystery mystery_111_c001,Mystery mystery,Phylloscopus inornatus,0.0095,unlabeled
Mystery mystery_111_c002,Mystery mystery,Phylloscopus inornatus,0.0162,unlabeled
Mystery mystery_112_c000,Mystery mystery,Pellorneum ruficeps,0.0028,unlabeled
Mystery mystery_112_c001,Mystery mystery,Cuculus micropterus,0.0111,unlabeled
Mystery mystery_112_c002,Mystery mystery,Cuculus micropterus,0.0047,unlabeled
Mystery mystery_112_c003,Mystery mystery,Psittacula eupatria,0.0040,unlabeled
Mystery mystery_112_c004,Mystery mystery,Cuculus micropterus,0.0017,unlabeled
Mystery mystery_112_c005,Mystery mystery,Psittacula eupatria,0.0014,unlabeled
Mystery mystery_113_c000,Mystery mystery,Pluvialis squatarola,0.0009,unlabeled
Mystery mystery_114_c000,Mystery mystery,Chloropsis jerdoni,0.0010,unlabeled
Mystery mystery_114_c001,Mystery mystery,Chloropsis jerdoni,0.0007,unlabeled
Mystery mystery_115_c000,Mystery mystery,Todiramphus chloris,0.0022,unlabeled
Mystery mystery_115_c001,Mystery mystery,Pellorneum ruficeps,0.0063,unlabeled
Mystery mystery_115_c002,Mystery mystery,Phylloscopus inornatus,0.0032,unlabeled
Mystery mystery_115_c003,Mystery mystery,Cyornis poliogenys,0.0143,unlabeled
Mystery mystery_115_c004,Mystery mystery,Cyornis poliogenys,0.0139,unlabeled
Mystery mystery_115_c005,Mystery mystery,Cyornis poliogenys,0.0217,unlabeled
Mystery mystery_115_c006,Mystery mystery,Todiramphus chloris,0.0287,unlabeled
Mystery mystery_115_c007,Mystery mystery,Todiramphus chloris,0.0054,unlabeled
Mystery mystery_115_c008,Mystery mystery,Cyornis poliogenys,0.0691,unlabeled
Mystery mystery_115_c009,Mystery mystery,Todiramphus chloris,0.0033,unlabeled
Mystery mystery_115_c010,Mystery mystery,Cyornis unicolor,0.0011,unlabeled
Mystery mystery_115_c011,Mystery mystery,Phylloscopus inornatus,0.0035,unlabeled
Mystery mystery_115_c012,Mystery mystery,Todiramphus chloris,0.0059,unlabeled
Mystery mystery_115_c013,Mystery mystery,Phylloscopus inornatus,0.0023,unlabeled
Mystery mystery_115_c014,Mystery mystery,Phylloscopus inornatus,0.0013,unlabeled
Mystery mystery_115_c015,Mystery mystery,Todiramphus chloris,0.0129,unlabeled
Mystery mystery_115_c016,Mystery mystery,Cyornis poliogenys,0.0018,unlabeled
Mystery mystery_115_c017,Mystery mystery,Chelidorhynx hypoxanthus,0.0008,unlabeled
Mystery mystery_115_c018,Mystery mystery,Cyornis poliogenys,0.0123,unlabeled
Mystery mystery_115_c019,Mystery mystery,Cyornis poliogenys,0.0150,unlabeled
Mystery mystery_116_c000,Mystery mystery,Chelidorhynx hypoxanthus,0.0320,unlabeled
Mystery mystery_116_c001,Mystery mystery,Phylloscopus inornatus,0.0084,unlabeled
Mystery mystery_116_c002,Mystery mystery,Cyornis poliogenys,0.0051,unlabeled
Mystery mystery_116_c003,Mystery mystery,Phylloscopus inornatus,0.0082,unlabeled
Mystery mystery_116_c004,Mystery mystery,Pellorneum ruficeps,0.0066,unlabeled
Mystery mystery_116_c005,Mystery mystery,Spelaeornis oatesi,0.0085,unlabeled
Mystery mystery_116_c006,Mystery mystery,Cyornis poliogenys,0.0196,unlabeled
Mystery mystery_116_c007,Mystery mystery,Phylloscopus inornatus,0.0034,unlabeled
Mystery mystery_116_c008,Mystery mystery,Cyornis unicolor,0.0043,unlabeled
Mystery mystery_116_c009,Mystery mystery,Cyornis poliogenys,0.0060,unlabeled
Mystery mystery_116_c010,Mystery mystery,Cyornis unicolor,0.0074,unlabeled
Mystery mystery_116_c011,Mystery mystery,Cyornis poliogenys,0.0390,unlabeled
Mystery mystery_116_c012,Mystery mystery,Cyornis poliogenys,0.0073,unlabeled
Mystery mystery_116_c013,Mystery mystery,Cyornis poliogenys,0.0041,unlabeled
Mystery mystery_117_c000,Mystery mystery,Pomatorhinus ruficollis,0.0093,unlabeled
Mystery mystery_117_c001,Mystery mystery,Cyornis unicolor,0.0050,unlabeled
Mystery mystery_117_c002,Mystery mystery,Glaucidium cuculoides,0.0043,unlabeled
Mystery mystery_117_c003,Mystery mystery,Cyornis unicolor,0.0264,unlabeled
Mystery mystery_117_c004,Mystery mystery,Cyornis unicolor,0.0192,unlabeled
Mystery mystery_117_c005,Mystery mystery,Cyornis unicolor,0.0840,unlabeled
Mystery mystery_117_c006,Mystery mystery,Cyornis unicolor,0.0589,unlabeled
Mystery mystery_118_c000,Mystery mystery,Pellorneum ruficeps,0.0052,unlabeled
Mystery mystery_118_c001,Mystery mystery,Acrocephalus bistrigiceps,0.0031,unlabeled
Mystery mystery_118_c002,Mystery mystery,Chloropsis jerdoni,0.0026,unlabeled
Mystery mystery_118_c003,Mystery mystery,Locustella davidi,0.0013,unlabeled
Mystery mystery_118_c004,Mystery mystery,Todiramphus chloris,0.0047,unlabeled
Mystery mystery_118_c005,Mystery mystery,Cuculus micropterus,0.0057,unlabeled
Mystery mystery_119_c000,Mystery mystery,Phylloscopus inornatus,0.0010,unlabeled
Mystery mystery_119_c001,Mystery mystery,Pluvialis squatarola,0.0016,unlabeled
Mystery mystery_119_c002,Mystery mystery,Psittacula eupatria,0.0012,unlabeled
Mystery mystery_119_c003,Mystery mystery,Phylloscopus inornatus,0.0014,unlabeled
Mystery mystery_119_c004,Mystery mystery,Phylloscopus inornatus,0.0008,unlabeled
Mystery mystery_119_c005,Mystery mystery,Pluvialis squatarola,0.0015,unlabeled
Mystery mystery_119_c006,Mystery mystery,Pluvialis squatarola,0.0002,unlabeled
Mystery mystery_120_c000,Mystery mystery,Pellorneum ruficeps,0.0815,unlabeled
Mystery mystery_120_c001,Mystery mystery,Pellorneum ruficeps,0.0021,unlabeled
Mystery mystery_120_c002,Mystery mystery,Pellorneum ruficeps,0.0033,unlabeled
Mystery mystery_120_c003,Mystery mystery,Pellorneum ruficeps,0.0446,unlabeled
Mystery mystery_120_c004,Mystery mystery,Pellorneum ruficeps,0.0039,unlabeled
Mystery mystery_120_c005,Mystery mystery,Acridotheres fuscus,0.0024,unlabeled
Mystery mystery_120_c006,Mystery mystery,Pellorneum ruficeps,0.0005,unlabeled
Mystery mystery_120_c007,Mystery mystery,Pellorneum ruficeps,0.0014,unlabeled
Mystery mystery_120_c008,Mystery mystery,Pellorneum ruficeps,0.0311,unlabeled
Mystery mystery_121_c000,Mystery mystery,Chloropsis jerdoni,0.0005,unlabeled
Mystery mystery_121_c001,Mystery mystery,Chloropsis jerdoni,0.0001,unlabeled
Mystery mystery_121_c002,Mystery mystery,Dicaeum cruentatum,0.0003,unlabeled
Mystery mystery_121_c003,Mystery mystery,Phylloscopus inornatus,0.0011,unlabeled
Mystery mystery_121_c004,Mystery mystery,Chelidorhynx hypoxanthus,0.0037,unlabeled
Mystery mystery_121_c005,Mystery mystery,Pellorneum ruficeps,0.0002,unlabeled
Mystery mystery_122_c000,Mystery mystery,Pellorneum ruficeps,0.0002,unlabeled
Mystery mystery_122_c001,Mystery mystery,Pnoepyga pusilla,0.0011,unlabeled
Mystery mystery_122_c002,Mystery mystery,Alcippe cinerea,0.0019,unlabeled
Mystery mystery_122_c003,Mystery mystery,Cyornis poliogenys,0.0083,unlabeled
Mystery mystery_122_c004,Mystery mystery,Cyornis poliogenys,0.0010,unlabeled
Mystery mystery_122_c005,Mystery mystery,Aethopyga gouldiae,0.0055,unlabeled
Mystery mystery_122_c006,Mystery mystery,Pnoepyga pusilla,0.0010,unlabeled
Mystery mystery_123_c000,Mystery mystery,Chelidorhynx hypoxanthus,0.0020,unlabeled
Mystery mystery_123_c001,Mystery mystery,Chelidorhynx hypoxanthus,0.0048,unlabeled
Mystery mystery_123_c002,Mystery mystery,Chelidorhynx hypoxanthus,0.0258,unlabeled
Mystery mystery_123_c003,Mystery mystery,Phylloscopus inornatus,0.0040,unlabeled
Mystery mystery_123_c004,Mystery mystery,Pellorneum ruficeps,0.0108,unlabeled
Mystery mystery_124_c000,Mystery mystery,Cyornis poliogenys,0.0019,unlabeled
Mystery mystery_124_c001,Mystery mystery,Pellorneum ruficeps,0.0115,unlabeled
Mystery mystery_124_c002,Mystery mystery,Loriculus vernalis,0.0120,unlabeled
Mystery mystery_124_c003,Mystery mystery,Pellorneum ruficeps,0.0097,unlabeled
Mystery mystery_124_c004,Mystery mystery,Cyornis poliogenys,0.0020,unlabeled
Mystery mystery_124_c005,Mystery mystery,Macronus gularis,0.0031,unlabeled
Mystery mystery_124_c006,Mystery mystery,Cyornis poliogenys,0.0652,unlabeled
Mystery mystery_124_c007,Mystery mystery,Loriculus vernalis,0.0077,unlabeled
Mystery mystery_124_c008,Mystery mystery,Acridotheres fuscus,0.0042,unlabeled
Mystery mystery_124_c009,Mystery mystery,Cyornis poliogenys,0.0249,unlabeled
Mystery mystery_124_c010,Mystery mystery,Acridotheres fuscus,0.0067,unlabeled
Mystery mystery_124_c011,Mystery mystery,Acridotheres fuscus,0.0158,unlabeled
Mystery mystery_124_c012,Mystery mystery,Cyornis poliogenys,0.0516,unlabeled
Mystery mystery_124_c013,Mystery mystery,Chloropsis jerdoni,0.0052,unlabeled
Mystery mystery_124_c014,Mystery mystery,Phylloscopus inornatus,0.0065,unlabeled
Mystery mystery_124_c015,Mystery mystery,Acridotheres fuscus,0.0067,unlabeled
Mystery mystery_124_c016,Mystery mystery,Cyornis poliogenys,0.0777,unlabeled
Mystery mystery_125_c000,Mystery mystery,Psittacula eupatria,0.0012,unlabeled
Mystery mystery_125_c001,Mystery mystery,Psittacula eupatria,0.0031,unlabeled
Mystery mystery_125_c002,Mystery mystery,Phylloscopus inornatus,0.0009,unlabeled
Mystery mystery_125_c003,Mystery mystery,Pluvialis squatarola,0.0002,unlabeled
Mystery mystery_125_c004,Mystery mystery,Cyornis concretus,0.0003,unlabeled
Mystery mystery_125_c005,Mystery mystery,Pluvialis squatarola,0.0009,unlabeled
Mystery mystery_125_c006,Mystery mystery,Phylloscopus inornatus,0.0007,unlabeled
Mystery mystery_125_c007,Mystery mystery,Phylloscopus inornatus,0.0038,unlabeled
Mystery mystery_125_c008,Mystery mystery,Phylloscopus inornatus,0.0055,unlabeled
Mystery mystery_125_c009,Mystery mystery,Motacilla citreola,0.0031,unlabeled
Mystery mystery_125_c010,Mystery mystery,Phylloscopus inornatus,0.0026,unlabeled
Mystery mystery_125_c011,Mystery mystery,Phylloscopus inornatus,0.0030,unlabeled
Mystery mystery_125_c012,Mystery mystery,Chelidorhynx hypoxanthus,0.0032,unlabeled
Mystery mystery_125_c013,Mystery mystery,Phylloscopus inornatus,0.0049,unlabeled
Mystery mystery_125_c014,Mystery mystery,Phylloscopus inornatus,0.0041,unlabeled
Mystery mystery_126_c000,Mystery mystery,Todiramphus chloris,0.0005,unlabeled
Mystery mystery_126_c001,Mystery mystery,Loriculus vernalis,0.0043,unlabeled
Mystery mystery_126_c002,Mystery mystery,Acridotheres fuscus,0.0025,unlabeled
Mystery mystery_126_c003,Mystery mystery,Acridotheres fuscus,0.0034,unlabeled
Mystery mystery_126_c004,Mystery mystery,Acridotheres fuscus,0.0086,unlabeled
Mystery mystery_126_c005,Mystery mystery,Acridotheres fuscus,0.0040,unlabeled
Mystery mystery_126_c006,Mystery mystery,Pellorneum ruficeps,0.0032,unlabeled
Mystery mystery_126_c007,Mystery mystery,Acridotheres fuscus,0.0105,unlabeled
Mystery mystery_127_c000,Mystery mystery,Chloropsis jerdoni,0.0487,unlabeled
Mystery mystery_127_c001,Mystery mystery,Chloropsis jerdoni,0.0527,unlabeled
Mystery mystery_127_c002,Mystery mystery,Acridotheres fuscus,0.2884,unlabeled
Mystery mystery_127_c003,Mystery mystery,Chloropsis jerdoni,0.0090,unlabeled
Mystery mystery_127_c004,Mystery mystery,Chloropsis jerdoni,0.0306,unlabeled
Mystery mystery_127_c005,Mystery mystery,Chloropsis jerdoni,0.0345,unlabeled
Mystery mystery_127_c006,Mystery mystery,Chloropsis jerdoni,0.0658,unlabeled
Mystery mystery_127_c007,Mystery mystery,Chloropsis jerdoni,0.0112,unlabeled
Mystery mystery_127_c008,Mystery mystery,Chloropsis jerdoni,0.0083,unlabeled
Mystery mystery_127_c009,Mystery mystery,Chloropsis jerdoni,0.0120,unlabeled
Mystery mystery_127_c010,Mystery mystery,Chloropsis jerdoni,0.1674,unlabeled
Mystery mystery_127_c011,Mystery mystery,Chloropsis jerdoni,0.0320,unlabeled
Mystery mystery_127_c012,Mystery mystery,Chloropsis jerdoni,0.2391,unlabeled
Mystery mystery_127_c013,Mystery mystery,Chloropsis jerdoni,0.0788,unlabeled
Mystery mystery_127_c014,Mystery mystery,Chloropsis jerdoni,0.0165,unlabeled
Mystery mystery_127_c015,Mystery mystery,Chloropsis jerdoni,0.0208,unlabeled
Mystery mystery_127_c016,Mystery mystery,Chloropsis jerdoni,0.0363,unlabeled
Mystery mystery_127_c017,Mystery mystery,Chloropsis jerdoni,0.0425,unlabeled
Mystery mystery_127_c018,Mystery mystery,Chloropsis jerdoni,0.0312,unlabeled
Mystery mystery_127_c019,Mystery mystery,Chloropsis jerdoni,0.0773,unlabeled
Mystery mystery_127_c020,Mystery mystery,Chloropsis jerdoni,0.0060,unlabeled
Mystery mystery_127_c021,Mystery mystery,Chloropsis jerdoni,0.0431,unlabeled
Mystery mystery_127_c022,Mystery mystery,Chloropsis jerdoni,0.1592,unlabeled
Mystery mystery_127_c023,Mystery mystery,Chloropsis jerdoni,0.1071,unlabeled
Mystery mystery_127_c024,Mystery mystery,Chloropsis jerdoni,0.0363,unlabeled
Mystery mystery_127_c025,Mystery mystery,Chloropsis jerdoni,0.0688,unlabeled
Mystery mystery_127_c026,Mystery mystery,Cyornis concretus,0.0236,unlabeled
Mystery mystery_127_c027,Mystery mystery,Chloropsis jerdoni,0.0672,unlabeled
Mystery mystery_127_c028,Mystery mystery,Cypsiurus balasiensis,0.0478,unlabeled
Mystery mystery_127_c029,Mystery mystery,Chloropsis jerdoni,0.0594,unlabeled
Mystery mystery_127_c030,Mystery mystery,Chloropsis jerdoni,0.0100,unlabeled
Mystery mystery_127_c031,Mystery mystery,Chloropsis jerdoni,0.0174,unlabeled
Mystery mystery_127_c032,Mystery mystery,Chloropsis jerdoni,0.0284,unlabeled
Mystery mystery_127_c033,Mystery mystery,Chloropsis jerdoni,0.1982,unlabeled
Mystery mystery_127_c034,Mystery mystery,Chloropsis jerdoni,0.2676,unlabeled
Mystery mystery_127_c035,Mystery mystery,Cypsiurus balasiensis,0.0053,unlabeled
Mystery mystery_128_c000,Mystery mystery,Psittacula eupatria,0.0079,unlabeled
Mystery mystery_128_c001,Mystery mystery,Psittacula eupatria,0.0015,unlabeled
Mystery mystery_128_c002,Mystery mystery,Chloropsis jerdoni,0.0006,unlabeled
Mystery mystery_128_c003,Mystery mystery,Acridotheres fuscus,0.0027,unlabeled
Mystery mystery_128_c004,Mystery mystery,Chloropsis jerdoni,0.0076,unlabeled
Mystery mystery_128_c005,Mystery mystery,Halcyon coromanda,0.0044,unlabeled
Mystery mystery_128_c006,Mystery mystery,Centropus andamanensis,0.0247,unlabeled
Mystery mystery_128_c007,Mystery mystery,Stachyridopsis ambigua,0.0058,unlabeled
Mystery mystery_128_c008,Mystery mystery,Chloropsis jerdoni,0.0037,unlabeled
Mystery mystery_128_c009,Mystery mystery,Cuculus micropterus,0.0061,unlabeled
Mystery mystery_128_c010,Mystery mystery,Acridotheres fuscus,0.0037,unlabeled
Mystery mystery_128_c011,Mystery mystery,Pellorneum ruficeps,0.0030,unlabeled
Mystery mystery_129_c000,Mystery mystery,Stachyridopsis ambigua,0.0014,unlabeled
Mystery mystery_129_c001,Mystery mystery,Pomatorhinus ruficollis,0.0037,unlabeled
Mystery mystery_129_c002,Mystery mystery,Pluvialis squatarola,0.0009,unlabeled
Mystery mystery_130_c000,Mystery mystery,Liocichla phoenicea,0.0065,unlabeled
Mystery mystery_132_c000,Mystery mystery,Aethopyga gouldiae,0.0176,unlabeled
Mystery mystery_134_c000,Mystery mystery,Pnoepyga pusilla,0.0031,unlabeled
Mystery mystery_135_c000,Mystery mystery,Pomatorhinus ruficollis,0.0042,unlabeled
Mystery mystery_136_c000,Mystery mystery,Liocichla phoenicea,0.0023,unlabeled
Mystery mystery_137_c000,Mystery mystery,Pluvialis squatarola,0.0009,unlabeled
Mystery mystery_138_c000,Mystery mystery,Pellorneum ruficeps,0.0083,unlabeled
Mystery mystery_139_c000,Mystery mystery,Chloropsis cochinchinensis,0.0016,unlabeled
Mystery mystery_140_c000,Mystery mystery,Pnoepyga pusilla,0.0060,unlabeled
Mystery mystery_141_c000,Mystery mystery,Pnoepyga pusilla,0.0919,unlabeled
Mystery mystery_142_c000,Mystery mystery,Pnoepyga pusilla,0.5872,unlabeled
Mystery mystery_142_c001,Mystery mystery,Pnoepyga pusilla,0.1444,unlabeled
Mystery mystery_143_c000,Mystery mystery,Pnoepyga pusilla,0.0012,unlabeled
Mystery mystery_144_c000,Mystery mystery,Chrysococcyx maculatus,0.0412,unlabeled
Mystery mystery_145_c000,Mystery mystery,Pomatorhinus ruficollis,0.0159,unlabeled
Mystery mystery_146_c000,Mystery mystery,Polyplectron bicalcaratum,0.0442,unlabeled
Mystery mystery_146_c001,Mystery mystery,Liocichla phoenicea,0.0257,unlabeled
Mystery mystery_146_c002,Mystery mystery,Liocichla phoenicea,0.1895,unlabeled
Mystery mystery_147_c000,Mystery mystery,Polyplectron bicalcaratum,0.0166,unlabeled
Mystery mystery_147_c001,Mystery mystery,Polyplectron bicalcaratum,0.0346,unlabeled
Mystery mystery_147_c002,Mystery mystery,Polyplectron bicalcaratum,0.0126,unlabeled
Mystery mystery_148_c000,Mystery mystery,Pomatorhinus ruficollis,0.0127,unlabeled
Mystery mystery_148_c001,Mystery mystery,Aethopyga gouldiae,0.0074,unlabeled
Mystery mystery_148_c002,Mystery mystery,Cyornis unicolor,0.0170,unlabeled
Mystery mystery_149_c000,Mystery mystery,Pomatorhinus ruficollis,0.0094,unlabeled
Mystery mystery_149_c001,Mystery mystery,Macronus gularis,0.0021,unlabeled
Mystery mystery_149_c002,Mystery mystery,Cyornis unicolor,0.0008,unlabeled
Mystery mystery_150_c000,Mystery mystery,Pomatorhinus ruficollis,0.0031,unlabeled
Mystery mystery_150_c001,Mystery mystery,Pellorneum ruficeps,0.0123,unlabeled
Mystery mystery_151_c000,Mystery mystery,Pnoepyga pusilla,0.0008,unlabeled
Mystery mystery_151_c001,Mystery mystery,Polyplectron bicalcaratum,0.0036,unlabeled
Mystery mystery_152_c000,Mystery mystery,Pomatorhinus ruficollis,0.0424,unlabeled
Mystery mystery_152_c001,Mystery mystery,Pomatorhinus ruficollis,0.0105,unlabeled
Mystery mystery_153_c000,Mystery mystery,Spelaeornis oatesi,0.0073,unlabeled
Mystery mystery_154_c000,Mystery mystery,Pomatorhinus ruficollis,0.0113,unlabeled
Mystery mystery_155_c000,Mystery mystery,Glaucidium cuculoides,0.0055,unlabeled
Mystery mystery_156_c000,Mystery mystery,Acrocephalus bistrigiceps,0.0086,unlabeled
Mystery mystery_157_c000,Mystery mystery,Pnoepyga pusilla,0.0006,unlabeled
Mystery mystery_158_c000,Mystery mystery,Pluvialis squatarola,0.0020,unlabeled
Mystery mystery_159_c000,Mystery mystery,Pomatorhinus ruficollis,0.0179,unlabeled
Mystery mystery_160_c000,Mystery mystery,Pellorneum ruficeps,0.0164,unlabeled
Mystery mystery_161_c000,Mystery mystery,Riparia chinensis,0.0008,unlabeled
Mystery mystery_161_c001,Mystery mystery,Pluvialis squatarola,0.0002,unlabeled
Mystery mystery_162_c000,Mystery mystery,Polyplectron bicalcaratum,0.0039,unlabeled
Mystery mystery_162_c001,Mystery mystery,Pnoepyga pusilla,0.0028,unlabeled
Mystery mystery_162_c002,Mystery mystery,Pnoepyga pusilla,0.0878,unlabeled
Mystery mystery_162_c003,Mystery mystery,Pnoepyga pusilla,0.0618,unlabeled
Mystery mystery_162_c004,Mystery mystery,Cyornis unicolor,0.0050,unlabeled
Mystery mystery_162_c005,Mystery mystery,Polyplectron bicalcaratum,0.0110,unlabeled
Mystery mystery_163_c000,Mystery mystery,Rimator malacoptilus,0.0004,unlabeled
Mystery mystery_163_c001,Mystery mystery,Phylloscopus inornatus,0.0012,unlabeled
Mystery mystery_163_c002,Mystery mystery,Phylloscopus inornatus,0.0061,unlabeled
Mystery mystery_163_c003,Mystery mystery,Pnoepyga pusilla,0.0042,unlabeled
Mystery mystery_163_c004,Mystery mystery,Phylloscopus inornatus,0.0017,unlabeled
Mystery mystery_163_c005,Mystery mystery,Pnoepyga pusilla,0.0009,unlabeled
Mystery mystery_164_c000,Mystery mystery,Pnoepyga pusilla,0.0894,unlabeled
Mystery mystery_165_c000,Mystery mystery,Rimator malacoptilus,0.0007,unlabeled
Mystery mystery_165_c001,Mystery mystery,Pluvialis squatarola,0.0009,unlabeled
Mystery mystery_166_c000,Mystery mystery,Cyornis unicolor,0.0154,unlabeled
Mystery mystery_167_c000,Mystery mystery,Pnoepyga pusilla,0.0021,unlabeled
Mystery mystery_167_c001,Mystery mystery,Pnoepyga pusilla,0.0030,unlabeled
Mystery mystery_168_c000,Mystery mystery,Polyplectron bicalcaratum,0.0371,unlabeled
Mystery mystery_169_c000,Mystery mystery,Pomatorhinus ruficollis,0.0171,unlabeled
Mystery mystery_170_c000,Mystery mystery,Aethopyga gouldiae,0.0085,unlabeled
Mystery mystery_171_c000,Mystery mystery,Chelidorhynx hypoxanthus,0.0101,unlabeled
Mystery mystery_171_c001,Mystery mystery,Pluvialis squatarola,0.0009,unlabeled
Mystery mystery_172_c000,Mystery mystery,Polyplectron bicalcaratum,0.0681,unlabeled
Mystery mystery_172_c001,Mystery mystery,Polyplectron bicalcaratum,0.0785,unlabeled
Mystery mystery_172_c002,Mystery mystery,Polyplectron bicalcaratum,0.1178,unlabeled
Mystery mystery_173_c000,Mystery mystery,Chelidorhynx hypoxanthus,0.0162,unlabeled
Mystery mystery_173_c001,Mystery mystery,Pomatorhinus ruficollis,0.0075,unlabeled
Mystery mystery_173_c002,Mystery mystery,Pomatorhinus ruficollis,0.0043,unlabeled
Mystery mystery_173_c003,Mystery mystery,Polyplectron bicalcaratum,0.0026,unlabeled
Mystery mystery_174_c000,Mystery mystery,Pnoepyga pusilla,0.0002,unlabeled
Mystery mystery_174_c001,Mystery mystery,Pomatorhinus ruficollis,0.0007,unlabeled
Mystery mystery_175_c000,Mystery mystery,Chloropsis jerdoni,0.0199,unlabeled
Mystery mystery_175_c001,Mystery mystery,Pellorneum ruficeps,0.0294,unlabeled
Mystery mystery_176_c000,Mystery mystery,Pomatorhinus ruficollis,0.0131,unlabeled
Mystery mystery_177_c000,Mystery mystery,Cyornis concretus,0.0155,unlabeled
Mystery mystery_178_c000,Mystery mystery,Psittacula eupatria,0.0010,unlabeled
Mystery mystery_178_c001,Mystery mystery,Pellorneum ruficeps,0.0054,unlabeled
Mystery mystery_178_c002,Mystery mystery,Pellorneum ruficeps,0.0013,unlabeled
Mystery mystery_179_c000,Mystery mystery,Todiramphus chloris,0.0259,unlabeled
Mystery mystery_180_c000,Mystery mystery,Spelaeornis oatesi,0.0008,unlabeled
Mystery mystery_180_c001,Mystery mystery,Spelaeornis oatesi,0.0057,unlabeled
Mystery mystery_181_c000,Mystery mystery,Pnoepyga pusilla,0.0059,unlabeled
Mystery mystery_182_c000,Mystery mystery,Aethopyga gouldiae,0.0150,unlabeled
Mystery mystery_183_c000,Mystery mystery,Pomatorhinus ruficollis,0.0934,unlabeled
Mystery mystery_183_c001,Mystery mystery,Pomatorhinus ruficollis,0.0061,unlabeled
Mystery mystery_184_c000,Mystery mystery,Pomatorhinus ruficollis,0.0119,unlabeled
Mystery mystery_184_c001,Mystery mystery,Pomatorhinus ruficollis,0.0043,unlabeled
Mystery mystery_185_c000,Mystery mystery,Pomatorhinus ruficollis,0.0047,unlabeled
Mystery mystery_186_c000,Mystery mystery,Pnoepyga pusilla,0.0005,unlabeled
Mystery mystery_187_c000,Mystery mystery,Pomatorhinus ruficollis,0.0174,unlabeled
Mystery mystery_187_c001,Mystery mystery,Pomatorhinus ruficollis,0.0107,unlabeled
Mystery mystery_188_c000,Mystery mystery,Polyplectron bicalcaratum,0.0881,unlabeled
Mystery mystery_189_c000,Mystery mystery,Pomatorhinus ruficollis,0.0067,unlabeled
Mystery mystery_189_c001,Mystery mystery,Pnoepyga pusilla,0.0103,unlabeled
Mystery mystery_190_c000,Mystery mystery,Polyplectron bicalcaratum,0.0055,unlabeled
Mystery mystery_191_c000,Mystery mystery,Spelaeornis oatesi,0.0023,unlabeled
Mystery mystery_192_c000,Mystery mystery,Pnoepyga pusilla,0.0067,unlabeled
Mystery mystery_193_c000,Mystery mystery,Pellorneum ruficeps,0.0026,unlabeled
Mystery mystery_194_c000,Mystery mystery,Cyornis unicolor,0.0368,unlabeled
Mystery mystery_194_c001,Mystery mystery,Macronus gularis,0.0134,unlabeled
Mystery mystery_194_c002,Mystery mystery,Cyornis unicolor,0.0120,unlabeled
Mystery mystery_195_c000,Mystery mystery,Chelidorhynx hypoxanthus,0.0103,unlabeled
Mystery mystery_195_c001,Mystery mystery,Aethopyga gouldiae,0.0591,unlabeled
Mystery mystery_195_c002,Mystery mystery,Aethopyga gouldiae,0.0032,unlabeled
Mystery mystery_195_c003,Mystery mystery,Cyornis unicolor,0.0027,unlabeled
Mystery mystery_195_c004,Mystery mystery,Aethopyga gouldiae,0.0111,unlabeled
Mystery mystery_195_c005,Mystery mystery,Aethopyga gouldiae,0.0018,unlabeled
Mystery mystery_195_c006,Mystery mystery,Phylloscopus inornatus,0.0017,unlabeled
Mystery mystery_195_c007,Mystery mystery,Phylloscopus inornatus,0.0018,unlabeled
Mystery mystery_195_c008,Mystery mystery,Phylloscopus inornatus,0.0003,unlabeled
Mystery mystery_195_c009,Mystery mystery,Phylloscopus inornatus,0.0033,unlabeled
Mystery mystery_195_c010,Mystery mystery,Aethopyga gouldiae,0.0006,unlabeled
Mystery mystery_195_c011,Mystery mystery,Phylloscopus inornatus,0.0004,unlabeled
Mystery mystery_195_c012,Mystery mystery,Phylloscopus inornatus,0.0057,unlabeled
Mystery mystery_196_c000,Mystery mystery,Pomatorhinus ruficollis,0.0096,unlabeled
Mystery mystery_197_c000,Mystery mystery,Phylloscopus inornatus,0.0008,unlabeled
Mystery mystery_197_c001,Mystery mystery,Pomatorhinus ruficollis,0.0068,unlabeled
Mystery mystery_197_c002,Mystery mystery,Pomatorhinus ruficollis,0.0035,unlabeled
Mystery mystery_197_c003,Mystery mystery,Pnoepyga pusilla,0.0190,unlabeled
Mystery mystery_198_c000,Mystery mystery,Pellorneum ruficeps,0.0162,unlabeled
Mystery mystery_198_c001,Mystery mystery,Pellorneum ruficeps,0.0272,unlabeled
Mystery mystery_198_c002,Mystery mystery,Polyplectron bicalcaratum,0.0167,unlabeled
Mystery mystery_198_c003,Mystery mystery,Pellorneum ruficeps,0.0101,unlabeled
Mystery mystery_198_c004,Mystery mystery,Rimator malacoptilus,0.0027,unlabeled
Mystery mystery_199_c000,Mystery mystery,Chloropsis cochinchinensis,0.0071,unlabeled
Mystery mystery_199_c001,Mystery mystery,Cypsiurus balasiensis,0.0094,unlabeled
Mystery mystery_200_c000,Mystery mystery,Pomatorhinus ruficollis,0.0140,unlabeled
Mystery mystery_201_c000,Mystery mystery,Chloropsis cochinchinensis,0.0092,unlabeled
Mystery mystery_202_c000,Mystery mystery,Pomatorhinus ruficollis,0.0141,unlabeled
Mystery mystery_202_c001,Mystery mystery,Rimator malacoptilus,0.0077,unlabeled
Mystery mystery_202_c002,Mystery mystery,Pomatorhinus ruficollis,0.0126,unlabeled
Mystery mystery_203_c000,Mystery mystery,Phylloscopus inornatus,0.0011,unlabeled
Mystery mystery_204_c000,Mystery mystery,Pomatorhinus ruficollis,0.0084,unlabeled
Mystery mystery_205_c000,Mystery mystery,Liocichla phoenicea,0.0019,unlabeled
Mystery mystery_206_c000,Mystery mystery,Dicaeum minullum,0.0108,unlabeled
Mystery mystery_206_c001,Mystery mystery,Pnoepyga pusilla,0.0261,unlabeled
Mystery mystery_207_c000,Mystery mystery,Phylloscopus inornatus,0.0144,unlabeled
Mystery mystery_207_c001,Mystery mystery,Alcippe cinerea,0.0025,unlabeled
Mystery mystery_208_c000,Mystery mystery,Pomatorhinus ruficollis,0.0073,unlabeled
Mystery mystery_208_c001,Mystery mystery,Pomatorhinus ruficollis,0.0120,unlabeled
Mystery mystery_208_c002,Mystery mystery,Pluvialis squatarola,0.0009,unlabeled
Mystery mystery_209_c000,Mystery mystery,Polyplectron bicalcaratum,0.0066,unlabeled
Mystery mystery_210_c000,Mystery mystery,Pnoepyga pusilla,0.0084,unlabeled
Mystery mystery_211_c000,Mystery mystery,Pomatorhinus ruficollis,0.0571,unlabeled
Mystery mystery_212_c000,Mystery mystery,Liocichla phoenicea,0.0052,unlabeled
Mystery mystery_213_c000,Mystery mystery,Arborophila torqueola,0.0125,unlabeled
Mystery mystery_214_c000,Mystery mystery,Liocichla phoenicea,0.0072,unlabeled
Mystery mystery_215_c000,Mystery mystery,Cuculus micropterus,0.0049,unlabeled
Mystery mystery_215_c001,Mystery mystery,Loriculus vernalis,0.0209,unlabeled
Mystery mystery_215_c002,Mystery mystery,Aethopyga gouldiae,0.6182,unlabeled
Mystery mystery_216_c000,Mystery mystery,Pomatorhinus ruficollis,0.0808,unlabeled
Mystery mystery_216_c001,Mystery mystery,Pomatorhinus ruficollis,0.1622,unlabeled
Mystery mystery_216_c002,Mystery mystery,Pnoepyga pusilla,0.0023,unlabeled
Mystery mystery_217_c000,Mystery mystery,Polyplectron bicalcaratum,0.0686,unlabeled
Mystery mystery_217_c001,Mystery mystery,Polyplectron bicalcaratum,0.0310,unlabeled
Mystery mystery_217_c002,Mystery mystery,Polyplectron bicalcaratum,0.0133,unlabeled
Mystery mystery_217_c003,Mystery mystery,Dicaeum cruentatum,0.0030,unlabeled
Mystery mystery_217_c004,Mystery mystery,Polyplectron bicalcaratum,0.0114,unlabeled
Mystery mystery_217_c005,Mystery mystery,Polyplectron bicalcaratum,0.0190,unlabeled
Mystery mystery_217_c006,Mystery mystery,Glaucidium cuculoides,0.0039,unlabeled
Mystery mystery_217_c007,Mystery mystery,Polyplectron bicalcaratum,0.0212,unlabeled
Mystery mystery_217_c008,Mystery mystery,Cyornis unicolor,0.0082,unlabeled
Mystery mystery_217_c009,Mystery mystery,Cyornis unicolor,0.0042,unlabeled
Mystery mystery_218_c000,Mystery mystery,Cyornis unicolor,0.0145,unlabeled
Mystery mystery_219_c000,Mystery mystery,Cyornis concretus,0.0015,unlabeled
Mystery mystery_219_c001,Mystery mystery,Loriculus vernalis,0.0588,unlabeled
Mystery mystery_220_c000,Mystery mystery,Pomatorhinus ruficollis,0.1098,unlabeled
Mystery mystery_222_c000,Mystery mystery,Pluvialis squatarola,0.0013,unlabeled
Mystery mystery_222_c001,Mystery mystery,Pluvialis squatarola,0.0020,unlabeled
Mystery mystery_222_c002,Mystery mystery,Pluvialis squatarola,0.0022,unlabeled
Mystery mystery_222_c003,Mystery mystery,Pluvialis squatarola,0.0045,unlabeled
Mystery mystery_222_c004,Mystery mystery,Pluvialis squatarola,0.0008,unlabeled
Mystery mystery_222_c005,Mystery mystery,Pluvialis squatarola,0.0029,unlabeled
Mystery mystery_222_c006,Mystery mystery,Pluvialis squatarola,0.0027,unlabeled
Mystery mystery_222_c007,Mystery mystery,Pluvialis squatarola,0.0028,unlabeled
Mystery mystery_222_c008,Mystery mystery,Psilopogon lineatus,0.0001,unlabeled
Mystery mystery_222_c009,Mystery mystery,Pluvialis squatarola,0.0012,unlabeled
Mystery mystery_223_c000,Mystery mystery,Pellorneum ruficeps,0.0060,unlabeled
Mystery mystery_223_c001,Mystery mystery,Psittacula eupatria,0.0056,unlabeled
Mystery mystery_223_c002,Mystery mystery,Dicrurus andamanensis,0.0040,unlabeled
Mystery mystery_223_c003,Mystery mystery,Pellorneum ruficeps,0.0327,unlabeled
Mystery mystery_223_c004,Mystery mystery,Cyornis concretus,0.0066,unlabeled
Mystery mystery_223_c005,Mystery mystery,Pellorneum ruficeps,0.0124,unlabeled
Mystery mystery_223_c006,Mystery mystery,Sturnia malabarica,0.0089,unlabeled
Mystery mystery_223_c007,Mystery mystery,Sturnia malabarica,0.0013,unlabeled
Mystery mystery_223_c008,Mystery mystery,Dicrurus andamanensis,0.0163,unlabeled
Mystery mystery_223_c009,Mystery mystery,Pellorneum ruficeps,0.0081,unlabeled
Mystery mystery_223_c010,Mystery mystery,Pellorneum ruficeps,0.0060,unlabeled
Mystery mystery_223_c011,Mystery mystery,Pellorneum ruficeps,0.0109,unlabeled
Mystery mystery_223_c012,Mystery mystery,Sturnia malabarica,0.0097,unlabeled
Mystery mystery_224_c000,Mystery mystery,Acrocephalus bistrigiceps,0.0161,unlabeled
Mystery mystery_224_c001,Mystery mystery,Stachyridopsis ambigua,0.0435,unlabeled
Mystery mystery_224_c002,Mystery mystery,Chloropsis jerdoni,0.0104,unlabeled
Mystery mystery_224_c003,Mystery mystery,Acrocephalus bistrigiceps,0.0059,unlabeled
Mystery mystery_224_c004,Mystery mystery,Stachyridopsis ambigua,0.0387,unlabeled
Mystery mystery_224_c005,Mystery mystery,Acrocephalus bistrigiceps,0.0410,unlabeled
Mystery mystery_224_c006,Mystery mystery,Acrocephalus bistrigiceps,0.0126,unlabeled
Mystery mystery_224_c007,Mystery mystery,Macronus gularis,0.0123,unlabeled
Mystery mystery_224_c008,Mystery mystery,Stachyridopsis ambigua,0.0111,unlabeled
Mystery mystery_224_c009,Mystery mystery,Pomatorhinus ruficollis,0.0015,unlabeled
Mystery mystery_225_c000,Mystery mystery,Glaucidium cuculoides,0.0122,unlabeled
Mystery mystery_225_c001,Mystery mystery,Glaucidium cuculoides,0.0053,unlabeled
Mystery mystery_225_c002,Mystery mystery,Glaucidium cuculoides,0.0048,unlabeled
Mystery mystery_226_c000,Mystery mystery,Psilopogon lineatus,0.0004,unlabeled
Mystery mystery_226_c001,Mystery mystery,Pellorneum ruficeps,0.0017,unlabeled
Mystery mystery_226_c002,Mystery mystery,Cuculus micropterus,0.0014,unlabeled
Mystery mystery_226_c003,Mystery mystery,Pellorneum ruficeps,0.0009,unlabeled
Mystery mystery_226_c004,Mystery mystery,Pluvialis squatarola,0.0009,unlabeled
Mystery mystery_227_c000,Mystery mystery,Pellorneum ruficeps,0.1986,unlabeled
Mystery mystery_227_c001,Mystery mystery,Pellorneum ruficeps,0.0231,unlabeled
Mystery mystery_227_c002,Mystery mystery,Psittacula eupatria,0.0020,unlabeled
Mystery mystery_228_c000,Mystery mystery,Chloropsis jerdoni,0.0278,unlabeled
Mystery mystery_228_c001,Mystery mystery,Chloropsis jerdoni,0.0176,unlabeled
Mystery mystery_228_c002,Mystery mystery,Chloropsis jerdoni,0.0057,unlabeled
Mystery mystery_228_c003,Mystery mystery,Chloropsis jerdoni,0.0129,unlabeled
Mystery mystery_228_c004,Mystery mystery,Chloropsis jerdoni,0.0305,unlabeled
Mystery mystery_228_c005,Mystery mystery,Chloropsis jerdoni,0.0152,unlabeled
Mystery mystery_228_c006,Mystery mystery,Pellorneum ruficeps,0.0196,unlabeled
Mystery mystery_228_c007,Mystery mystery,Chloropsis jerdoni,0.0269,unlabeled
Mystery mystery_228_c008,Mystery mystery,Cuculus micropterus,0.0099,unlabeled
Mystery mystery_229_c000,Mystery mystery,Chloropsis jerdoni,0.0031,unlabeled
Mystery mystery_229_c001,Mystery mystery,Pellorneum ruficeps,0.0443,unlabeled
Mystery mystery_229_c002,Mystery mystery,Chloropsis jerdoni,0.0594,unlabeled
Mystery mystery_229_c003,Mystery mystery,Pellorneum ruficeps,0.0193,unlabeled
Mystery mystery_229_c004,Mystery mystery,Pluvialis squatarola,0.0105,unlabeled
Mystery mystery_230_c000,Mystery mystery,Psilopogon lineatus,0.0013,unlabeled
Mystery mystery_230_c001,Mystery mystery,Phylloscopus inornatus,0.0035,unlabeled
Mystery mystery_231_c000,Mystery mystery,Halcyon coromanda,0.0410,unlabeled
Mystery mystery_231_c001,Mystery mystery,Halcyon coromanda,0.0028,unlabeled
Mystery mystery_231_c002,Mystery mystery,Halcyon coromanda,0.0071,unlabeled
Mystery mystery_231_c003,Mystery mystery,Halcyon coromanda,0.0215,unlabeled
Mystery mystery_231_c004,Mystery mystery,Pellorneum ruficeps,0.0006,unlabeled
Mystery mystery_231_c005,Mystery mystery,Pellorneum ruficeps,0.0014,unlabeled
Mystery mystery_231_c006,Mystery mystery,Cuculus micropterus,0.0020,unlabeled
Mystery mystery_231_c007,Mystery mystery,Halcyon coromanda,0.0004,unlabeled
Mystery mystery_231_c008,Mystery mystery,Cuculus micropterus,0.0001,unlabeled
Mystery mystery_231_c009,Mystery mystery,Cuculus micropterus,0.0003,unlabeled
Mystery mystery_231_c010,Mystery mystery,Pnoepyga pusilla,0.0003,unlabeled
Mystery mystery_231_c011,Mystery mystery,Pluvialis squatarola,0.0004,unlabeled
Mystery mystery_231_c012,Mystery mystery,Halcyon coromanda,0.0003,unlabeled
Mystery mystery_232_c000,Mystery mystery,Ixobrychus cinnamomeus,0.0004,unlabeled
Mystery mystery_232_c001,Mystery mystery,Chloropsis jerdoni,0.0098,unlabeled
Mystery mystery_232_c002,Mystery mystery,Glaucidium cuculoides,0.0001,unlabeled
Mystery mystery_232_c003,Mystery mystery,Chloropsis jerdoni,0.0012,unlabeled
Mystery mystery_232_c004,Mystery mystery,Chloropsis jerdoni,0.0002,unlabeled
Mystery mystery_232_c005,Mystery mystery,Pnoepyga pusilla,0.0002,unlabeled
Mystery mystery_232_c006,Mystery mystery,Chloropsis jerdoni,0.0008,unlabeled
Mystery mystery_232_c007,Mystery mystery,Pellorneum ruficeps,0.0005,unlabeled
Mystery mystery_233_c000,Mystery mystery,Pnoepyga pusilla,0.0087,unlabeled
Mystery mystery_233_c001,Mystery mystery,Pnoepyga pusilla,0.0008,unlabeled
Mystery mystery_233_c002,Mystery mystery,Pnoepyga pusilla,0.0012,unlabeled
Mystery mystery_233_c003,Mystery mystery,Pluvialis squatarola,0.0009,unlabeled
Mystery mystery_234_c000,Mystery mystery,Cypsiurus balasiensis,0.0054,unlabeled
Mystery mystery_234_c001,Mystery mystery,Sturnia malabarica,0.0029,unlabeled
Mystery mystery_234_c002,Mystery mystery,Sturnia malabarica,0.0276,unlabeled
Mystery mystery_234_c003,Mystery mystery,Sturnia malabarica,0.0159,unlabeled
Mystery mystery_234_c004,Mystery mystery,Acridotheres fuscus,0.0253,unlabeled
Mystery mystery_234_c005,Mystery mystery,Acridotheres fuscus,0.0715,unlabeled
Mystery mystery_234_c006,Mystery mystery,Loriculus vernalis,0.0509,unlabeled
Mystery mystery_234_c007,Mystery mystery,Sturnia malabarica,0.0124,unlabeled
Mystery mystery_234_c008,Mystery mystery,Sturnia malabarica,0.0316,unlabeled
Mystery mystery_234_c009,Mystery mystery,Pellorneum ruficeps,0.0153,unlabeled
Mystery mystery_235_c000,Mystery mystery,Glaucidium cuculoides,0.0006,unlabeled
Mystery mystery_236_c000,Mystery mystery,Pluvialis squatarola,0.0009,unlabeled
Mystery mystery_237_c000,Mystery mystery,Pomatorhinus ruficollis,0.0003,unlabeled
Mystery mystery_237_c001,Mystery mystery,Pomatorhinus ruficollis,0.0001,unlabeled
Mystery mystery_237_c002,Mystery mystery,Ixobrychus cinnamomeus,0.0001,unlabeled
Mystery mystery_237_c003,Mystery mystery,Pluvialis squatarola,0.0009,unlabeled
Mystery mystery_238_c000,Mystery mystery,Pomatorhinus ruficollis,0.0012,unlabeled
Mystery mystery_238_c001,Mystery mystery,Aethopyga gouldiae,0.0024,unlabeled
Mystery mystery_238_c002,Mystery mystery,Cyornis unicolor,0.0059,unlabeled
Mystery mystery_238_c003,Mystery mystery,Dicaeum chrysorrheum,0.0029,unlabeled
Mystery mystery_239_c000,Mystery mystery,Chrysococcyx maculatus,0.0105,unlabeled
Mystery mystery_239_c001,Mystery mystery,Spelaeornis oatesi,0.0020,unlabeled
Mystery mystery_239_c002,Mystery mystery,Cyornis unicolor,0.0155,unlabeled
Mystery mystery_239_c003,Mystery mystery,Phylloscopus inornatus,0.0198,unlabeled
Mystery mystery_239_c004,Mystery mystery,Chrysococcyx maculatus,0.0214,unlabeled
Mystery mystery_239_c005,Mystery mystery,Pomatorhinus ruficollis,0.0024,unlabeled
Mystery mystery_239_c006,Mystery mystery,Spelaeornis oatesi,0.0134,unlabeled
Mystery mystery_239_c007,Mystery mystery,Pomatorhinus ruficollis,0.0065,unlabeled
Mystery mystery_240_c000,Mystery mystery,Arborophila torqueola,0.0051,unlabeled
Mystery mystery_240_c001,Mystery mystery,Pnoepyga pusilla,0.0020,unlabeled
Mystery mystery_240_c002,Mystery mystery,Pomatorhinus ruficollis,0.0030,unlabeled
Mystery mystery_240_c003,Mystery mystery,Cyornis unicolor,0.0108,unlabeled
Mystery mystery_240_c004,Mystery mystery,Spelaeornis oatesi,0.0135,unlabeled
Mystery mystery_240_c005,Mystery mystery,Pomatorhinus ruficollis,0.0050,unlabeled
Mystery mystery_240_c006,Mystery mystery,Spelaeornis oatesi,0.0018,unlabeled
Mystery mystery_240_c007,Mystery mystery,Cyornis unicolor,0.0064,unlabeled
Mystery mystery_240_c008,Mystery mystery,Pnoepyga pusilla,0.0452,unlabeled
Mystery mystery_240_c009,Mystery mystery,Spelaeornis oatesi,0.0036,unlabeled
Mystery mystery_240_c010,Mystery mystery,Cyornis unicolor,0.0048,unlabeled
Mystery mystery_240_c011,Mystery mystery,Spelaeornis oatesi,0.0054,unlabeled
Mystery mystery_240_c012,Mystery mystery,Phylloscopus subaffinis,0.0040,unlabeled
Mystery mystery_240_c013,Mystery mystery,Cyornis unicolor,0.0122,unlabeled
Mystery mystery_240_c014,Mystery mystery,Pomatorhinus ruficollis,0.0056,unlabeled
Mystery mystery_240_c015,Mystery mystery,Spelaeornis oatesi,0.0046,unlabeled
Mystery mystery_240_c016,Mystery mystery,Cyornis unicolor,0.0066,unlabeled
Mystery mystery_240_c017,Mystery mystery,Cyornis unicolor,0.0444,unlabeled
Mystery mystery_241_c000,Mystery mystery,Aethopyga gouldiae,0.0431,unlabeled
Mystery mystery_241_c001,Mystery mystery,Aethopyga gouldiae,0.0003,unlabeled
Mystery mystery_241_c002,Mystery mystery,Aethopyga gouldiae,0.0004,unlabeled
Mystery mystery_241_c003,Mystery mystery,Aethopyga gouldiae,0.0318,unlabeled
Mystery mystery_242_c000,Mystery mystery,Cyornis unicolor,0.0485,unlabeled
Mystery mystery_242_c001,Mystery mystery,Cyornis unicolor,0.0053,unlabeled
Mystery mystery_242_c002,Mystery mystery,Cyornis unicolor,0.0044,unlabeled
Mystery mystery_242_c003,Mystery mystery,Cyornis unicolor,0.0093,unlabeled
Mystery mystery_242_c004,Mystery mystery,Cyornis unicolor,0.0027,unlabeled
Mystery mystery_242_c005,Mystery mystery,Cyornis unicolor,0.0503,unlabeled
Mystery mystery_243_c000,Mystery mystery,Halcyon coromanda,0.0005,unlabeled
Mystery mystery_243_c001,Mystery mystery,Pellorneum ruficeps,0.0008,unlabeled
Mystery mystery_243_c002,Mystery mystery,Pellorneum ruficeps,0.0009,unlabeled
Mystery mystery_243_c003,Mystery mystery,Pellorneum ruficeps,0.0004,unlabeled
Mystery mystery_243_c004,Mystery mystery,Stachyridopsis ambigua,0.0003,unlabeled
Mystery mystery_244_c000,Mystery mystery,Acridotheres fuscus,0.0008,unlabeled
Mystery mystery_244_c001,Mystery mystery,Psilopogon lineatus,0.0005,unlabeled
Mystery mystery_244_c002,Mystery mystery,Pluvialis squatarola,0.0009,unlabeled
Mystery mystery_245_c000,Mystery mystery,Sturnia malabarica,0.0022,unlabeled
Mystery mystery_245_c001,Mystery mystery,Motacilla citreola,0.0008,unlabeled
Mystery mystery_245_c002,Mystery mystery,Motacilla citreola,0.0012,unlabeled
Mystery mystery_245_c003,Mystery mystery,Phylloscopus inornatus,0.0007,unlabeled
Mystery mystery_245_c004,Mystery mystery,Acrocephalus bistrigiceps,0.0018,unlabeled
Mystery mystery_245_c005,Mystery mystery,Ixobrychus cinnamomeus,0.0033,unlabeled
Mystery mystery_245_c006,Mystery mystery,Motacilla citreola,0.0018,unlabeled
Mystery mystery_245_c007,Mystery mystery,Pellorneum ruficeps,0.0014,unlabeled
Mystery mystery_246_c000,Mystery mystery,Pellorneum ruficeps,0.0004,unlabeled
Mystery mystery_246_c001,Mystery mystery,Eurystomus orientalis,0.0015,unlabeled
Mystery mystery_246_c002,Mystery mystery,Psittacula eupatria,0.0051,unlabeled
Mystery mystery_246_c003,Mystery mystery,Psittacula eupatria,0.0076,unlabeled
Mystery mystery_246_c004,Mystery mystery,Chloropsis jerdoni,0.0041,unlabeled
Mystery mystery_246_c005,Mystery mystery,Psittacula eupatria,0.0147,unlabeled
Mystery mystery_246_c006,Mystery mystery,Psittacula eupatria,0.0148,unlabeled
Mystery mystery_246_c007,Mystery mystery,Psittacula eupatria,0.0016,unlabeled
Mystery mystery_246_c008,Mystery mystery,Halcyon coromanda,0.0093,unlabeled
Mystery mystery_246_c009,Mystery mystery,Psittacula eupatria,0.0172,unlabeled
Mystery mystery_246_c010,Mystery mystery,Psittacula eupatria,0.0054,unlabeled
Mystery mystery_246_c011,Mystery mystery,Psittacula eupatria,0.0078,unlabeled
Mystery mystery_246_c012,Mystery mystery,Psittacula eupatria,0.0351,unlabeled
Mystery mystery_246_c013,Mystery mystery,Psittacula eupatria,0.0196,unlabeled
Mystery mystery_246_c014,Mystery mystery,Halcyon coromanda,0.0037,unlabeled
Mystery mystery_246_c015,Mystery mystery,Psittacula eupatria,0.0102,unlabeled
Mystery mystery_246_c016,Mystery mystery,Psittacula eupatria,0.0037,unlabeled
Mystery mystery_247_c000,Mystery mystery,Pellorneum ruficeps,0.0815,unlabeled
Mystery mystery_247_c001,Mystery mystery,Pellorneum ruficeps,0.0021,unlabeled
Mystery mystery_247_c002,Mystery mystery,Pellorneum ruficeps,0.0033,unlabeled
Mystery mystery_247_c003,Mystery mystery,Pellorneum ruficeps,0.0446,unlabeled
Mystery mystery_247_c004,Mystery mystery,Pellorneum ruficeps,0.0039,unlabeled
Mystery mystery_247_c005,Mystery mystery,Acridotheres fuscus,0.0024,unlabeled
Mystery mystery_247_c006,Mystery mystery,Pellorneum ruficeps,0.0005,unlabeled
Mystery mystery_247_c007,Mystery mystery,Pellorneum ruficeps,0.0014,unlabeled
Mystery mystery_247_c008,Mystery mystery,Pellorneum ruficeps,0.0311,unlabeled
Mystery mystery_248_c000,Mystery mystery,Chloropsis jerdoni,0.0005,unlabeled
Mystery mystery_248_c001,Mystery mystery,Chloropsis jerdoni,0.0001,unlabeled
Mystery mystery_248_c002,Mystery mystery,Dicaeum cruentatum,0.0003,unlabeled
Mystery mystery_248_c003,Mystery mystery,Phylloscopus inornatus,0.0011,unlabeled
Mystery mystery_248_c004,Mystery mystery,Chelidorhynx hypoxanthus,0.0037,unlabeled
Mystery mystery_248_c005,Mystery mystery,Pellorneum ruficeps,0.0002,unlabeled
Mystery mystery_249_c000,Mystery mystery,Chelidorhynx hypoxanthus,0.0020,unlabeled
Mystery mystery_249_c001,Mystery mystery,Chelidorhynx hypoxanthus,0.0048,unlabeled
Mystery mystery_249_c002,Mystery mystery,Chelidorhynx hypoxanthus,0.0258,unlabeled
Mystery mystery_249_c003,Mystery mystery,Phylloscopus inornatus,0.0040,unlabeled
Mystery mystery_249_c004,Mystery mystery,Pellorneum ruficeps,0.0108,unlabeled
Mystery mystery_250_c000,Mystery mystery,Cyornis poliogenys,0.0019,unlabeled
Mystery mystery_250_c001,Mystery mystery,Pellorneum ruficeps,0.0115,unlabeled
Mystery mystery_250_c002,Mystery mystery,Loriculus vernalis,0.0120,unlabeled
Mystery mystery_250_c003,Mystery mystery,Pellorneum ruficeps,0.0097,unlabeled
Mystery mystery_250_c004,Mystery mystery,Cyornis poliogenys,0.0020,unlabeled
Mystery mystery_250_c005,Mystery mystery,Macronus gularis,0.0031,unlabeled
Mystery mystery_250_c006,Mystery mystery,Cyornis poliogenys,0.0652,unlabeled
Mystery mystery_250_c007,Mystery mystery,Loriculus vernalis,0.0077,unlabeled
Mystery mystery_250_c008,Mystery mystery,Acridotheres fuscus,0.0042,unlabeled
Mystery mystery_250_c009,Mystery mystery,Cyornis poliogenys,0.0249,unlabeled
Mystery mystery_250_c010,Mystery mystery,Acridotheres fuscus,0.0067,unlabeled
Mystery mystery_250_c011,Mystery mystery,Acridotheres fuscus,0.0158,unlabeled
Mystery mystery_250_c012,Mystery mystery,Cyornis poliogenys,0.0516,unlabeled
Mystery mystery_250_c013,Mystery mystery,Chloropsis jerdoni,0.0052,unlabeled
Mystery mystery_250_c014,Mystery mystery,Phylloscopus inornatus,0.0065,unlabeled
Mystery mystery_250_c015,Mystery mystery,Acridotheres fuscus,0.0067,unlabeled
Mystery mystery_250_c016,Mystery mystery,Cyornis poliogenys,0.0777,unlabeled
Mystery mystery_251_c000,Mystery mystery,Phylloscopus inornatus,0.0198,unlabeled
Mystery mystery_251_c001,Mystery mystery,Phylloscopus inornatus,0.0202,unlabeled
Mystery mystery_251_c002,Mystery mystery,Phylloscopus inornatus,0.0097,unlabeled
Mystery mystery_251_c003,Mystery mystery,Phylloscopus inornatus,0.0161,unlabeled
Mystery mystery_251_c004,Mystery mystery,Phylloscopus inornatus,0.0900,unlabeled
Mystery mystery_252_c000,Mystery mystery,Phylloscopus inornatus,0.0142,unlabeled
Mystery mystery_252_c001,Mystery mystery,Phylloscopus inornatus,0.0213,unlabeled
Mystery mystery_253_c000,Mystery mystery,Pellorneum ruficeps,0.0090,unlabeled
Mystery mystery_253_c001,Mystery mystery,Sturnia malabarica,0.0058,unlabeled
Mystery mystery_253_c002,Mystery mystery,Pellorneum ruficeps,0.0221,unlabeled
Mystery mystery_253_c003,Mystery mystery,Pellorneum ruficeps,0.0061,unlabeled
Mystery mystery_253_c004,Mystery mystery,Pellorneum ruficeps,0.0254,unlabeled
Mystery mystery_253_c005,Mystery mystery,Sturnia malabarica,0.0046,unlabeled
Mystery mystery_253_c006,Mystery mystery,Pellorneum ruficeps,0.0023,unlabeled
Mystery mystery_253_c007,Mystery mystery,Riparia chinensis,0.0139,unlabeled
Mystery mystery_253_c008,Mystery mystery,Pellorneum ruficeps,0.0273,unlabeled
Mystery mystery_254_c000,Mystery mystery,Phylloscopus inornatus,0.0002,unlabeled
Mystery mystery_254_c001,Mystery mystery,Acridotheres fuscus,0.0015,unlabeled
Mystery mystery_255_c000,Mystery mystery,Ixobrychus cinnamomeus,0.0033,unlabeled
Mystery mystery_255_c001,Mystery mystery,Pellorneum ruficeps,0.0059,unlabeled
Mystery mystery_255_c002,Mystery mystery,Sturnia malabarica,0.0185,unlabeled
Mystery mystery_255_c003,Mystery mystery,Cypsiurus balasiensis,0.0069,unlabeled
Mystery mystery_255_c004,Mystery mystery,Sturnia malabarica,0.0029,unlabeled
Mystery mystery_255_c005,Mystery mystery,Sturnia malabarica,0.0023,unlabeled
Mystery mystery_255_c006,Mystery mystery,Sturnia malabarica,0.0082,unlabeled
Mystery mystery_256_c000,Mystery mystery,Pomatorhinus ruficollis,0.0017,unlabeled
Mystery mystery_256_c001,Mystery mystery,Pomatorhinus ruficollis,0.0004,unlabeled
Mystery mystery_256_c002,Mystery mystery,Pomatorhinus ruficollis,0.0016,unlabeled
Mystery mystery_256_c003,Mystery mystery,Cuculus micropterus,0.0007,unlabeled
Mystery mystery_256_c004,Mystery mystery,Eurystomus orientalis,0.0008,unlabeled
Mystery mystery_256_c005,Mystery mystery,Cuculus micropterus,0.0006,unlabeled
Mystery mystery_256_c006,Mystery mystery,Cuculus micropterus,0.0004,unlabeled
Mystery mystery_256_c007,Mystery mystery,Pomatorhinus ruficollis,0.0006,unlabeled
Mystery mystery_256_c008,Mystery mystery,Cuculus micropterus,0.0007,unlabeled
Mystery mystery_256_c009,Mystery mystery,Cuculus micropterus,0.0013,unlabeled
Mystery mystery_256_c010,Mystery mystery,Pomatorhinus ruficollis,0.0024,unlabeled
Mystery mystery_256_c011,Mystery mystery,Chloropsis jerdoni,0.0030,unlabeled
Mystery mystery_256_c012,Mystery mystery,Chloropsis jerdoni,0.0011,unlabeled
Mystery mystery_256_c013,Mystery mystery,Dicaeum minullum,0.0009,unlabeled
Mystery mystery_256_c014,Mystery mystery,Chloropsis jerdoni,0.0003,unlabeled
Mystery mystery_256_c015,Mystery mystery,Pomatorhinus ruficollis,0.0003,unlabeled
Mystery mystery_256_c016,Mystery mystery,Chloropsis jerdoni,0.0004,unlabeled
Mystery mystery_256_c017,Mystery mystery,Cuculus micropterus,0.0010,unlabeled
Mystery mystery_256_c018,Mystery mystery,Cuculus micropterus,0.0002,unlabeled
Mystery mystery_256_c019,Mystery mystery,Chloropsis jerdoni,0.0001,unlabeled
Mystery mystery_256_c020,Mystery mystery,Dicaeum minullum,0.0011,unlabeled
Mystery mystery_256_c021,Mystery mystery,Loriculus vernalis,0.0005,unlabeled
Mystery mystery_256_c022,Mystery mystery,Chloropsis jerdoni,0.0016,unlabeled
Mystery mystery_256_c023,Mystery mystery,Pellorneum ruficeps,0.0003,unlabeled
Mystery mystery_256_c024,Mystery mystery,Cuculus micropterus,0.0001,unlabeled
Mystery mystery_256_c025,Mystery mystery,Chloropsis jerdoni,0.0049,unlabeled
Mystery mystery_257_c000,Mystery mystery,Phylloscopus inornatus,0.0029,unlabeled
Mystery mystery_257_c001,Mystery mystery,Aethopyga gouldiae,0.0035,unlabeled
Mystery mystery_257_c002,Mystery mystery,Dicaeum minullum,0.0038,unlabeled
Mystery mystery_257_c003,Mystery mystery,Dicaeum minullum,0.0017,unlabeled
Mystery mystery_257_c004,Mystery mystery,Macronus gularis,0.0008,unlabeled
Mystery mystery_257_c005,Mystery mystery,Dicaeum minullum,0.0034,unlabeled
Mystery mystery_257_c006,Mystery mystery,Phylloscopus inornatus,0.0240,unlabeled
Mystery mystery_257_c007,Mystery mystery,Dicaeum minullum,0.0052,unlabeled
Mystery mystery_257_c008,Mystery mystery,Pomatorhinus ruficollis,0.0044,unlabeled
Mystery mystery_257_c009,Mystery mystery,Phylloscopus inornatus,0.0011,unlabeled
Mystery mystery_257_c010,Mystery mystery,Pluvialis squatarola,0.0020,unlabeled
Mystery mystery_257_c011,Mystery mystery,Pluvialis squatarola,0.0012,unlabeled
Mystery mystery_257_c012,Mystery mystery,Phylloscopus inornatus,0.0015,unlabeled
Mystery mystery_258_c000,Mystery mystery,Sturnia malabarica,0.0030,unlabeled
Mystery mystery_258_c001,Mystery mystery,Locustella davidi,0.0054,unlabeled
Mystery mystery_258_c002,Mystery mystery,Locustella davidi,0.1216,unlabeled
Mystery mystery_258_c003,Mystery mystery,Pomatorhinus ruficollis,0.0021,unlabeled
Mystery mystery_258_c004,Mystery mystery,Pomatorhinus ruficollis,0.0226,unlabeled
Mystery mystery_258_c005,Mystery mystery,Riparia chinensis,0.0034,unlabeled
Mystery mystery_258_c006,Mystery mystery,Locustella davidi,0.0056,unlabeled
Mystery mystery_258_c007,Mystery mystery,Riparia chinensis,0.0280,unlabeled
Mystery mystery_258_c008,Mystery mystery,Eurystomus orientalis,0.0015,unlabeled
Mystery mystery_258_c009,Mystery mystery,Pluvialis squatarola,0.0015,unlabeled
Mystery mystery_258_c010,Mystery mystery,Pluvialis squatarola,0.0021,unlabeled
Mystery mystery_258_c011,Mystery mystery,Psittacula eupatria,0.0027,unlabeled
Mystery mystery_258_c012,Mystery mystery,Pluvialis squatarola,0.0009,unlabeled
Mystery mystery_258_c013,Mystery mystery,Psittacula eupatria,0.0027,unlabeled
Mystery mystery_258_c014,Mystery mystery,Psittacula eupatria,0.0078,unlabeled
Mystery mystery_258_c015,Mystery mystery,Cypsiurus balasiensis,0.0061,unlabeled
Mystery mystery_258_c016,Mystery mystery,Eurystomus orientalis,0.0023,unlabeled
Mystery mystery_258_c017,Mystery mystery,Eurystomus orientalis,0.0088,unlabeled
Mystery mystery_258_c018,Mystery mystery,Pluvialis squatarola,0.0020,unlabeled
Mystery mystery_259_c000,Mystery mystery,Dicaeum cruentatum,0.0021,unlabeled
Mystery mystery_259_c001,Mystery mystery,Pnoepyga pusilla,0.0003,unlabeled
Mystery mystery_259_c002,Mystery mystery,Phylloscopus inornatus,0.0008,unlabeled
Mystery mystery_260_c000,Mystery mystery,Chloropsis cochinchinensis,0.0060,unlabeled
Mystery mystery_261_c000,Mystery mystery,Psittacula eupatria,0.0024,unlabeled
Mystery mystery_261_c001,Mystery mystery,Acridotheres fuscus,0.0004,unlabeled
Mystery mystery_261_c002,Mystery mystery,Psittacula eupatria,0.0003,unlabeled
Mystery mystery_261_c003,Mystery mystery,Psittacula eupatria,0.0009,unlabeled
Mystery mystery_261_c004,Mystery mystery,Psittacula eupatria,0.0658,unlabeled
Mystery mystery_261_c005,Mystery mystery,Psittacula eupatria,0.0004,unlabeled
Mystery mystery_261_c006,Mystery mystery,Psittacula eupatria,0.0009,unlabeled
Mystery mystery_261_c007,Mystery mystery,Psittacula eupatria,0.0004,unlabeled
Mystery mystery_261_c008,Mystery mystery,Psittacula eupatria,0.0011,unlabeled
Mystery mystery_261_c009,Mystery mystery,Psittacula eupatria,0.0057,unlabeled
Mystery mystery_262_c000,Mystery mystery,Lanius tephronotus,0.0292,unlabeled
Mystery mystery_262_c001,Mystery mystery,Lanius tephronotus,0.0056,unlabeled
Mystery mystery_262_c002,Mystery mystery,Lanius tephronotus,0.0050,unlabeled
Mystery mystery_263_c000,Mystery mystery,Halcyon coromanda,0.2517,unlabeled
Mystery mystery_263_c001,Mystery mystery,Halcyon coromanda,0.1053,unlabeled
Mystery mystery_263_c002,Mystery mystery,Halcyon coromanda,0.0614,unlabeled
Mystery mystery_264_c000,Mystery mystery,Cypsiurus balasiensis,0.0004,unlabeled
Mystery mystery_264_c001,Mystery mystery,Chloropsis jerdoni,0.0001,unlabeled
Mystery mystery_264_c002,Mystery mystery,Phylloscopus inornatus,0.0002,unlabeled
Mystery mystery_264_c003,Mystery mystery,Cypsiurus balasiensis,0.0002,unlabeled
Mystery mystery_264_c004,Mystery mystery,Psittacula eupatria,0.0001,unlabeled
Mystery mystery_264_c005,Mystery mystery,Pluvialis squatarola,0.0009,unlabeled
Mystery mystery_265_c000,Mystery mystery,Motacilla citreola,0.0004,unlabeled
Mystery mystery_266_c000,Mystery mystery,Acridotheres fuscus,0.0148,unlabeled
Mystery mystery_266_c001,Mystery mystery,Acridotheres fuscus,0.0005,unlabeled
Mystery mystery_266_c002,Mystery mystery,Pluvialis squatarola,0.0030,unlabeled
Mystery mystery_266_c003,Mystery mystery,Acridotheres fuscus,0.0007,unlabeled
Mystery mystery_266_c004,Mystery mystery,Motacilla citreola,0.0005,unlabeled
Mystery mystery_267_c000,Mystery mystery,Pellorneum ruficeps,0.0012,unlabeled
Mystery mystery_267_c001,Mystery mystery,Motacilla citreola,0.0098,unlabeled
Mystery mystery_267_c002,Mystery mystery,Pnoepyga pusilla,0.0071,unlabeled
Mystery mystery_267_c003,Mystery mystery,Motacilla citreola,0.0018,unlabeled
Mystery mystery_267_c004,Mystery mystery,Arachnothera magna,0.0014,unlabeled
Mystery mystery_267_c005,Mystery mystery,Pluvialis squatarola,0.0024,unlabeled
Mystery mystery_267_c006,Mystery mystery,Pluvialis squatarola,0.0021,unlabeled
Mystery mystery_267_c007,Mystery mystery,Pellorneum ruficeps,0.0016,unlabeled
Mystery mystery_267_c008,Mystery mystery,Pellorneum ruficeps,0.0011,unlabeled
Mystery mystery_267_c009,Mystery mystery,Pellorneum ruficeps,0.0023,unlabeled
Mystery mystery_267_c010,Mystery mystery,Eurystomus orientalis,0.0030,unlabeled
Mystery mystery_267_c011,Mystery mystery,Pellorneum ruficeps,0.0015,unlabeled
Mystery mystery_267_c012,Mystery mystery,Pomatorhinus ruficollis,0.0285,unlabeled
Mystery mystery_267_c013,Mystery mystery,Sturnia malabarica,0.0018,unlabeled
Mystery mystery_267_c014,Mystery mystery,Eurystomus orientalis,0.0027,unlabeled
Mystery mystery_267_c015,Mystery mystery,Eurystomus orientalis,0.0034,unlabeled
Mystery mystery_267_c016,Mystery mystery,Eurystomus orientalis,0.0015,unlabeled
Mystery mystery_267_c017,Mystery mystery,Eurystomus orientalis,0.0307,unlabeled
Mystery mystery_267_c018,Mystery mystery,Eurystomus orientalis,0.0124,unlabeled
Mystery mystery_267_c019,Mystery mystery,Eurystomus orientalis,0.0025,unlabeled
Mystery mystery_267_c020,Mystery mystery,Pomatorhinus ruficollis,0.0012,unlabeled
Mystery mystery_267_c021,Mystery mystery,Acrocephalus bistrigiceps,0.0014,unlabeled
Mystery mystery_267_c022,Mystery mystery,Motacilla citreola,0.0015,unlabeled
Mystery mystery_268_c000,Mystery mystery,Acridotheres fuscus,0.0012,unlabeled
Mystery mystery_268_c001,Mystery mystery,Acridotheres fuscus,0.0007,unlabeled
Mystery mystery_268_c002,Mystery mystery,Psittacula eupatria,0.0017,unlabeled
Mystery mystery_268_c003,Mystery mystery,Acridotheres fuscus,0.0000,unlabeled
Mystery mystery_268_c004,Mystery mystery,Lanius tephronotus,0.0002,unlabeled
Mystery mystery_268_c005,Mystery mystery,Pnoepyga pusilla,0.0009,unlabeled
Mystery mystery_268_c006,Mystery mystery,Psittacula eupatria,0.0006,unlabeled
Mystery mystery_268_c007,Mystery mystery,Eurystomus orientalis,0.0042,unlabeled
Mystery mystery_268_c008,Mystery mystery,Acridotheres fuscus,0.0039,unlabeled
Mystery mystery_268_c009,Mystery mystery,Phylloscopus inornatus,0.0032,unlabeled
Mystery mystery_268_c010,Mystery mystery,Acridotheres fuscus,0.0138,unlabeled
Mystery mystery_268_c011,Mystery mystery,Pomatorhinus ruficollis,0.0029,unlabeled
Mystery mystery_269_c000,Mystery mystery,Pnoepyga pusilla,0.0002,unlabeled
Mystery mystery_269_c001,Mystery mystery,Loriculus vernalis,0.0041,unlabeled
Mystery mystery_269_c002,Mystery mystery,Loriculus vernalis,0.0255,unlabeled
Mystery mystery_269_c003,Mystery mystery,Loriculus vernalis,0.0039,unlabeled
Mystery mystery_269_c004,Mystery mystery,Halcyon coromanda,0.0008,unlabeled
Mystery mystery_269_c005,Mystery mystery,Loriculus vernalis,0.0012,unlabeled
Mystery mystery_269_c006,Mystery mystery,Loriculus vernalis,0.0011,unlabeled
Mystery mystery_269_c007,Mystery mystery,Spelaeornis oatesi,0.0021,unlabeled
Mystery mystery_270_c000,Mystery mystery,Cyornis unicolor,0.1260,unlabeled
Mystery mystery_270_c001,Mystery mystery,Pellorneum ruficeps,0.0138,unlabeled
Mystery mystery_270_c002,Mystery mystery,Arborophila torqueola,0.0276,unlabeled
Mystery mystery_270_c003,Mystery mystery,Cyornis unicolor,0.0163,unlabeled
Mystery mystery_270_c004,Mystery mystery,Spelaeornis oatesi,0.0079,unlabeled
Mystery mystery_270_c005,Mystery mystery,Pellorneum ruficeps,0.0124,unlabeled
Mystery mystery_270_c006,Mystery mystery,Cyornis unicolor,0.1586,unlabeled
Mystery mystery_270_c007,Mystery mystery,Cyornis unicolor,0.0058,unlabeled
Mystery mystery_271_c000,Mystery mystery,Loriculus vernalis,0.0014,unlabeled
Mystery mystery_271_c001,Mystery mystery,Pomatorhinus ruficollis,0.0027,unlabeled
Mystery mystery_271_c002,Mystery mystery,Chelidorhynx hypoxanthus,0.0142,unlabeled
Mystery mystery_271_c003,Mystery mystery,Chelidorhynx hypoxanthus,0.0199,unlabeled
Mystery mystery_271_c004,Mystery mystery,Pomatorhinus ruficollis,0.0033,unlabeled
Mystery mystery_271_c005,Mystery mystery,Chelidorhynx hypoxanthus,0.0224,unlabeled
Mystery mystery_271_c006,Mystery mystery,Alcippe cinerea,0.0010,unlabeled
Mystery mystery_271_c007,Mystery mystery,Pomatorhinus ruficollis,0.0007,unlabeled
Mystery mystery_272_c000,Mystery mystery,Pellorneum ruficeps,0.0027,unlabeled
Mystery mystery_272_c001,Mystery mystery,Pluvialis squatarola,0.0009,unlabeled
Mystery mystery_273_c000,Mystery mystery,Chloropsis jerdoni,0.0687,unlabeled
Mystery mystery_273_c001,Mystery mystery,Chloropsis jerdoni,0.0624,unlabeled
Mystery mystery_273_c002,Mystery mystery,Chloropsis jerdoni,0.0620,unlabeled
Mystery mystery_273_c003,Mystery mystery,Chloropsis jerdoni,0.1338,unlabeled
Mystery mystery_273_c004,Mystery mystery,Chloropsis jerdoni,0.0064,unlabeled
Mystery mystery_273_c005,Mystery mystery,Chloropsis jerdoni,0.0154,unlabeled
Mystery mystery_273_c006,Mystery mystery,Chloropsis jerdoni,0.0544,unlabeled
Mystery mystery_274_c000,Mystery mystery,Psittacula eupatria,0.0066,unlabeled
Mystery mystery_274_c001,Mystery mystery,Psittacula eupatria,0.0036,unlabeled
Mystery mystery_274_c002,Mystery mystery,Pellorneum ruficeps,0.0130,unlabeled
Mystery mystery_275_c000,Mystery mystery,Psittacula eupatria,0.2314,unlabeled
Mystery mystery_275_c001,Mystery mystery,Psittacula eupatria,0.0043,unlabeled
Mystery mystery_276_c000,Mystery mystery,Dicrurus andamanensis,0.0141,unlabeled
Mystery mystery_276_c001,Mystery mystery,Dicrurus andamanensis,0.0239,unlabeled
Mystery mystery_276_c002,Mystery mystery,Chloropsis jerdoni,0.0096,unlabeled
Mystery mystery_277_c000,Mystery mystery,Loriculus vernalis,0.0032,unlabeled
Mystery mystery_277_c001,Mystery mystery,Chloropsis jerdoni,0.0010,unlabeled
Mystery mystery_277_c002,Mystery mystery,Pellorneum ruficeps,0.0191,unlabeled
Mystery mystery_278_c000,Mystery mystery,Pellorneum ruficeps,0.0158,unlabeled
Mystery mystery_278_c001,Mystery mystery,Pellorneum ruficeps,0.0053,unlabeled
Mystery mystery_278_c002,Mystery mystery,Pellorneum ruficeps,0.0182,unlabeled
Mystery mystery_279_c000,Mystery mystery,Acrocephalus bistrigiceps,0.0025,unlabeled
Mystery mystery_279_c001,Mystery mystery,Pnoepyga pusilla,0.0404,unlabeled
Mystery mystery_279_c002,Mystery mystery,Acrocephalus bistrigiceps,0.0048,unlabeled
Mystery mystery_279_c003,Mystery mystery,Acrocephalus bistrigiceps,0.0036,unlabeled
Mystery mystery_279_c004,Mystery mystery,Acrocephalus bistrigiceps,0.0056,unlabeled
Mystery mystery_279_c005,Mystery mystery,Psittacula eupatria,0.0023,unlabeled
Mystery mystery_280_c000,Mystery mystery,Pellorneum ruficeps,0.0042,unlabeled
Mystery mystery_280_c001,Mystery mystery,Pellorneum ruficeps,0.0066,unlabeled
Mystery mystery_280_c002,Mystery mystery,Cyornis concretus,0.0057,unlabeled
Mystery mystery_280_c003,Mystery mystery,Pellorneum ruficeps,0.0206,unlabeled
Mystery mystery_280_c004,Mystery mystery,Pellorneum ruficeps,0.0032,unlabeled
Mystery mystery_280_c005,Mystery mystery,Chloropsis jerdoni,0.0125,unlabeled
Mystery mystery_280_c006,Mystery mystery,Ixobrychus cinnamomeus,0.0066,unlabeled
Mystery mystery_280_c007,Mystery mystery,Ixobrychus cinnamomeus,0.0136,unlabeled
Mystery mystery_281_c000,Mystery mystery,Pellorneum ruficeps,0.0054,unlabeled
Mystery mystery_281_c001,Mystery mystery,Pellorneum ruficeps,0.0288,unlabeled
Mystery mystery_281_c002,Mystery mystery,Pluvialis squatarola,0.0009,unlabeled
Mystery mystery_282_c000,Mystery mystery,Pellorneum ruficeps,0.0383,unlabeled
Mystery mystery_282_c001,Mystery mystery,Pellorneum ruficeps,0.3540,unlabeled
Mystery mystery_282_c002,Mystery mystery,Pellorneum ruficeps,0.0283,unlabeled
Mystery mystery_283_c000,Mystery mystery,Chelidorhynx hypoxanthus,0.0006,unlabeled
Mystery mystery_283_c001,Mystery mystery,Chelidorhynx hypoxanthus,0.0005,unlabeled
Mystery mystery_283_c002,Mystery mystery,Phylloscopus subaffinis,0.0011,unlabeled
Mystery mystery_284_c000,Mystery mystery,Pellorneum ruficeps,0.0078,unlabeled
Mystery mystery_284_c001,Mystery mystery,Cypsiurus balasiensis,0.0270,unlabeled
Mystery mystery_284_c002,Mystery mystery,Arborophila torqueola,0.0102,unlabeled
Mystery mystery_284_c003,Mystery mystery,Pellorneum ruficeps,0.0055,unlabeled
Mystery mystery_284_c004,Mystery mystery,Psilopogon lineatus,0.0712,unlabeled
Mystery mystery_284_c005,Mystery mystery,Pellorneum ruficeps,0.0113,unlabeled
Mystery mystery_285_c000,Mystery mystery,Chloropsis jerdoni,0.0021,unlabeled
Mystery mystery_285_c001,Mystery mystery,Cuculus micropterus,0.0033,unlabeled
Mystery mystery_285_c002,Mystery mystery,Cuculus micropterus,0.0128,unlabeled
Mystery mystery_285_c003,Mystery mystery,Cuculus micropterus,0.0060,unlabeled
Mystery mystery_285_c004,Mystery mystery,Cuculus micropterus,0.0020,unlabeled
Mystery mystery_285_c005,Mystery mystery,Chloropsis jerdoni,0.0089,unlabeled
Mystery mystery_285_c006,Mystery mystery,Cuculus micropterus,0.0036,unlabeled
Mystery mystery_286_c000,Mystery mystery,Locustella davidi,0.0039,unlabeled
Mystery mystery_286_c001,Mystery mystery,Locustella davidi,0.0538,unlabeled
Mystery mystery_286_c002,Mystery mystery,Locustella davidi,0.0049,unlabeled
Mystery mystery_286_c003,Mystery mystery,Locustella davidi,0.0107,unlabeled
Mystery mystery_287_c000,Mystery mystery,Pellorneum ruficeps,0.0070,unlabeled
Mystery mystery_287_c001,Mystery mystery,Phylloscopus inornatus,0.0025,unlabeled
Mystery mystery_287_c002,Mystery mystery,Psilopogon lineatus,0.0278,unlabeled
Mystery mystery_287_c003,Mystery mystery,Psilopogon lineatus,0.0222,unlabeled
Mystery mystery_287_c004,Mystery mystery,Phylloscopus inornatus,0.0025,unlabeled
Mystery mystery_287_c005,Mystery mystery,Phylloscopus inornatus,0.0224,unlabeled
Mystery mystery_287_c006,Mystery mystery,Chelidorhynx hypoxanthus,0.0373,unlabeled
Mystery mystery_287_c007,Mystery mystery,Phylloscopus inornatus,0.0867,unlabeled
Mystery mystery_287_c008,Mystery mystery,Phylloscopus inornatus,0.1719,unlabeled
Mystery mystery_288_c000,Mystery mystery,Pomatorhinus ruficollis,0.0032,unlabeled
Mystery mystery_288_c001,Mystery mystery,Chelidorhynx hypoxanthus,0.0095,unlabeled
Mystery mystery_288_c002,Mystery mystery,Phylloscopus subaffinis,0.0048,unlabeled
Mystery mystery_288_c003,Mystery mystery,Phylloscopus inornatus,0.0162,unlabeled
Mystery mystery_288_c004,Mystery mystery,Phylloscopus inornatus,0.0111,unlabeled
Mystery mystery_288_c005,Mystery mystery,Chloropsis jerdoni,0.0067,unlabeled
Mystery mystery_289_c000,Mystery mystery,Sturnia malabarica,0.0083,unlabeled
Mystery mystery_290_c000,Mystery mystery,Riparia chinensis,0.0020,unlabeled
Mystery mystery_290_c001,Mystery mystery,Pluvialis squatarola,0.0009,unlabeled
Mystery mystery_291_c000,Mystery mystery,Psittacula eupatria,0.0027,unlabeled
Mystery mystery_291_c001,Mystery mystery,Chloropsis jerdoni,0.0181,unlabeled
Mystery mystery_291_c002,Mystery mystery,Chloropsis jerdoni,0.0060,unlabeled
Mystery mystery_291_c003,Mystery mystery,Chloropsis jerdoni,0.0104,unlabeled
Mystery mystery_292_c000,Mystery mystery,Pellorneum ruficeps,0.0015,unlabeled
Mystery mystery_292_c001,Mystery mystery,Liocichla phoenicea,0.0010,unlabeled
Mystery mystery_293_c000,Mystery mystery,Cyornis poliogenys,0.0101,unlabeled
Mystery mystery_293_c001,Mystery mystery,Spelaeornis oatesi,0.0053,unlabeled
Mystery mystery_293_c002,Mystery mystery,Cyornis poliogenys,0.0103,unlabeled
Mystery mystery_294_c000,Mystery mystery,Phylloscopus inornatus,0.0005,unlabeled
Mystery mystery_294_c001,Mystery mystery,Phylloscopus inornatus,0.0018,unlabeled
Mystery mystery_294_c002,Mystery mystery,Cypsiurus balasiensis,0.0014,unlabeled
Mystery mystery_295_c000,Mystery mystery,Phylloscopus inornatus,0.0004,unlabeled
Mystery mystery_295_c001,Mystery mystery,Phylloscopus inornatus,0.0006,unlabeled
Mystery mystery_296_c000,Mystery mystery,Chloropsis jerdoni,0.0127,unlabeled
Mystery mystery_296_c001,Mystery mystery,Chloropsis jerdoni,0.0382,unlabeled
Mystery mystery_296_c002,Mystery mystery,Chloropsis jerdoni,0.0055,unlabeled
Mystery mystery_296_c003,Mystery mystery,Chloropsis jerdoni,0.0198,unlabeled
Mystery mystery_296_c004,Mystery mystery,Chloropsis jerdoni,0.0350,unlabeled
Mystery mystery_296_c005,Mystery mystery,Pellorneum ruficeps,0.0068,unlabeled
Mystery mystery_296_c006,Mystery mystery,Chloropsis cochinchinensis,0.0281,unlabeled
Mystery mystery_296_c007,Mystery mystery,Chloropsis jerdoni,0.0576,unlabeled
Mystery mystery_296_c008,Mystery mystery,Chloropsis jerdoni,0.0136,unlabeled
Mystery mystery_296_c009,Mystery mystery,Chloropsis cochinchinensis,0.0146,unlabeled
Mystery mystery_296_c010,Mystery mystery,Chloropsis jerdoni,0.0006,unlabeled
Mystery mystery_296_c011,Mystery mystery,Chloropsis jerdoni,0.0036,unlabeled
Mystery mystery_296_c012,Mystery mystery,Chloropsis jerdoni,0.0096,unlabeled
Mystery mystery_296_c013,Mystery mystery,Chloropsis jerdoni,0.0392,unlabeled
Mystery mystery_296_c014,Mystery mystery,Chloropsis jerdoni,0.0374,unlabeled
Mystery mystery_296_c015,Mystery mystery,Chloropsis cochinchinensis,0.0016,unlabeled
Mystery mystery_296_c016,Mystery mystery,Chloropsis cochinchinensis,0.0194,unlabeled
Mystery mystery_296_c017,Mystery mystery,Chloropsis cochinchinensis,0.0136,unlabeled
Mystery mystery_297_c000,Mystery mystery,Psittacula eupatria,0.0017,unlabeled
Mystery mystery_297_c001,Mystery mystery,Acridotheres fuscus,0.0013,unlabeled
Mystery mystery_297_c002,Mystery mystery,Chloropsis jerdoni,0.0013,unlabeled
Mystery mystery_297_c003,Mystery mystery,Acridotheres fuscus,0.0006,unlabeled
Mystery mystery_297_c004,Mystery mystery,Chloropsis jerdoni,0.0052,unlabeled
Mystery mystery_297_c005,Mystery mystery,Chloropsis jerdoni,0.0061,unlabeled
Mystery mystery_297_c006,Mystery mystery,Dicaeum cruentatum,0.0054,unlabeled
Mystery mystery_297_c007,Mystery mystery,Chloropsis jerdoni,0.0085,unlabeled
Mystery mystery_297_c008,Mystery mystery,Cyornis poliogenys,0.0072,unlabeled
Mystery mystery_297_c009,Mystery mystery,Chloropsis jerdoni,0.0176,unlabeled
Mystery mystery_297_c010,Mystery mystery,Chloropsis jerdoni,0.0213,unlabeled
Mystery mystery_297_c011,Mystery mystery,Chloropsis jerdoni,0.0267,unlabeled
Mystery mystery_297_c012,Mystery mystery,Dicrurus andamanensis,0.0022,unlabeled
Mystery mystery_297_c013,Mystery mystery,Cypsiurus balasiensis,0.0096,unlabeled
Mystery mystery_297_c014,Mystery mystery,Cypsiurus balasiensis,0.0167,unlabeled
Mystery mystery_297_c015,Mystery mystery,Chloropsis jerdoni,0.0282,unlabeled
Mystery mystery_297_c016,Mystery mystery,Glaucidium cuculoides,0.0381,unlabeled
Mystery mystery_297_c017,Mystery mystery,Chloropsis jerdoni,0.0077,unlabeled
Mystery mystery_297_c018,Mystery mystery,Chloropsis jerdoni,0.0287,unlabeled
Mystery mystery_298_c000,Mystery mystery,Acridotheres fuscus,0.0124,unlabeled
Mystery mystery_298_c001,Mystery mystery,Acridotheres fuscus,0.0025,unlabeled
Mystery mystery_298_c002,Mystery mystery,Acridotheres fuscus,0.0038,unlabeled
Mystery mystery_298_c003,Mystery mystery,Sturnia malabarica,0.0017,unlabeled
Mystery mystery_298_c004,Mystery mystery,Acridotheres fuscus,0.0064,unlabeled
Mystery mystery_298_c005,Mystery mystery,Acridotheres fuscus,0.0062,unlabeled
Mystery mystery_299_c000,Mystery mystery,Phylloscopus inornatus,0.0012,unlabeled
Mystery mystery_299_c001,Mystery mystery,Pomatorhinus ruficollis,0.0124,unlabeled
Mystery mystery_299_c002,Mystery mystery,Pomatorhinus ruficollis,0.0033,unlabeled
Mystery mystery_300_c000,Mystery mystery,Loriculus vernalis,0.0057,unlabeled
Mystery mystery_300_c001,Mystery mystery,Glaucidium cuculoides,0.0181,unlabeled
Mystery mystery_300_c002,Mystery mystery,Glaucidium cuculoides,0.0038,unlabeled
Mystery mystery_300_c003,Mystery mystery,Loriculus vernalis,0.0189,unlabeled
Mystery mystery_300_c004,Mystery mystery,Glaucidium cuculoides,0.0020,unlabeled
Mystery mystery_300_c005,Mystery mystery,Todiramphus chloris,0.0024,unlabeled
Mystery mystery_300_c006,Mystery mystery,Loriculus vernalis,0.0021,unlabeled
Mystery mystery_300_c007,Mystery mystery,Glaucidium cuculoides,0.0134,unlabeled
Mystery mystery_300_c008,Mystery mystery,Glaucidium cuculoides,0.0025,unlabeled
Mystery mystery_300_c009,Mystery mystery,Pellorneum ruficeps,0.0040,unlabeled
Mystery mystery_300_c010,Mystery mystery,Macronus gularis,0.0009,unlabeled
Mystery mystery_300_c011,Mystery mystery,Glaucidium cuculoides,0.0011,unlabeled
Mystery mystery_300_c012,Mystery mystery,Glaucidium cuculoides,0.0004,unlabeled
Mystery mystery_300_c013,Mystery mystery,Pellorneum ruficeps,0.0037,unlabeled
Mystery mystery_300_c014,Mystery mystery,Chloropsis jerdoni,0.0045,unlabeled
Mystery mystery_300_c015,Mystery mystery,Glaucidium cuculoides,0.0055,unlabeled
Mystery mystery_300_c016,Mystery mystery,Psilopogon lineatus,0.0035,unlabeled
Mystery mystery_300_c017,Mystery mystery,Psilopogon lineatus,0.0075,unlabeled
Mystery mystery_300_c018,Mystery mystery,Psilopogon lineatus,0.0384,unlabeled
Mystery mystery_300_c019,Mystery mystery,Loriculus vernalis,0.0025,unlabeled
Mystery mystery_300_c020,Mystery mystery,Cuculus micropterus,0.0026,unlabeled
Mystery mystery_300_c021,Mystery mystery,Cuculus micropterus,0.0108,unlabeled
Mystery mystery_300_c022,Mystery mystery,Loriculus vernalis,0.0003,unlabeled
Mystery mystery_300_c023,Mystery mystery,Loriculus vernalis,0.0071,unlabeled
Mystery mystery_300_c024,Mystery mystery,Cuculus micropterus,0.0013,unlabeled
Mystery mystery_300_c025,Mystery mystery,Pellorneum ruficeps,0.0205,unlabeled
Mystery mystery_300_c026,Mystery mystery,Loriculus vernalis,0.0013,unlabeled
Mystery mystery_300_c027,Mystery mystery,Loriculus vernalis,0.0062,unlabeled
Mystery mystery_300_c028,Mystery mystery,Acridotheres fuscus,0.0001,unlabeled
Mystery mystery_300_c029,Mystery mystery,Psilopogon lineatus,0.0164,unlabeled
Mystery mystery_300_c030,Mystery mystery,Glaucidium cuculoides,0.0135,unlabeled
Mystery mystery_300_c031,Mystery mystery,Cuculus micropterus,0.0014,unlabeled
Mystery mystery_300_c032,Mystery mystery,Loriculus vernalis,0.0021,unlabeled
Mystery mystery_300_c033,Mystery mystery,Loriculus vernalis,0.0022,unlabeled
Mystery mystery_300_c034,Mystery mystery,Cuculus micropterus,0.0033,unlabeled
Mystery mystery_300_c035,Mystery mystery,Loriculus vernalis,0.0044,unlabeled
Mystery mystery_300_c036,Mystery mystery,Loriculus vernalis,0.0046,unlabeled
Mystery mystery_300_c037,Mystery mystery,Pellorneum ruficeps,0.0053,unlabeled
Mystery mystery_300_c038,Mystery mystery,Pellorneum ruficeps,0.0072,unlabeled
Mystery mystery_300_c039,Mystery mystery,Pellorneum ruficeps,0.0036,unlabeled
Mystery mystery_300_c040,Mystery mystery,Glaucidium cuculoides,0.0076,unlabeled
Mystery mystery_300_c041,Mystery mystery,Cuculus micropterus,0.0012,unlabeled
Mystery mystery_301_c000,Mystery mystery,Acridotheres fuscus,0.0009,unlabeled
Mystery mystery_301_c001,Mystery mystery,Psittacula eupatria,0.0112,unlabeled
Mystery mystery_301_c002,Mystery mystery,Psittacula eupatria,0.0139,unlabeled
Mystery mystery_301_c003,Mystery mystery,Acridotheres fuscus,0.0007,unlabeled
Mystery mystery_301_c004,Mystery mystery,Acridotheres fuscus,0.0021,unlabeled
Mystery mystery_301_c005,Mystery mystery,Psittacula eupatria,0.0138,unlabeled
Mystery mystery_301_c006,Mystery mystery,Psittacula eupatria,0.0016,unlabeled
Mystery mystery_301_c007,Mystery mystery,Psittacula eupatria,0.0038,unlabeled
Mystery mystery_301_c008,Mystery mystery,Acridotheres fuscus,0.0041,unlabeled
Mystery mystery_301_c009,Mystery mystery,Psittacula eupatria,0.0056,unlabeled
Mystery mystery_301_c010,Mystery mystery,Psittacula eupatria,0.0006,unlabeled
Mystery mystery_301_c011,Mystery mystery,Psittacula eupatria,0.0125,unlabeled
Mystery mystery_301_c012,Mystery mystery,Psittacula eupatria,0.0025,unlabeled
Mystery mystery_301_c013,Mystery mystery,Psittacula eupatria,0.0015,unlabeled
Mystery mystery_301_c014,Mystery mystery,Acridotheres fuscus,0.0019,unlabeled
Mystery mystery_301_c015,Mystery mystery,Psittacula eupatria,0.0006,unlabeled
Mystery mystery_301_c016,Mystery mystery,Acridotheres fuscus,0.0080,unlabeled
Mystery mystery_301_c017,Mystery mystery,Psittacula eupatria,0.0006,unlabeled
Mystery mystery_301_c018,Mystery mystery,Psittacula eupatria,0.0001,unlabeled
Mystery mystery_301_c019,Mystery mystery,Acridotheres fuscus,0.0001,unlabeled
Mystery mystery_301_c020,Mystery mystery,Psittacula eupatria,0.0006,unlabeled
Mystery mystery_301_c021,Mystery mystery,Acridotheres fuscus,0.0004,unlabeled
Mystery mystery_301_c022,Mystery mystery,Acridotheres fuscus,0.0010,unlabeled
Mystery mystery_301_c023,Mystery mystery,Acridotheres fuscus,0.0005,unlabeled
Mystery mystery_301_c024,Mystery mystery,Acridotheres fuscus,0.0004,unlabeled
Mystery mystery_301_c025,Mystery mystery,Acridotheres fuscus,0.0001,unlabeled
Mystery mystery_301_c026,Mystery mystery,Psittacula eupatria,0.0014,unlabeled
Mystery mystery_301_c027,Mystery mystery,Pellorneum ruficeps,0.0001,unlabeled
Mystery mystery_301_c028,Mystery mystery,Psittacula eupatria,0.0052,unlabeled
Mystery mystery_301_c029,Mystery mystery,Acridotheres fuscus,0.0005,unlabeled
Mystery mystery_301_c030,Mystery mystery,Pomatorhinus ruficollis,0.0001,unlabeled
Mystery mystery_302_c000,Mystery mystery,Acridotheres fuscus,0.0124,unlabeled
Mystery mystery_302_c001,Mystery mystery,Acridotheres fuscus,0.0025,unlabeled
Mystery mystery_302_c002,Mystery mystery,Acridotheres fuscus,0.0038,unlabeled
Mystery mystery_302_c003,Mystery mystery,Sturnia malabarica,0.0017,unlabeled
Mystery mystery_302_c004,Mystery mystery,Acridotheres fuscus,0.0064,unlabeled
Mystery mystery_302_c005,Mystery mystery,Acridotheres fuscus,0.0062,unlabeled
Mystery mystery_303_c000,Mystery mystery,Psilopogon lineatus,0.0268,unlabeled
Mystery mystery_303_c001,Mystery mystery,Psittacula eupatria,0.0043,unlabeled
Mystery mystery_303_c002,Mystery mystery,Psilopogon lineatus,0.1555,unlabeled
Mystery mystery_303_c003,Mystery mystery,Psilopogon lineatus,0.1662,unlabeled
Mystery mystery_303_c004,Mystery mystery,Psilopogon lineatus,0.1665,unlabeled
Mystery mystery_303_c005,Mystery mystery,Psilopogon lineatus,0.0639,unlabeled
Mystery mystery_303_c006,Mystery mystery,Psilopogon lineatus,0.0197,unlabeled
Mystery mystery_303_c007,Mystery mystery,Psilopogon lineatus,0.0497,unlabeled
Mystery mystery_303_c008,Mystery mystery,Psilopogon lineatus,0.0148,unlabeled
Mystery mystery_303_c009,Mystery mystery,Psilopogon lineatus,0.6303,unlabeled
Mystery mystery_303_c010,Mystery mystery,Cuculus micropterus,0.0132,unlabeled
Mystery mystery_303_c011,Mystery mystery,Sturnia malabarica,0.0034,unlabeled
Mystery mystery_304_c000,Mystery mystery,Chloropsis cochinchinensis,0.0016,unlabeled
Mystery mystery_304_c001,Mystery mystery,Chloropsis cochinchinensis,0.0007,unlabeled
Mystery mystery_304_c002,Mystery mystery,Pellorneum ruficeps,0.0212,unlabeled
Mystery mystery_304_c003,Mystery mystery,Chloropsis cochinchinensis,0.0014,unlabeled
Mystery mystery_304_c004,Mystery mystery,Pellorneum ruficeps,0.0018,unlabeled
Mystery mystery_304_c005,Mystery mystery,Pellorneum ruficeps,0.0032,unlabeled
Mystery mystery_304_c006,Mystery mystery,Chloropsis cochinchinensis,0.0009,unlabeled
Mystery mystery_304_c007,Mystery mystery,Cyornis unicolor,0.0074,unlabeled
Mystery mystery_304_c008,Mystery mystery,Pellorneum ruficeps,0.0015,unlabeled
Mystery mystery_304_c009,Mystery mystery,Chloropsis cochinchinensis,0.0005,unlabeled
Mystery mystery_304_c010,Mystery mystery,Chloropsis cochinchinensis,0.0026,unlabeled
Mystery mystery_304_c011,Mystery mystery,Chloropsis cochinchinensis,0.0006,unlabeled
Mystery mystery_304_c012,Mystery mystery,Phylloscopus inornatus,0.0010,unlabeled
Mystery mystery_304_c013,Mystery mystery,Phylloscopus inornatus,0.0013,unlabeled
Mystery mystery_305_c000,Mystery mystery,Phylloscopus inornatus,0.0008,unlabeled
Mystery mystery_305_c001,Mystery mystery,Pnoepyga pusilla,0.0020,unlabeled
Mystery mystery_305_c002,Mystery mystery,Pluvialis squatarola,0.0010,unlabeled
Mystery mystery_305_c003,Mystery mystery,Spelaeornis oatesi,0.0037,unlabeled
Mystery mystery_305_c004,Mystery mystery,Phylloscopus inornatus,0.0012,unlabeled
Mystery mystery_305_c005,Mystery mystery,Spelaeornis oatesi,0.0118,unlabeled
Mystery mystery_305_c006,Mystery mystery,Pluvialis squatarola,0.0042,unlabeled
Mystery mystery_305_c007,Mystery mystery,Spelaeornis oatesi,0.0032,unlabeled
Mystery mystery_305_c008,Mystery mystery,Phylloscopus inornatus,0.0028,unlabeled
Mystery mystery_305_c009,Mystery mystery,Cyornis concretus,0.0018,unlabeled
Mystery mystery_305_c010,Mystery mystery,Pluvialis squatarola,0.0009,unlabeled
Mystery mystery_305_c011,Mystery mystery,Cyornis unicolor,0.0009,unlabeled
Mystery mystery_305_c012,Mystery mystery,Spelaeornis oatesi,0.0016,unlabeled
Mystery mystery_305_c013,Mystery mystery,Pluvialis squatarola,0.0011,unlabeled
Mystery mystery_305_c014,Mystery mystery,Pluvialis squatarola,0.0010,unlabeled
Mystery mystery_305_c015,Mystery mystery,Pluvialis squatarola,0.0007,unlabeled
Mystery mystery_305_c016,Mystery mystery,Cyornis unicolor,0.0024,unlabeled
Mystery mystery_305_c017,Mystery mystery,Pluvialis squatarola,0.0006,unlabeled
Mystery mystery_306_c000,Mystery mystery,Phylloscopus inornatus,0.0014,unlabeled
Mystery mystery_306_c001,Mystery mystery,Pluvialis squatarola,0.0018,unlabeled
Mystery mystery_306_c002,Mystery mystery,Pellorneum ruficeps,0.0004,unlabeled
Mystery mystery_306_c003,Mystery mystery,Pellorneum ruficeps,0.0003,unlabeled
Mystery mystery_306_c004,Mystery mystery,Riparia chinensis,0.0007,unlabeled
Mystery mystery_306_c005,Mystery mystery,Pluvialis squatarola,0.0007,unlabeled
Mystery mystery_306_c006,Mystery mystery,Psilopogon lineatus,0.0005,unlabeled
Mystery mystery_306_c007,Mystery mystery,Pluvialis squatarola,0.0003,unlabeled
Mystery mystery_306_c008,Mystery mystery,Pomatorhinus ruficollis,0.0001,unlabeled
Mystery mystery_306_c009,Mystery mystery,Psittacula eupatria,0.0003,unlabeled
Mystery mystery_306_c010,Mystery mystery,Pellorneum ruficeps,0.0002,unlabeled
Mystery mystery_306_c011,Mystery mystery,Pluvialis squatarola,0.0004,unlabeled
Mystery mystery_307_c000,Mystery mystery,Chelidorhynx hypoxanthus,0.1301,unlabeled
Mystery mystery_307_c001,Mystery mystery,Chelidorhynx hypoxanthus,0.1501,unlabeled
Mystery mystery_307_c002,Mystery mystery,Chelidorhynx hypoxanthus,0.1832,unlabeled
Mystery mystery_307_c003,Mystery mystery,Chelidorhynx hypoxanthus,0.3175,unlabeled
Mystery mystery_307_c004,Mystery mystery,Chelidorhynx hypoxanthus,0.4229,unlabeled
Mystery mystery_307_c005,Mystery mystery,Chelidorhynx hypoxanthus,0.2662,unlabeled
Mystery mystery_307_c006,Mystery mystery,Chelidorhynx hypoxanthus,0.0797,unlabeled
Mystery mystery_307_c007,Mystery mystery,Chelidorhynx hypoxanthus,0.1626,unlabeled
Mystery mystery_307_c008,Mystery mystery,Chelidorhynx hypoxanthus,0.4465,unlabeled
Mystery mystery_307_c009,Mystery mystery,Chelidorhynx hypoxanthus,0.1164,unlabeled
Mystery mystery_307_c010,Mystery mystery,Chelidorhynx hypoxanthus,0.2179,unlabeled
Mystery mystery_307_c011,Mystery mystery,Chelidorhynx hypoxanthus,0.4677,unlabeled
Mystery mystery_307_c012,Mystery mystery,Chelidorhynx hypoxanthus,0.8963,unlabeled
Mystery mystery_308_c000,Mystery mystery,Phylloscopus inornatus,0.0021,unlabeled
Mystery mystery_308_c001,Mystery mystery,Pomatorhinus ruficollis,0.1225,unlabeled
Mystery mystery_308_c002,Mystery mystery,Phylloscopus inornatus,0.0067,unlabeled
Mystery mystery_309_c000,Mystery mystery,Pomatorhinus ruficollis,0.0012,unlabeled
Mystery mystery_309_c001,Mystery mystery,Pomatorhinus ruficollis,0.0037,unlabeled
Mystery mystery_309_c002,Mystery mystery,Acridotheres fuscus,0.0011,unlabeled
Mystery mystery_309_c003,Mystery mystery,Riparia chinensis,0.0017,unlabeled
Mystery mystery_309_c004,Mystery mystery,Acridotheres fuscus,0.0012,unlabeled
Mystery mystery_309_c005,Mystery mystery,Sturnia malabarica,0.0138,unlabeled
Mystery mystery_309_c006,Mystery mystery,Acridotheres fuscus,0.0035,unlabeled
Mystery mystery_309_c007,Mystery mystery,Acridotheres fuscus,0.0081,unlabeled
Mystery mystery_309_c008,Mystery mystery,Sturnia malabarica,0.0016,unlabeled
Mystery mystery_310_c000,Mystery mystery,Sturnia malabarica,0.0280,unlabeled
Mystery mystery_310_c001,Mystery mystery,Sturnia malabarica,0.0013,unlabeled
Mystery mystery_310_c002,Mystery mystery,Sturnia malabarica,0.0010,unlabeled
Mystery mystery_310_c003,Mystery mystery,Sturnia malabarica,0.0030,unlabeled
Mystery mystery_310_c004,Mystery mystery,Sturnia malabarica,0.0061,unlabeled
Mystery mystery_310_c005,Mystery mystery,Sturnia malabarica,0.0025,unlabeled
Mystery mystery_310_c006,Mystery mystery,Sturnia malabarica,0.0103,unlabeled
Mystery mystery_310_c007,Mystery mystery,Liocichla phoenicea,0.0032,unlabeled
Mystery mystery_310_c008,Mystery mystery,Lanius tephronotus,0.0038,unlabeled
Mystery mystery_310_c009,Mystery mystery,Sturnia malabarica,0.2499,unlabeled
Mystery mystery_310_c010,Mystery mystery,Phylloscopus inornatus,0.0026,unlabeled
Mystery mystery_310_c011,Mystery mystery,Liocichla phoenicea,0.0001,unlabeled
Mystery mystery_310_c012,Mystery mystery,Pomatorhinus ruficollis,0.0046,unlabeled
Mystery mystery_310_c013,Mystery mystery,Pomatorhinus ruficollis,0.0019,unlabeled
Mystery mystery_310_c014,Mystery mystery,Pomatorhinus ruficollis,0.0012,unlabeled
Mystery mystery_311_c000,Mystery mystery,Phylloscopus inornatus,0.0029,unlabeled
Mystery mystery_311_c001,Mystery mystery,Halcyon coromanda,0.0047,unlabeled
Mystery mystery_311_c002,Mystery mystery,Eurystomus orientalis,0.0018,unlabeled
Mystery mystery_311_c003,Mystery mystery,Acrocephalus bistrigiceps,0.0008,unlabeled
Mystery mystery_311_c004,Mystery mystery,Eurystomus orientalis,0.0024,unlabeled
Mystery mystery_311_c005,Mystery mystery,Pomatorhinus ruficollis,0.0039,unlabeled
Mystery mystery_311_c006,Mystery mystery,Halcyon coromanda,0.0028,unlabeled
Mystery mystery_311_c007,Mystery mystery,Cuculus micropterus,0.0030,unlabeled
Mystery mystery_311_c008,Mystery mystery,Eurystomus orientalis,0.0006,unlabeled
Mystery mystery_311_c009,Mystery mystery,Halcyon coromanda,0.1970,unlabeled
Mystery mystery_311_c010,Mystery mystery,Halcyon coromanda,0.0041,unlabeled
Mystery mystery_311_c011,Mystery mystery,Phylloscopus inornatus,0.0012,unlabeled
Mystery mystery_311_c012,Mystery mystery,Cuculus micropterus,0.0017,unlabeled
Mystery mystery_312_c000,Mystery mystery,Pellorneum ruficeps,0.0627,unlabeled
Mystery mystery_312_c001,Mystery mystery,Cuculus micropterus,0.0078,unlabeled
Mystery mystery_312_c002,Mystery mystery,Pellorneum ruficeps,0.0108,unlabeled
Mystery mystery_312_c003,Mystery mystery,Pellorneum ruficeps,0.0174,unlabeled
Mystery mystery_312_c004,Mystery mystery,Pellorneum ruficeps,0.0506,unlabeled
Mystery mystery_312_c005,Mystery mystery,Pellorneum ruficeps,0.0101,unlabeled
Mystery mystery_312_c006,Mystery mystery,Psittacula eupatria,0.0186,unlabeled
Mystery mystery_312_c007,Mystery mystery,Acridotheres fuscus,0.0160,unlabeled
Mystery mystery_312_c008,Mystery mystery,Psittacula eupatria,0.0341,unlabeled
Mystery mystery_312_c009,Mystery mystery,Acridotheres fuscus,0.0081,unlabeled
Mystery mystery_312_c010,Mystery mystery,Psittacula eupatria,0.0021,unlabeled
Mystery mystery_312_c011,Mystery mystery,Psittacula eupatria,0.0316,unlabeled
Mystery mystery_312_c012,Mystery mystery,Psittacula eupatria,0.0147,unlabeled
Mystery mystery_312_c013,Mystery mystery,Pellorneum ruficeps,0.0070,unlabeled
Mystery mystery_312_c014,Mystery mystery,Psittacula eupatria,0.0033,unlabeled
Mystery mystery_312_c015,Mystery mystery,Psittacula eupatria,0.0119,unlabeled
Mystery mystery_312_c016,Mystery mystery,Acridotheres fuscus,0.0040,unlabeled
Mystery mystery_312_c017,Mystery mystery,Psittacula eupatria,0.0070,unlabeled
Mystery mystery_313_c000,Mystery mystery,Psittacula eupatria,0.0118,unlabeled
Mystery mystery_313_c001,Mystery mystery,Psittacula eupatria,0.0091,unlabeled
Mystery mystery_313_c002,Mystery mystery,Psittacula eupatria,0.0024,unlabeled
Mystery mystery_313_c003,Mystery mystery,Psittacula eupatria,0.0051,unlabeled
Mystery mystery_313_c004,Mystery mystery,Psittacula eupatria,0.0109,unlabeled
Mystery mystery_313_c005,Mystery mystery,Psittacula eupatria,0.0080,unlabeled
Mystery mystery_314_c000,Mystery mystery,Pellorneum ruficeps,0.0041,unlabeled
Mystery mystery_314_c001,Mystery mystery,Chloropsis jerdoni,0.0016,unlabeled
Mystery mystery_314_c002,Mystery mystery,Chloropsis jerdoni,0.0599,unlabeled
Mystery mystery_314_c003,Mystery mystery,Chloropsis jerdoni,0.0060,unlabeled
Mystery mystery_314_c004,Mystery mystery,Chloropsis jerdoni,0.0780,unlabeled
Mystery mystery_314_c005,Mystery mystery,Pellorneum ruficeps,0.0248,unlabeled
Mystery mystery_314_c006,Mystery mystery,Chloropsis jerdoni,0.0057,unlabeled
Mystery mystery_314_c007,Mystery mystery,Chloropsis jerdoni,0.0455,unlabeled
Mystery mystery_314_c008,Mystery mystery,Chloropsis jerdoni,0.0147,unlabeled
Mystery mystery_314_c009,Mystery mystery,Chloropsis jerdoni,0.0161,unlabeled
Mystery mystery_314_c010,Mystery mystery,Chloropsis jerdoni,0.0068,unlabeled
Mystery mystery_314_c011,Mystery mystery,Chloropsis jerdoni,0.0049,unlabeled
Mystery mystery_315_c000,Mystery mystery,Cyornis concretus,0.0016,unlabeled
Mystery mystery_315_c001,Mystery mystery,Spelaeornis oatesi,0.0023,unlabeled
Mystery mystery_315_c002,Mystery mystery,Pellorneum ruficeps,0.0095,unlabeled
Mystery mystery_315_c003,Mystery mystery,Cyornis unicolor,0.0096,unlabeled
Mystery mystery_316_c000,Mystery mystery,Spelaeornis oatesi,0.0025,unlabeled
Mystery mystery_316_c001,Mystery mystery,Spelaeornis oatesi,0.0016,unlabeled
Mystery mystery_316_c002,Mystery mystery,Spelaeornis oatesi,0.0011,unlabeled
Mystery mystery_316_c003,Mystery mystery,Chloropsis jerdoni,0.0017,unlabeled
Mystery mystery_317_c000,Mystery mystery,Lanius tephronotus,0.0086,unlabeled
Mystery mystery_317_c001,Mystery mystery,Pomatorhinus ruficollis,0.0209,unlabeled
Mystery mystery_318_c000,Mystery mystery,Pnoepyga pusilla,0.0050,unlabeled
Mystery mystery_318_c001,Mystery mystery,Pnoepyga pusilla,0.0003,unlabeled
Mystery mystery_318_c002,Mystery mystery,Pnoepyga pusilla,0.0005,unlabeled
Mystery mystery_318_c003,Mystery mystery,Pnoepyga pusilla,0.0025,unlabeled
Mystery mystery_319_c000,Mystery mystery,Cuculus micropterus,0.0034,unlabeled
Mystery mystery_319_c001,Mystery mystery,Todiramphus chloris,0.0026,unlabeled
Mystery mystery_319_c002,Mystery mystery,Psilopogon lineatus,0.0010,unlabeled
Mystery mystery_320_c000,Mystery mystery,Sturnia malabarica,0.0115,unlabeled
Mystery mystery_320_c001,Mystery mystery,Sturnia malabarica,0.0067,unlabeled
Mystery mystery_320_c002,Mystery mystery,Acrocephalus bistrigiceps,0.0365,unlabeled
Mystery mystery_320_c003,Mystery mystery,Acrocephalus bistrigiceps,0.2147,unlabeled
Mystery mystery_320_c004,Mystery mystery,Acrocephalus bistrigiceps,0.0068,unlabeled
Mystery mystery_320_c005,Mystery mystery,Sturnia malabarica,0.0026,unlabeled
Mystery mystery_320_c006,Mystery mystery,Sturnia malabarica,0.0108,unlabeled
Mystery mystery_320_c007,Mystery mystery,Pluvialis squatarola,0.0009,unlabeled
Mystery mystery_321_c000,Mystery mystery,Chloropsis jerdoni,0.0066,unlabeled
Mystery mystery_321_c001,Mystery mystery,Pellorneum ruficeps,0.0045,unlabeled
Mystery mystery_321_c002,Mystery mystery,Pellorneum ruficeps,0.0025,unlabeled
Mystery mystery_321_c003,Mystery mystery,Chloropsis jerdoni,0.0047,unlabeled
Mystery mystery_321_c004,Mystery mystery,Cyornis poliogenys,0.0043,unlabeled
Mystery mystery_321_c005,Mystery mystery,Chloropsis jerdoni,0.0074,unlabeled
Mystery mystery_322_c000,Mystery mystery,Glaucidium cuculoides,0.0113,unlabeled
Mystery mystery_322_c001,Mystery mystery,Glaucidium cuculoides,0.0223,unlabeled
Mystery mystery_322_c002,Mystery mystery,Glaucidium cuculoides,0.0042,unlabeled
Mystery mystery_322_c003,Mystery mystery,Glaucidium cuculoides,0.0058,unlabeled
Mystery mystery_322_c004,Mystery mystery,Glaucidium cuculoides,0.0098,unlabeled
Mystery mystery_322_c005,Mystery mystery,Glaucidium cuculoides,0.0511,unlabeled
Mystery mystery_322_c006,Mystery mystery,Glaucidium cuculoides,0.0246,unlabeled
Mystery mystery_322_c007,Mystery mystery,Glaucidium cuculoides,0.0136,unlabeled
Mystery mystery_322_c008,Mystery mystery,Glaucidium cuculoides,0.0314,unlabeled
Mystery mystery_322_c009,Mystery mystery,Glaucidium cuculoides,0.0257,unlabeled
Mystery mystery_322_c010,Mystery mystery,Glaucidium cuculoides,0.0171,unlabeled
Mystery mystery_322_c011,Mystery mystery,Glaucidium cuculoides,0.0240,unlabeled
Mystery mystery_322_c012,Mystery mystery,Glaucidium cuculoides,0.0078,unlabeled
Mystery mystery_322_c013,Mystery mystery,Glaucidium cuculoides,0.0245,unlabeled
Mystery mystery_323_c000,Mystery mystery,Psittacula eupatria,0.0007,unlabeled
Mystery mystery_323_c001,Mystery mystery,Eurystomus orientalis,0.0003,unlabeled
Mystery mystery_323_c002,Mystery mystery,Psittacula eupatria,0.0010,unlabeled
Mystery mystery_323_c003,Mystery mystery,Psittacula eupatria,0.0022,unlabeled
Mystery mystery_323_c004,Mystery mystery,Psittacula eupatria,0.0006,unlabeled
Mystery mystery_323_c005,Mystery mystery,Psittacula eupatria,0.0023,unlabeled
Mystery mystery_324_c000,Mystery mystery,Phylloscopus inornatus,0.0019,unlabeled
Mystery mystery_324_c001,Mystery mystery,Chloropsis jerdoni,0.0655,unlabeled
Mystery mystery_324_c002,Mystery mystery,Chloropsis jerdoni,0.0123,unlabeled
Mystery mystery_324_c003,Mystery mystery,Psittacula eupatria,0.0033,unlabeled
Mystery mystery_324_c004,Mystery mystery,Chloropsis jerdoni,0.0089,unlabeled
Mystery mystery_324_c005,Mystery mystery,Psittacula eupatria,0.0093,unlabeled
Mystery mystery_324_c006,Mystery mystery,Chloropsis jerdoni,0.0305,unlabeled
Mystery mystery_324_c007,Mystery mystery,Chloropsis jerdoni,0.0025,unlabeled
Mystery mystery_324_c008,Mystery mystery,Chloropsis jerdoni,0.0186,unlabeled
Mystery mystery_324_c009,Mystery mystery,Chloropsis jerdoni,0.1451,unlabeled
Mystery mystery_324_c010,Mystery mystery,Chloropsis jerdoni,0.0061,unlabeled
Mystery mystery_324_c011,Mystery mystery,Phylloscopus inornatus,0.0026,unlabeled
Mystery mystery_325_c000,Mystery mystery,Rimator malacoptilus,0.0012,unlabeled
Mystery mystery_325_c001,Mystery mystery,Chloropsis jerdoni,0.0004,unlabeled
Mystery mystery_325_c002,Mystery mystery,Chloropsis jerdoni,0.0004,unlabeled
Mystery mystery_325_c003,Mystery mystery,Cyornis poliogenys,0.0010,unlabeled
Mystery mystery_325_c004,Mystery mystery,Cyornis poliogenys,0.0005,unlabeled
Mystery mystery_325_c005,Mystery mystery,Cyornis poliogenys,0.0036,unlabeled
Mystery mystery_325_c006,Mystery mystery,Rimator malacoptilus,0.0295,unlabeled
Mystery mystery_325_c007,Mystery mystery,Macronus gularis,0.0023,unlabeled
Mystery mystery_325_c008,Mystery mystery,Acridotheres fuscus,0.0014,unlabeled
Mystery mystery_325_c009,Mystery mystery,Chrysococcyx maculatus,0.0008,unlabeled
Mystery mystery_325_c010,Mystery mystery,Cyornis poliogenys,0.0004,unlabeled
Mystery mystery_325_c011,Mystery mystery,Macronus gularis,0.0026,unlabeled
Mystery mystery_325_c012,Mystery mystery,Psittacula eupatria,0.0009,unlabeled
Mystery mystery_325_c013,Mystery mystery,Chrysococcyx maculatus,0.0001,unlabeled
Mystery mystery_325_c014,Mystery mystery,Pnoepyga pusilla,0.0006,unlabeled
Mystery mystery_325_c015,Mystery mystery,Chloropsis jerdoni,0.0008,unlabeled
Mystery mystery_325_c016,Mystery mystery,Sturnia malabarica,0.0004,unlabeled
Mystery mystery_325_c017,Mystery mystery,Psittacula eupatria,0.0011,unlabeled
Mystery mystery_325_c018,Mystery mystery,Cyornis poliogenys,0.0007,unlabeled
Mystery mystery_325_c019,Mystery mystery,Pellorneum ruficeps,0.0045,unlabeled
Mystery mystery_325_c020,Mystery mystery,Phylloscopus subaffinis,0.0065,unlabeled
Mystery mystery_325_c021,Mystery mystery,Psilopogon lineatus,0.0007,unlabeled
Mystery mystery_325_c022,Mystery mystery,Chrysococcyx maculatus,0.0068,unlabeled
Mystery mystery_325_c023,Mystery mystery,Psittacula eupatria,0.0196,unlabeled
Mystery mystery_325_c024,Mystery mystery,Pnoepyga pusilla,0.0183,unlabeled
Mystery mystery_325_c025,Mystery mystery,Cyornis poliogenys,0.0042,unlabeled
Mystery mystery_325_c026,Mystery mystery,Cyornis poliogenys,0.0007,unlabeled
Mystery mystery_325_c027,Mystery mystery,Cyornis poliogenys,0.0010,unlabeled
Mystery mystery_325_c028,Mystery mystery,Chrysococcyx maculatus,0.0005,unlabeled
Mystery mystery_325_c029,Mystery mystery,Cyornis poliogenys,0.0072,unlabeled
Mystery mystery_325_c030,Mystery mystery,Psittacula eupatria,0.0011,unlabeled
Mystery mystery_325_c031,Mystery mystery,Psittacula eupatria,0.0022,unlabeled
Mystery mystery_325_c032,Mystery mystery,Chloropsis jerdoni,0.0004,unlabeled
Mystery mystery_325_c033,Mystery mystery,Chloropsis jerdoni,0.0017,unlabeled
Mystery mystery_325_c034,Mystery mystery,Chloropsis jerdoni,0.0020,unlabeled
Mystery mystery_325_c035,Mystery mystery,Psittacula eupatria,0.0062,unlabeled
Mystery mystery_325_c036,Mystery mystery,Acridotheres fuscus,0.0036,unlabeled
Mystery mystery_325_c037,Mystery mystery,Pluvialis squatarola,0.0009,unlabeled
Mystery mystery_326_c000,Mystery mystery,Pellorneum ruficeps,0.0048,unlabeled
Mystery mystery_326_c001,Mystery mystery,Pellorneum ruficeps,0.0085,unlabeled
Mystery mystery_326_c002,Mystery mystery,Pellorneum ruficeps,0.0058,unlabeled
Mystery mystery_326_c003,Mystery mystery,Psittacula eupatria,0.0058,unlabeled
Mystery mystery_326_c004,Mystery mystery,Acridotheres fuscus,0.0037,unlabeled
Mystery mystery_327_c000,Mystery mystery,Motacilla citreola,0.0051,unlabeled
Mystery mystery_327_c001,Mystery mystery,Phylloscopus inornatus,0.0076,unlabeled
Mystery mystery_327_c002,Mystery mystery,Phylloscopus inornatus,0.0148,unlabeled
Mystery mystery_327_c003,Mystery mystery,Ixobrychus cinnamomeus,0.0143,unlabeled
Mystery mystery_327_c004,Mystery mystery,Phylloscopus inornatus,0.0066,unlabeled
Mystery mystery_327_c005,Mystery mystery,Motacilla citreola,0.0049,unlabeled
Mystery mystery_327_c006,Mystery mystery,Riparia chinensis,0.0048,unlabeled
Mystery mystery_327_c007,Mystery mystery,Riparia chinensis,0.0041,unlabeled
Mystery mystery_327_c008,Mystery mystery,Phylloscopus inornatus,0.0035,unlabeled
Mystery mystery_327_c009,Mystery mystery,Phylloscopus inornatus,0.0029,unlabeled
Mystery mystery_327_c010,Mystery mystery,Phylloscopus inornatus,0.0076,unlabeled
Mystery mystery_327_c011,Mystery mystery,Phylloscopus inornatus,0.0045,unlabeled
Mystery mystery_327_c012,Mystery mystery,Phylloscopus inornatus,0.0047,unlabeled
Mystery mystery_327_c013,Mystery mystery,Riparia chinensis,0.0053,unlabeled
Mystery mystery_327_c014,Mystery mystery,Riparia chinensis,0.0064,unlabeled
Mystery mystery_327_c015,Mystery mystery,Phylloscopus inornatus,0.0133,unlabeled
Mystery mystery_327_c016,Mystery mystery,Phylloscopus inornatus,0.0059,unlabeled
Mystery mystery_327_c017,Mystery mystery,Riparia chinensis,0.0044,unlabeled
Mystery mystery_327_c018,Mystery mystery,Phylloscopus inornatus,0.0135,unlabeled
Mystery mystery_327_c019,Mystery mystery,Ixobrychus cinnamomeus,0.0056,unlabeled
Mystery mystery_327_c020,Mystery mystery,Riparia chinensis,0.0013,unlabeled
Mystery mystery_327_c021,Mystery mystery,Phylloscopus inornatus,0.0041,unlabeled
Mystery mystery_327_c022,Mystery mystery,Cypsiurus balasiensis,0.0094,unlabeled
Mystery mystery_327_c023,Mystery mystery,Riparia chinensis,0.0011,unlabeled
Mystery mystery_327_c024,Mystery mystery,Phylloscopus inornatus,0.0022,unlabeled
Mystery mystery_327_c025,Mystery mystery,Phylloscopus inornatus,0.0249,unlabeled
Mystery mystery_327_c026,Mystery mystery,Riparia chinensis,0.0031,unlabeled
Mystery mystery_328_c000,Mystery mystery,Pellorneum ruficeps,0.0012,unlabeled
Mystery mystery_328_c001,Mystery mystery,Chloropsis jerdoni,0.0094,unlabeled
Mystery mystery_328_c002,Mystery mystery,Chloropsis jerdoni,0.0086,unlabeled
Mystery mystery_328_c003,Mystery mystery,Chloropsis jerdoni,0.0050,unlabeled
Mystery mystery_328_c004,Mystery mystery,Chloropsis jerdoni,0.0109,unlabeled
Mystery mystery_328_c005,Mystery mystery,Chloropsis jerdoni,0.0036,unlabeled
Mystery mystery_328_c006,Mystery mystery,Chloropsis jerdoni,0.0106,unlabeled
Mystery mystery_328_c007,Mystery mystery,Chloropsis jerdoni,0.0194,unlabeled
Mystery mystery_328_c008,Mystery mystery,Chloropsis jerdoni,0.0034,unlabeled
Mystery mystery_328_c009,Mystery mystery,Chloropsis jerdoni,0.0181,unlabeled
Mystery mystery_328_c010,Mystery mystery,Chloropsis jerdoni,0.0050,unlabeled
Mystery mystery_328_c011,Mystery mystery,Pellorneum ruficeps,0.0006,unlabeled
Mystery mystery_328_c012,Mystery mystery,Chloropsis jerdoni,0.0101,unlabeled
Mystery mystery_328_c013,Mystery mystery,Chloropsis jerdoni,0.0028,unlabeled
Mystery mystery_328_c014,Mystery mystery,Chloropsis jerdoni,0.0006,unlabeled
Mystery mystery_328_c015,Mystery mystery,Chloropsis jerdoni,0.0010,unlabeled
Mystery mystery_329_c000,Mystery mystery,Psittacula eupatria,0.0010,unlabeled
Mystery mystery_329_c001,Mystery mystery,Chloropsis jerdoni,0.0025,unlabeled
Mystery mystery_329_c002,Mystery mystery,Chloropsis jerdoni,0.0013,unlabeled
Mystery mystery_329_c003,Mystery mystery,Psittacula eupatria,0.0051,unlabeled
Mystery mystery_329_c004,Mystery mystery,Chloropsis jerdoni,0.0043,unlabeled
Mystery mystery_329_c005,Mystery mystery,Chloropsis jerdoni,0.0017,unlabeled
Mystery mystery_330_c000,Mystery mystery,Macronus gularis,0.0003,unlabeled
Mystery mystery_330_c001,Mystery mystery,Macronus gularis,0.0002,unlabeled
Mystery mystery_331_c000,Mystery mystery,Dicaeum minullum,0.0007,unlabeled
Mystery mystery_331_c001,Mystery mystery,Phylloscopus inornatus,0.0004,unlabeled
Mystery mystery_332_c000,Mystery mystery,Psilopogon lineatus,0.0032,unlabeled
Mystery mystery_332_c001,Mystery mystery,Pluvialis squatarola,0.0006,unlabeled
Mystery mystery_332_c002,Mystery mystery,Glaucidium cuculoides,0.0024,unlabeled
Mystery mystery_332_c003,Mystery mystery,Pluvialis squatarola,0.0004,unlabeled
Mystery mystery_332_c004,Mystery mystery,Psilopogon lineatus,0.0032,unlabeled
Mystery mystery_332_c005,Mystery mystery,Pnoepyga pusilla,0.0003,unlabeled
Mystery mystery_332_c006,Mystery mystery,Psilopogon lineatus,0.0692,unlabeled
Mystery mystery_332_c007,Mystery mystery,Psilopogon lineatus,0.0053,unlabeled
Mystery mystery_332_c008,Mystery mystery,Pluvialis squatarola,0.0006,unlabeled
Mystery mystery_332_c009,Mystery mystery,Polyplectron bicalcaratum,0.0004,unlabeled
Mystery mystery_332_c010,Mystery mystery,Psilopogon lineatus,0.0086,unlabeled
Mystery mystery_332_c011,Mystery mystery,Pellorneum ruficeps,0.0039,unlabeled
Mystery mystery_332_c012,Mystery mystery,Pellorneum ruficeps,0.0065,unlabeled
Mystery mystery_332_c013,Mystery mystery,Macronus gularis,0.0031,unlabeled
Mystery mystery_332_c014,Mystery mystery,Pellorneum ruficeps,0.0050,unlabeled
Mystery mystery_332_c015,Mystery mystery,Chloropsis cochinchinensis,0.0005,unlabeled
Mystery mystery_332_c016,Mystery mystery,Pellorneum ruficeps,0.0043,unlabeled
Mystery mystery_332_c017,Mystery mystery,Psilopogon lineatus,0.0134,unlabeled
Mystery mystery_332_c018,Mystery mystery,Psilopogon lineatus,0.0052,unlabeled
Mystery mystery_332_c019,Mystery mystery,Macronus gularis,0.0043,unlabeled
Mystery mystery_332_c020,Mystery mystery,Acridotheres fuscus,0.0755,unlabeled
Mystery mystery_332_c021,Mystery mystery,Pellorneum ruficeps,0.0009,unlabeled
Mystery mystery_332_c022,Mystery mystery,Psilopogon lineatus,0.0019,unlabeled
Mystery mystery_332_c023,Mystery mystery,Pellorneum ruficeps,0.0009,unlabeled
Mystery mystery_332_c024,Mystery mystery,Macronus gularis,0.0058,unlabeled
Mystery mystery_332_c025,Mystery mystery,Pluvialis squatarola,0.0020,unlabeled
Mystery mystery_332_c026,Mystery mystery,Psilopogon lineatus,0.0004,unlabeled
Mystery mystery_332_c027,Mystery mystery,Macronus gularis,0.0060,unlabeled
Mystery mystery_332_c028,Mystery mystery,Psilopogon lineatus,0.0014,unlabeled
Mystery mystery_332_c029,Mystery mystery,Pellorneum ruficeps,0.0004,unlabeled
Mystery mystery_332_c030,Mystery mystery,Phylloscopus inornatus,0.0012,unlabeled
Mystery mystery_332_c031,Mystery mystery,Phylloscopus inornatus,0.0009,unlabeled
Mystery mystery_332_c032,Mystery mystery,Psilopogon lineatus,0.0054,unlabeled
Mystery mystery_332_c033,Mystery mystery,Todiramphus chloris,0.0032,unlabeled
Mystery mystery_332_c034,Mystery mystery,Pluvialis squatarola,0.0005,unlabeled
Mystery mystery_332_c035,Mystery mystery,Psilopogon lineatus,0.0034,unlabeled
Mystery mystery_332_c036,Mystery mystery,Pluvialis squatarola,0.0008,unlabeled
Mystery mystery_333_c000,Mystery mystery,Cuculus micropterus,0.0001,unlabeled
Mystery mystery_333_c001,Mystery mystery,Motacilla citreola,0.0000,unlabeled
Mystery mystery_333_c002,Mystery mystery,Motacilla citreola,0.0005,unlabeled
Mystery mystery_333_c003,Mystery mystery,Phylloscopus inornatus,0.0008,unlabeled
Mystery mystery_334_c000,Mystery mystery,Pomatorhinus ruficollis,0.0004,unlabeled
Mystery mystery_334_c001,Mystery mystery,Pellorneum ruficeps,0.0015,unlabeled
Mystery mystery_334_c002,Mystery mystery,Pnoepyga pusilla,0.0001,unlabeled
Mystery mystery_334_c003,Mystery mystery,Glaucidium cuculoides,0.0055,unlabeled
Mystery mystery_335_c000,Mystery mystery,Psittacula eupatria,0.0021,unlabeled
Mystery mystery_335_c001,Mystery mystery,Psittacula eupatria,0.0019,unlabeled
Mystery mystery_335_c002,Mystery mystery,Acridotheres fuscus,0.0012,unlabeled
Mystery mystery_335_c003,Mystery mystery,Acridotheres fuscus,0.0010,unlabeled
Mystery mystery_336_c000,Mystery mystery,Phylloscopus inornatus,0.0005,unlabeled
Mystery mystery_336_c001,Mystery mystery,Phylloscopus inornatus,0.0012,unlabeled
Mystery mystery_336_c002,Mystery mystery,Riparia chinensis,0.0003,unlabeled
Mystery mystery_336_c003,Mystery mystery,Phylloscopus inornatus,0.0002,unlabeled
Mystery mystery_336_c004,Mystery mystery,Psittacula eupatria,0.0002,unlabeled
Mystery mystery_336_c005,Mystery mystery,Phylloscopus inornatus,0.0012,unlabeled
Mystery mystery_336_c006,Mystery mystery,Phylloscopus inornatus,0.0001,unlabeled
Mystery mystery_336_c007,Mystery mystery,Pellorneum ruficeps,0.0072,unlabeled
Mystery mystery_336_c008,Mystery mystery,Phylloscopus inornatus,0.0051,unlabeled
Mystery mystery_336_c009,Mystery mystery,Ixobrychus cinnamomeus,0.0009,unlabeled
Mystery mystery_336_c010,Mystery mystery,Phylloscopus inornatus,0.0001,unlabeled
Mystery mystery_336_c011,Mystery mystery,Cypsiurus balasiensis,0.0001,unlabeled
Mystery mystery_336_c012,Mystery mystery,Psittacula eupatria,0.0000,unlabeled
Mystery mystery_336_c013,Mystery mystery,Motacilla citreola,0.0001,unlabeled
Mystery mystery_336_c014,Mystery mystery,Sturnia malabarica,0.0019,unlabeled
Mystery mystery_336_c015,Mystery mystery,Eurystomus orientalis,0.0002,unlabeled
Mystery mystery_336_c016,Mystery mystery,Motacilla citreola,0.0001,unlabeled
Mystery mystery_336_c017,Mystery mystery,Pomatorhinus ruficollis,0.0001,unlabeled
Mystery mystery_336_c018,Mystery mystery,Phylloscopus inornatus,0.0077,unlabeled
Mystery mystery_336_c019,Mystery mystery,Phylloscopus inornatus,0.0015,unlabeled
Mystery mystery_336_c020,Mystery mystery,Chloropsis jerdoni,0.0058,unlabeled
Mystery mystery_336_c021,Mystery mystery,Phylloscopus inornatus,0.0004,unlabeled
Mystery mystery_336_c022,Mystery mystery,Psittacula eupatria,0.0001,unlabeled
Mystery mystery_336_c023,Mystery mystery,Sturnia malabarica,0.0025,unlabeled
Mystery mystery_336_c024,Mystery mystery,Phylloscopus inornatus,0.0004,unlabeled
Mystery mystery_336_c025,Mystery mystery,Phylloscopus inornatus,0.0123,unlabeled
Mystery mystery_336_c026,Mystery mystery,Phylloscopus inornatus,0.0043,unlabeled
Mystery mystery_336_c027,Mystery mystery,Phylloscopus inornatus,0.0094,unlabeled
Mystery mystery_336_c028,Mystery mystery,Phylloscopus inornatus,0.0015,unlabeled
Mystery mystery_336_c029,Mystery mystery,Motacilla citreola,0.0003,unlabeled
Mystery mystery_336_c030,Mystery mystery,Phylloscopus inornatus,0.0020,unlabeled
Mystery mystery_336_c031,Mystery mystery,Phylloscopus inornatus,0.0067,unlabeled
Mystery mystery_336_c032,Mystery mystery,Motacilla citreola,0.0003,unlabeled
Mystery mystery_336_c033,Mystery mystery,Chloropsis jerdoni,0.0033,unlabeled
Mystery mystery_336_c034,Mystery mystery,Phylloscopus inornatus,0.0001,unlabeled
Mystery mystery_336_c035,Mystery mystery,Motacilla citreola,0.0001,unlabeled
Mystery mystery_336_c036,Mystery mystery,Motacilla citreola,0.0002,unlabeled
Mystery mystery_336_c037,Mystery mystery,Motacilla citreola,0.0001,unlabeled
Mystery mystery_336_c038,Mystery mystery,Phylloscopus inornatus,0.0016,unlabeled
Mystery mystery_336_c039,Mystery mystery,Riparia chinensis,0.0001,unlabeled
Mystery mystery_336_c040,Mystery mystery,Phylloscopus inornatus,0.0012,unlabeled
Mystery mystery_336_c041,Mystery mystery,Phylloscopus inornatus,0.0003,unlabeled
Mystery mystery_336_c042,Mystery mystery,Phylloscopus inornatus,0.0022,unlabeled
Mystery mystery_336_c043,Mystery mystery,Phylloscopus inornatus,0.0003,unlabeled
Mystery mystery_336_c044,Mystery mystery,Psittacula eupatria,0.0015,unlabeled
Mystery mystery_336_c045,Mystery mystery,Phylloscopus inornatus,0.0012,unlabeled
Mystery mystery_336_c046,Mystery mystery,Psittacula eupatria,0.0001,unlabeled
Mystery mystery_336_c047,Mystery mystery,Riparia chinensis,0.0002,unlabeled
Mystery mystery_336_c048,Mystery mystery,Riparia chinensis,0.0014,unlabeled
Mystery mystery_336_c049,Mystery mystery,Riparia chinensis,0.0022,unlabeled
Mystery mystery_336_c050,Mystery mystery,Riparia chinensis,0.0028,unlabeled
Mystery mystery_336_c051,Mystery mystery,Sturnia malabarica,0.0004,unlabeled
Mystery mystery_336_c052,Mystery mystery,Acrocephalus bistrigiceps,0.0005,unlabeled
Mystery mystery_336_c053,Mystery mystery,Psittacula eupatria,0.0011,unlabeled
Mystery mystery_336_c054,Mystery mystery,Motacilla citreola,0.0001,unlabeled
Mystery mystery_336_c055,Mystery mystery,Psittacula eupatria,0.0043,unlabeled
Mystery mystery_336_c056,Mystery mystery,Cypsiurus balasiensis,0.0017,unlabeled
Mystery mystery_336_c057,Mystery mystery,Pluvialis squatarola,0.0010,unlabeled
Mystery mystery_336_c058,Mystery mystery,Pellorneum ruficeps,0.0023,unlabeled
Mystery mystery_337_c000,Mystery mystery,Riparia chinensis,0.0025,unlabeled
Mystery mystery_337_c001,Mystery mystery,Riparia chinensis,0.0027,unlabeled
Mystery mystery_337_c002,Mystery mystery,Riparia chinensis,0.0103,unlabeled
Mystery mystery_337_c003,Mystery mystery,Psittacula eupatria,0.0056,unlabeled
Mystery mystery_337_c004,Mystery mystery,Phylloscopus inornatus,0.0048,unlabeled
Mystery mystery_337_c005,Mystery mystery,Riparia chinensis,0.0286,unlabeled
Mystery mystery_337_c006,Mystery mystery,Riparia chinensis,0.0101,unlabeled
Mystery mystery_337_c007,Mystery mystery,Riparia chinensis,0.0042,unlabeled
Mystery mystery_337_c008,Mystery mystery,Riparia chinensis,0.0030,unlabeled
Mystery mystery_337_c009,Mystery mystery,Sturnia malabarica,0.0012,unlabeled
Mystery mystery_337_c010,Mystery mystery,Cypsiurus balasiensis,0.0022,unlabeled
Mystery mystery_338_c000,Mystery mystery,Cyornis unicolor,0.1661,unlabeled
Mystery mystery_338_c001,Mystery mystery,Cyornis unicolor,0.0558,unlabeled
Mystery mystery_338_c002,Mystery mystery,Cyornis unicolor,0.0124,unlabeled
Mystery mystery_338_c003,Mystery mystery,Cyornis poliogenys,0.0193,unlabeled
Mystery mystery_338_c004,Mystery mystery,Cyornis unicolor,0.0357,unlabeled
Mystery mystery_338_c005,Mystery mystery,Pellorneum ruficeps,0.1586,unlabeled
Mystery mystery_338_c006,Mystery mystery,Cyornis unicolor,0.0198,unlabeled
Mystery mystery_338_c007,Mystery mystery,Cyornis unicolor,0.0924,unlabeled
Mystery mystery_338_c008,Mystery mystery,Pellorneum ruficeps,0.6093,unlabeled
Mystery mystery_338_c009,Mystery mystery,Cyornis unicolor,0.0471,unlabeled
Mystery mystery_338_c010,Mystery mystery,Pnoepyga pusilla,0.1950,unlabeled
Mystery mystery_338_c011,Mystery mystery,Cyornis unicolor,0.0503,unlabeled
Mystery mystery_338_c012,Mystery mystery,Phylloscopus inornatus,0.1034,unlabeled
Mystery mystery_338_c013,Mystery mystery,Cyornis unicolor,0.0365,unlabeled
Mystery mystery_338_c014,Mystery mystery,Cyornis unicolor,0.0248,unlabeled
Mystery mystery_339_c000,Mystery mystery,Pellorneum ruficeps,0.0013,unlabeled
Mystery mystery_339_c001,Mystery mystery,Psittacula eupatria,0.0017,unlabeled
Mystery mystery_339_c002,Mystery mystery,Riparia chinensis,0.0015,unlabeled
Mystery mystery_340_c000,Mystery mystery,Pnoepyga pusilla,0.0070,unlabeled
Mystery mystery_340_c001,Mystery mystery,Pnoepyga pusilla,0.0033,unlabeled
Mystery mystery_340_c002,Mystery mystery,Pnoepyga pusilla,0.0097,unlabeled
Mystery mystery_340_c003,Mystery mystery,Pnoepyga pusilla,0.0079,unlabeled
Mystery mystery_340_c004,Mystery mystery,Pnoepyga pusilla,0.0035,unlabeled
Mystery mystery_340_c005,Mystery mystery,Pnoepyga pusilla,0.0024,unlabeled
Mystery mystery_340_c006,Mystery mystery,Phylloscopus inornatus,0.0095,unlabeled
Mystery mystery_340_c007,Mystery mystery,Pnoepyga pusilla,0.0135,unlabeled
Mystery mystery_341_c000,Mystery mystery,Pnoepyga pusilla,0.0171,unlabeled
Mystery mystery_341_c001,Mystery mystery,Psittacula eupatria,0.0021,unlabeled
Mystery mystery_341_c002,Mystery mystery,Pnoepyga pusilla,0.1074,unlabeled
Mystery mystery_341_c003,Mystery mystery,Psittacula eupatria,0.0023,unlabeled
Mystery mystery_341_c004,Mystery mystery,Polyplectron bicalcaratum,0.0063,unlabeled
Mystery mystery_341_c005,Mystery mystery,Pellorneum ruficeps,0.0188,unlabeled
Mystery mystery_341_c006,Mystery mystery,Pnoepyga pusilla,0.0015,unlabeled
Mystery mystery_341_c007,Mystery mystery,Pnoepyga pusilla,0.0231,unlabeled
Mystery mystery_341_c008,Mystery mystery,Cyornis poliogenys,0.0227,unlabeled
Mystery mystery_341_c009,Mystery mystery,Pnoepyga pusilla,0.0064,unlabeled
Mystery mystery_341_c010,Mystery mystery,Glaucidium cuculoides,0.0047,unlabeled
Mystery mystery_341_c011,Mystery mystery,Glaucidium cuculoides,0.0041,unlabeled
Mystery mystery_341_c012,Mystery mystery,Glaucidium cuculoides,0.0367,unlabeled
Mystery mystery_341_c013,Mystery mystery,Pnoepyga pusilla,0.0024,unlabeled
Mystery mystery_341_c014,Mystery mystery,Pellorneum ruficeps,0.0175,unlabeled
Mystery mystery_341_c015,Mystery mystery,Pnoepyga pusilla,0.0242,unlabeled
Mystery mystery_341_c016,Mystery mystery,Glaucidium cuculoides,0.0052,unlabeled
Mystery mystery_341_c017,Mystery mystery,Pnoepyga pusilla,0.0250,unlabeled
Mystery mystery_341_c018,Mystery mystery,Pellorneum ruficeps,0.0041,unlabeled
Mystery mystery_341_c019,Mystery mystery,Pnoepyga pusilla,0.0029,unlabeled
Mystery mystery_342_c000,Mystery mystery,Phylloscopus inornatus,0.0124,unlabeled
Mystery mystery_342_c001,Mystery mystery,Pellorneum ruficeps,0.0022,unlabeled
Mystery mystery_342_c002,Mystery mystery,Glaucidium cuculoides,0.0003,unlabeled
Mystery mystery_342_c003,Mystery mystery,Psilopogon lineatus,0.0003,unlabeled
Mystery mystery_342_c004,Mystery mystery,Chloropsis jerdoni,0.0011,unlabeled
Mystery mystery_342_c005,Mystery mystery,Phylloscopus inornatus,0.0019,unlabeled
Mystery mystery_342_c006,Mystery mystery,Dicrurus andamanensis,0.0010,unlabeled
Mystery mystery_343_c000,Mystery mystery,Phylloscopus inornatus,0.0147,unlabeled
Mystery mystery_343_c001,Mystery mystery,Phylloscopus inornatus,0.0041,unlabeled
Mystery mystery_343_c002,Mystery mystery,Chloropsis jerdoni,0.0020,unlabeled
Mystery mystery_343_c003,Mystery mystery,Sturnia malabarica,0.0072,unlabeled
Mystery mystery_343_c004,Mystery mystery,Acrocephalus bistrigiceps,0.0009,unlabeled
Mystery mystery_343_c005,Mystery mystery,Psittacula eupatria,0.0033,unlabeled
Mystery mystery_343_c006,Mystery mystery,Chloropsis jerdoni,0.0037,unlabeled
Mystery mystery_343_c007,Mystery mystery,Phylloscopus inornatus,0.0108,unlabeled
Mystery mystery_343_c008,Mystery mystery,Phylloscopus inornatus,0.0034,unlabeled
Mystery mystery_343_c009,Mystery mystery,Phylloscopus inornatus,0.0036,unlabeled
Mystery mystery_343_c010,Mystery mystery,Phylloscopus inornatus,0.0053,unlabeled
Mystery mystery_343_c011,Mystery mystery,Phylloscopus inornatus,0.0123,unlabeled
Mystery mystery_343_c012,Mystery mystery,Phylloscopus inornatus,0.0052,unlabeled
Mystery mystery_343_c013,Mystery mystery,Locustella davidi,0.0045,unlabeled
Mystery mystery_343_c014,Mystery mystery,Phylloscopus inornatus,0.0049,unlabeled
Mystery mystery_343_c015,Mystery mystery,Psittacula eupatria,0.0017,unlabeled
Mystery mystery_343_c016,Mystery mystery,Phylloscopus inornatus,0.0025,unlabeled
Mystery mystery_343_c017,Mystery mystery,Phylloscopus inornatus,0.0024,unlabeled
Mystery mystery_343_c018,Mystery mystery,Phylloscopus inornatus,0.0039,unlabeled
Mystery mystery_343_c019,Mystery mystery,Phylloscopus inornatus,0.0010,unlabeled
Mystery mystery_343_c020,Mystery mystery,Glaucidium cuculoides,0.0042,unlabeled
Mystery mystery_343_c021,Mystery mystery,Phylloscopus inornatus,0.0049,unlabeled
Mystery mystery_343_c022,Mystery mystery,Pellorneum ruficeps,0.0054,unlabeled
Mystery mystery_343_c023,Mystery mystery,Glaucidium cuculoides,0.0021,unlabeled
Mystery mystery_344_c000,Mystery mystery,Alcippe cinerea,0.1116,unlabeled
Mystery mystery_344_c001,Mystery mystery,Psittacula eupatria,0.0139,unlabeled
Mystery mystery_344_c002,Mystery mystery,Phylloscopus inornatus,0.0062,unlabeled
Mystery mystery_344_c003,Mystery mystery,Pomatorhinus ruficollis,0.0088,unlabeled
Mystery mystery_344_c004,Mystery mystery,Psittacula eupatria,0.0050,unlabeled
Mystery mystery_345_c000,Mystery mystery,Acrocephalus bistrigiceps,0.0144,unlabeled
Mystery mystery_345_c001,Mystery mystery,Chloropsis cochinchinensis,0.0080,unlabeled
Mystery mystery_345_c002,Mystery mystery,Centropus andamanensis,0.0022,unlabeled
Mystery mystery_345_c003,Mystery mystery,Sturnia malabarica,0.0038,unlabeled
Mystery mystery_345_c004,Mystery mystery,Acridotheres fuscus,0.0063,unlabeled
Mystery mystery_345_c005,Mystery mystery,Phylloscopus inornatus,0.0056,unlabeled
Mystery mystery_345_c006,Mystery mystery,Acridotheres fuscus,0.0028,unlabeled
Mystery mystery_345_c007,Mystery mystery,Pellorneum ruficeps,0.0038,unlabeled
Mystery mystery_345_c008,Mystery mystery,Loriculus vernalis,0.0055,unlabeled
Mystery mystery_345_c009,Mystery mystery,Pellorneum ruficeps,0.0024,unlabeled
Mystery mystery_345_c010,Mystery mystery,Phylloscopus inornatus,0.0048,unlabeled
Mystery mystery_345_c011,Mystery mystery,Acridotheres fuscus,0.0027,unlabeled
Mystery mystery_345_c012,Mystery mystery,Loriculus vernalis,0.0011,unlabeled
Mystery mystery_345_c013,Mystery mystery,Loriculus vernalis,0.0013,unlabeled
Mystery mystery_345_c014,Mystery mystery,Phylloscopus inornatus,0.0011,unlabeled
Mystery mystery_345_c015,Mystery mystery,Phylloscopus inornatus,0.0043,unlabeled
Mystery mystery_345_c016,Mystery mystery,Phylloscopus inornatus,0.0038,unlabeled
Mystery mystery_345_c017,Mystery mystery,Phylloscopus inornatus,0.0035,unlabeled
Mystery mystery_345_c018,Mystery mystery,Phylloscopus inornatus,0.0387,unlabeled
Mystery mystery_345_c019,Mystery mystery,Phylloscopus inornatus,0.0057,unlabeled
Mystery mystery_345_c020,Mystery mystery,Phylloscopus inornatus,0.0106,unlabeled
Mystery mystery_345_c021,Mystery mystery,Phylloscopus inornatus,0.0138,unlabeled
Mystery mystery_345_c022,Mystery mystery,Phylloscopus inornatus,0.0080,unlabeled
Mystery mystery_345_c023,Mystery mystery,Phylloscopus inornatus,0.0154,unlabeled
Mystery mystery_345_c024,Mystery mystery,Chloropsis jerdoni,0.0090,unlabeled
Mystery mystery_346_c000,Mystery mystery,Eurystomus orientalis,0.0045,unlabeled
Mystery mystery_347_c000,Mystery mystery,Psittacula eupatria,0.0011,unlabeled
Mystery mystery_347_c001,Mystery mystery,Polyplectron bicalcaratum,0.0060,unlabeled
Mystery mystery_348_c000,Mystery mystery,Chloropsis jerdoni,0.0075,unlabeled
Mystery mystery_348_c001,Mystery mystery,Glaucidium cuculoides,0.0083,unlabeled
Mystery mystery_348_c002,Mystery mystery,Chloropsis jerdoni,0.0075,unlabeled
Mystery mystery_348_c003,Mystery mystery,Cyornis unicolor,0.0020,unlabeled
Mystery mystery_348_c004,Mystery mystery,Pellorneum ruficeps,0.0008,unlabeled
Mystery mystery_348_c005,Mystery mystery,Glaucidium cuculoides,0.0044,unlabeled
Mystery mystery_348_c006,Mystery mystery,Glaucidium cuculoides,0.0125,unlabeled
Mystery mystery_348_c007,Mystery mystery,Glaucidium cuculoides,0.0165,unlabeled
Mystery mystery_348_c008,Mystery mystery,Glaucidium cuculoides,0.0223,unlabeled
Mystery mystery_348_c009,Mystery mystery,Glaucidium cuculoides,0.0214,unlabeled
Mystery mystery_349_c000,Mystery mystery,Polyplectron bicalcaratum,0.0052,unlabeled
Mystery mystery_350_c000,Mystery mystery,Phylloscopus inornatus,0.0063,unlabeled
Mystery mystery_350_c001,Mystery mystery,Pellorneum ruficeps,0.0397,unlabeled
Mystery mystery_350_c002,Mystery mystery,Chelidorhynx hypoxanthus,0.0032,unlabeled
Mystery mystery_350_c003,Mystery mystery,Sturnia malabarica,0.0020,unlabeled
Mystery mystery_351_c000,Mystery mystery,Pnoepyga pusilla,0.0032,unlabeled
Mystery mystery_351_c001,Mystery mystery,Chloropsis jerdoni,0.0096,unlabeled
Mystery mystery_351_c002,Mystery mystery,Chloropsis jerdoni,0.0169,unlabeled
Mystery mystery_351_c003,Mystery mystery,Chloropsis jerdoni,0.0070,unlabeled
Mystery mystery_351_c004,Mystery mystery,Dicrurus andamanensis,0.0087,unlabeled
Mystery mystery_351_c005,Mystery mystery,Dicrurus andamanensis,0.0258,unlabeled
Mystery mystery_352_c000,Mystery mystery,Chloropsis jerdoni,0.0018,unlabeled
Mystery mystery_352_c001,Mystery mystery,Pellorneum ruficeps,0.0023,unlabeled
Mystery mystery_352_c002,Mystery mystery,Pellorneum ruficeps,0.0025,unlabeled
Mystery mystery_353_c000,Mystery mystery,Chloropsis jerdoni,0.0144,unlabeled
Mystery mystery_354_c000,Mystery mystery,Phylloscopus inornatus,0.0186,unlabeled
Mystery mystery_354_c001,Mystery mystery,Phylloscopus inornatus,0.0185,unlabeled
Mystery mystery_354_c002,Mystery mystery,Phylloscopus inornatus,0.0135,unlabeled
Mystery mystery_354_c003,Mystery mystery,Phylloscopus inornatus,0.0236,unlabeled
Mystery mystery_355_c000,Mystery mystery,Glaucidium cuculoides,0.0007,unlabeled
Mystery mystery_355_c001,Mystery mystery,Glaucidium cuculoides,0.0006,unlabeled
Mystery mystery_355_c002,Mystery mystery,Pnoepyga pusilla,0.0005,unlabeled
Mystery mystery_356_c000,Mystery mystery,Acridotheres fuscus,0.0328,unlabeled
Mystery mystery_356_c001,Mystery mystery,Psittacula eupatria,0.0422,unlabeled
Mystery mystery_356_c002,Mystery mystery,Acridotheres fuscus,0.0188,unlabeled
Mystery mystery_357_c000,Mystery mystery,Pellorneum ruficeps,0.0065,unlabeled
Mystery mystery_357_c001,Mystery mystery,Pomatorhinus ruficollis,0.0055,unlabeled
Mystery mystery_358_c000,Mystery mystery,Locustella davidi,0.0918,unlabeled
Mystery mystery_358_c001,Mystery mystery,Locustella davidi,0.0569,unlabeled
Mystery mystery_358_c002,Mystery mystery,Locustella davidi,0.0067,unlabeled
Mystery mystery_359_c000,Mystery mystery,Glaucidium cuculoides,0.0007,unlabeled
Mystery mystery_359_c001,Mystery mystery,Glaucidium cuculoides,0.0001,unlabeled
Mystery mystery_359_c002,Mystery mystery,Cyornis unicolor,0.0001,unlabeled
Mystery mystery_359_c003,Mystery mystery,Pomatorhinus ruficollis,0.0007,unlabeled
Mystery mystery_359_c004,Mystery mystery,Glaucidium cuculoides,0.0005,unlabeled
Mystery mystery_359_c005,Mystery mystery,Cuculus micropterus,0.0010,unlabeled
Mystery mystery_360_c000,Mystery mystery,Sturnia malabarica,0.0036,unlabeled
Mystery mystery_360_c001,Mystery mystery,Psittacula eupatria,0.0135,unlabeled
Mystery mystery_360_c002,Mystery mystery,Psittacula eupatria,0.0248,unlabeled
Mystery mystery_360_c003,Mystery mystery,Psittacula eupatria,0.0131,unlabeled
Mystery mystery_360_c004,Mystery mystery,Psittacula eupatria,0.0611,unlabeled
Mystery mystery_360_c005,Mystery mystery,Psittacula eupatria,0.1245,unlabeled
Mystery mystery_360_c006,Mystery mystery,Psittacula eupatria,0.0043,unlabeled
Mystery mystery_360_c007,Mystery mystery,Psittacula eupatria,0.0868,unlabeled
Mystery mystery_360_c008,Mystery mystery,Psittacula eupatria,0.0255,unlabeled
Mystery mystery_360_c009,Mystery mystery,Psittacula eupatria,0.0207,unlabeled
Mystery mystery_360_c010,Mystery mystery,Acridotheres fuscus,0.0021,unlabeled
Mystery mystery_360_c011,Mystery mystery,Psittacula eupatria,0.0328,unlabeled
Mystery mystery_360_c012,Mystery mystery,Psittacula eupatria,0.0007,unlabeled
Mystery mystery_360_c013,Mystery mystery,Acridotheres fuscus,0.0090,unlabeled
Mystery mystery_360_c014,Mystery mystery,Psittacula eupatria,0.0007,unlabeled
Mystery mystery_360_c015,Mystery mystery,Psittacula eupatria,0.0008,unlabeled
Mystery mystery_360_c016,Mystery mystery,Psittacula eupatria,0.0403,unlabeled
Mystery mystery_360_c017,Mystery mystery,Psittacula eupatria,0.0037,unlabeled
Mystery mystery_360_c018,Mystery mystery,Psittacula eupatria,0.0061,unlabeled
Mystery mystery_360_c019,Mystery mystery,Psittacula eupatria,0.0012,unlabeled
Mystery mystery_360_c020,Mystery mystery,Acridotheres fuscus,0.0122,unlabeled
Mystery mystery_360_c021,Mystery mystery,Psittacula eupatria,0.0083,unlabeled
Mystery mystery_360_c022,Mystery mystery,Psittacula eupatria,0.0155,unlabeled
Mystery mystery_360_c023,Mystery mystery,Psittacula eupatria,0.0094,unlabeled
Mystery mystery_360_c024,Mystery mystery,Sturnia malabarica,0.0026,unlabeled
Mystery mystery_360_c025,Mystery mystery,Psittacula eupatria,0.0004,unlabeled
Mystery mystery_361_c000,Mystery mystery,Psittacula eupatria,0.0215,unlabeled
Mystery mystery_361_c001,Mystery mystery,Psittacula eupatria,0.0112,unlabeled
Mystery mystery_362_c000,Mystery mystery,Chloropsis cochinchinensis,0.0011,unlabeled
Mystery mystery_362_c001,Mystery mystery,Chloropsis jerdoni,0.0058,unlabeled
Mystery mystery_362_c002,Mystery mystery,Pellorneum ruficeps,0.0017,unlabeled
Mystery mystery_362_c003,Mystery mystery,Psittacula eupatria,0.0034,unlabeled
Mystery mystery_362_c004,Mystery mystery,Pellorneum ruficeps,0.0026,unlabeled
Mystery mystery_362_c005,Mystery mystery,Psittacula eupatria,0.0016,unlabeled
Mystery mystery_362_c006,Mystery mystery,Cypsiurus balasiensis,0.0002,unlabeled
Mystery mystery_362_c007,Mystery mystery,Chloropsis jerdoni,0.0049,unlabeled
Mystery mystery_363_c000,Mystery mystery,Ixobrychus cinnamomeus,0.0007,unlabeled
Mystery mystery_363_c001,Mystery mystery,Acrocephalus bistrigiceps,0.0003,unlabeled
Mystery mystery_363_c002,Mystery mystery,Acrocephalus bistrigiceps,0.0016,unlabeled
Mystery mystery_363_c003,Mystery mystery,Ixobrychus cinnamomeus,0.0006,unlabeled
Mystery mystery_364_c000,Mystery mystery,Loriculus vernalis,0.0084,unlabeled
Mystery mystery_364_c001,Mystery mystery,Loriculus vernalis,0.0191,unlabeled
Mystery mystery_364_c002,Mystery mystery,Pnoepyga pusilla,0.0016,unlabeled
Mystery mystery_364_c003,Mystery mystery,Loriculus vernalis,0.0128,unlabeled
Mystery mystery_364_c004,Mystery mystery,Loriculus vernalis,0.0172,unlabeled
Mystery mystery_364_c005,Mystery mystery,Pnoepyga pusilla,0.0017,unlabeled
Mystery mystery_364_c006,Mystery mystery,Loriculus vernalis,0.0860,unlabeled
Mystery mystery_364_c007,Mystery mystery,Loriculus vernalis,0.0028,unlabeled
Mystery mystery_364_c008,Mystery mystery,Loriculus vernalis,0.0095,unlabeled
Mystery mystery_364_c009,Mystery mystery,Loriculus vernalis,0.0233,unlabeled
Mystery mystery_364_c010,Mystery mystery,Loriculus vernalis,0.0096,unlabeled
Mystery mystery_364_c011,Mystery mystery,Loriculus vernalis,0.0033,unlabeled
Mystery mystery_365_c000,Mystery mystery,Dicaeum cruentatum,0.0141,unlabeled
Mystery mystery_365_c001,Mystery mystery,Dicaeum cruentatum,0.0130,unlabeled
Mystery mystery_365_c002,Mystery mystery,Chloropsis cochinchinensis,0.0900,unlabeled
Mystery mystery_365_c003,Mystery mystery,Dicaeum cruentatum,0.0337,unlabeled
Mystery mystery_365_c004,Mystery mystery,Chloropsis jerdoni,0.0026,unlabeled
Mystery mystery_365_c005,Mystery mystery,Dicaeum cruentatum,0.0956,unlabeled
Mystery mystery_365_c006,Mystery mystery,Chloropsis cochinchinensis,0.0126,unlabeled
Mystery mystery_365_c007,Mystery mystery,Chloropsis jerdoni,0.0143,unlabeled
Mystery mystery_365_c008,Mystery mystery,Dicaeum cruentatum,0.0099,unlabeled
Mystery mystery_365_c009,Mystery mystery,Dicaeum cruentatum,0.0190,unlabeled
Mystery mystery_365_c010,Mystery mystery,Dicaeum cruentatum,0.0231,unlabeled
Mystery mystery_365_c011,Mystery mystery,Chloropsis jerdoni,0.0417,unlabeled
Mystery mystery_366_c000,Mystery mystery,Psilopogon lineatus,0.0013,unlabeled
Mystery mystery_367_c000,Mystery mystery,Cyornis unicolor,0.0020,unlabeled
Mystery mystery_367_c001,Mystery mystery,Cyornis unicolor,0.0004,unlabeled
Mystery mystery_367_c002,Mystery mystery,Sturnia malabarica,0.0181,unlabeled
Mystery mystery_367_c003,Mystery mystery,Chloropsis jerdoni,0.0022,unlabeled
Mystery mystery_367_c004,Mystery mystery,Cyornis unicolor,0.0106,unlabeled
Mystery mystery_367_c005,Mystery mystery,Cyornis unicolor,0.0007,unlabeled
Mystery mystery_368_c000,Mystery mystery,Cyornis poliogenys,0.0017,unlabeled
Mystery mystery_368_c001,Mystery mystery,Phylloscopus inornatus,0.0046,unlabeled
Mystery mystery_368_c002,Mystery mystery,Chloropsis jerdoni,0.0032,unlabeled
Mystery mystery_368_c003,Mystery mystery,Sturnia malabarica,0.0089,unlabeled
Mystery mystery_368_c004,Mystery mystery,Chloropsis jerdoni,0.0013,unlabeled
Mystery mystery_368_c005,Mystery mystery,Acridotheres fuscus,0.0464,unlabeled
Mystery mystery_368_c006,Mystery mystery,Loriculus vernalis,0.0031,unlabeled
Mystery mystery_368_c007,Mystery mystery,Acridotheres fuscus,0.0048,unlabeled
Mystery mystery_368_c008,Mystery mystery,Chloropsis jerdoni,0.0023,unlabeled
Mystery mystery_369_c000,Mystery mystery,Acridotheres fuscus,0.0021,unlabeled
Mystery mystery_369_c001,Mystery mystery,Phylloscopus inornatus,0.0232,unlabeled
Mystery mystery_369_c002,Mystery mystery,Aethopyga gouldiae,0.0021,unlabeled
Mystery mystery_369_c003,Mystery mystery,Acridotheres fuscus,0.0026,unlabeled
Mystery mystery_369_c004,Mystery mystery,Chloropsis jerdoni,0.0004,unlabeled
Mystery mystery_369_c005,Mystery mystery,Acridotheres fuscus,0.0017,unlabeled
Mystery mystery_369_c006,Mystery mystery,Sturnia malabarica,0.0085,unlabeled
Mystery mystery_369_c007,Mystery mystery,Phylloscopus inornatus,0.0067,unlabeled
Mystery mystery_369_c008,Mystery mystery,Dicrurus andamanensis,0.0030,unlabeled
Mystery mystery_369_c009,Mystery mystery,Phylloscopus inornatus,0.0041,unlabeled
Mystery mystery_370_c000,Mystery mystery,Sturnia malabarica,0.0037,unlabeled
Mystery mystery_370_c001,Mystery mystery,Chloropsis jerdoni,0.0087,unlabeled
Mystery mystery_370_c002,Mystery mystery,Psittacula eupatria,0.0004,unlabeled
Mystery mystery_370_c003,Mystery mystery,Psittacula eupatria,0.0024,unlabeled
Mystery mystery_370_c004,Mystery mystery,Acridotheres fuscus,0.0009,unlabeled
Mystery mystery_370_c005,Mystery mystery,Phylloscopus inornatus,0.0144,unlabeled
Mystery mystery_370_c006,Mystery mystery,Phylloscopus inornatus,0.0030,unlabeled
Mystery mystery_371_c000,Mystery mystery,Pluvialis squatarola,0.0014,unlabeled
Mystery mystery_371_c001,Mystery mystery,Cypsiurus balasiensis,0.0002,unlabeled
Mystery mystery_371_c002,Mystery mystery,Pluvialis squatarola,0.0057,unlabeled
Mystery mystery_371_c003,Mystery mystery,Eurystomus orientalis,0.0013,unlabeled
Mystery mystery_371_c004,Mystery mystery,Dicaeum cruentatum,0.0009,unlabeled
Mystery mystery_371_c005,Mystery mystery,Chloropsis cochinchinensis,0.0001,unlabeled
Mystery mystery_371_c006,Mystery mystery,Pluvialis squatarola,0.0025,unlabeled
Mystery mystery_371_c007,Mystery mystery,Dicaeum cruentatum,0.0002,unlabeled
Mystery mystery_371_c008,Mystery mystery,Psittacula eupatria,0.0032,unlabeled
Mystery mystery_371_c009,Mystery mystery,Dicaeum cruentatum,0.0001,unlabeled
Mystery mystery_371_c010,Mystery mystery,Psittacula eupatria,0.0001,unlabeled
Mystery mystery_371_c011,Mystery mystery,Pluvialis squatarola,0.0013,unlabeled
Mystery mystery_372_c000,Mystery mystery,Cuculus micropterus,0.9994,unlabeled
Mystery mystery_372_c001,Mystery mystery,Cuculus micropterus,0.9994,unlabeled
Mystery mystery_372_c002,Mystery mystery,Cuculus micropterus,0.9995,unlabeled
Mystery mystery_372_c003,Mystery mystery,Cuculus micropterus,0.9806,unlabeled
Mystery mystery_373_c000,Mystery mystery,Pomatorhinus ruficollis,0.0001,unlabeled
Mystery mystery_373_c001,Mystery mystery,Cuculus micropterus,0.0003,unlabeled
Mystery mystery_373_c002,Mystery mystery,Pomatorhinus ruficollis,0.0003,unlabeled
Mystery mystery_373_c003,Mystery mystery,Dicrurus andamanensis,0.0002,unlabeled
Mystery mystery_373_c004,Mystery mystery,Pomatorhinus ruficollis,0.0001,unlabeled
Mystery mystery_373_c005,Mystery mystery,Halcyon coromanda,0.0036,unlabeled
Mystery mystery_373_c006,Mystery mystery,Glaucidium cuculoides,0.0005,unlabeled
Mystery mystery_373_c007,Mystery mystery,Dicrurus andamanensis,0.0004,unlabeled
Mystery mystery_373_c008,Mystery mystery,Halcyon coromanda,0.0006,unlabeled
Mystery mystery_373_c009,Mystery mystery,Acridotheres fuscus,0.0005,unlabeled
Mystery mystery_373_c010,Mystery mystery,Psittacula eupatria,0.0004,unlabeled
Mystery mystery_373_c011,Mystery mystery,Halcyon coromanda,0.0001,unlabeled
Mystery mystery_373_c012,Mystery mystery,Halcyon coromanda,0.0004,unlabeled
Mystery mystery_373_c013,Mystery mystery,Pomatorhinus ruficollis,0.0000,unlabeled
Mystery mystery_373_c014,Mystery mystery,Halcyon coromanda,0.0007,unlabeled
Mystery mystery_373_c015,Mystery mystery,Halcyon coromanda,0.0022,unlabeled
Mystery mystery_373_c016,Mystery mystery,Halcyon coromanda,0.0016,unlabeled
Mystery mystery_373_c017,Mystery mystery,Pomatorhinus ruficollis,0.0000,unlabeled
Mystery mystery_373_c018,Mystery mystery,Halcyon coromanda,0.0004,unlabeled
Mystery mystery_373_c019,Mystery mystery,Pomatorhinus ruficollis,0.0005,unlabeled
Mystery mystery_373_c020,Mystery mystery,Pomatorhinus ruficollis,0.0015,unlabeled
Mystery mystery_373_c021,Mystery mystery,Pomatorhinus ruficollis,0.0002,unlabeled
Mystery mystery_373_c022,Mystery mystery,Pomatorhinus ruficollis,0.0010,unlabeled
Mystery mystery_373_c023,Mystery mystery,Halcyon coromanda,0.0104,unlabeled
Mystery mystery_373_c024,Mystery mystery,Halcyon coromanda,0.0002,unlabeled
Mystery mystery_373_c025,Mystery mystery,Pomatorhinus ruficollis,0.0002,unlabeled
Mystery mystery_373_c026,Mystery mystery,Halcyon coromanda,0.0003,unlabeled
Mystery mystery_373_c027,Mystery mystery,Glaucidium cuculoides,0.0011,unlabeled
Mystery mystery_373_c028,Mystery mystery,Halcyon coromanda,0.0001,unlabeled
Mystery mystery_373_c029,Mystery mystery,Pomatorhinus ruficollis,0.0019,unlabeled
Mystery mystery_373_c030,Mystery mystery,Halcyon coromanda,0.0002,unlabeled
Mystery mystery_373_c031,Mystery mystery,Pomatorhinus ruficollis,0.0002,unlabeled
Mystery mystery_373_c032,Mystery mystery,Halcyon coromanda,0.0001,unlabeled
Mystery mystery_373_c033,Mystery mystery,Pomatorhinus ruficollis,0.0002,unlabeled
Mystery mystery_373_c034,Mystery mystery,Pomatorhinus ruficollis,0.0002,unlabeled
Mystery mystery_373_c035,Mystery mystery,Cuculus micropterus,0.0013,unlabeled
Mystery mystery_373_c036,Mystery mystery,Halcyon coromanda,0.0003,unlabeled
Mystery mystery_373_c037,Mystery mystery,Pomatorhinus ruficollis,0.0018,unlabeled
Mystery mystery_373_c038,Mystery mystery,Dicrurus andamanensis,0.0001,unlabeled
Mystery mystery_373_c039,Mystery mystery,Halcyon coromanda,0.0002,unlabeled
Mystery mystery_373_c040,Mystery mystery,Dicrurus andamanensis,0.0003,unlabeled
Mystery mystery_373_c041,Mystery mystery,Pomatorhinus ruficollis,0.0004,unlabeled
Mystery mystery_373_c042,Mystery mystery,Pomatorhinus ruficollis,0.0002,unlabeled
Mystery mystery_373_c043,Mystery mystery,Halcyon coromanda,0.0004,unlabeled
Mystery mystery_373_c044,Mystery mystery,Glaucidium cuculoides,0.0009,unlabeled
Mystery mystery_373_c045,Mystery mystery,Pomatorhinus ruficollis,0.0002,unlabeled
Mystery mystery_373_c046,Mystery mystery,Pomatorhinus ruficollis,0.0000,unlabeled
Mystery mystery_373_c047,Mystery mystery,Pomatorhinus ruficollis,0.0005,unlabeled
Mystery mystery_373_c048,Mystery mystery,Pomatorhinus ruficollis,0.0002,unlabeled
Mystery mystery_373_c049,Mystery mystery,Pomatorhinus ruficollis,0.0012,unlabeled
Mystery mystery_373_c050,Mystery mystery,Dicrurus andamanensis,0.0003,unlabeled
Mystery mystery_373_c051,Mystery mystery,Pomatorhinus ruficollis,0.0000,unlabeled
Mystery mystery_373_c052,Mystery mystery,Psittacula eupatria,0.0012,unlabeled
Mystery mystery_374_c000,Mystery mystery,Macronus gularis,0.0029,unlabeled
Mystery mystery_374_c001,Mystery mystery,Lanius tephronotus,0.0014,unlabeled
Mystery mystery_374_c002,Mystery mystery,Pluvialis squatarola,0.0011,unlabeled
Mystery mystery_374_c003,Mystery mystery,Pluvialis squatarola,0.0006,unlabeled
Mystery mystery_374_c004,Mystery mystery,Pluvialis squatarola,0.0013,unlabeled
Mystery mystery_374_c005,Mystery mystery,Pluvialis squatarola,0.0004,unlabeled
Mystery mystery_374_c006,Mystery mystery,Pellorneum ruficeps,0.0019,unlabeled
Mystery mystery_374_c007,Mystery mystery,Pluvialis squatarola,0.0011,unlabeled
Mystery mystery_374_c008,Mystery mystery,Psilopogon lineatus,0.0023,unlabeled
Mystery mystery_374_c009,Mystery mystery,Macronus gularis,0.0012,unlabeled
Mystery mystery_374_c010,Mystery mystery,Pluvialis squatarola,0.0010,unlabeled
Mystery mystery_374_c011,Mystery mystery,Pluvialis squatarola,0.0015,unlabeled
Mystery mystery_374_c012,Mystery mystery,Pluvialis squatarola,0.0011,unlabeled
Mystery mystery_374_c013,Mystery mystery,Pluvialis squatarola,0.0008,unlabeled
Mystery mystery_374_c014,Mystery mystery,Pnoepyga pusilla,0.0019,unlabeled
Mystery mystery_375_c000,Mystery mystery,Pellorneum ruficeps,0.0015,unlabeled
Mystery mystery_375_c001,Mystery mystery,Pellorneum ruficeps,0.0030,unlabeled
Mystery mystery_375_c002,Mystery mystery,Riparia chinensis,0.0031,unlabeled
Mystery mystery_376_c000,Mystery mystery,Phylloscopus inornatus,0.0030,unlabeled
Mystery mystery_376_c001,Mystery mystery,Cypsiurus balasiensis,0.0051,unlabeled
Mystery mystery_376_c002,Mystery mystery,Riparia chinensis,0.0032,unlabeled
Mystery mystery_376_c003,Mystery mystery,Phylloscopus subaffinis,0.0486,unlabeled
Mystery mystery_376_c004,Mystery mystery,Acrocephalus bistrigiceps,0.0048,unlabeled
Mystery mystery_376_c005,Mystery mystery,Motacilla citreola,0.0014,unlabeled
Mystery mystery_376_c006,Mystery mystery,Phylloscopus inornatus,0.0021,unlabeled
Mystery mystery_376_c007,Mystery mystery,Acrocephalus bistrigiceps,0.0132,unlabeled
Mystery mystery_376_c008,Mystery mystery,Phylloscopus inornatus,0.0139,unlabeled
Mystery mystery_376_c009,Mystery mystery,Psittacula eupatria,0.0041,unlabeled
Mystery mystery_377_c000,Mystery mystery,Psittacula eupatria,0.0031,unlabeled
Mystery mystery_377_c001,Mystery mystery,Cuculus micropterus,0.0041,unlabeled
Mystery mystery_377_c002,Mystery mystery,Ixobrychus cinnamomeus,0.0039,unlabeled
Mystery mystery_377_c003,Mystery mystery,Cuculus micropterus,0.0091,unlabeled
Mystery mystery_377_c004,Mystery mystery,Todiramphus chloris,0.0006,unlabeled
Mystery mystery_377_c005,Mystery mystery,Cuculus micropterus,0.0027,unlabeled
Mystery mystery_377_c006,Mystery mystery,Ixobrychus cinnamomeus,0.0031,unlabeled
Mystery mystery_377_c007,Mystery mystery,Ixobrychus cinnamomeus,0.0017,unlabeled
Mystery mystery_377_c008,Mystery mystery,Cuculus micropterus,0.0038,unlabeled
Mystery mystery_377_c009,Mystery mystery,Todiramphus chloris,0.0008,unlabeled
Mystery mystery_377_c010,Mystery mystery,Todiramphus chloris,0.0021,unlabeled
Mystery mystery_377_c011,Mystery mystery,Todiramphus chloris,0.0026,unlabeled
Mystery mystery_377_c012,Mystery mystery,Todiramphus chloris,0.0015,unlabeled
Mystery mystery_377_c013,Mystery mystery,Ixobrychus cinnamomeus,0.0018,unlabeled
Mystery mystery_377_c014,Mystery mystery,Todiramphus chloris,0.0032,unlabeled
Mystery mystery_377_c015,Mystery mystery,Cuculus micropterus,0.0009,unlabeled
Mystery mystery_377_c016,Mystery mystery,Ixobrychus cinnamomeus,0.0089,unlabeled
Mystery mystery_377_c017,Mystery mystery,Cuculus micropterus,0.0009,unlabeled
Mystery mystery_377_c018,Mystery mystery,Cypsiurus balasiensis,0.0018,unlabeled
Mystery mystery_377_c019,Mystery mystery,Todiramphus chloris,0.0012,unlabeled
Mystery mystery_377_c020,Mystery mystery,Psittacula eupatria,0.0006,unlabeled
Mystery mystery_377_c021,Mystery mystery,Cuculus micropterus,0.0006,unlabeled
Mystery mystery_377_c022,Mystery mystery,Todiramphus chloris,0.0275,unlabeled
Mystery mystery_377_c023,Mystery mystery,Cuculus micropterus,0.0003,unlabeled
Mystery mystery_377_c024,Mystery mystery,Cypsiurus balasiensis,0.0004,unlabeled
Mystery mystery_377_c025,Mystery mystery,Cuculus micropterus,0.0001,unlabeled
Mystery mystery_377_c026,Mystery mystery,Cuculus micropterus,0.0065,unlabeled
Mystery mystery_377_c027,Mystery mystery,Psittacula eupatria,0.0005,unlabeled
Mystery mystery_377_c028,Mystery mystery,Halcyon coromanda,0.0005,unlabeled
Mystery mystery_377_c029,Mystery mystery,Pellorneum ruficeps,0.0010,unlabeled
Mystery mystery_377_c030,Mystery mystery,Pellorneum ruficeps,0.0001,unlabeled
Mystery mystery_377_c031,Mystery mystery,Ixobrychus cinnamomeus,0.0007,unlabeled
Mystery mystery_378_c000,Mystery mystery,Chloropsis jerdoni,0.0037,unlabeled
Mystery mystery_378_c001,Mystery mystery,Cypsiurus balasiensis,0.0071,unlabeled
Mystery mystery_378_c002,Mystery mystery,Cypsiurus balasiensis,0.0047,unlabeled
Mystery mystery_378_c003,Mystery mystery,Psittacula eupatria,0.0156,unlabeled
Mystery mystery_378_c004,Mystery mystery,Ixobrychus cinnamomeus,0.0076,unlabeled
Mystery mystery_378_c005,Mystery mystery,Ixobrychus cinnamomeus,0.0052,unlabeled
Mystery mystery_379_c000,Mystery mystery,Cuculus micropterus,0.0038,unlabeled
Mystery mystery_379_c001,Mystery mystery,Psittacula eupatria,0.0033,unlabeled
Mystery mystery_379_c002,Mystery mystery,Cuculus micropterus,0.0017,unlabeled
Mystery mystery_379_c003,Mystery mystery,Cuculus micropterus,0.0022,unlabeled
Mystery mystery_379_c004,Mystery mystery,Pluvialis squatarola,0.0026,unlabeled
Mystery mystery_379_c005,Mystery mystery,Chloropsis jerdoni,0.0044,unlabeled
Mystery mystery_379_c006,Mystery mystery,Ixobrychus cinnamomeus,0.0013,unlabeled
Mystery mystery_379_c007,Mystery mystery,Acridotheres fuscus,0.0025,unlabeled
Mystery mystery_379_c008,Mystery mystery,Psittacula eupatria,0.0044,unlabeled
Mystery mystery_379_c009,Mystery mystery,Chloropsis jerdoni,0.0046,unlabeled
Mystery mystery_380_c000,Mystery mystery,Acrocephalus bistrigiceps,0.0015,unlabeled
Mystery mystery_380_c001,Mystery mystery,Psittacula eupatria,0.0062,unlabeled
Mystery mystery_380_c002,Mystery mystery,Psittacula eupatria,0.0037,unlabeled
Mystery mystery_381_c000,Mystery mystery,Glaucidium cuculoides,0.0030,unlabeled
Mystery mystery_381_c001,Mystery mystery,Chloropsis jerdoni,0.0200,unlabeled
Mystery mystery_381_c002,Mystery mystery,Chloropsis jerdoni,0.0057,unlabeled
Mystery mystery_381_c003,Mystery mystery,Pellorneum ruficeps,0.0090,unlabeled
Mystery mystery_381_c004,Mystery mystery,Chloropsis jerdoni,0.0055,unlabeled
Mystery mystery_381_c005,Mystery mystery,Chloropsis jerdoni,0.0040,unlabeled
Mystery mystery_382_c000,Mystery mystery,Pellorneum ruficeps,0.0061,unlabeled
Mystery mystery_382_c001,Mystery mystery,Pellorneum ruficeps,0.0097,unlabeled
Mystery mystery_382_c002,Mystery mystery,Pomatorhinus ruficollis,0.0218,unlabeled
Mystery mystery_382_c003,Mystery mystery,Chloropsis jerdoni,0.0120,unlabeled
Mystery mystery_382_c004,Mystery mystery,Chloropsis jerdoni,0.0272,unlabeled
Mystery mystery_382_c005,Mystery mystery,Pellorneum ruficeps,0.0165,unlabeled
Mystery mystery_382_c006,Mystery mystery,Pellorneum ruficeps,0.0305,unlabeled
Mystery mystery_382_c007,Mystery mystery,Pellorneum ruficeps,0.1250,unlabeled
Mystery mystery_382_c008,Mystery mystery,Chloropsis jerdoni,0.0305,unlabeled
Mystery mystery_383_c000,Mystery mystery,Acrocephalus bistrigiceps,0.0015,unlabeled
Mystery mystery_383_c001,Mystery mystery,Psittacula eupatria,0.0062,unlabeled
Mystery mystery_383_c002,Mystery mystery,Psittacula eupatria,0.0037,unlabeled
Mystery mystery_384_c000,Mystery mystery,Cuculus micropterus,0.0038,unlabeled
Mystery mystery_384_c001,Mystery mystery,Psittacula eupatria,0.0033,unlabeled
Mystery mystery_384_c002,Mystery mystery,Cuculus micropterus,0.0017,unlabeled
Mystery mystery_384_c003,Mystery mystery,Cuculus micropterus,0.0022,unlabeled
Mystery mystery_384_c004,Mystery mystery,Pluvialis squatarola,0.0026,unlabeled
Mystery mystery_384_c005,Mystery mystery,Chloropsis jerdoni,0.0044,unlabeled
Mystery mystery_384_c006,Mystery mystery,Ixobrychus cinnamomeus,0.0013,unlabeled
Mystery mystery_384_c007,Mystery mystery,Acridotheres fuscus,0.0025,unlabeled
Mystery mystery_384_c008,Mystery mystery,Psittacula eupatria,0.0044,unlabeled
Mystery mystery_384_c009,Mystery mystery,Chloropsis jerdoni,0.0046,unlabeled
Mystery mystery_385_c000,Mystery mystery,Psittacula eupatria,0.0060,unlabeled
Mystery mystery_385_c001,Mystery mystery,Psittacula eupatria,0.0097,unlabeled
Mystery mystery_385_c002,Mystery mystery,Psittacula eupatria,0.0085,unlabeled
Mystery mystery_385_c003,Mystery mystery,Psittacula eupatria,0.0040,unlabeled
Mystery mystery_385_c004,Mystery mystery,Ixobrychus cinnamomeus,0.0038,unlabeled
Mystery mystery_385_c005,Mystery mystery,Psittacula eupatria,0.0061,unlabeled
Mystery mystery_385_c006,Mystery mystery,Ixobrychus cinnamomeus,0.0031,unlabeled
Mystery mystery_385_c007,Mystery mystery,Psittacula eupatria,0.0036,unlabeled
Mystery mystery_385_c008,Mystery mystery,Cuculus micropterus,0.0047,unlabeled
Mystery mystery_385_c009,Mystery mystery,Psittacula eupatria,0.0059,unlabeled
Mystery mystery_385_c010,Mystery mystery,Cuculus micropterus,0.0023,unlabeled
Mystery mystery_386_c000,Mystery mystery,Chloropsis jerdoni,0.0097,unlabeled
Mystery mystery_386_c001,Mystery mystery,Ixobrychus cinnamomeus,0.0035,unlabeled
Mystery mystery_386_c002,Mystery mystery,Ixobrychus cinnamomeus,0.0071,unlabeled
Mystery mystery_386_c003,Mystery mystery,Chloropsis jerdoni,0.0089,unlabeled
Mystery mystery_386_c004,Mystery mystery,Chloropsis jerdoni,0.0111,unlabeled
Mystery mystery_386_c005,Mystery mystery,Halcyon coromanda,0.0662,unlabeled
Mystery mystery_386_c006,Mystery mystery,Halcyon coromanda,0.0129,unlabeled
Mystery mystery_386_c007,Mystery mystery,Cuculus micropterus,0.0221,unlabeled
Mystery mystery_386_c008,Mystery mystery,Halcyon coromanda,0.4279,unlabeled
Mystery mystery_386_c009,Mystery mystery,Chloropsis jerdoni,0.0067,unlabeled
Mystery mystery_386_c010,Mystery mystery,Halcyon coromanda,0.0136,unlabeled
Mystery mystery_386_c011,Mystery mystery,Psittacula eupatria,0.0148,unlabeled
Mystery mystery_386_c012,Mystery mystery,Cuculus micropterus,0.0061,unlabeled
Mystery mystery_386_c013,Mystery mystery,Halcyon coromanda,0.0199,unlabeled
Mystery mystery_387_c000,Mystery mystery,Acridotheres fuscus,0.0066,unlabeled
Mystery mystery_387_c001,Mystery mystery,Psittacula eupatria,0.0098,unlabeled
Mystery mystery_387_c002,Mystery mystery,Acridotheres fuscus,0.0012,unlabeled
Mystery mystery_388_c000,Mystery mystery,Macronus gularis,0.0085,unlabeled
Mystery mystery_388_c001,Mystery mystery,Macronus gularis,0.0657,unlabeled
Mystery mystery_388_c002,Mystery mystery,Macronus gularis,0.0303,unlabeled
Mystery mystery_389_c000,Mystery mystery,Macronus gularis,0.0045,unlabeled
Mystery mystery_389_c001,Mystery mystery,Psilopogon lineatus,0.0104,unlabeled
Mystery mystery_389_c002,Mystery mystery,Acrocephalus bistrigiceps,0.0024,unlabeled
Mystery mystery_389_c003,Mystery mystery,Pluvialis squatarola,0.0012,unlabeled
Mystery mystery_389_c004,Mystery mystery,Pluvialis squatarola,0.0013,unlabeled
Mystery mystery_389_c005,Mystery mystery,Acrocephalus bistrigiceps,0.0045,unlabeled
Mystery mystery_389_c006,Mystery mystery,Acrocephalus bistrigiceps,0.0154,unlabeled
Mystery mystery_389_c007,Mystery mystery,Pluvialis squatarola,0.0049,unlabeled
Mystery mystery_390_c000,Mystery mystery,Cypsiurus balasiensis,0.0053,unlabeled
Mystery mystery_390_c001,Mystery mystery,Cypsiurus balasiensis,0.0032,unlabeled
Mystery mystery_390_c002,Mystery mystery,Cypsiurus balasiensis,0.0023,unlabeled
Mystery mystery_390_c003,Mystery mystery,Cypsiurus balasiensis,0.0122,unlabeled
Mystery mystery_390_c004,Mystery mystery,Cypsiurus balasiensis,0.0103,unlabeled
Mystery mystery_390_c005,Mystery mystery,Cuculus micropterus,0.0043,unlabeled
Mystery mystery_390_c006,Mystery mystery,Cypsiurus balasiensis,0.0027,unlabeled
Mystery mystery_390_c007,Mystery mystery,Chloropsis jerdoni,0.0058,unlabeled
Mystery mystery_391_c000,Mystery mystery,Psittacula eupatria,0.1438,unlabeled
Mystery mystery_392_c000,Mystery mystery,Macronus gularis,0.0025,unlabeled
Mystery mystery_393_c000,Mystery mystery,Psilopogon lineatus,0.0021,unlabeled
Mystery mystery_394_c000,Mystery mystery,Dicrurus andamanensis,0.0040,unlabeled
Mystery mystery_394_c001,Mystery mystery,Pellorneum ruficeps,0.0009,unlabeled
Mystery mystery_394_c002,Mystery mystery,Chloropsis jerdoni,0.0019,unlabeled
Mystery mystery_394_c003,Mystery mystery,Dicrurus andamanensis,0.0005,unlabeled
Mystery mystery_394_c004,Mystery mystery,Chloropsis cochinchinensis,0.0003,unlabeled
Mystery mystery_394_c005,Mystery mystery,Pluvialis squatarola,0.0009,unlabeled
Mystery mystery_395_c000,Mystery mystery,Dicrurus andamanensis,0.0062,unlabeled
Mystery mystery_395_c001,Mystery mystery,Pellorneum ruficeps,0.0100,unlabeled
Mystery mystery_395_c002,Mystery mystery,Pellorneum ruficeps,0.0016,unlabeled
Mystery mystery_395_c003,Mystery mystery,Chrysococcyx maculatus,0.0038,unlabeled
Mystery mystery_395_c004,Mystery mystery,Pellorneum ruficeps,0.0015,unlabeled
Mystery mystery_395_c005,Mystery mystery,Glaucidium cuculoides,0.0050,unlabeled
Mystery mystery_395_c006,Mystery mystery,Pellorneum ruficeps,0.0058,unlabeled
Mystery mystery_395_c007,Mystery mystery,Macronus gularis,0.0011,unlabeled
Mystery mystery_395_c008,Mystery mystery,Glaucidium cuculoides,0.0107,unlabeled
Mystery mystery_395_c009,Mystery mystery,Pellorneum ruficeps,0.0020,unlabeled
Mystery mystery_395_c010,Mystery mystery,Dicrurus andamanensis,0.0064,unlabeled
Mystery mystery_396_c000,Mystery mystery,Glaucidium cuculoides,0.0010,unlabeled
Mystery mystery_396_c001,Mystery mystery,Psilopogon lineatus,0.0009,unlabeled
Mystery mystery_397_c000,Mystery mystery,Pnoepyga pusilla,0.0004,unlabeled
Mystery mystery_397_c001,Mystery mystery,Psilopogon lineatus,0.0140,unlabeled
Mystery mystery_397_c002,Mystery mystery,Pluvialis squatarola,0.0009,unlabeled
Mystery mystery_398_c000,Mystery mystery,Psittacula eupatria,0.0014,unlabeled
Mystery mystery_398_c001,Mystery mystery,Eurystomus orientalis,0.0024,unlabeled
Mystery mystery_398_c002,Mystery mystery,Pluvialis squatarola,0.0009,unlabeled
Mystery mystery_399_c000,Mystery mystery,Cuculus micropterus,0.0490,unlabeled
Mystery mystery_399_c001,Mystery mystery,Macronus gularis,0.0084,unlabeled
Mystery mystery_399_c002,Mystery mystery,Phylloscopus inornatus,0.0196,unlabeled
Mystery mystery_400_c000,Mystery mystery,Pellorneum ruficeps,0.0937,unlabeled
Mystery mystery_400_c001,Mystery mystery,Pellorneum ruficeps,0.0039,unlabeled
Mystery mystery_400_c002,Mystery mystery,Pomatorhinus ruficollis,0.0230,unlabeled
Mystery mystery_400_c003,Mystery mystery,Pellorneum ruficeps,0.0040,unlabeled
Mystery mystery_401_c000,Mystery mystery,Phylloscopus subaffinis,0.0028,unlabeled
Mystery mystery_401_c001,Mystery mystery,Pomatorhinus ruficollis,0.0213,unlabeled
Mystery mystery_401_c002,Mystery mystery,Pomatorhinus ruficollis,0.0187,unlabeled
Mystery mystery_402_c000,Mystery mystery,Centropus andamanensis,0.1005,unlabeled
Mystery mystery_403_c000,Mystery mystery,Pluvialis squatarola,0.0001,unlabeled
Mystery mystery_404_c000,Mystery mystery,Chloropsis jerdoni,0.0207,unlabeled
Mystery mystery_405_c000,Mystery mystery,Polyplectron bicalcaratum,0.0072,unlabeled
Mystery mystery_405_c001,Mystery mystery,Polyplectron bicalcaratum,0.0053,unlabeled
Mystery mystery_406_c000,Mystery mystery,Motacilla citreola,0.6366,unlabeled
Mystery mystery_406_c001,Mystery mystery,Motacilla citreola,0.8280,unlabeled
Mystery mystery_406_c002,Mystery mystery,Motacilla citreola,0.3823,unlabeled
Mystery mystery_406_c003,Mystery mystery,Motacilla citreola,0.9798,unlabeled
Mystery mystery_406_c004,Mystery mystery,Psittacula eupatria,0.0219,unlabeled
Mystery mystery_406_c005,Mystery mystery,Motacilla citreola,0.8795,unlabeled
Mystery mystery_406_c006,Mystery mystery,Acrocephalus bistrigiceps,0.0037,unlabeled
Mystery mystery_406_c007,Mystery mystery,Acrocephalus bistrigiceps,0.0036,unlabeled
Mystery mystery_406_c008,Mystery mystery,Acrocephalus bistrigiceps,0.0073,unlabeled
Mystery mystery_406_c009,Mystery mystery,Motacilla citreola,0.5921,unlabeled
Mystery mystery_406_c010,Mystery mystery,Motacilla citreola,0.3165,unlabeled
Mystery mystery_406_c011,Mystery mystery,Phylloscopus inornatus,0.0242,unlabeled
Mystery mystery_406_c012,Mystery mystery,Phylloscopus inornatus,0.0124,unlabeled
Mystery mystery_406_c013,Mystery mystery,Motacilla citreola,0.0778,unlabeled
Mystery mystery_407_c000,Mystery mystery,Phylloscopus inornatus,0.0392,unlabeled
Mystery mystery_407_c001,Mystery mystery,Phylloscopus inornatus,0.0023,unlabeled
Mystery mystery_408_c000,Mystery mystery,Psittacula eupatria,0.0455,unlabeled
Mystery mystery_408_c001,Mystery mystery,Psittacula eupatria,0.0305,unlabeled
Mystery mystery_409_c000,Mystery mystery,Ixobrychus cinnamomeus,0.0006,unlabeled
Mystery mystery_409_c001,Mystery mystery,Pluvialis squatarola,0.0006,unlabeled
Mystery mystery_409_c002,Mystery mystery,Pluvialis squatarola,0.0001,unlabeled
Mystery mystery_409_c003,Mystery mystery,Ixobrychus cinnamomeus,0.0011,unlabeled
Mystery mystery_409_c004,Mystery mystery,Ixobrychus cinnamomeus,0.0009,unlabeled
Mystery mystery_409_c005,Mystery mystery,Pluvialis squatarola,0.0005,unlabeled
Mystery mystery_409_c006,Mystery mystery,Pluvialis squatarola,0.0004,unlabeled
Mystery mystery_409_c007,Mystery mystery,Pluvialis squatarola,0.0004,unlabeled
Mystery mystery_409_c008,Mystery mystery,Pluvialis squatarola,0.0011,unlabeled
Mystery mystery_409_c009,Mystery mystery,Pluvialis squatarola,0.0008,unlabeled
Mystery mystery_409_c010,Mystery mystery,Pluvialis squatarola,0.0008,unlabeled
Mystery mystery_409_c011,Mystery mystery,Pluvialis squatarola,0.0005,unlabeled
Mystery mystery_409_c012,Mystery mystery,Pluvialis squatarola,0.0012,unlabeled
Mystery mystery_409_c013,Mystery mystery,Ixobrychus cinnamomeus,0.0025,unlabeled
Mystery mystery_409_c014,Mystery mystery,Centropus andamanensis,0.0003,unlabeled
Mystery mystery_409_c015,Mystery mystery,Ixobrychus cinnamomeus,0.0006,unlabeled
Mystery mystery_409_c016,Mystery mystery,Pluvialis squatarola,0.0008,unlabeled
Mystery mystery_409_c017,Mystery mystery,Ixobrychus cinnamomeus,0.0003,unlabeled
Mystery mystery_409_c018,Mystery mystery,Pluvialis squatarola,0.0007,unlabeled
Mystery mystery_409_c019,Mystery mystery,Pluvialis squatarola,0.0013,unlabeled
Mystery mystery_409_c020,Mystery mystery,Pluvialis squatarola,0.0009,unlabeled
Mystery mystery_410_c000,Mystery mystery,Acrocephalus bistrigiceps,0.0225,unlabeled
Mystery mystery_410_c001,Mystery mystery,Cyornis poliogenys,0.0012,unlabeled
Mystery mystery_410_c002,Mystery mystery,Acrocephalus bistrigiceps,0.0014,unlabeled
Mystery mystery_410_c003,Mystery mystery,Acridotheres fuscus,0.0035,unlabeled
Mystery mystery_410_c004,Mystery mystery,Acrocephalus bistrigiceps,0.0004,unlabeled
Mystery mystery_410_c005,Mystery mystery,Pellorneum ruficeps,0.0020,unlabeled
Mystery mystery_410_c006,Mystery mystery,Stachyridopsis ambigua,0.0012,unlabeled
Mystery mystery_410_c007,Mystery mystery,Acrocephalus bistrigiceps,0.0107,unlabeled
Mystery mystery_410_c008,Mystery mystery,Acrocephalus bistrigiceps,0.0066,unlabeled
Mystery mystery_410_c009,Mystery mystery,Motacilla citreola,0.0125,unlabeled
Mystery mystery_410_c010,Mystery mystery,Riparia chinensis,0.0016,unlabeled
Mystery mystery_410_c011,Mystery mystery,Motacilla citreola,0.0325,unlabeled
Mystery mystery_410_c012,Mystery mystery,Acrocephalus bistrigiceps,0.0023,unlabeled
Mystery mystery_410_c013,Mystery mystery,Motacilla citreola,0.0081,unlabeled
Mystery mystery_410_c014,Mystery mystery,Acrocephalus bistrigiceps,0.0005,unlabeled
Mystery mystery_410_c015,Mystery mystery,Acrocephalus bistrigiceps,0.0044,unlabeled
Mystery mystery_410_c016,Mystery mystery,Acrocephalus bistrigiceps,0.0798,unlabeled
Mystery mystery_410_c017,Mystery mystery,Motacilla citreola,0.0043,unlabeled
Mystery mystery_410_c018,Mystery mystery,Acrocephalus bistrigiceps,0.0060,unlabeled
Mystery mystery_410_c019,Mystery mystery,Acrocephalus bistrigiceps,0.0013,unlabeled
Mystery mystery_410_c020,Mystery mystery,Acrocephalus bistrigiceps,0.0074,unlabeled
Mystery mystery_410_c021,Mystery mystery,Acrocephalus bistrigiceps,0.0138,unlabeled
Mystery mystery_410_c022,Mystery mystery,Motacilla citreola,0.0007,unlabeled
Mystery mystery_410_c023,Mystery mystery,Acrocephalus bistrigiceps,0.0032,unlabeled
Mystery mystery_410_c024,Mystery mystery,Acrocephalus bistrigiceps,0.0177,unlabeled
Mystery mystery_410_c025,Mystery mystery,Acrocephalus bistrigiceps,0.0008,unlabeled
Mystery mystery_410_c026,Mystery mystery,Acrocephalus bistrigiceps,0.0017,unlabeled
Mystery mystery_410_c027,Mystery mystery,Acrocephalus bistrigiceps,0.0035,unlabeled
Mystery mystery_410_c028,Mystery mystery,Acrocephalus bistrigiceps,0.0108,unlabeled
Mystery mystery_410_c029,Mystery mystery,Acrocephalus bistrigiceps,0.0360,unlabeled
Mystery mystery_410_c030,Mystery mystery,Acrocephalus bistrigiceps,0.0044,unlabeled
Mystery mystery_410_c031,Mystery mystery,Acrocephalus bistrigiceps,0.0038,unlabeled
Mystery mystery_410_c032,Mystery mystery,Acrocephalus bistrigiceps,0.0018,unlabeled
Mystery mystery_410_c033,Mystery mystery,Acrocephalus bistrigiceps,0.0138,unlabeled
Mystery mystery_410_c034,Mystery mystery,Motacilla citreola,0.0061,unlabeled
Mystery mystery_410_c035,Mystery mystery,Acrocephalus bistrigiceps,0.0480,unlabeled
Mystery mystery_411_c000,Mystery mystery,Stachyridopsis ambigua,0.0167,unlabeled
Mystery mystery_411_c001,Mystery mystery,Stachyridopsis ambigua,0.0077,unlabeled
Mystery mystery_411_c002,Mystery mystery,Acrocephalus bistrigiceps,0.0194,unlabeled
Mystery mystery_412_c000,Mystery mystery,Phylloscopus inornatus,0.0020,unlabeled
Mystery mystery_412_c001,Mystery mystery,Phylloscopus inornatus,0.0093,unlabeled
Mystery mystery_412_c002,Mystery mystery,Phylloscopus inornatus,0.0131,unlabeled
Mystery mystery_412_c003,Mystery mystery,Psittacula eupatria,0.0065,unlabeled
Mystery mystery_412_c004,Mystery mystery,Phylloscopus inornatus,0.0059,unlabeled
Mystery mystery_412_c005,Mystery mystery,Phylloscopus inornatus,0.0054,unlabeled
Mystery mystery_412_c006,Mystery mystery,Phylloscopus inornatus,0.0117,unlabeled
Mystery mystery_412_c007,Mystery mystery,Pellorneum ruficeps,0.0027,unlabeled
Mystery mystery_412_c008,Mystery mystery,Chloropsis jerdoni,0.0042,unlabeled
Mystery mystery_412_c009,Mystery mystery,Phylloscopus inornatus,0.0025,unlabeled
Mystery mystery_413_c000,Mystery mystery,Pellorneum ruficeps,0.5709,unlabeled
Mystery mystery_413_c001,Mystery mystery,Pellorneum ruficeps,0.4711,unlabeled
Mystery mystery_413_c002,Mystery mystery,Pellorneum ruficeps,0.1130,unlabeled
Mystery mystery_413_c003,Mystery mystery,Pellorneum ruficeps,0.0352,unlabeled
Mystery mystery_413_c004,Mystery mystery,Pellorneum ruficeps,0.6791,unlabeled
Mystery mystery_413_c005,Mystery mystery,Pellorneum ruficeps,0.4270,unlabeled
Mystery mystery_413_c006,Mystery mystery,Pellorneum ruficeps,0.2182,unlabeled
Mystery mystery_413_c007,Mystery mystery,Pellorneum ruficeps,0.4281,unlabeled
Mystery mystery_413_c008,Mystery mystery,Pellorneum ruficeps,0.4467,unlabeled
Mystery mystery_413_c009,Mystery mystery,Pellorneum ruficeps,0.0130,unlabeled
Mystery mystery_413_c010,Mystery mystery,Pellorneum ruficeps,0.1054,unlabeled
Mystery mystery_413_c011,Mystery mystery,Pellorneum ruficeps,0.4634,unlabeled
Mystery mystery_413_c012,Mystery mystery,Pellorneum ruficeps,0.0509,unlabeled
Mystery mystery_414_c000,Mystery mystery,Phylloscopus inornatus,0.0005,unlabeled
Mystery mystery_414_c001,Mystery mystery,Phylloscopus inornatus,0.0004,unlabeled
Mystery mystery_414_c002,Mystery mystery,Phylloscopus inornatus,0.0013,unlabeled
Mystery mystery_414_c003,Mystery mystery,Phylloscopus inornatus,0.0005,unlabeled
Mystery mystery_414_c004,Mystery mystery,Phylloscopus inornatus,0.0003,unlabeled
Mystery mystery_414_c005,Mystery mystery,Pellorneum ruficeps,0.0011,unlabeled
Mystery mystery_414_c006,Mystery mystery,Pellorneum ruficeps,0.0005,unlabeled
Mystery mystery_414_c007,Mystery mystery,Pellorneum ruficeps,0.0003,unlabeled
Mystery mystery_414_c008,Mystery mystery,Phylloscopus inornatus,0.0010,unlabeled
Mystery mystery_414_c009,Mystery mystery,Phylloscopus inornatus,0.0019,unlabeled
Mystery mystery_414_c010,Mystery mystery,Pellorneum ruficeps,0.0008,unlabeled
Mystery mystery_414_c011,Mystery mystery,Pellorneum ruficeps,0.0081,unlabeled
Mystery mystery_414_c012,Mystery mystery,Phylloscopus inornatus,0.0069,unlabeled
Mystery mystery_414_c013,Mystery mystery,Phylloscopus inornatus,0.0024,unlabeled
Mystery mystery_414_c014,Mystery mystery,Pellorneum ruficeps,0.0010,unlabeled
Mystery mystery_414_c015,Mystery mystery,Pellorneum ruficeps,0.0022,unlabeled
Mystery mystery_414_c016,Mystery mystery,Phylloscopus inornatus,0.0024,unlabeled
Mystery mystery_414_c017,Mystery mystery,Phylloscopus inornatus,0.0005,unlabeled
Mystery mystery_414_c018,Mystery mystery,Pellorneum ruficeps,0.0011,unlabeled
Mystery mystery_414_c019,Mystery mystery,Phylloscopus inornatus,0.0009,unlabeled
Mystery mystery_414_c020,Mystery mystery,Phylloscopus inornatus,0.0053,unlabeled
Mystery mystery_414_c021,Mystery mystery,Phylloscopus inornatus,0.0017,unlabeled
Mystery mystery_414_c022,Mystery mystery,Phylloscopus inornatus,0.0018,unlabeled
Mystery mystery_414_c023,Mystery mystery,Phylloscopus inornatus,0.0006,unlabeled
Mystery mystery_414_c024,Mystery mystery,Phylloscopus inornatus,0.0005,unlabeled
Mystery mystery_414_c025,Mystery mystery,Phylloscopus inornatus,0.0021,unlabeled
Mystery mystery_414_c026,Mystery mystery,Phylloscopus inornatus,0.0014,unlabeled
Mystery mystery_414_c027,Mystery mystery,Phylloscopus inornatus,0.0012,unlabeled
Mystery mystery_414_c028,Mystery mystery,Phylloscopus inornatus,0.0005,unlabeled
Mystery mystery_414_c029,Mystery mystery,Pellorneum ruficeps,0.0012,unlabeled
Mystery mystery_414_c030,Mystery mystery,Psilopogon lineatus,0.0019,unlabeled
Mystery mystery_415_c000,Mystery mystery,Psilopogon lineatus,0.0015,unlabeled
Mystery mystery_415_c001,Mystery mystery,Cyornis unicolor,0.0071,unlabeled
Mystery mystery_415_c002,Mystery mystery,Pellorneum ruficeps,0.0021,unlabeled
Mystery mystery_415_c003,Mystery mystery,Psilopogon lineatus,0.1768,unlabeled
Mystery mystery_415_c004,Mystery mystery,Pellorneum ruficeps,0.0070,unlabeled
Mystery mystery_415_c005,Mystery mystery,Cyornis unicolor,0.0032,unlabeled
Mystery mystery_415_c006,Mystery mystery,Cyornis unicolor,0.0079,unlabeled
Mystery mystery_415_c007,Mystery mystery,Chloropsis cochinchinensis,0.0020,unlabeled
Mystery mystery_415_c008,Mystery mystery,Psilopogon lineatus,0.0006,unlabeled
Mystery mystery_415_c009,Mystery mystery,Glaucidium cuculoides,0.0110,unlabeled
Mystery mystery_415_c010,Mystery mystery,Cyornis unicolor,0.0055,unlabeled
Mystery mystery_415_c011,Mystery mystery,Cyornis unicolor,0.0012,unlabeled
Mystery mystery_415_c012,Mystery mystery,Pellorneum ruficeps,0.0050,unlabeled
Mystery mystery_416_c000,Mystery mystery,Macronus gularis,0.0027,unlabeled
Mystery mystery_417_c000,Mystery mystery,Chloropsis jerdoni,0.0122,unlabeled
Mystery mystery_417_c001,Mystery mystery,Chloropsis jerdoni,0.0099,unlabeled
Mystery mystery_418_c000,Mystery mystery,Chloropsis jerdoni,0.0072,unlabeled
Mystery mystery_418_c001,Mystery mystery,Pellorneum ruficeps,0.0058,unlabeled
Mystery mystery_418_c002,Mystery mystery,Chloropsis jerdoni,0.0069,unlabeled
Mystery mystery_418_c003,Mystery mystery,Pellorneum ruficeps,0.0180,unlabeled
Mystery mystery_418_c004,Mystery mystery,Pellorneum ruficeps,0.0022,unlabeled
Mystery mystery_419_c000,Mystery mystery,Liocichla phoenicea,0.0194,unlabeled
Mystery mystery_419_c001,Mystery mystery,Liocichla phoenicea,0.0025,unlabeled
Mystery mystery_419_c002,Mystery mystery,Liocichla phoenicea,0.0059,unlabeled
Mystery mystery_420_c000,Mystery mystery,Acridotheres fuscus,0.0033,unlabeled
Mystery mystery_420_c001,Mystery mystery,Acridotheres fuscus,0.0028,unlabeled
Mystery mystery_420_c002,Mystery mystery,Pluvialis squatarola,0.0009,unlabeled
Mystery mystery_421_c000,Mystery mystery,Glaucidium cuculoides,0.0003,unlabeled
Mystery mystery_421_c001,Mystery mystery,Halcyon coromanda,0.0001,unlabeled
Mystery mystery_421_c002,Mystery mystery,Glaucidium cuculoides,0.0013,unlabeled
Mystery mystery_421_c003,Mystery mystery,Glaucidium cuculoides,0.0001,unlabeled
Mystery mystery_421_c004,Mystery mystery,Pellorneum ruficeps,0.0009,unlabeled
Mystery mystery_421_c005,Mystery mystery,Glaucidium cuculoides,0.0002,unlabeled
Mystery mystery_421_c006,Mystery mystery,Pellorneum ruficeps,0.0007,unlabeled
Mystery mystery_421_c007,Mystery mystery,Ixobrychus cinnamomeus,0.0007,unlabeled
Mystery mystery_421_c008,Mystery mystery,Ixobrychus cinnamomeus,0.0010,unlabeled
Mystery mystery_421_c009,Mystery mystery,Ixobrychus cinnamomeus,0.0014,unlabeled
Mystery mystery_421_c010,Mystery mystery,Pellorneum ruficeps,0.0005,unlabeled
Mystery mystery_422_c000,Mystery mystery,Chloropsis jerdoni,0.0014,unlabeled
Mystery mystery_422_c001,Mystery mystery,Pellorneum ruficeps,0.0013,unlabeled
Mystery mystery_422_c002,Mystery mystery,Macronus gularis,0.0002,unlabeled
Mystery mystery_422_c003,Mystery mystery,Glaucidium cuculoides,0.0025,unlabeled
Mystery mystery_422_c004,Mystery mystery,Glaucidium cuculoides,0.0032,unlabeled
Mystery mystery_423_c000,Mystery mystery,Chloropsis jerdoni,0.0006,unlabeled
Mystery mystery_423_c001,Mystery mystery,Ixobrychus cinnamomeus,0.0027,unlabeled
Mystery mystery_423_c002,Mystery mystery,Pellorneum ruficeps,0.0004,unlabeled
Mystery mystery_423_c003,Mystery mystery,Glaucidium cuculoides,0.0005,unlabeled
Mystery mystery_423_c004,Mystery mystery,Glaucidium cuculoides,0.0007,unlabeled
Mystery mystery_423_c005,Mystery mystery,Glaucidium cuculoides,0.0003,unlabeled
Mystery mystery_423_c006,Mystery mystery,Pellorneum ruficeps,0.0006,unlabeled
Mystery mystery_423_c007,Mystery mystery,Pellorneum ruficeps,0.0046,unlabeled
Mystery mystery_423_c008,Mystery mystery,Pellorneum ruficeps,0.0030,unlabeled
Mystery mystery_423_c009,Mystery mystery,Pellorneum ruficeps,0.0018,unlabeled
Mystery mystery_423_c010,Mystery mystery,Pellorneum ruficeps,0.0013,unlabeled
Mystery mystery_423_c011,Mystery mystery,Pellorneum ruficeps,0.0006,unlabeled
Mystery mystery_423_c012,Mystery mystery,Cuculus micropterus,0.0016,unlabeled
Mystery mystery_423_c013,Mystery mystery,Ixobrychus cinnamomeus,0.0001,unlabeled
Mystery mystery_424_c000,Mystery mystery,Psittacula eupatria,0.0006,unlabeled
Mystery mystery_424_c001,Mystery mystery,Pluvialis squatarola,0.0009,unlabeled
Mystery mystery_425_c000,Mystery mystery,Chelidorhynx hypoxanthus,0.0005,unlabeled
Mystery mystery_425_c001,Mystery mystery,Chelidorhynx hypoxanthus,0.0703,unlabeled
Mystery mystery_425_c002,Mystery mystery,Chelidorhynx hypoxanthus,0.0042,unlabeled
Mystery mystery_425_c003,Mystery mystery,Spelaeornis oatesi,0.0014,unlabeled
Mystery mystery_425_c004,Mystery mystery,Chelidorhynx hypoxanthus,0.0026,unlabeled
Mystery mystery_425_c005,Mystery mystery,Pomatorhinus ruficollis,0.0144,unlabeled
Mystery mystery_425_c006,Mystery mystery,Pomatorhinus ruficollis,0.0385,unlabeled
Mystery mystery_425_c007,Mystery mystery,Pomatorhinus ruficollis,0.0032,unlabeled
Mystery mystery_425_c008,Mystery mystery,Pomatorhinus ruficollis,0.0227,unlabeled
Mystery mystery_425_c009,Mystery mystery,Chloropsis jerdoni,0.0063,unlabeled
Mystery mystery_425_c010,Mystery mystery,Chloropsis jerdoni,0.0065,unlabeled
Mystery mystery_425_c011,Mystery mystery,Spelaeornis oatesi,0.0009,unlabeled
Mystery mystery_425_c012,Mystery mystery,Spelaeornis oatesi,0.0013,unlabeled
Mystery mystery_425_c013,Mystery mystery,Pellorneum ruficeps,0.0026,unlabeled
Mystery mystery_426_c000,Mystery mystery,Motacilla citreola,0.0022,unlabeled
Mystery mystery_426_c001,Mystery mystery,Acridotheres fuscus,0.0006,unlabeled
Mystery mystery_426_c002,Mystery mystery,Chelidorhynx hypoxanthus,0.0008,unlabeled
Mystery mystery_426_c003,Mystery mystery,Psittacula eupatria,0.0009,unlabeled
Mystery mystery_426_c004,Mystery mystery,Psittacula eupatria,0.0026,unlabeled
Mystery mystery_426_c005,Mystery mystery,Psittacula eupatria,0.0014,unlabeled
Mystery mystery_426_c006,Mystery mystery,Chelidorhynx hypoxanthus,0.0090,unlabeled
Mystery mystery_426_c007,Mystery mystery,Phylloscopus inornatus,0.0063,unlabeled
Mystery mystery_426_c008,Mystery mystery,Chelidorhynx hypoxanthus,0.0339,unlabeled
Mystery mystery_426_c009,Mystery mystery,Chelidorhynx hypoxanthus,0.0311,unlabeled
Mystery mystery_426_c010,Mystery mystery,Chelidorhynx hypoxanthus,0.0086,unlabeled
Mystery mystery_426_c011,Mystery mystery,Chelidorhynx hypoxanthus,0.0014,unlabeled
Mystery mystery_426_c012,Mystery mystery,Chelidorhynx hypoxanthus,0.0174,unlabeled
Mystery mystery_426_c013,Mystery mystery,Chelidorhynx hypoxanthus,0.0268,unlabeled
Mystery mystery_426_c014,Mystery mystery,Chelidorhynx hypoxanthus,0.0094,unlabeled
Mystery mystery_426_c015,Mystery mystery,Cyornis unicolor,0.0602,unlabeled
Mystery mystery_427_c000,Mystery mystery,Acridotheres fuscus,0.0032,unlabeled
Mystery mystery_427_c001,Mystery mystery,Cuculus micropterus,0.0096,unlabeled
Mystery mystery_427_c002,Mystery mystery,Halcyon coromanda,0.0135,unlabeled
Mystery mystery_427_c003,Mystery mystery,Cuculus micropterus,0.0038,unlabeled
Mystery mystery_428_c000,Mystery mystery,Pomatorhinus ruficollis,0.0013,unlabeled
Mystery mystery_428_c001,Mystery mystery,Glaucidium cuculoides,0.0006,unlabeled
Mystery mystery_428_c002,Mystery mystery,Pomatorhinus ruficollis,0.0019,unlabeled
Mystery mystery_428_c003,Mystery mystery,Pomatorhinus ruficollis,0.0011,unlabeled
Mystery mystery_428_c004,Mystery mystery,Glaucidium cuculoides,0.0023,unlabeled
Mystery mystery_428_c005,Mystery mystery,Pomatorhinus ruficollis,0.0005,unlabeled
Mystery mystery_428_c006,Mystery mystery,Pomatorhinus ruficollis,0.0016,unlabeled
Mystery mystery_428_c007,Mystery mystery,Pomatorhinus ruficollis,0.0008,unlabeled
Mystery mystery_428_c008,Mystery mystery,Pomatorhinus ruficollis,0.0014,unlabeled
Mystery mystery_428_c009,Mystery mystery,Pomatorhinus ruficollis,0.0007,unlabeled
Mystery mystery_428_c010,Mystery mystery,Pomatorhinus ruficollis,0.0019,unlabeled
Mystery mystery_428_c011,Mystery mystery,Pomatorhinus ruficollis,0.0032,unlabeled
Mystery mystery_428_c012,Mystery mystery,Pomatorhinus ruficollis,0.0019,unlabeled
Mystery mystery_428_c013,Mystery mystery,Halcyon coromanda,0.0045,unlabeled
Mystery mystery_428_c014,Mystery mystery,Pomatorhinus ruficollis,0.0027,unlabeled
Mystery mystery_428_c015,Mystery mystery,Pomatorhinus ruficollis,0.0037,unlabeled
Mystery mystery_428_c016,Mystery mystery,Pomatorhinus ruficollis,0.0020,unlabeled
Mystery mystery_428_c017,Mystery mystery,Pomatorhinus ruficollis,0.0012,unlabeled
Mystery mystery_428_c018,Mystery mystery,Pomatorhinus ruficollis,0.0006,unlabeled
Mystery mystery_428_c019,Mystery mystery,Pomatorhinus ruficollis,0.0011,unlabeled
Mystery mystery_428_c020,Mystery mystery,Arborophila torqueola,0.0007,unlabeled
Mystery mystery_428_c021,Mystery mystery,Glaucidium cuculoides,0.0007,unlabeled
Mystery mystery_428_c022,Mystery mystery,Pomatorhinus ruficollis,0.0036,unlabeled
Mystery mystery_428_c023,Mystery mystery,Pomatorhinus ruficollis,0.0012,unlabeled
Mystery mystery_428_c024,Mystery mystery,Glaucidium cuculoides,0.0027,unlabeled
Mystery mystery_428_c025,Mystery mystery,Pomatorhinus ruficollis,0.0014,unlabeled
Mystery mystery_428_c026,Mystery mystery,Pluvialis squatarola,0.0009,unlabeled
Mystery mystery_429_c000,Mystery mystery,Cyornis unicolor,0.0079,unlabeled
Mystery mystery_429_c001,Mystery mystery,Polyplectron bicalcaratum,0.0109,unlabeled
Mystery mystery_429_c002,Mystery mystery,Rimator malacoptilus,0.0083,unlabeled
Mystery mystery_429_c003,Mystery mystery,Polyplectron bicalcaratum,0.0158,unlabeled
Mystery mystery_429_c004,Mystery mystery,Polyplectron bicalcaratum,0.0214,unlabeled
Mystery mystery_429_c005,Mystery mystery,Cyornis unicolor,0.0186,unlabeled
Mystery mystery_429_c006,Mystery mystery,Chrysococcyx maculatus,0.0066,unlabeled
Mystery mystery_429_c007,Mystery mystery,Arborophila torqueola,0.0063,unlabeled
Mystery mystery_429_c008,Mystery mystery,Cyornis unicolor,0.0018,unlabeled
Mystery mystery_430_c000,Mystery mystery,Phylloscopus inornatus,0.0063,unlabeled
Mystery mystery_430_c001,Mystery mystery,Phylloscopus inornatus,0.0169,unlabeled
Mystery mystery_431_c000,Mystery mystery,Cuculus micropterus,0.7870,unlabeled
Mystery mystery_431_c001,Mystery mystery,Cuculus micropterus,0.7650,unlabeled
Mystery mystery_431_c002,Mystery mystery,Cuculus micropterus,0.5244,unlabeled
Mystery mystery_431_c003,Mystery mystery,Cuculus micropterus,0.2159,unlabeled
Mystery mystery_431_c004,Mystery mystery,Cuculus micropterus,0.5830,unlabeled
Mystery mystery_431_c005,Mystery mystery,Cuculus micropterus,0.9891,unlabeled
Mystery mystery_431_c006,Mystery mystery,Cuculus micropterus,0.9929,unlabeled
Mystery mystery_431_c007,Mystery mystery,Cuculus micropterus,0.9948,unlabeled
Mystery mystery_431_c008,Mystery mystery,Cuculus micropterus,0.9902,unlabeled
Mystery mystery_431_c009,Mystery mystery,Cuculus micropterus,0.9796,unlabeled
Mystery mystery_431_c010,Mystery mystery,Cuculus micropterus,0.5063,unlabeled
Mystery mystery_431_c011,Mystery mystery,Cuculus micropterus,0.0059,unlabeled
Mystery mystery_431_c012,Mystery mystery,Cuculus micropterus,0.0280,unlabeled
Mystery mystery_432_c000,Mystery mystery,Spelaeornis oatesi,0.1645,unlabeled
Mystery mystery_432_c001,Mystery mystery,Rimator malacoptilus,0.0105,unlabeled
Mystery mystery_432_c002,Mystery mystery,Spelaeornis oatesi,0.1883,unlabeled
Mystery mystery_432_c003,Mystery mystery,Arborophila torqueola,0.0048,unlabeled
Mystery mystery_432_c004,Mystery mystery,Pnoepyga pusilla,0.0029,unlabeled
Mystery mystery_432_c005,Mystery mystery,Pnoepyga pusilla,0.0029,unlabeled
Mystery mystery_432_c006,Mystery mystery,Spelaeornis oatesi,0.1001,unlabeled
Mystery mystery_432_c007,Mystery mystery,Spelaeornis oatesi,0.1243,unlabeled
Mystery mystery_432_c008,Mystery mystery,Pnoepyga pusilla,0.0022,unlabeled
Mystery mystery_432_c009,Mystery mystery,Spelaeornis oatesi,0.1750,unlabeled
Mystery mystery_432_c010,Mystery mystery,Spelaeornis oatesi,0.0193,unlabeled
Mystery mystery_432_c011,Mystery mystery,Spelaeornis oatesi,0.0350,unlabeled
Mystery mystery_432_c012,Mystery mystery,Spelaeornis oatesi,0.0366,unlabeled
Mystery mystery_432_c013,Mystery mystery,Pnoepyga pusilla,0.0078,unlabeled
Mystery mystery_432_c014,Mystery mystery,Pnoepyga pusilla,0.0014,unlabeled
Mystery mystery_433_c000,Mystery mystery,Spelaeornis oatesi,0.8925,unlabeled
Mystery mystery_433_c001,Mystery mystery,Dicaeum minullum,0.0127,unlabeled
Mystery mystery_433_c002,Mystery mystery,Dicaeum minullum,0.0009,unlabeled
Mystery mystery_433_c003,Mystery mystery,Pnoepyga pusilla,0.0002,unlabeled
Mystery mystery_433_c004,Mystery mystery,Phylloscopus inornatus,0.0087,unlabeled
Mystery mystery_433_c005,Mystery mystery,Spelaeornis oatesi,0.8346,unlabeled
Mystery mystery_433_c006,Mystery mystery,Spelaeornis oatesi,0.6997,unlabeled
Mystery mystery_433_c007,Mystery mystery,Spelaeornis oatesi,0.0061,unlabeled
Mystery mystery_433_c008,Mystery mystery,Spelaeornis oatesi,0.8458,unlabeled
Mystery mystery_433_c009,Mystery mystery,Dicaeum minullum,0.0013,unlabeled
Mystery mystery_433_c010,Mystery mystery,Spelaeornis oatesi,0.4088,unlabeled
Mystery mystery_433_c011,Mystery mystery,Spelaeornis oatesi,0.2426,unlabeled
Mystery mystery_433_c012,Mystery mystery,Spelaeornis oatesi,0.8346,unlabeled
Mystery mystery_433_c013,Mystery mystery,Pnoepyga pusilla,0.0140,unlabeled
Mystery mystery_433_c014,Mystery mystery,Spelaeornis oatesi,0.0759,unlabeled
Mystery mystery_433_c015,Mystery mystery,Chloropsis jerdoni,0.0058,unlabeled
Mystery mystery_433_c016,Mystery mystery,Spelaeornis oatesi,0.0795,unlabeled
Mystery mystery_433_c017,Mystery mystery,Spelaeornis oatesi,0.0028,unlabeled
Mystery mystery_433_c018,Mystery mystery,Spelaeornis oatesi,0.5703,unlabeled
Mystery mystery_433_c019,Mystery mystery,Chelidorhynx hypoxanthus,0.0016,unlabeled
Mystery mystery_433_c020,Mystery mystery,Polyplectron bicalcaratum,0.0006,unlabeled
Mystery mystery_433_c021,Mystery mystery,Pnoepyga pusilla,0.0048,unlabeled
Mystery mystery_433_c022,Mystery mystery,Chelidorhynx hypoxanthus,0.0083,unlabeled
Mystery mystery_433_c023,Mystery mystery,Polyplectron bicalcaratum,0.0069,unlabeled
Mystery mystery_433_c024,Mystery mystery,Dicaeum minullum,0.0028,unlabeled
Mystery mystery_434_c000,Mystery mystery,Cuculus micropterus,0.0312,unlabeled
Mystery mystery_434_c001,Mystery mystery,Acridotheres fuscus,0.0064,unlabeled
Mystery mystery_434_c002,Mystery mystery,Cuculus micropterus,0.0053,unlabeled
Mystery mystery_435_c000,Mystery mystery,Pellorneum ruficeps,0.0005,unlabeled
Mystery mystery_436_c000,Mystery mystery,Centropus andamanensis,0.0061,unlabeled
Mystery mystery_437_c000,Mystery mystery,Pellorneum ruficeps,0.0247,unlabeled
Mystery mystery_437_c001,Mystery mystery,Centropus andamanensis,0.0155,unlabeled
Mystery mystery_438_c000,Mystery mystery,Psittacula eupatria,0.3343,unlabeled
Mystery mystery_438_c001,Mystery mystery,Psittacula eupatria,0.0291,unlabeled
Mystery mystery_439_c000,Mystery mystery,Chloropsis cochinchinensis,0.0069,unlabeled
Mystery mystery_439_c001,Mystery mystery,Dicrurus andamanensis,0.0101,unlabeled
Mystery mystery_439_c002,Mystery mystery,Dicaeum chrysorrheum,0.0096,unlabeled
Mystery mystery_439_c003,Mystery mystery,Chloropsis cochinchinensis,0.0032,unlabeled
Mystery mystery_439_c004,Mystery mystery,Dicrurus andamanensis,0.0099,unlabeled
Mystery mystery_439_c005,Mystery mystery,Centropus andamanensis,0.0043,unlabeled
Mystery mystery_440_c000,Mystery mystery,Psittacula eupatria,0.0058,unlabeled
Mystery mystery_441_c000,Mystery mystery,Dicrurus andamanensis,0.0971,unlabeled
Mystery mystery_441_c001,Mystery mystery,Dicrurus andamanensis,0.0710,unlabeled
Mystery mystery_442_c000,Mystery mystery,Glaucidium cuculoides,0.0011,unlabeled
Mystery mystery_442_c001,Mystery mystery,Pellorneum ruficeps,0.0071,unlabeled
Mystery mystery_442_c002,Mystery mystery,Glaucidium cuculoides,0.0355,unlabeled
Mystery mystery_442_c003,Mystery mystery,Glaucidium cuculoides,0.0072,unlabeled
Mystery mystery_442_c004,Mystery mystery,Macronus gularis,0.0058,unlabeled
Mystery mystery_442_c005,Mystery mystery,Glaucidium cuculoides,0.0019,unlabeled
Mystery mystery_442_c006,Mystery mystery,Pellorneum ruficeps,0.0042,unlabeled
Mystery mystery_442_c007,Mystery mystery,Glaucidium cuculoides,0.0026,unlabeled
Mystery mystery_442_c008,Mystery mystery,Glaucidium cuculoides,0.0148,unlabeled
Mystery mystery_442_c009,Mystery mystery,Glaucidium cuculoides,0.0059,unlabeled
Mystery mystery_442_c010,Mystery mystery,Pellorneum ruficeps,0.0054,unlabeled
Mystery mystery_442_c011,Mystery mystery,Macronus gularis,0.0017,unlabeled
Mystery mystery_442_c012,Mystery mystery,Glaucidium cuculoides,0.0020,unlabeled
Mystery mystery_442_c013,Mystery mystery,Pellorneum ruficeps,0.0013,unlabeled
Mystery mystery_442_c014,Mystery mystery,Macronus gularis,0.0032,unlabeled
Mystery mystery_442_c015,Mystery mystery,Macronus gularis,0.0019,unlabeled
Mystery mystery_442_c016,Mystery mystery,Chloropsis cochinchinensis,0.0031,unlabeled
Mystery mystery_442_c017,Mystery mystery,Chloropsis cochinchinensis,0.0006,unlabeled
Mystery mystery_442_c018,Mystery mystery,Pellorneum ruficeps,0.0008,unlabeled
Mystery mystery_442_c019,Mystery mystery,Pellorneum ruficeps,0.0015,unlabeled
Mystery mystery_442_c020,Mystery mystery,Macronus gularis,0.0009,unlabeled
Mystery mystery_442_c021,Mystery mystery,Chloropsis cochinchinensis,0.0008,unlabeled
Mystery mystery_442_c022,Mystery mystery,Pellorneum ruficeps,0.0010,unlabeled
Mystery mystery_442_c023,Mystery mystery,Glaucidium cuculoides,0.0084,unlabeled
Mystery mystery_442_c024,Mystery mystery,Pellorneum ruficeps,0.0025,unlabeled
Mystery mystery_442_c025,Mystery mystery,Pellorneum ruficeps,0.0064,unlabeled
Mystery mystery_442_c026,Mystery mystery,Pellorneum ruficeps,0.0034,unlabeled
Mystery mystery_442_c027,Mystery mystery,Glaucidium cuculoides,0.0036,unlabeled
Mystery mystery_442_c028,Mystery mystery,Cyornis unicolor,0.0020,unlabeled
Mystery mystery_443_c000,Mystery mystery,Macronus gularis,0.0003,unlabeled
Mystery mystery_443_c001,Mystery mystery,Pellorneum ruficeps,0.0010,unlabeled
Mystery mystery_443_c002,Mystery mystery,Pellorneum ruficeps,0.0055,unlabeled
Mystery mystery_443_c003,Mystery mystery,Pellorneum ruficeps,0.0075,unlabeled
Mystery mystery_443_c004,Mystery mystery,Halcyon coromanda,0.0018,unlabeled
Mystery mystery_443_c005,Mystery mystery,Pellorneum ruficeps,0.0001,unlabeled
Mystery mystery_443_c006,Mystery mystery,Pellorneum ruficeps,0.0007,unlabeled
Mystery mystery_443_c007,Mystery mystery,Pellorneum ruficeps,0.0006,unlabeled
Mystery mystery_443_c008,Mystery mystery,Stachyridopsis ambigua,0.0039,unlabeled
Mystery mystery_443_c009,Mystery mystery,Cyornis unicolor,0.0001,unlabeled
Mystery mystery_443_c010,Mystery mystery,Pellorneum ruficeps,0.0010,unlabeled
Mystery mystery_443_c011,Mystery mystery,Polyplectron bicalcaratum,0.0003,unlabeled
Mystery mystery_443_c012,Mystery mystery,Pluvialis squatarola,0.0009,unlabeled
Paradoxornis guttaticollis_1_c000,Paradoxornis guttaticollis,Paradoxornis guttaticollis,0.9998,concordant
Paradoxornis guttaticollis_1_c001,Paradoxornis guttaticollis,Paradoxornis guttaticollis,1.0000,concordant
Paradoxornis guttaticollis_1_c002,Paradoxornis guttaticollis,Paradoxornis guttaticollis,1.0000,concordant
Paradoxornis guttaticollis_1_c003,Paradoxornis guttaticollis,Paradoxornis guttaticollis,1.0000,concordant
Paradoxornis guttaticollis_1_c004,Paradoxornis guttaticollis,Paradoxornis guttaticollis,1.0000,concordant
Paradoxornis guttaticollis_1_c005,Paradoxornis guttaticollis,Paradoxornis guttaticollis,1.0000,concordant
Paradoxornis guttaticollis_1_c006,Paradoxornis guttaticollis,Paradoxornis guttaticollis,0.9999,concordant
Paradoxornis guttaticollis_1_c007,Paradoxornis guttaticollis,Paradoxornis guttaticollis,1.0000,concordant
Paradoxornis guttaticollis_1_c008,Paradoxornis guttaticollis,Paradoxornis guttaticollis,1.0000,concordant
Paradoxornis guttaticollis_1_c009,Paradoxornis guttaticollis,Paradoxornis guttaticollis,1.0000,concordant
Paradoxornis guttaticollis_1_c010,Paradoxornis guttaticollis,Paradoxornis guttaticollis,0.9999,concordant
Paradoxornis guttaticollis_1_c011,Paradoxornis guttaticollis,Paradoxornis guttaticollis,1.0000,concordant
Paradoxornis guttaticollis_2_c000,Paradoxornis guttaticollis,Paradoxornis guttaticollis,0.9402,concordant
Paradoxornis guttaticollis_2_c001,Paradoxornis guttaticollis,Paradoxornis guttaticollis,0.9445,concordant
Paradoxornis guttaticollis_2_c002,Paradoxornis guttaticollis,Paradoxornis guttaticollis,0.0073,empty
Paradoxornis guttaticollis_2_c003,Paradoxornis guttaticollis,Paradoxornis guttaticollis,0.9972,concordant
Paradoxornis guttaticollis_2_c004,Paradoxornis guttaticollis,Paradoxornis guttaticollis,0.9963,concordant
Paradoxornis guttaticollis_2_c005,Paradoxornis guttaticollis,Paradoxornis guttaticollis,0.9945,concordant
Paradoxornis guttaticollis_2_c006,Paradoxornis guttaticollis,Paradoxornis guttaticollis,0.9780,concordant
Paradoxornis guttaticollis_2_c007,Paradoxornis guttaticollis,Paradoxornis guttaticollis,0.9895,concordant
Paradoxornis guttaticollis_2_c008,Paradoxornis guttaticollis,Paradoxornis guttaticollis,0.9798,concordant
Paradoxornis guttaticollis_2_c009,Paradoxornis guttaticollis,Pomatorhinus ruficollis,0.0836,empty
Paradoxornis guttaticollis_2_c010,Paradoxornis guttaticollis,Paradoxornis guttaticollis,0.9965,concordant
Paradoxornis guttaticollis_3_c000,Paradoxornis guttaticollis,Paradoxornis guttaticollis,0.7904,concordant
Paradoxornis guttaticollis_3_c001,Paradoxornis guttaticollis,Paradoxornis guttaticollis,0.0430,empty
Paradoxornis guttaticollis_3_c002,Paradoxornis guttaticollis,Paradoxornis guttaticollis,0.1466,empty
Paradoxornis guttaticollis_4_c000,Paradoxornis guttaticollis,Paradoxornis guttaticollis,0.9997,concordant
Paradoxornis guttaticollis_4_c001,Paradoxornis guttaticollis,Chelidorhynx hypoxanthus,0.0061,empty
Paradoxornis guttaticollis_4_c002,Paradoxornis guttaticollis,Paradoxornis guttaticollis,0.9986,concordant
Paradoxornis guttaticollis_4_c003,Paradoxornis guttaticollis,Chelidorhynx hypoxanthus,0.0019,empty
Paradoxornis guttaticollis_4_c004,Paradoxornis guttaticollis,Paradoxornis guttaticollis,0.9771,concordant
Pellorneum ruficeps_1_c000,Pellorneum ruficeps,Pellorneum ruficeps,0.9680,concordant
Pellorneum ruficeps_1_c001,Pellorneum ruficeps,Pellorneum ruficeps,0.9871,concordant
Pellorneum ruficeps_1_c002,Pellorneum ruficeps,Pellorneum ruficeps,0.9323,concordant
Pellorneum ruficeps_1_c003,Pellorneum ruficeps,Pellorneum ruficeps,0.9790,concordant
Pellorneum ruficeps_2_c000,Pellorneum ruficeps,Pellorneum ruficeps,0.9858,concordant
Pellorneum ruficeps_2_c001,Pellorneum ruficeps,Pellorneum ruficeps,0.4111,ambiguous
Pellorneum ruficeps_2_c002,Pellorneum ruficeps,Pellorneum ruficeps,0.9928,concordant
Pellorneum ruficeps_2_c003,Pellorneum ruficeps,Pellorneum ruficeps,0.9641,concordant
Pellorneum ruficeps_2_c004,Pellorneum ruficeps,Pomatorhinus ruficollis,0.0016,empty
Pellorneum ruficeps_3_c000,Pellorneum ruficeps,Pellorneum ruficeps,0.8951,concordant
Pellorneum ruficeps_3_c001,Pellorneum ruficeps,Pellorneum ruficeps,0.8708,concordant
Pellorneum ruficeps_3_c002,Pellorneum ruficeps,Pellorneum ruficeps,0.9363,concordant
Pellorneum ruficeps_3_c003,Pellorneum ruficeps,Pellorneum ruficeps,0.9759,concordant
Pellorneum ruficeps_3_c004,Pellorneum ruficeps,Pellorneum ruficeps,0.8613,concordant
Pellorneum ruficeps_4_c000,Pellorneum ruficeps,Pellorneum ruficeps,0.9704,concordant
Pellorneum ruficeps_4_c001,Pellorneum ruficeps,Pellorneum ruficeps,0.9755,concordant
Pellorneum ruficeps_4_c002,Pellorneum ruficeps,Pellorneum ruficeps,0.4665,ambiguous
Pellorneum ruficeps_5_c000,Pellorneum ruficeps,Pellorneum ruficeps,0.0823,empty
Pellorneum ruficeps_5_c001,Pellorneum ruficeps,Pellorneum ruficeps,0.0050,empty
Pellorneum ruficeps_5_c002,Pellorneum ruficeps,Cyornis unicolor,0.0057,empty
Pellorneum ruficeps_5_c003,Pellorneum ruficeps,Pellorneum ruficeps,0.0030,empty
Pellorneum ruficeps_5_c004,Pellorneum ruficeps,Pellorneum ruficeps,0.0834,empty
Pellorneum ruficeps_5_c005,Pellorneum ruficeps,Cyornis unicolor,0.0175,empty
Pellorneum ruficeps_5_c006,Pellorneum ruficeps,Pellorneum ruficeps,0.0687,empty
Pellorneum ruficeps_5_c007,Pellorneum ruficeps,Pellorneum ruficeps,0.0151,empty
Pellorneum ruficeps_5_c008,Pellorneum ruficeps,Pellorneum ruficeps,0.0334,empty
Pellorneum ruficeps_5_c009,Pellorneum ruficeps,Pellorneum ruficeps,0.0009,empty
Pellorneum ruficeps_6_c000,Pellorneum ruficeps,Pellorneum ruficeps,0.3236,ambiguous
Pellorneum ruficeps_7_c000,Pellorneum ruficeps,Pellorneum ruficeps,0.9802,concordant
Pellorneum ruficeps_7_c001,Pellorneum ruficeps,Pellorneum ruficeps,0.8174,concordant
Pellorneum ruficeps_7_c002,Pellorneum ruficeps,Pellorneum ruficeps,0.9887,concordant
Pellorneum ruficeps_7_c003,Pellorneum ruficeps,Phylloscopus inornatus,0.0871,empty
Pellorneum ruficeps_7_c004,Pellorneum ruficeps,Pellorneum ruficeps,0.5459,concordant
Pellorneum ruficeps_7_c005,Pellorneum ruficeps,Pellorneum ruficeps,0.9759,concordant
Pellorneum ruficeps_8_c000,Pellorneum ruficeps,Pellorneum ruficeps,0.0343,empty
Pellorneum ruficeps_8_c001,Pellorneum ruficeps,Macronus gularis,0.0354,empty
Pellorneum ruficeps_8_c002,Pellorneum ruficeps,Pellorneum ruficeps,0.0236,empty
Pellorneum ruficeps_8_c003,Pellorneum ruficeps,Pellorneum ruficeps,0.0431,empty
Pellorneum ruficeps_8_c004,Pellorneum ruficeps,Pellorneum ruficeps,0.0715,empty
Pellorneum ruficeps_8_c005,Pellorneum ruficeps,Pellorneum ruficeps,0.0227,empty
Pellorneum ruficeps_8_c006,Pellorneum ruficeps,Pellorneum ruficeps,0.0594,empty
Pellorneum ruficeps_8_c007,Pellorneum ruficeps,Pellorneum ruficeps,0.0460,empty
Pellorneum ruficeps_8_c008,Pellorneum ruficeps,Pellorneum ruficeps,0.0080,empty
Pellorneum ruficeps_8_c009,Pellorneum ruficeps,Macronus gularis,0.3268,ambiguous
Pellorneum ruficeps_8_c010,Pellorneum ruficeps,Cyornis poliogenys,0.2056,ambiguous
Pellorneum ruficeps_8_c011,Pellorneum ruficeps,Cyornis poliogenys,0.1038,empty
Pellorneum ruficeps_8_c012,Pellorneum ruficeps,Cyornis poliogenys,0.1009,empty
Pellorneum ruficeps_8_c013,Pellorneum ruficeps,Macronus gularis,0.0959,empty
Pellorneum ruficeps_8_c014,Pellorneum ruficeps,Cyornis poliogenys,0.2872,ambiguous
Pellorneum ruficeps_8_c015,Pellorneum ruficeps,Pellorneum ruficeps,0.0518,empty
Pellorneum ruficeps_8_c016,Pellorneum ruficeps,Cyornis poliogenys,0.1576,empty
Pellorneum ruficeps_8_c017,Pellorneum ruficeps,Pellorneum ruficeps,0.0338,empty
Pellorneum ruficeps_8_c018,Pellorneum ruficeps,Macronus gularis,0.0285,empty
Pellorneum ruficeps_8_c019,Pellorneum ruficeps,Macronus gularis,0.1081,empty
Pellorneum ruficeps_8_c020,Pellorneum ruficeps,Pellorneum ruficeps,0.0475,empty
Pellorneum ruficeps_8_c021,Pellorneum ruficeps,Pellorneum ruficeps,0.0378,empty
Pellorneum ruficeps_8_c022,Pellorneum ruficeps,Cyornis poliogenys,0.0246,empty
Pellorneum ruficeps_9_c000,Pellorneum ruficeps,Pellorneum ruficeps,0.7510,concordant
Pellorneum ruficeps_9_c001,Pellorneum ruficeps,Pellorneum ruficeps,0.0899,empty
Pellorneum ruficeps_9_c002,Pellorneum ruficeps,Pellorneum ruficeps,0.1879,empty
Pellorneum ruficeps_9_c003,Pellorneum ruficeps,Pellorneum ruficeps,0.8805,concordant
Pellorneum ruficeps_9_c004,Pellorneum ruficeps,Pellorneum ruficeps,0.0457,empty
Pellorneum ruficeps_9_c005,Pellorneum ruficeps,Chloropsis cochinchinensis,0.0009,empty
Pellorneum ruficeps_9_c006,Pellorneum ruficeps,Chloropsis cochinchinensis,0.0061,empty
Pellorneum ruficeps_9_c007,Pellorneum ruficeps,Pellorneum ruficeps,0.5585,concordant
Pellorneum ruficeps_9_c008,Pellorneum ruficeps,Pellorneum ruficeps,0.0212,empty
Pellorneum ruficeps_9_c009,Pellorneum ruficeps,Psittacula eupatria,0.0160,empty
Pellorneum ruficeps_9_c010,Pellorneum ruficeps,Chloropsis cochinchinensis,0.0034,empty
Pellorneum ruficeps_10_c000,Pellorneum ruficeps,Pellorneum ruficeps,0.6625,concordant
Pellorneum ruficeps_10_c001,Pellorneum ruficeps,Pellorneum ruficeps,0.9641,concordant
Pellorneum ruficeps_10_c002,Pellorneum ruficeps,Pellorneum ruficeps,0.5546,concordant
Pellorneum ruficeps_10_c003,Pellorneum ruficeps,Pellorneum ruficeps,0.3335,ambiguous
Pellorneum ruficeps_10_c004,Pellorneum ruficeps,Pellorneum ruficeps,0.0358,empty
Pellorneum ruficeps_11_c000,Pellorneum ruficeps,Pellorneum ruficeps,0.9887,concordant
Pellorneum ruficeps_11_c001,Pellorneum ruficeps,Pellorneum ruficeps,0.9750,concordant
Pellorneum ruficeps_11_c002,Pellorneum ruficeps,Pellorneum ruficeps,0.9709,concordant
Pellorneum ruficeps_11_c003,Pellorneum ruficeps,Pellorneum ruficeps,0.9933,concordant
Pellorneum ruficeps_11_c004,Pellorneum ruficeps,Pellorneum ruficeps,0.9783,concordant
Pellorneum ruficeps_11_c005,Pellorneum ruficeps,Pellorneum ruficeps,0.9773,concordant
Pellorneum ruficeps_11_c006,Pellorneum ruficeps,Pellorneum ruficeps,0.9451,concordant
Pellorneum ruficeps_11_c007,Pellorneum ruficeps,Pellorneum ruficeps,0.9859,concordant
Pellorneum ruficeps_11_c008,Pellorneum ruficeps,Pellorneum ruficeps,0.9873,concordant
Pellorneum ruficeps_11_c009,Pellorneum ruficeps,Pellorneum ruficeps,0.9757,concordant
Pellorneum ruficeps_12_c000,Pellorneum ruficeps,Pellorneum ruficeps,0.1757,empty
Pellorneum ruficeps_12_c001,Pellorneum ruficeps,Pellorneum ruficeps,0.0456,empty
Pellorneum ruficeps_12_c002,Pellorneum ruficeps,Pellorneum ruficeps,0.2169,ambiguous
Pellorneum ruficeps_12_c003,Pellorneum ruficeps,Pellorneum ruficeps,0.0175,empty
Pellorneum ruficeps_13_c000,Pellorneum ruficeps,Pellorneum ruficeps,0.9667,concordant
Pellorneum ruficeps_13_c001,Pellorneum ruficeps,Pellorneum ruficeps,0.9890,concordant
Pellorneum ruficeps_13_c002,Pellorneum ruficeps,Pellorneum ruficeps,0.9411,concordant
Pellorneum ruficeps_13_c003,Pellorneum ruficeps,Pellorneum ruficeps,0.9508,concordant
Pellorneum ruficeps_14_c000,Pellorneum ruficeps,Pellorneum ruficeps,0.9823,concordant
Pellorneum ruficeps_14_c001,Pellorneum ruficeps,Pellorneum ruficeps,0.8475,concordant
Pellorneum ruficeps_14_c002,Pellorneum ruficeps,Pellorneum ruficeps,0.9854,concordant
Pellorneum ruficeps_14_c003,Pellorneum ruficeps,Pellorneum ruficeps,0.9937,concordant
Pellorneum ruficeps_14_c004,Pellorneum ruficeps,Pellorneum ruficeps,0.9108,concordant
Pellorneum ruficeps_14_c005,Pellorneum ruficeps,Pellorneum ruficeps,0.9560,concordant
Pellorneum ruficeps_14_c006,Pellorneum ruficeps,Pellorneum ruficeps,0.9336,concordant
Pellorneum ruficeps_14_c007,Pellorneum ruficeps,Pellorneum ruficeps,0.9860,concordant
Pellorneum ruficeps_14_c008,Pellorneum ruficeps,Pellorneum ruficeps,0.7052,concordant
Pellorneum ruficeps_14_c009,Pellorneum ruficeps,Pellorneum ruficeps,0.9372,concordant
Pellorneum ruficeps_14_c010,Pellorneum ruficeps,Pellorneum ruficeps,0.9877,concordant
Pellorneum ruficeps_14_c011,Pellorneum ruficeps,Pellorneum ruficeps,0.7863,concordant
Pellorneum ruficeps_14_c012,Pellorneum ruficeps,Pellorneum ruficeps,0.9720,concordant
Pellorneum ruficeps_14_c013,Pellorneum ruficeps,Pellorneum ruficeps,0.9961,concordant
Pellorneum ruficeps_14_c014,Pellorneum ruficeps,Pellorneum ruficeps,0.9984,concordant
Pellorneum ruficeps_15_c000,Pellorneum ruficeps,Pellorneum ruficeps,0.9162,concordant
Pellorneum ruficeps_15_c001,Pellorneum ruficeps,Pellorneum ruficeps,0.7063,concordant
Pellorneum ruficeps_15_c002,Pellorneum ruficeps,Pellorneum ruficeps,0.8866,concordant
Pellorneum ruficeps_15_c003,Pellorneum ruficeps,Pellorneum ruficeps,0.6321,concordant
Pellorneum ruficeps_15_c004,Pellorneum ruficeps,Pellorneum ruficeps,0.7918,concordant
Pellorneum ruficeps_15_c005,Pellorneum ruficeps,Pellorneum ruficeps,0.8867,concordant
Pellorneum ruficeps_15_c006,Pellorneum ruficeps,Pellorneum ruficeps,0.2756,ambiguous
Pellorneum ruficeps_16_c000,Pellorneum ruficeps,Pellorneum ruficeps,0.9399,concordant
Pellorneum ruficeps_16_c001,Pellorneum ruficeps,Pellorneum ruficeps,0.5965,concordant
Pellorneum ruficeps_16_c002,Pellorneum ruficeps,Pellorneum ruficeps,0.9594,concordant
Pellorneum ruficeps_16_c003,Pellorneum ruficeps,Pellorneum ruficeps,0.7879,concordant
Pellorneum ruficeps_16_c004,Pellorneum ruficeps,Pellorneum ruficeps,0.3872,ambiguous
Pellorneum ruficeps_16_c005,Pellorneum ruficeps,Pellorneum ruficeps,0.7823,concordant
Pellorneum ruficeps_16_c006,Pellorneum ruficeps,Pellorneum ruficeps,0.4580,ambiguous
Pellorneum ruficeps_16_c007,Pellorneum ruficeps,Pellorneum ruficeps,0.4550,ambiguous
Pellorneum ruficeps_16_c008,Pellorneum ruficeps,Pellorneum ruficeps,0.7948,concordant
Pellorneum ruficeps_16_c009,Pellorneum ruficeps,Pellorneum ruficeps,0.9308,concordant
Pellorneum ruficeps_16_c010,Pellorneum ruficeps,Pellorneum ruficeps,0.9616,concordant
Pellorneum ruficeps_16_c011,Pellorneum ruficeps,Pellorneum ruficeps,0.8603,concordant
Pellorneum ruficeps_16_c012,Pellorneum ruficeps,Pellorneum ruficeps,0.9711,concordant
Pellorneum ruficeps_16_c013,Pellorneum ruficeps,Pellorneum ruficeps,0.8317,concordant
Pellorneum ruficeps_16_c014,Pellorneum ruficeps,Pellorneum ruficeps,0.8530,concordant
Pellorneum ruficeps_16_c015,Pellorneum ruficeps,Pellorneum ruficeps,0.9259,concordant
Pellorneum ruficeps_16_c016,Pellorneum ruficeps,Pellorneum ruficeps,0.7989,concordant
Pellorneum ruficeps_16_c017,Pellorneum ruficeps,Pellorneum ruficeps,0.9075,concordant
Pellorneum ruficeps_16_c018,Pellorneum ruficeps,Pellorneum ruficeps,0.9687,concordant
Pellorneum ruficeps_16_c019,Pellorneum ruficeps,Pellorneum ruficeps,0.9203,concordant
Pellorneum ruficeps_16_c020,Pellorneum ruficeps,Pellorneum ruficeps,0.3358,ambiguous
Pellorneum ruficeps_16_c021,Pellorneum ruficeps,Pellorneum ruficeps,0.8050,concordant
Pellorneum ruficeps_16_c022,Pellorneum ruficeps,Pellorneum ruficeps,0.8313,concordant
Pellorneum ruficeps_16_c023,Pellorneum ruficeps,Pellorneum ruficeps,0.9309,concordant
Pellorneum ruficeps_16_c024,Pellorneum ruficeps,Pellorneum ruficeps,0.7963,concordant
Pellorneum ruficeps_16_c025,Pellorneum ruficeps,Pellorneum ruficeps,0.9806,concordant
Pellorneum ruficeps_17_c000,Pellorneum ruficeps,Pellorneum ruficeps,0.0356,empty
Pellorneum ruficeps_17_c001,Pellorneum ruficeps,Pellorneum ruficeps,0.9085,concordant
Pellorneum ruficeps_17_c002,Pellorneum ruficeps,Pellorneum ruficeps,0.1490,empty
Pellorneum ruficeps_17_c003,Pellorneum ruficeps,Pellorneum ruficeps,0.1847,empty
Pellorneum ruficeps_17_c004,Pellorneum ruficeps,Pellorneum ruficeps,0.0225,empty
Pellorneum ruficeps_17_c005,Pellorneum ruficeps,Pellorneum ruficeps,0.9351,concordant
Pellorneum ruficeps_17_c006,Pellorneum ruficeps,Pellorneum ruficeps,0.2810,ambiguous
Pellorneum ruficeps_17_c007,Pellorneum ruficeps,Pellorneum ruficeps,0.8084,concordant
Pellorneum ruficeps_17_c008,Pellorneum ruficeps,Loriculus vernalis,0.0034,empty
Pellorneum ruficeps_17_c009,Pellorneum ruficeps,Loriculus vernalis,0.0185,empty
Pellorneum ruficeps_17_c010,Pellorneum ruficeps,Loriculus vernalis,0.0174,empty
Pellorneum ruficeps_17_c011,Pellorneum ruficeps,Pellorneum ruficeps,0.9707,concordant
Pellorneum ruficeps_17_c012,Pellorneum ruficeps,Pellorneum ruficeps,0.9519,concordant
Pellorneum ruficeps_17_c013,Pellorneum ruficeps,Loriculus vernalis,0.0743,empty
Pellorneum ruficeps_17_c014,Pellorneum ruficeps,Pellorneum ruficeps,0.0292,empty
Pellorneum ruficeps_17_c015,Pellorneum ruficeps,Pellorneum ruficeps,0.8480,concordant
Pellorneum ruficeps_17_c016,Pellorneum ruficeps,Pellorneum ruficeps,0.7907,concordant
Pellorneum ruficeps_17_c017,Pellorneum ruficeps,Pellorneum ruficeps,0.6747,concordant
Pellorneum ruficeps_18_c000,Pellorneum ruficeps,Pellorneum ruficeps,0.0752,empty
Pellorneum ruficeps_18_c001,Pellorneum ruficeps,Pellorneum ruficeps,0.5634,concordant
Pellorneum ruficeps_18_c002,Pellorneum ruficeps,Pellorneum ruficeps,0.2505,ambiguous
Pellorneum ruficeps_18_c003,Pellorneum ruficeps,Pellorneum ruficeps,0.1886,empty
Pellorneum ruficeps_19_c000,Pellorneum ruficeps,Pellorneum ruficeps,0.8519,concordant
Pellorneum ruficeps_19_c001,Pellorneum ruficeps,Pellorneum ruficeps,0.9072,concordant
Pellorneum ruficeps_19_c002,Pellorneum ruficeps,Pellorneum ruficeps,0.2332,ambiguous
Pellorneum ruficeps_20_c000,Pellorneum ruficeps,Pellorneum ruficeps,0.9744,concordant
Pellorneum ruficeps_20_c001,Pellorneum ruficeps,Pellorneum ruficeps,0.9545,concordant
Pellorneum ruficeps_20_c002,Pellorneum ruficeps,Pellorneum ruficeps,0.9502,concordant
Pellorneum ruficeps_20_c003,Pellorneum ruficeps,Pellorneum ruficeps,0.9150,concordant
Pellorneum ruficeps_21_c000,Pellorneum ruficeps,Pellorneum ruficeps,0.9920,concordant
Pellorneum ruficeps_21_c001,Pellorneum ruficeps,Pellorneum ruficeps,0.9839,concordant
Pellorneum ruficeps_21_c002,Pellorneum ruficeps,Pellorneum ruficeps,0.9583,concordant
Pellorneum ruficeps_21_c003,Pellorneum ruficeps,Pellorneum ruficeps,0.9572,concordant
Pellorneum ruficeps_22_c000,Pellorneum ruficeps,Pellorneum ruficeps,0.9864,concordant
Pellorneum ruficeps_22_c001,Pellorneum ruficeps,Pellorneum ruficeps,0.9776,concordant
Pellorneum ruficeps_22_c002,Pellorneum ruficeps,Pellorneum ruficeps,0.9914,concordant
Pellorneum ruficeps_23_c000,Pellorneum ruficeps,Pellorneum ruficeps,0.9073,concordant
Pellorneum ruficeps_23_c001,Pellorneum ruficeps,Pellorneum ruficeps,0.9461,concordant
Pellorneum ruficeps_23_c002,Pellorneum ruficeps,Pellorneum ruficeps,0.8794,concordant
Pellorneum ruficeps_23_c003,Pellorneum ruficeps,Pellorneum ruficeps,0.8326,concordant
Pellorneum ruficeps_23_c004,Pellorneum ruficeps,Pellorneum ruficeps,0.9716,concordant
Pellorneum ruficeps_23_c005,Pellorneum ruficeps,Pellorneum ruficeps,0.9555,concordant
Pellorneum ruficeps_23_c006,Pellorneum ruficeps,Pellorneum ruficeps,0.9432,concordant
Pellorneum ruficeps_23_c007,Pellorneum ruficeps,Pellorneum ruficeps,0.8208,concordant
Pellorneum ruficeps_23_c008,Pellorneum ruficeps,Pellorneum ruficeps,0.9227,concordant
Pellorneum ruficeps_23_c009,Pellorneum ruficeps,Pellorneum ruficeps,0.9222,concordant
Pellorneum ruficeps_23_c010,Pellorneum ruficeps,Pellorneum ruficeps,0.9768,concordant
Pellorneum ruficeps_23_c011,Pellorneum ruficeps,Pellorneum ruficeps,0.9359,concordant
Pellorneum ruficeps_23_c012,Pellorneum ruficeps,Pellorneum ruficeps,0.9072,concordant
Pellorneum ruficeps_23_c013,Pellorneum ruficeps,Pellorneum ruficeps,0.9670,concordant
Pellorneum ruficeps_23_c014,Pellorneum ruficeps,Pellorneum ruficeps,0.9840,concordant
Pellorneum ruficeps_23_c015,Pellorneum ruficeps,Pellorneum ruficeps,0.9167,concordant
Pellorneum ruficeps_24_c000,Pellorneum ruficeps,Pellorneum ruficeps,0.9528,concordant
Pellorneum ruficeps_24_c001,Pellorneum ruficeps,Pellorneum ruficeps,0.2174,ambiguous
Pellorneum ruficeps_25_c000,Pellorneum ruficeps,Pellorneum ruficeps,0.9965,concordant
Pellorneum ruficeps_25_c001,Pellorneum ruficeps,Pellorneum ruficeps,0.9859,concordant
Pellorneum ruficeps_25_c002,Pellorneum ruficeps,Pellorneum ruficeps,0.9807,concordant
Pellorneum ruficeps_25_c003,Pellorneum ruficeps,Pellorneum ruficeps,0.9907,concordant
Pellorneum ruficeps_25_c004,Pellorneum ruficeps,Pellorneum ruficeps,0.9893,concordant
Pellorneum ruficeps_25_c005,Pellorneum ruficeps,Pellorneum ruficeps,0.9923,concordant
Pellorneum ruficeps_26_c000,Pellorneum ruficeps,Pellorneum ruficeps,0.9875,concordant
Pellorneum ruficeps_26_c001,Pellorneum ruficeps,Pellorneum ruficeps,0.9752,concordant
Pellorneum ruficeps_26_c002,Pellorneum ruficeps,Pellorneum ruficeps,0.9657,concordant
Pellorneum ruficeps_26_c003,Pellorneum ruficeps,Pellorneum ruficeps,0.8714,concordant
Pellorneum ruficeps_26_c004,Pellorneum ruficeps,Pellorneum ruficeps,0.9821,concordant
Pellorneum ruficeps_26_c005,Pellorneum ruficeps,Pellorneum ruficeps,0.9664,concordant
Pellorneum ruficeps_26_c006,Pellorneum ruficeps,Pellorneum ruficeps,0.9705,concordant
Pellorneum ruficeps_26_c007,Pellorneum ruficeps,Pellorneum ruficeps,0.9798,concordant
Pellorneum ruficeps_26_c008,Pellorneum ruficeps,Pellorneum ruficeps,0.9061,concordant
Pellorneum ruficeps_26_c009,Pellorneum ruficeps,Pellorneum ruficeps,0.9869,concordant
Pellorneum ruficeps_26_c010,Pellorneum ruficeps,Pellorneum ruficeps,0.9661,concordant
Pellorneum ruficeps_26_c011,Pellorneum ruficeps,Pellorneum ruficeps,0.9766,concordant
Pellorneum ruficeps_26_c012,Pellorneum ruficeps,Pellorneum ruficeps,0.9561,concordant
Pellorneum ruficeps_26_c013,Pellorneum ruficeps,Pellorneum ruficeps,0.9691,concordant
Pellorneum ruficeps_26_c014,Pellorneum ruficeps,Pellorneum ruficeps,0.9558,concordant
Pellorneum ruficeps_26_c015,Pellorneum ruficeps,Pellorneum ruficeps,0.9755,concordant
Pellorneum ruficeps_26_c016,Pellorneum ruficeps,Pellorneum ruficeps,0.9693,concordant
Pellorneum ruficeps_26_c017,Pellorneum ruficeps,Pellorneum ruficeps,0.9788,concordant
Pellorneum ruficeps_26_c018,Pellorneum ruficeps,Pellorneum ruficeps,0.9382,concordant
Pellorneum ruficeps_27_c000,Pellorneum ruficeps,Pellorneum ruficeps,0.9695,concordant
Pellorneum ruficeps_27_c001,Pellorneum ruficeps,Pellorneum ruficeps,0.9913,concordant
Pellorneum ruficeps_27_c002,Pellorneum ruficeps,Pellorneum ruficeps,0.9796,concordant
Pellorneum ruficeps_27_c003,Pellorneum ruficeps,Pellorneum ruficeps,0.9692,concordant
Pellorneum ruficeps_27_c004,Pellorneum ruficeps,Pellorneum ruficeps,0.9813,concordant
Pellorneum ruficeps_28_c000,Pellorneum ruficeps,Pellorneum ruficeps,0.9056,concordant
Pellorneum ruficeps_28_c001,Pellorneum ruficeps,Pellorneum ruficeps,0.9637,concordant
Pellorneum ruficeps_28_c002,Pellorneum ruficeps,Pellorneum ruficeps,0.9820,concordant
Pellorneum ruficeps_28_c003,Pellorneum ruficeps,Pellorneum ruficeps,0.9609,concordant
Pellorneum ruficeps_29_c000,Pellorneum ruficeps,Pellorneum ruficeps,0.9679,concordant
Pellorneum ruficeps_29_c001,Pellorneum ruficeps,Cyornis concretus,0.0463,empty
Pellorneum ruficeps_29_c002,Pellorneum ruficeps,Cyornis concretus,0.0270,empty
Pellorneum ruficeps_29_c003,Pellorneum ruficeps,Acrocephalus bistrigiceps,0.0020,empty
Pellorneum ruficeps_30_c000,Pellorneum ruficeps,Pellorneum ruficeps,0.9322,concordant
Pellorneum ruficeps_31_c000,Pellorneum ruficeps,Pellorneum ruficeps,0.9974,concordant
Pellorneum ruficeps_32_c000,Pellorneum ruficeps,Pellorneum ruficeps,0.8313,concordant
Pellorneum ruficeps_32_c001,Pellorneum ruficeps,Pellorneum ruficeps,0.0023,empty
Pellorneum ruficeps_32_c002,Pellorneum ruficeps,Pellorneum ruficeps,0.8475,concordant
Pellorneum ruficeps_32_c003,Pellorneum ruficeps,Pellorneum ruficeps,0.8187,concordant
Pellorneum ruficeps_32_c004,Pellorneum ruficeps,Pellorneum ruficeps,0.9363,concordant
Pellorneum ruficeps_32_c005,Pellorneum ruficeps,Pellorneum ruficeps,0.9154,concordant
Pellorneum ruficeps_32_c006,Pellorneum ruficeps,Pellorneum ruficeps,0.2199,ambiguous
Pellorneum ruficeps_32_c007,Pellorneum ruficeps,Pellorneum ruficeps,0.3341,ambiguous
Pellorneum ruficeps_32_c008,Pellorneum ruficeps,Pellorneum ruficeps,0.2764,ambiguous
Pellorneum ruficeps_32_c009,Pellorneum ruficeps,Pellorneum ruficeps,0.1261,empty
Pellorneum ruficeps_32_c010,Pellorneum ruficeps,Pellorneum ruficeps,0.0784,empty
Pellorneum ruficeps_32_c011,Pellorneum ruficeps,Pellorneum ruficeps,0.0845,empty
Pellorneum ruficeps_32_c012,Pellorneum ruficeps,Pellorneum ruficeps,0.0428,empty
Pellorneum ruficeps_32_c013,Pellorneum ruficeps,Pellorneum ruficeps,0.5768,concordant
Pellorneum ruficeps_32_c014,Pellorneum ruficeps,Pellorneum ruficeps,0.9093,concordant
Pellorneum ruficeps_32_c015,Pellorneum ruficeps,Pellorneum ruficeps,0.8600,concordant
Pellorneum ruficeps_32_c016,Pellorneum ruficeps,Pellorneum ruficeps,0.1006,empty
Pellorneum ruficeps_32_c017,Pellorneum ruficeps,Pellorneum ruficeps,0.7452,concordant
Pellorneum ruficeps_32_c018,Pellorneum ruficeps,Pellorneum ruficeps,0.1291,empty
Pellorneum ruficeps_32_c019,Pellorneum ruficeps,Pellorneum ruficeps,0.9671,concordant
Pellorneum ruficeps_32_c020,Pellorneum ruficeps,Pellorneum ruficeps,0.6915,concordant
Pellorneum ruficeps_32_c021,Pellorneum ruficeps,Pellorneum ruficeps,0.8705,concordant
Pellorneum ruficeps_32_c022,Pellorneum ruficeps,Pellorneum ruficeps,0.3691,ambiguous
Pellorneum ruficeps_32_c023,Pellorneum ruficeps,Pellorneum ruficeps,0.1312,empty
Pellorneum ruficeps_32_c024,Pellorneum ruficeps,Cuculus micropterus,0.0299,empty
Pellorneum ruficeps_32_c025,Pellorneum ruficeps,Pellorneum ruficeps,0.9524,concordant
Pellorneum ruficeps_32_c026,Pellorneum ruficeps,Pellorneum ruficeps,0.8413,concordant
Pellorneum ruficeps_32_c027,Pellorneum ruficeps,Pellorneum ruficeps,0.8975,concordant
Pellorneum ruficeps_32_c028,Pellorneum ruficeps,Pellorneum ruficeps,0.9216,concordant
Pellorneum ruficeps_32_c029,Pellorneum ruficeps,Pellorneum ruficeps,0.9159,concordant
Pellorneum ruficeps_32_c030,Pellorneum ruficeps,Pellorneum ruficeps,0.7537,concordant
Pellorneum ruficeps_32_c031,Pellorneum ruficeps,Pellorneum ruficeps,0.0187,empty
Pellorneum ruficeps_32_c032,Pellorneum ruficeps,Pellorneum ruficeps,0.0118,empty
Pellorneum ruficeps_32_c033,Pellorneum ruficeps,Pellorneum ruficeps,0.8808,concordant
Pellorneum ruficeps_32_c034,Pellorneum ruficeps,Pellorneum ruficeps,0.8762,concordant
Pellorneum ruficeps_32_c035,Pellorneum ruficeps,Pellorneum ruficeps,0.8741,concordant
Pellorneum ruficeps_32_c036,Pellorneum ruficeps,Pellorneum ruficeps,0.9753,concordant
Pellorneum ruficeps_32_c037,Pellorneum ruficeps,Pellorneum ruficeps,0.2281,ambiguous
Pellorneum ruficeps_32_c038,Pellorneum ruficeps,Pellorneum ruficeps,0.2371,ambiguous
Pellorneum ruficeps_32_c039,Pellorneum ruficeps,Pellorneum ruficeps,0.9184,concordant
Pellorneum ruficeps_32_c040,Pellorneum ruficeps,Pellorneum ruficeps,0.9331,concordant
Pellorneum ruficeps_32_c041,Pellorneum ruficeps,Pellorneum ruficeps,0.0089,empty
Pellorneum ruficeps_33_c000,Pellorneum ruficeps,Pellorneum ruficeps,0.9766,concordant
Pellorneum ruficeps_33_c001,Pellorneum ruficeps,Pellorneum ruficeps,0.9630,concordant
Pellorneum ruficeps_33_c002,Pellorneum ruficeps,Pellorneum ruficeps,0.9190,concordant
Pellorneum ruficeps_33_c003,Pellorneum ruficeps,Pellorneum ruficeps,0.9398,concordant
Pellorneum ruficeps_34_c000,Pellorneum ruficeps,Pellorneum ruficeps,0.9146,concordant
Pellorneum ruficeps_34_c001,Pellorneum ruficeps,Pellorneum ruficeps,0.6578,concordant
Pellorneum ruficeps_34_c002,Pellorneum ruficeps,Chloropsis jerdoni,0.0137,empty
Pellorneum ruficeps_35_c000,Pellorneum ruficeps,Pellorneum ruficeps,0.2855,ambiguous
Pellorneum ruficeps_35_c001,Pellorneum ruficeps,Pellorneum ruficeps,0.7445,concordant
Pellorneum ruficeps_35_c002,Pellorneum ruficeps,Centropus andamanensis,0.0045,empty
Pellorneum ruficeps_36_c000,Pellorneum ruficeps,Pellorneum ruficeps,0.9758,concordant
Pellorneum ruficeps_36_c001,Pellorneum ruficeps,Pellorneum ruficeps,0.9672,concordant
Pellorneum ruficeps_36_c002,Pellorneum ruficeps,Pellorneum ruficeps,0.8539,concordant
Pellorneum ruficeps_37_c000,Pellorneum ruficeps,Pellorneum ruficeps,0.0073,empty
Pellorneum ruficeps_37_c001,Pellorneum ruficeps,Pellorneum ruficeps,0.0705,empty
Pellorneum ruficeps_37_c002,Pellorneum ruficeps,Pellorneum ruficeps,0.6735,concordant
Pellorneum ruficeps_37_c003,Pellorneum ruficeps,Pellorneum ruficeps,0.9786,concordant
Pellorneum ruficeps_37_c004,Pellorneum ruficeps,Pellorneum ruficeps,0.3038,ambiguous
Pellorneum ruficeps_37_c005,Pellorneum ruficeps,Pellorneum ruficeps,0.4079,ambiguous
Pellorneum ruficeps_37_c006,Pellorneum ruficeps,Pellorneum ruficeps,0.0710,empty
Pellorneum ruficeps_38_c000,Pellorneum ruficeps,Pellorneum ruficeps,0.1878,empty
Pellorneum ruficeps_38_c001,Pellorneum ruficeps,Pellorneum ruficeps,0.7814,concordant
Pellorneum ruficeps_38_c002,Pellorneum ruficeps,Pellorneum ruficeps,0.7128,concordant
Pellorneum ruficeps_38_c003,Pellorneum ruficeps,Pellorneum ruficeps,0.0084,empty
Pellorneum ruficeps_39_c000,Pellorneum ruficeps,Pellorneum ruficeps,0.9856,concordant
Pellorneum ruficeps_39_c001,Pellorneum ruficeps,Pellorneum ruficeps,0.9752,concordant
Pellorneum ruficeps_39_c002,Pellorneum ruficeps,Pellorneum ruficeps,0.9563,concordant
Pellorneum ruficeps_39_c003,Pellorneum ruficeps,Pellorneum ruficeps,0.9731,concordant
Pellorneum ruficeps_39_c004,Pellorneum ruficeps,Pellorneum ruficeps,0.6402,concordant
Pellorneum ruficeps_39_c005,Pellorneum ruficeps,Pellorneum ruficeps,0.9944,concordant
Pellorneum ruficeps_40_c000,Pellorneum ruficeps,Pellorneum ruficeps,0.7671,concordant
Pellorneum ruficeps_40_c001,Pellorneum ruficeps,Pellorneum ruficeps,0.9203,concordant
Pellorneum ruficeps_40_c002,Pellorneum ruficeps,Pellorneum ruficeps,0.7190,concordant
Pellorneum ruficeps_40_c003,Pellorneum ruficeps,Pellorneum ruficeps,0.7262,concordant
Pellorneum ruficeps_40_c004,Pellorneum ruficeps,Pellorneum ruficeps,0.5044,concordant
Pellorneum ruficeps_40_c005,Pellorneum ruficeps,Pellorneum ruficeps,0.0119,empty
Pellorneum ruficeps_40_c006,Pellorneum ruficeps,Pellorneum ruficeps,0.0074,empty
Pellorneum ruficeps_40_c007,Pellorneum ruficeps,Pellorneum ruficeps,0.4448,ambiguous
Pellorneum ruficeps_40_c008,Pellorneum ruficeps,Pellorneum ruficeps,0.1475,empty
Pellorneum ruficeps_40_c009,Pellorneum ruficeps,Pellorneum ruficeps,0.9574,concordant
Pellorneum ruficeps_40_c010,Pellorneum ruficeps,Psittacula eupatria,0.0053,empty
Pellorneum ruficeps_40_c011,Pellorneum ruficeps,Pellorneum ruficeps,0.7907,concordant
Pellorneum ruficeps_40_c012,Pellorneum ruficeps,Pellorneum ruficeps,0.7201,concordant
Pellorneum ruficeps_40_c013,Pellorneum ruficeps,Pellorneum ruficeps,0.6819,concordant
Pellorneum ruficeps_40_c014,Pellorneum ruficeps,Pellorneum ruficeps,0.0074,empty
Pellorneum ruficeps_41_c000,Pellorneum ruficeps,Pellorneum ruficeps,0.7612,concordant
Pellorneum ruficeps_41_c001,Pellorneum ruficeps,Pellorneum ruficeps,0.9022,concordant
Pellorneum ruficeps_41_c002,Pellorneum ruficeps,Pellorneum ruficeps,0.0047,empty
Pellorneum ruficeps_41_c003,Pellorneum ruficeps,Pellorneum ruficeps,0.9230,concordant
Pellorneum ruficeps_41_c004,Pellorneum ruficeps,Pellorneum ruficeps,0.9621,concordant
Pellorneum ruficeps_41_c005,Pellorneum ruficeps,Psittacula eupatria,0.0028,empty
Pellorneum ruficeps_42_c000,Pellorneum ruficeps,Pellorneum ruficeps,0.8731,concordant
Pellorneum ruficeps_42_c001,Pellorneum ruficeps,Pellorneum ruficeps,0.8361,concordant
Pellorneum ruficeps_42_c002,Pellorneum ruficeps,Pellorneum ruficeps,0.8485,concordant
Pellorneum ruficeps_42_c003,Pellorneum ruficeps,Pellorneum ruficeps,0.8241,concordant
Pellorneum ruficeps_43_c000,Pellorneum ruficeps,Pellorneum ruficeps,0.9542,concordant
Pellorneum ruficeps_43_c001,Pellorneum ruficeps,Pellorneum ruficeps,0.9642,concordant
Pellorneum ruficeps_43_c002,Pellorneum ruficeps,Pellorneum ruficeps,0.9756,concordant
Pellorneum ruficeps_43_c003,Pellorneum ruficeps,Pellorneum ruficeps,0.9869,concordant
Pellorneum ruficeps_43_c004,Pellorneum ruficeps,Pellorneum ruficeps,0.9829,concordant
Pellorneum ruficeps_44_c000,Pellorneum ruficeps,Pellorneum ruficeps,0.8816,concordant
Pellorneum ruficeps_44_c001,Pellorneum ruficeps,Pellorneum ruficeps,0.0929,empty
Pellorneum ruficeps_45_c000,Pellorneum ruficeps,Pellorneum ruficeps,0.1065,empty
Pellorneum ruficeps_45_c001,Pellorneum ruficeps,Pellorneum ruficeps,0.4698,ambiguous
Pellorneum ruficeps_45_c002,Pellorneum ruficeps,Pellorneum ruficeps,0.4304,ambiguous
Pellorneum ruficeps_46_c000,Pellorneum ruficeps,Pellorneum ruficeps,0.9702,concordant
Pellorneum ruficeps_46_c001,Pellorneum ruficeps,Pellorneum ruficeps,0.6432,concordant
Pellorneum ruficeps_46_c002,Pellorneum ruficeps,Pellorneum ruficeps,0.9564,concordant
Pellorneum ruficeps_47_c000,Pellorneum ruficeps,Pellorneum ruficeps,0.9465,concordant
Pellorneum ruficeps_47_c001,Pellorneum ruficeps,Pellorneum ruficeps,0.9307,concordant
Pellorneum ruficeps_48_c000,Pellorneum ruficeps,Pellorneum ruficeps,0.1061,empty
Pellorneum ruficeps_48_c001,Pellorneum ruficeps,Pellorneum ruficeps,0.0044,empty
Pellorneum ruficeps_48_c002,Pellorneum ruficeps,Pellorneum ruficeps,0.0432,empty
Pellorneum ruficeps_48_c003,Pellorneum ruficeps,Pellorneum ruficeps,0.2921,ambiguous
Pellorneum ruficeps_48_c004,Pellorneum ruficeps,Pellorneum ruficeps,0.0172,empty
Pellorneum ruficeps_49_c000,Pellorneum ruficeps,Pellorneum ruficeps,0.7856,concordant
Pellorneum ruficeps_49_c001,Pellorneum ruficeps,Pellorneum ruficeps,0.9955,concordant
Pellorneum ruficeps_49_c002,Pellorneum ruficeps,Pellorneum ruficeps,0.9809,concordant
Pellorneum ruficeps_49_c003,Pellorneum ruficeps,Pellorneum ruficeps,0.0259,empty
Pellorneum ruficeps_49_c004,Pellorneum ruficeps,Pellorneum ruficeps,0.9975,concordant
Pellorneum ruficeps_49_c005,Pellorneum ruficeps,Pellorneum ruficeps,0.9703,concordant
Pellorneum ruficeps_49_c006,Pellorneum ruficeps,Pellorneum ruficeps,0.2040,ambiguous
Pellorneum ruficeps_50_c000,Pellorneum ruficeps,Pellorneum ruficeps,0.9687,concordant
Pellorneum ruficeps_50_c001,Pellorneum ruficeps,Pellorneum ruficeps,0.7176,concordant
Pellorneum ruficeps_50_c002,Pellorneum ruficeps,Pellorneum ruficeps,0.4798,ambiguous
Pellorneum ruficeps_50_c003,Pellorneum ruficeps,Pellorneum ruficeps,0.6337,concordant
Pellorneum ruficeps_50_c004,Pellorneum ruficeps,Pellorneum ruficeps,0.8647,concordant
Pellorneum ruficeps_50_c005,Pellorneum ruficeps,Pellorneum ruficeps,0.9737,concordant
Pellorneum ruficeps_50_c006,Pellorneum ruficeps,Pellorneum ruficeps,0.0292,empty
Pellorneum ruficeps_50_c007,Pellorneum ruficeps,Pellorneum ruficeps,0.3065,ambiguous
Pellorneum ruficeps_50_c008,Pellorneum ruficeps,Pellorneum ruficeps,0.9327,concordant
Pellorneum ruficeps_50_c009,Pellorneum ruficeps,Pellorneum ruficeps,0.9317,concordant
Pellorneum ruficeps_50_c010,Pellorneum ruficeps,Pellorneum ruficeps,0.7197,concordant
Pellorneum ruficeps_50_c011,Pellorneum ruficeps,Pellorneum ruficeps,0.7598,concordant
Pellorneum ruficeps_50_c012,Pellorneum ruficeps,Pellorneum ruficeps,0.8441,concordant
Pellorneum ruficeps_51_c000,Pellorneum ruficeps,Pellorneum ruficeps,0.9978,concordant
Pellorneum ruficeps_51_c001,Pellorneum ruficeps,Pellorneum ruficeps,0.9932,concordant
Pellorneum ruficeps_51_c002,Pellorneum ruficeps,Pellorneum ruficeps,0.9965,concordant
Pellorneum ruficeps_51_c003,Pellorneum ruficeps,Pellorneum ruficeps,0.9778,concordant
Pellorneum ruficeps_51_c004,Pellorneum ruficeps,Pellorneum ruficeps,0.9959,concordant
Pellorneum ruficeps_52_c000,Pellorneum ruficeps,Pellorneum ruficeps,0.9744,concordant
Pellorneum ruficeps_52_c001,Pellorneum ruficeps,Pellorneum ruficeps,0.9893,concordant
Pellorneum ruficeps_52_c002,Pellorneum ruficeps,Pellorneum ruficeps,0.9740,concordant
Pellorneum ruficeps_52_c003,Pellorneum ruficeps,Pellorneum ruficeps,0.9883,concordant
Pellorneum ruficeps_52_c004,Pellorneum ruficeps,Pellorneum ruficeps,0.9789,concordant
Pellorneum ruficeps_52_c005,Pellorneum ruficeps,Pellorneum ruficeps,0.9662,concordant
Pellorneum ruficeps_52_c006,Pellorneum ruficeps,Pellorneum ruficeps,0.9953,concordant
Pellorneum ruficeps_52_c007,Pellorneum ruficeps,Pellorneum ruficeps,0.9761,concordant
Pellorneum ruficeps_52_c008,Pellorneum ruficeps,Pellorneum ruficeps,0.9862,concordant
Pellorneum ruficeps_52_c009,Pellorneum ruficeps,Pellorneum ruficeps,0.9864,concordant
Pellorneum ruficeps_52_c010,Pellorneum ruficeps,Pellorneum ruficeps,0.9865,concordant
Pellorneum ruficeps_52_c011,Pellorneum ruficeps,Pellorneum ruficeps,0.9725,concordant
Pellorneum ruficeps_52_c012,Pellorneum ruficeps,Pellorneum ruficeps,0.9701,concordant
Pellorneum ruficeps_53_c000,Pellorneum ruficeps,Pellorneum ruficeps,0.9331,concordant
Pellorneum ruficeps_53_c001,Pellorneum ruficeps,Pellorneum ruficeps,0.8058,concordant
Pellorneum ruficeps_53_c002,Pellorneum ruficeps,Pellorneum ruficeps,0.8877,concordant
Pellorneum ruficeps_53_c003,Pellorneum ruficeps,Pellorneum ruficeps,0.8966,concordant
Pellorneum ruficeps_53_c004,Pellorneum ruficeps,Pellorneum ruficeps,0.9327,concordant
Pellorneum ruficeps_53_c005,Pellorneum ruficeps,Pellorneum ruficeps,0.8674,concordant
Pellorneum ruficeps_54_c000,Pellorneum ruficeps,Pellorneum ruficeps,0.0611,empty
Pellorneum ruficeps_54_c001,Pellorneum ruficeps,Pellorneum ruficeps,0.0046,empty
Pellorneum ruficeps_54_c002,Pellorneum ruficeps,Pellorneum ruficeps,0.9612,concordant
Pellorneum ruficeps_54_c003,Pellorneum ruficeps,Psittacula eupatria,0.0015,empty
Pellorneum ruficeps_54_c004,Pellorneum ruficeps,Pellorneum ruficeps,0.9383,concordant
Pellorneum ruficeps_54_c005,Pellorneum ruficeps,Pellorneum ruficeps,0.6098,concordant
Pellorneum ruficeps_54_c006,Pellorneum ruficeps,Pellorneum ruficeps,0.0087,empty
Pellorneum ruficeps_54_c007,Pellorneum ruficeps,Pellorneum ruficeps,0.9945,concordant
Pellorneum ruficeps_55_c000,Pellorneum ruficeps,Pellorneum ruficeps,0.7932,concordant
Pellorneum ruficeps_56_c000,Pellorneum ruficeps,Pellorneum ruficeps,0.1339,empty
Pellorneum ruficeps_56_c001,Pellorneum ruficeps,Pellorneum ruficeps,0.8176,concordant
Pellorneum ruficeps_56_c002,Pellorneum ruficeps,Pellorneum ruficeps,0.7645,concordant
Pellorneum ruficeps_56_c003,Pellorneum ruficeps,Pellorneum ruficeps,0.6731,concordant
Pellorneum ruficeps_57_c000,Pellorneum ruficeps,Pellorneum ruficeps,0.9577,concordant
Pellorneum ruficeps_57_c001,Pellorneum ruficeps,Pellorneum ruficeps,0.9831,concordant
Pellorneum ruficeps_58_c000,Pellorneum ruficeps,Pellorneum ruficeps,0.9906,concordant
Pellorneum ruficeps_58_c001,Pellorneum ruficeps,Pellorneum ruficeps,0.9673,concordant
Pellorneum ruficeps_58_c002,Pellorneum ruficeps,Pellorneum ruficeps,0.9792,concordant
Pellorneum ruficeps_58_c003,Pellorneum ruficeps,Pellorneum ruficeps,0.9828,concordant
Pellorneum ruficeps_58_c004,Pellorneum ruficeps,Pellorneum ruficeps,0.9797,concordant
Pellorneum ruficeps_59_c000,Pellorneum ruficeps,Pellorneum ruficeps,0.9146,concordant
Pellorneum ruficeps_59_c001,Pellorneum ruficeps,Pellorneum ruficeps,0.9512,concordant
Pellorneum ruficeps_59_c002,Pellorneum ruficeps,Pellorneum ruficeps,0.9668,concordant
Pellorneum ruficeps_59_c003,Pellorneum ruficeps,Pellorneum ruficeps,0.8308,concordant
Pellorneum ruficeps_59_c004,Pellorneum ruficeps,Pellorneum ruficeps,0.1606,empty
Pellorneum ruficeps_60_c000,Pellorneum ruficeps,Pellorneum ruficeps,0.9524,concordant
Pellorneum ruficeps_60_c001,Pellorneum ruficeps,Pellorneum ruficeps,0.9372,concordant
Pellorneum ruficeps_60_c002,Pellorneum ruficeps,Pellorneum ruficeps,0.8365,concordant
Pellorneum ruficeps_60_c003,Pellorneum ruficeps,Pellorneum ruficeps,0.7683,concordant
Pellorneum ruficeps_61_c000,Pellorneum ruficeps,Pellorneum ruficeps,0.9749,concordant
Pellorneum ruficeps_61_c001,Pellorneum ruficeps,Pellorneum ruficeps,0.8197,concordant
Pellorneum ruficeps_61_c002,Pellorneum ruficeps,Pellorneum ruficeps,0.9586,concordant
Pellorneum ruficeps_61_c003,Pellorneum ruficeps,Pellorneum ruficeps,0.2855,ambiguous
Pellorneum ruficeps_62_c000,Pellorneum ruficeps,Pellorneum ruficeps,0.5361,concordant
Pellorneum ruficeps_62_c001,Pellorneum ruficeps,Pellorneum ruficeps,0.0862,empty
Pellorneum ruficeps_62_c002,Pellorneum ruficeps,Pellorneum ruficeps,0.1795,empty
Pellorneum ruficeps_62_c003,Pellorneum ruficeps,Pellorneum ruficeps,0.3379,ambiguous
Pellorneum ruficeps_62_c004,Pellorneum ruficeps,Pellorneum ruficeps,0.4935,ambiguous
Pellorneum ruficeps_63_c000,Pellorneum ruficeps,Pellorneum ruficeps,0.9899,concordant
Pellorneum ruficeps_63_c001,Pellorneum ruficeps,Pellorneum ruficeps,0.9581,concordant
Pellorneum ruficeps_63_c002,Pellorneum ruficeps,Pellorneum ruficeps,0.8844,concordant
Pellorneum ruficeps_64_c000,Pellorneum ruficeps,Pellorneum ruficeps,0.7391,concordant
Pellorneum ruficeps_64_c001,Pellorneum ruficeps,Pellorneum ruficeps,0.9633,concordant
Pellorneum ruficeps_64_c002,Pellorneum ruficeps,Pellorneum ruficeps,0.9562,concordant
Pellorneum ruficeps_64_c003,Pellorneum ruficeps,Pellorneum ruficeps,0.9528,concordant
Pellorneum ruficeps_64_c004,Pellorneum ruficeps,Pellorneum ruficeps,0.9687,concordant
Pellorneum ruficeps_64_c005,Pellorneum ruficeps,Pellorneum ruficeps,0.9890,concordant
Pellorneum ruficeps_64_c006,Pellorneum ruficeps,Pellorneum ruficeps,0.9974,concordant
Pellorneum ruficeps_64_c007,Pellorneum ruficeps,Pellorneum ruficeps,0.6270,concordant
Pellorneum ruficeps_64_c008,Pellorneum ruficeps,Pellorneum ruficeps,0.7093,concordant
Pellorneum ruficeps_64_c009,Pellorneum ruficeps,Pellorneum ruficeps,0.9046,concordant
Pellorneum ruficeps_65_c000,Pellorneum ruficeps,Pellorneum ruficeps,0.2402,ambiguous
Pellorneum ruficeps_65_c001,Pellorneum ruficeps,Pellorneum ruficeps,0.5079,concordant
Pellorneum ruficeps_65_c002,Pellorneum ruficeps,Pellorneum ruficeps,0.0774,empty
Pellorneum ruficeps_65_c003,Pellorneum ruficeps,Pellorneum ruficeps,0.1513,empty
Pellorneum ruficeps_65_c004,Pellorneum ruficeps,Pellorneum ruficeps,0.6567,concordant
Pellorneum ruficeps_65_c005,Pellorneum ruficeps,Cyornis unicolor,0.0836,empty
Pellorneum ruficeps_65_c006,Pellorneum ruficeps,Pellorneum ruficeps,0.0020,empty
Pellorneum ruficeps_65_c007,Pellorneum ruficeps,Pellorneum ruficeps,0.8447,concordant
Pellorneum ruficeps_65_c008,Pellorneum ruficeps,Pellorneum ruficeps,0.6086,concordant
Pellorneum ruficeps_65_c009,Pellorneum ruficeps,Pellorneum ruficeps,0.3573,ambiguous
Pellorneum ruficeps_65_c010,Pellorneum ruficeps,Pellorneum ruficeps,0.4567,ambiguous
Pellorneum ruficeps_65_c011,Pellorneum ruficeps,Cyornis unicolor,0.0110,empty
Pellorneum ruficeps_65_c012,Pellorneum ruficeps,Pellorneum ruficeps,0.4322,ambiguous
Pellorneum ruficeps_65_c013,Pellorneum ruficeps,Pellorneum ruficeps,0.0721,empty
Pellorneum ruficeps_66_c000,Pellorneum ruficeps,Pellorneum ruficeps,0.9766,concordant
Pellorneum ruficeps_66_c001,Pellorneum ruficeps,Pellorneum ruficeps,0.9380,concordant
Pellorneum ruficeps_66_c002,Pellorneum ruficeps,Pellorneum ruficeps,0.9780,concordant
Pellorneum ruficeps_66_c003,Pellorneum ruficeps,Pellorneum ruficeps,0.6740,concordant
Pellorneum ruficeps_67_c000,Pellorneum ruficeps,Pellorneum ruficeps,0.8525,concordant
Pellorneum ruficeps_67_c001,Pellorneum ruficeps,Pellorneum ruficeps,0.7725,concordant
Pellorneum ruficeps_67_c002,Pellorneum ruficeps,Pellorneum ruficeps,0.0382,empty
Pellorneum ruficeps_67_c003,Pellorneum ruficeps,Pellorneum ruficeps,0.2127,ambiguous
Pellorneum ruficeps_67_c004,Pellorneum ruficeps,Pellorneum ruficeps,0.0098,empty
Pellorneum ruficeps_67_c005,Pellorneum ruficeps,Pellorneum ruficeps,0.5207,concordant
Pellorneum ruficeps_67_c006,Pellorneum ruficeps,Pellorneum ruficeps,0.7278,concordant
Pellorneum ruficeps_67_c007,Pellorneum ruficeps,Pellorneum ruficeps,0.6715,concordant
Pellorneum ruficeps_67_c008,Pellorneum ruficeps,Pellorneum ruficeps,0.0239,empty
Pellorneum ruficeps_68_c000,Pellorneum ruficeps,Pellorneum ruficeps,0.7947,concordant
Pellorneum ruficeps_68_c001,Pellorneum ruficeps,Pellorneum ruficeps,0.9675,concordant
Pellorneum ruficeps_68_c002,Pellorneum ruficeps,Pellorneum ruficeps,0.8392,concordant
Pellorneum ruficeps_68_c003,Pellorneum ruficeps,Pellorneum ruficeps,0.8455,concordant
Pellorneum ruficeps_68_c004,Pellorneum ruficeps,Pellorneum ruficeps,0.9546,concordant
Pellorneum ruficeps_68_c005,Pellorneum ruficeps,Pellorneum ruficeps,0.9317,concordant
Pellorneum ruficeps_68_c006,Pellorneum ruficeps,Pellorneum ruficeps,0.8752,concordant
Pellorneum ruficeps_69_c000,Pellorneum ruficeps,Pellorneum ruficeps,0.9513,concordant
Pellorneum ruficeps_69_c001,Pellorneum ruficeps,Pellorneum ruficeps,0.9534,concordant
Pellorneum ruficeps_69_c002,Pellorneum ruficeps,Pellorneum ruficeps,0.9514,concordant
Pellorneum ruficeps_69_c003,Pellorneum ruficeps,Pellorneum ruficeps,0.7829,concordant
Pellorneum ruficeps_69_c004,Pellorneum ruficeps,Pellorneum ruficeps,0.9787,concordant
Pellorneum ruficeps_69_c005,Pellorneum ruficeps,Pellorneum ruficeps,0.6573,concordant
Pellorneum ruficeps_69_c006,Pellorneum ruficeps,Pellorneum ruficeps,0.2036,ambiguous
Pellorneum ruficeps_69_c007,Pellorneum ruficeps,Pellorneum ruficeps,0.9174,concordant
Pellorneum ruficeps_69_c008,Pellorneum ruficeps,Pellorneum ruficeps,0.9632,concordant
Pellorneum ruficeps_69_c009,Pellorneum ruficeps,Pellorneum ruficeps,0.9524,concordant
Pellorneum ruficeps_69_c010,Pellorneum ruficeps,Pellorneum ruficeps,0.8299,concordant
Pellorneum ruficeps_69_c011,Pellorneum ruficeps,Pellorneum ruficeps,0.7766,concordant
Pellorneum ruficeps_69_c012,Pellorneum ruficeps,Pellorneum ruficeps,0.7513,concordant
Pellorneum ruficeps_69_c013,Pellorneum ruficeps,Pellorneum ruficeps,0.9669,concordant
Pellorneum ruficeps_69_c014,Pellorneum ruficeps,Pellorneum ruficeps,0.7631,concordant
Pellorneum ruficeps_69_c015,Pellorneum ruficeps,Pellorneum ruficeps,0.9192,concordant
Pellorneum ruficeps_69_c016,Pellorneum ruficeps,Pellorneum ruficeps,0.9409,concordant
Pellorneum ruficeps_69_c017,Pellorneum ruficeps,Pellorneum ruficeps,0.7452,concordant
Pellorneum ruficeps_69_c018,Pellorneum ruficeps,Pellorneum ruficeps,0.1698,empty
Pellorneum ruficeps_69_c019,Pellorneum ruficeps,Pellorneum ruficeps,0.1057,empty
Pellorneum ruficeps_70_c000,Pellorneum ruficeps,Pellorneum ruficeps,0.6781,concordant
Pellorneum ruficeps_70_c001,Pellorneum ruficeps,Pellorneum ruficeps,0.8194,concordant
Pellorneum ruficeps_70_c002,Pellorneum ruficeps,Pellorneum ruficeps,0.8449,concordant
Pellorneum ruficeps_70_c003,Pellorneum ruficeps,Pellorneum ruficeps,0.9647,concordant
Pellorneum ruficeps_70_c004,Pellorneum ruficeps,Pellorneum ruficeps,0.9607,concordant
Pellorneum ruficeps_70_c005,Pellorneum ruficeps,Pellorneum ruficeps,0.9794,concordant
Pellorneum ruficeps_70_c006,Pellorneum ruficeps,Pellorneum ruficeps,0.0310,empty
Pellorneum ruficeps_70_c007,Pellorneum ruficeps,Pellorneum ruficeps,0.9488,concordant
Pellorneum ruficeps_71_c000,Pellorneum ruficeps,Pellorneum ruficeps,0.9227,concordant
Pellorneum ruficeps_71_c001,Pellorneum ruficeps,Pellorneum ruficeps,0.3827,ambiguous
Pellorneum ruficeps_71_c002,Pellorneum ruficeps,Pellorneum ruficeps,0.6930,concordant
Pellorneum ruficeps_71_c003,Pellorneum ruficeps,Pellorneum ruficeps,0.6734,concordant
Pellorneum ruficeps_72_c000,Pellorneum ruficeps,Pellorneum ruficeps,0.4361,ambiguous
Pellorneum ruficeps_72_c001,Pellorneum ruficeps,Pellorneum ruficeps,0.0593,empty
Pellorneum ruficeps_72_c002,Pellorneum ruficeps,Pellorneum ruficeps,0.2124,ambiguous
Pellorneum ruficeps_72_c003,Pellorneum ruficeps,Pellorneum ruficeps,0.7109,concordant
Pellorneum ruficeps_73_c000,Pellorneum ruficeps,Pnoepyga pusilla,0.0017,empty
Pellorneum ruficeps_73_c001,Pellorneum ruficeps,Pnoepyga pusilla,0.0008,empty
Pellorneum ruficeps_73_c002,Pellorneum ruficeps,Pnoepyga pusilla,0.0017,empty
Pellorneum ruficeps_73_c003,Pellorneum ruficeps,Pnoepyga pusilla,0.0012,empty
Pellorneum ruficeps_73_c004,Pellorneum ruficeps,Pellorneum ruficeps,0.4455,ambiguous
Pellorneum ruficeps_73_c005,Pellorneum ruficeps,Pellorneum ruficeps,0.9788,concordant
Pellorneum ruficeps_73_c006,Pellorneum ruficeps,Psilopogon lineatus,0.0108,empty
Pellorneum ruficeps_73_c007,Pellorneum ruficeps,Pellorneum ruficeps,0.7445,concordant
Pellorneum ruficeps_73_c008,Pellorneum ruficeps,Pellorneum ruficeps,0.5592,concordant
Pellorneum ruficeps_73_c009,Pellorneum ruficeps,Pellorneum ruficeps,0.8445,concordant
Pellorneum ruficeps_73_c010,Pellorneum ruficeps,Pellorneum ruficeps,0.9591,concordant
Pellorneum ruficeps_73_c011,Pellorneum ruficeps,Pellorneum ruficeps,0.7728,concordant
Pellorneum ruficeps_74_c000,Pellorneum ruficeps,Pellorneum ruficeps,0.9870,concordant
Pellorneum ruficeps_74_c001,Pellorneum ruficeps,Pellorneum ruficeps,0.9721,concordant
Pellorneum ruficeps_74_c002,Pellorneum ruficeps,Pellorneum ruficeps,0.0483,empty
Pellorneum ruficeps_74_c003,Pellorneum ruficeps,Pellorneum ruficeps,0.0029,empty
Pellorneum ruficeps_74_c004,Pellorneum ruficeps,Pellorneum ruficeps,0.0058,empty
Pellorneum ruficeps_74_c005,Pellorneum ruficeps,Pellorneum ruficeps,0.0105,empty
Pellorneum ruficeps_74_c006,Pellorneum ruficeps,Pellorneum ruficeps,0.0098,empty
Pellorneum ruficeps_74_c007,Pellorneum ruficeps,Pellorneum ruficeps,0.0100,empty
Pellorneum ruficeps_74_c008,Pellorneum ruficeps,Pellorneum ruficeps,0.0109,empty
Pellorneum ruficeps_74_c009,Pellorneum ruficeps,Pellorneum ruficeps,0.0027,empty
Pellorneum ruficeps_74_c010,Pellorneum ruficeps,Pellorneum ruficeps,0.0082,empty
Pellorneum ruficeps_74_c011,Pellorneum ruficeps,Pellorneum ruficeps,0.0086,empty
Pellorneum ruficeps_74_c012,Pellorneum ruficeps,Pellorneum ruficeps,0.0117,empty
Pellorneum ruficeps_74_c013,Pellorneum ruficeps,Pellorneum ruficeps,0.0023,empty
Pellorneum ruficeps_74_c014,Pellorneum ruficeps,Pellorneum ruficeps,0.0030,empty
Pellorneum ruficeps_74_c015,Pellorneum ruficeps,Pellorneum ruficeps,0.0099,empty
Pellorneum ruficeps_74_c016,Pellorneum ruficeps,Pellorneum ruficeps,0.0044,empty
Pellorneum ruficeps_74_c017,Pellorneum ruficeps,Sturnia malabarica,0.0043,empty
Pellorneum ruficeps_74_c018,Pellorneum ruficeps,Pellorneum ruficeps,0.0161,empty
Pellorneum ruficeps_74_c019,Pellorneum ruficeps,Pellorneum ruficeps,0.0199,empty
Pellorneum ruficeps_74_c020,Pellorneum ruficeps,Pellorneum ruficeps,0.0036,empty
Pellorneum ruficeps_74_c021,Pellorneum ruficeps,Pellorneum ruficeps,0.0146,empty
Pellorneum ruficeps_74_c022,Pellorneum ruficeps,Pellorneum ruficeps,0.0020,empty
Pellorneum ruficeps_74_c023,Pellorneum ruficeps,Pellorneum ruficeps,0.0077,empty
Pellorneum ruficeps_74_c024,Pellorneum ruficeps,Acridotheres fuscus,0.0056,empty
Pellorneum ruficeps_74_c025,Pellorneum ruficeps,Acridotheres fuscus,0.0178,empty
Pellorneum ruficeps_74_c026,Pellorneum ruficeps,Pellorneum ruficeps,0.0024,empty
Pellorneum ruficeps_74_c027,Pellorneum ruficeps,Pellorneum ruficeps,0.0076,empty
Pellorneum ruficeps_74_c028,Pellorneum ruficeps,Sturnia malabarica,0.0032,empty
Pellorneum ruficeps_74_c029,Pellorneum ruficeps,Psilopogon lineatus,0.0064,empty
Pellorneum ruficeps_74_c030,Pellorneum ruficeps,Psittacula eupatria,0.0026,empty
Pellorneum ruficeps_74_c031,Pellorneum ruficeps,Pellorneum ruficeps,0.0003,empty
Pellorneum ruficeps_74_c032,Pellorneum ruficeps,Pomatorhinus ruficollis,0.0015,empty
Pellorneum ruficeps_74_c033,Pellorneum ruficeps,Paradoxornis guttaticollis,0.0051,empty
Pellorneum ruficeps_74_c034,Pellorneum ruficeps,Pellorneum ruficeps,0.9929,concordant
Pellorneum ruficeps_74_c035,Pellorneum ruficeps,Pellorneum ruficeps,0.9865,concordant
Pellorneum ruficeps_74_c036,Pellorneum ruficeps,Pellorneum ruficeps,0.9928,concordant
Pellorneum ruficeps_74_c037,Pellorneum ruficeps,Pellorneum ruficeps,0.9842,concordant
Pellorneum ruficeps_74_c038,Pellorneum ruficeps,Pellorneum ruficeps,0.9977,concordant
Pellorneum ruficeps_74_c039,Pellorneum ruficeps,Pellorneum ruficeps,0.0120,empty
Pellorneum ruficeps_74_c040,Pellorneum ruficeps,Pellorneum ruficeps,0.9949,concordant
Pellorneum ruficeps_74_c041,Pellorneum ruficeps,Pellorneum ruficeps,0.9658,concordant
Pellorneum ruficeps_74_c042,Pellorneum ruficeps,Pellorneum ruficeps,0.9948,concordant
Pellorneum ruficeps_75_c000,Pellorneum ruficeps,Pellorneum ruficeps,0.9735,concordant
Pellorneum ruficeps_75_c001,Pellorneum ruficeps,Pellorneum ruficeps,0.6901,concordant
Pellorneum ruficeps_75_c002,Pellorneum ruficeps,Pellorneum ruficeps,0.9247,concordant
Pellorneum ruficeps_75_c003,Pellorneum ruficeps,Pellorneum ruficeps,0.9450,concordant
Pellorneum ruficeps_75_c004,Pellorneum ruficeps,Pellorneum ruficeps,0.7892,concordant
Pellorneum ruficeps_75_c005,Pellorneum ruficeps,Pellorneum ruficeps,0.9034,concordant
Pellorneum ruficeps_75_c006,Pellorneum ruficeps,Psittacula eupatria,0.0016,empty
Pellorneum ruficeps_75_c007,Pellorneum ruficeps,Pellorneum ruficeps,0.7767,concordant
Pellorneum ruficeps_75_c008,Pellorneum ruficeps,Pellorneum ruficeps,0.8337,concordant
Pellorneum ruficeps_75_c009,Pellorneum ruficeps,Pellorneum ruficeps,0.9296,concordant
Pellorneum ruficeps_75_c010,Pellorneum ruficeps,Pellorneum ruficeps,0.8962,concordant
Pellorneum ruficeps_75_c011,Pellorneum ruficeps,Pellorneum ruficeps,0.9788,concordant
Pellorneum ruficeps_75_c012,Pellorneum ruficeps,Pellorneum ruficeps,0.9247,concordant
Pellorneum ruficeps_75_c013,Pellorneum ruficeps,Pellorneum ruficeps,0.9766,concordant
Pellorneum ruficeps_75_c014,Pellorneum ruficeps,Pellorneum ruficeps,0.7631,concordant
Pellorneum ruficeps_75_c015,Pellorneum ruficeps,Pellorneum ruficeps,0.9549,concordant
Pellorneum ruficeps_75_c016,Pellorneum ruficeps,Pellorneum ruficeps,0.9843,concordant
Pellorneum ruficeps_75_c017,Pellorneum ruficeps,Pellorneum ruficeps,0.9475,concordant
Pellorneum ruficeps_75_c018,Pellorneum ruficeps,Pellorneum ruficeps,0.9508,concordant
Pellorneum ruficeps_75_c019,Pellorneum ruficeps,Pellorneum ruficeps,0.9307,concordant
Pellorneum ruficeps_76_c000,Pellorneum ruficeps,Pellorneum ruficeps,0.9536,concordant
Pellorneum ruficeps_76_c001,Pellorneum ruficeps,Pellorneum ruficeps,0.9836,concordant
Pellorneum ruficeps_76_c002,Pellorneum ruficeps,Pellorneum ruficeps,0.8764,concordant
Pellorneum ruficeps_76_c003,Pellorneum ruficeps,Pellorneum ruficeps,0.9831,concordant
Pellorneum ruficeps_76_c004,Pellorneum ruficeps,Pellorneum ruficeps,0.9669,concordant
Pellorneum ruficeps_76_c005,Pellorneum ruficeps,Pellorneum ruficeps,0.9090,concordant
Pellorneum ruficeps_76_c006,Pellorneum ruficeps,Pellorneum ruficeps,0.9773,concordant
Pellorneum ruficeps_76_c007,Pellorneum ruficeps,Pellorneum ruficeps,0.9481,concordant
Pellorneum ruficeps_76_c008,Pellorneum ruficeps,Pellorneum ruficeps,0.9719,concordant
Pellorneum ruficeps_76_c009,Pellorneum ruficeps,Pellorneum ruficeps,0.8760,concordant
Pellorneum ruficeps_76_c010,Pellorneum ruficeps,Pellorneum ruficeps,0.8994,concordant
Pellorneum ruficeps_77_c000,Pellorneum ruficeps,Pellorneum ruficeps,0.5162,concordant
Pellorneum ruficeps_77_c001,Pellorneum ruficeps,Pellorneum ruficeps,0.8438,concordant
Pellorneum ruficeps_77_c002,Pellorneum ruficeps,Pellorneum ruficeps,0.5726,concordant
Pellorneum ruficeps_77_c003,Pellorneum ruficeps,Pellorneum ruficeps,0.5875,concordant
Pellorneum ruficeps_77_c004,Pellorneum ruficeps,Pellorneum ruficeps,0.8120,concordant
Pellorneum ruficeps_77_c005,Pellorneum ruficeps,Pellorneum ruficeps,0.3287,ambiguous
Pellorneum ruficeps_77_c006,Pellorneum ruficeps,Pellorneum ruficeps,0.1791,empty
Pellorneum ruficeps_77_c007,Pellorneum ruficeps,Pellorneum ruficeps,0.0167,empty
Pellorneum ruficeps_78_c000,Pellorneum ruficeps,Pellorneum ruficeps,0.9303,concordant
Pellorneum ruficeps_78_c001,Pellorneum ruficeps,Pellorneum ruficeps,0.9547,concordant
Pellorneum ruficeps_78_c002,Pellorneum ruficeps,Pellorneum ruficeps,0.9686,concordant
Pellorneum ruficeps_78_c003,Pellorneum ruficeps,Pellorneum ruficeps,0.0335,empty
Pellorneum ruficeps_78_c004,Pellorneum ruficeps,Pellorneum ruficeps,0.8628,concordant
Pellorneum ruficeps_78_c005,Pellorneum ruficeps,Pellorneum ruficeps,0.8693,concordant
Pellorneum ruficeps_78_c006,Pellorneum ruficeps,Pellorneum ruficeps,0.9081,concordant
Pellorneum ruficeps_79_c000,Pellorneum ruficeps,Pellorneum ruficeps,0.6927,concordant
Pellorneum ruficeps_79_c001,Pellorneum ruficeps,Pellorneum ruficeps,0.8756,concordant
Pellorneum ruficeps_79_c002,Pellorneum ruficeps,Pellorneum ruficeps,0.9575,concordant
Pellorneum ruficeps_80_c000,Pellorneum ruficeps,Pellorneum ruficeps,0.9859,concordant
Pellorneum ruficeps_80_c001,Pellorneum ruficeps,Pellorneum ruficeps,0.9627,concordant
Pellorneum ruficeps_80_c002,Pellorneum ruficeps,Pellorneum ruficeps,0.9761,concordant
Pellorneum ruficeps_80_c003,Pellorneum ruficeps,Pellorneum ruficeps,0.9445,concordant
Pellorneum ruficeps_80_c004,Pellorneum ruficeps,Pellorneum ruficeps,0.9583,concordant
Pellorneum ruficeps_80_c005,Pellorneum ruficeps,Pellorneum ruficeps,0.9690,concordant
Pellorneum ruficeps_81_c000,Pellorneum ruficeps,Pellorneum ruficeps,0.9399,concordant
Pellorneum ruficeps_81_c001,Pellorneum ruficeps,Chloropsis jerdoni,0.0724,empty
Pellorneum ruficeps_82_c000,Pellorneum ruficeps,Pellorneum ruficeps,0.4628,ambiguous
Pellorneum ruficeps_82_c001,Pellorneum ruficeps,Pellorneum ruficeps,0.2522,ambiguous
Pellorneum ruficeps_82_c002,Pellorneum ruficeps,Pellorneum ruficeps,0.3937,ambiguous
Pellorneum ruficeps_82_c003,Pellorneum ruficeps,Pellorneum ruficeps,0.4437,ambiguous
Pellorneum ruficeps_82_c004,Pellorneum ruficeps,Pellorneum ruficeps,0.5568,concordant
Pellorneum ruficeps_82_c005,Pellorneum ruficeps,Pellorneum ruficeps,0.8171,concordant
Pellorneum ruficeps_82_c006,Pellorneum ruficeps,Pellorneum ruficeps,0.1526,empty
Pellorneum ruficeps_83_c000,Pellorneum ruficeps,Pellorneum ruficeps,0.1658,empty
Pellorneum ruficeps_83_c001,Pellorneum ruficeps,Pellorneum ruficeps,0.9014,concordant
Pellorneum ruficeps_83_c002,Pellorneum ruficeps,Pellorneum ruficeps,0.9244,concordant
Pellorneum ruficeps_83_c003,Pellorneum ruficeps,Pellorneum ruficeps,0.9801,concordant
Pellorneum ruficeps_83_c004,Pellorneum ruficeps,Pellorneum ruficeps,0.0153,empty
Pellorneum ruficeps_83_c005,Pellorneum ruficeps,Pellorneum ruficeps,0.9268,concordant
Pellorneum ruficeps_83_c006,Pellorneum ruficeps,Psittacula eupatria,0.0136,empty
Pellorneum ruficeps_83_c007,Pellorneum ruficeps,Pellorneum ruficeps,0.5874,concordant
Pellorneum ruficeps_83_c008,Pellorneum ruficeps,Pellorneum ruficeps,0.9873,concordant
Pellorneum ruficeps_83_c009,Pellorneum ruficeps,Pellorneum ruficeps,0.0070,empty
Pellorneum ruficeps_83_c010,Pellorneum ruficeps,Pellorneum ruficeps,0.8942,concordant
Pellorneum ruficeps_83_c011,Pellorneum ruficeps,Pellorneum ruficeps,0.7979,concordant
Pellorneum ruficeps_84_c000,Pellorneum ruficeps,Pellorneum ruficeps,0.4569,ambiguous
Pellorneum ruficeps_84_c001,Pellorneum ruficeps,Pellorneum ruficeps,0.6077,concordant
Pellorneum ruficeps_84_c002,Pellorneum ruficeps,Pellorneum ruficeps,0.2761,ambiguous
Pellorneum ruficeps_84_c003,Pellorneum ruficeps,Pellorneum ruficeps,0.2604,ambiguous
Pellorneum ruficeps_85_c000,Pellorneum ruficeps,Pellorneum ruficeps,0.9919,concordant
Pellorneum ruficeps_85_c001,Pellorneum ruficeps,Pellorneum ruficeps,0.9937,concordant
Pellorneum ruficeps_85_c002,Pellorneum ruficeps,Pellorneum ruficeps,0.9869,concordant
Pellorneum ruficeps_85_c003,Pellorneum ruficeps,Pellorneum ruficeps,0.9863,concordant
Pellorneum ruficeps_86_c000,Pellorneum ruficeps,Pellorneum ruficeps,0.6143,concordant
Pellorneum ruficeps_86_c001,Pellorneum ruficeps,Pellorneum ruficeps,0.3744,ambiguous
Pellorneum ruficeps_86_c002,Pellorneum ruficeps,Pellorneum ruficeps,0.3549,ambiguous
Pellorneum ruficeps_86_c003,Pellorneum ruficeps,Pellorneum ruficeps,0.1925,empty
Pellorneum ruficeps_86_c004,Pellorneum ruficeps,Pellorneum ruficeps,0.3781,ambiguous
Pellorneum ruficeps_86_c005,Pellorneum ruficeps,Pellorneum ruficeps,0.0204,empty
Pellorneum ruficeps_86_c006,Pellorneum ruficeps,Pellorneum ruficeps,0.0994,empty
Pellorneum ruficeps_86_c007,Pellorneum ruficeps,Pellorneum ruficeps,0.3085,ambiguous
Pellorneum ruficeps_86_c008,Pellorneum ruficeps,Pellorneum ruficeps,0.4307,ambiguous
Pellorneum ruficeps_86_c009,Pellorneum ruficeps,Psilopogon lineatus,0.0063,empty
Pellorneum ruficeps_86_c010,Pellorneum ruficeps,Pluvialis squatarola,0.0009,empty
Pellorneum ruficeps_86_c011,Pellorneum ruficeps,Pluvialis squatarola,0.0009,empty
Pellorneum ruficeps_86_c012,Pellorneum ruficeps,Pluvialis squatarola,0.0009,empty
Pellorneum ruficeps_86_c013,Pellorneum ruficeps,Pluvialis squatarola,0.0009,empty
Pellorneum ruficeps_86_c014,Pellorneum ruficeps,Pluvialis squatarola,0.0009,empty
Pellorneum ruficeps_86_c015,Pellorneum ruficeps,Pluvialis squatarola,0.0009,empty
Pellorneum ruficeps_86_c016,Pellorneum ruficeps,Pluvialis squatarola,0.0009,empty
Pellorneum ruficeps_86_c017,Pellorneum ruficeps,Pluvialis squatarola,0.0009,empty
Pellorneum ruficeps_86_c018,Pellorneum ruficeps,Pluvialis squatarola,0.0009,empty
Pellorneum ruficeps_86_c019,Pellorneum ruficeps,Pluvialis squatarola,0.0009,empty
Pellorneum ruficeps_86_c020,Pellorneum ruficeps,Pluvialis squatarola,0.0009,empty
Pellorneum ruficeps_86_c021,Pellorneum ruficeps,Pluvialis squatarola,0.0009,empty
Pellorneum ruficeps_86_c022,Pellorneum ruficeps,Pluvialis squatarola,0.0009,empty
Pellorneum ruficeps_86_c023,Pellorneum ruficeps,Pluvialis squatarola,0.0009,empty
Pellorneum ruficeps_86_c024,Pellorneum ruficeps,Pluvialis squatarola,0.0009,empty
Pellorneum ruficeps_86_c025,Pellorneum ruficeps,Pluvialis squatarola,0.0009,empty
Pellorneum ruficeps_86_c026,Pellorneum ruficeps,Pluvialis squatarola,0.0009,empty
Pellorneum ruficeps_86_c027,Pellorneum ruficeps,Pluvialis squatarola,0.0009,empty
Pellorneum ruficeps_86_c028,Pellorneum ruficeps,Pluvialis squatarola,0.0009,empty
Pellorneum ruficeps_86_c029,Pellorneum ruficeps,Pluvialis squatarola,0.0009,empty
Pellorneum ruficeps_86_c030,Pellorneum ruficeps,Pluvialis squatarola,0.0009,empty
Pellorneum ruficeps_86_c031,Pellorneum ruficeps,Pluvialis squatarola,0.0009,empty
Pellorneum ruficeps_86_c032,Pellorneum ruficeps,Pluvialis squatarola,0.0009,empty
Pellorneum ruficeps_86_c033,Pellorneum ruficeps,Pluvialis squatarola,0.0009,empty
Pellorneum ruficeps_86_c034,Pellorneum ruficeps,Pluvialis squatarola,0.0009,empty
Pellorneum ruficeps_86_c035,Pellorneum ruficeps,Pluvialis squatarola,0.0009,empty
Pellorneum ruficeps_86_c036,Pellorneum ruficeps,Pluvialis squatarola,0.0009,empty
Pellorneum ruficeps_86_c037,Pellorneum ruficeps,Pluvialis squatarola,0.0009,empty
Pellorneum ruficeps_86_c038,Pellorneum ruficeps,Pluvialis squatarola,0.0009,empty
Pellorneum ruficeps_86_c039,Pellorneum ruficeps,Pluvialis squatarola,0.0009,empty
Pellorneum ruficeps_86_c040,Pellorneum ruficeps,Pluvialis squatarola,0.0009,empty
Pellorneum ruficeps_87_c000,Pellorneum ruficeps,Pellorneum ruficeps,0.9297,concordant
Pellorneum ruficeps_87_c001,Pellorneum ruficeps,Pellorneum ruficeps,0.3484,ambiguous
Pellorneum ruficeps_87_c002,Pellorneum ruficeps,Pellorneum ruficeps,0.1438,empty
Pellorneum ruficeps_87_c003,Pellorneum ruficeps,Pellorneum ruficeps,0.6491,concordant
Pellorneum ruficeps_87_c004,Pellorneum ruficeps,Pellorneum ruficeps,0.6185,concordant
Pellorneum ruficeps_87_c005,Pellorneum ruficeps,Pellorneum ruficeps,0.5060,concordant
Pellorneum ruficeps_87_c006,Pellorneum ruficeps,Pellorneum ruficeps,0.4805,ambiguous
Pellorneum ruficeps_87_c007,Pellorneum ruficeps,Pellorneum ruficeps,0.1765,empty
Pellorneum ruficeps_87_c008,Pellorneum ruficeps,Pellorneum ruficeps,0.0134,empty
Pellorneum ruficeps_87_c009,Pellorneum ruficeps,Pellorneum ruficeps,0.0216,empty
Pellorneum ruficeps_87_c010,Pellorneum ruficeps,Pellorneum ruficeps,0.7770,concordant
Pellorneum ruficeps_87_c011,Pellorneum ruficeps,Pellorneum ruficeps,0.8979,concordant
Pellorneum ruficeps_87_c012,Pellorneum ruficeps,Pellorneum ruficeps,0.0456,empty
Pellorneum ruficeps_87_c013,Pellorneum ruficeps,Pellorneum ruficeps,0.3150,ambiguous
Pellorneum ruficeps_87_c014,Pellorneum ruficeps,Pellorneum ruficeps,0.3817,ambiguous
Pellorneum ruficeps_87_c015,Pellorneum ruficeps,Pellorneum ruficeps,0.0065,empty
Pellorneum ruficeps_87_c016,Pellorneum ruficeps,Pellorneum ruficeps,0.2219,ambiguous
Pellorneum ruficeps_87_c017,Pellorneum ruficeps,Pellorneum ruficeps,0.6843,concordant
Pellorneum ruficeps_87_c018,Pellorneum ruficeps,Pellorneum ruficeps,0.4281,ambiguous
Pellorneum ruficeps_87_c019,Pellorneum ruficeps,Pellorneum ruficeps,0.5079,concordant
Pellorneum ruficeps_87_c020,Pellorneum ruficeps,Pellorneum ruficeps,0.0694,empty
Pellorneum ruficeps_87_c021,Pellorneum ruficeps,Pellorneum ruficeps,0.5134,concordant
Pellorneum ruficeps_87_c022,Pellorneum ruficeps,Pellorneum ruficeps,0.0019,empty
Pellorneum ruficeps_87_c023,Pellorneum ruficeps,Pellorneum ruficeps,0.7262,concordant
Pellorneum ruficeps_87_c024,Pellorneum ruficeps,Pellorneum ruficeps,0.5456,concordant
Pellorneum ruficeps_88_c000,Pellorneum ruficeps,Pellorneum ruficeps,0.9738,concordant
Pellorneum ruficeps_88_c001,Pellorneum ruficeps,Pellorneum ruficeps,0.6892,concordant
Pellorneum ruficeps_89_c000,Pellorneum ruficeps,Pellorneum ruficeps,0.9388,concordant
Pellorneum ruficeps_89_c001,Pellorneum ruficeps,Pellorneum ruficeps,0.9533,concordant
Pellorneum ruficeps_89_c002,Pellorneum ruficeps,Pellorneum ruficeps,0.9343,concordant
Pellorneum ruficeps_89_c003,Pellorneum ruficeps,Pellorneum ruficeps,0.9354,concordant
Pellorneum ruficeps_89_c004,Pellorneum ruficeps,Pellorneum ruficeps,0.9696,concordant
Pellorneum ruficeps_90_c000,Pellorneum ruficeps,Pellorneum ruficeps,0.7304,concordant
Pellorneum ruficeps_90_c001,Pellorneum ruficeps,Pellorneum ruficeps,0.9032,concordant
Pellorneum ruficeps_90_c002,Pellorneum ruficeps,Pellorneum ruficeps,0.9646,concordant
Pellorneum ruficeps_90_c003,Pellorneum ruficeps,Pellorneum ruficeps,0.9895,concordant
Pellorneum ruficeps_90_c004,Pellorneum ruficeps,Pellorneum ruficeps,0.9539,concordant
Pellorneum ruficeps_90_c005,Pellorneum ruficeps,Pellorneum ruficeps,0.8051,concordant
Pellorneum ruficeps_91_c000,Pellorneum ruficeps,Pellorneum ruficeps,0.9911,concordant
Pellorneum ruficeps_91_c001,Pellorneum ruficeps,Pellorneum ruficeps,0.9424,concordant
Pellorneum ruficeps_91_c002,Pellorneum ruficeps,Pellorneum ruficeps,0.9772,concordant
Pellorneum ruficeps_91_c003,Pellorneum ruficeps,Pellorneum ruficeps,0.9934,concordant
Pellorneum ruficeps_91_c004,Pellorneum ruficeps,Pellorneum ruficeps,0.9904,concordant
Pellorneum ruficeps_91_c005,Pellorneum ruficeps,Pellorneum ruficeps,0.9696,concordant
Pellorneum ruficeps_91_c006,Pellorneum ruficeps,Pellorneum ruficeps,0.9918,concordant
Pellorneum ruficeps_92_c000,Pellorneum ruficeps,Pellorneum ruficeps,0.8513,concordant
Pellorneum ruficeps_92_c001,Pellorneum ruficeps,Pellorneum ruficeps,0.9490,concordant
Pellorneum ruficeps_92_c002,Pellorneum ruficeps,Pellorneum ruficeps,0.3604,ambiguous
Pellorneum ruficeps_93_c000,Pellorneum ruficeps,Pellorneum ruficeps,0.9795,concordant
Pellorneum ruficeps_93_c001,Pellorneum ruficeps,Pellorneum ruficeps,0.9754,concordant
Pellorneum ruficeps_93_c002,Pellorneum ruficeps,Pellorneum ruficeps,0.9337,concordant
Pellorneum ruficeps_93_c003,Pellorneum ruficeps,Pellorneum ruficeps,0.9862,concordant
Pellorneum ruficeps_93_c004,Pellorneum ruficeps,Pellorneum ruficeps,0.9809,concordant
Pellorneum ruficeps_93_c005,Pellorneum ruficeps,Pellorneum ruficeps,0.9924,concordant
Pellorneum ruficeps_93_c006,Pellorneum ruficeps,Pellorneum ruficeps,0.9844,concordant
Pellorneum ruficeps_93_c007,Pellorneum ruficeps,Pellorneum ruficeps,0.9522,concordant
Pellorneum ruficeps_93_c008,Pellorneum ruficeps,Pellorneum ruficeps,0.9322,concordant
Pellorneum ruficeps_94_c000,Pellorneum ruficeps,Pellorneum ruficeps,0.8696,concordant
Pellorneum ruficeps_94_c001,Pellorneum ruficeps,Pellorneum ruficeps,0.4906,ambiguous
Pellorneum ruficeps_94_c002,Pellorneum ruficeps,Pellorneum ruficeps,0.9660,concordant
Pellorneum ruficeps_94_c003,Pellorneum ruficeps,Pellorneum ruficeps,0.8597,concordant
Pellorneum ruficeps_94_c004,Pellorneum ruficeps,Pellorneum ruficeps,0.6237,concordant
Pellorneum ruficeps_95_c000,Pellorneum ruficeps,Pellorneum ruficeps,0.9525,concordant
Pellorneum ruficeps_95_c001,Pellorneum ruficeps,Pellorneum ruficeps,0.9821,concordant
Pellorneum ruficeps_95_c002,Pellorneum ruficeps,Pellorneum ruficeps,0.9252,concordant
Pellorneum ruficeps_95_c003,Pellorneum ruficeps,Pellorneum ruficeps,0.2084,ambiguous
Pellorneum ruficeps_95_c004,Pellorneum ruficeps,Pellorneum ruficeps,0.9925,concordant
Pellorneum ruficeps_95_c005,Pellorneum ruficeps,Pellorneum ruficeps,0.9656,concordant
Pellorneum ruficeps_95_c006,Pellorneum ruficeps,Pellorneum ruficeps,0.0029,empty
Pellorneum ruficeps_95_c007,Pellorneum ruficeps,Pellorneum ruficeps,0.7102,concordant
Pellorneum ruficeps_96_c000,Pellorneum ruficeps,Pellorneum ruficeps,0.8537,concordant
Pellorneum ruficeps_96_c001,Pellorneum ruficeps,Pellorneum ruficeps,0.9134,concordant
Pellorneum ruficeps_97_c000,Pellorneum ruficeps,Pellorneum ruficeps,0.8279,concordant
Pellorneum ruficeps_97_c001,Pellorneum ruficeps,Pellorneum ruficeps,0.8681,concordant
Pellorneum ruficeps_97_c002,Pellorneum ruficeps,Pellorneum ruficeps,0.6031,concordant
Pellorneum ruficeps_97_c003,Pellorneum ruficeps,Pellorneum ruficeps,0.9296,concordant
Pellorneum ruficeps_97_c004,Pellorneum ruficeps,Pellorneum ruficeps,0.7881,concordant
Pellorneum ruficeps_97_c005,Pellorneum ruficeps,Pellorneum ruficeps,0.8530,concordant
Pellorneum ruficeps_97_c006,Pellorneum ruficeps,Pellorneum ruficeps,0.8786,concordant
Pellorneum ruficeps_97_c007,Pellorneum ruficeps,Pellorneum ruficeps,0.7347,concordant
Pellorneum ruficeps_97_c008,Pellorneum ruficeps,Pellorneum ruficeps,0.8204,concordant
Pellorneum ruficeps_98_c000,Pellorneum ruficeps,Pellorneum ruficeps,0.9331,concordant
Pellorneum ruficeps_99_c000,Pellorneum ruficeps,Pellorneum ruficeps,0.9926,concordant
Pellorneum ruficeps_99_c001,Pellorneum ruficeps,Pellorneum ruficeps,0.0084,empty
Pellorneum ruficeps_100_c000,Pellorneum ruficeps,Pellorneum ruficeps,0.9684,concordant
Pellorneum ruficeps_100_c001,Pellorneum ruficeps,Pellorneum ruficeps,0.9565,concordant
Pellorneum ruficeps_100_c002,Pellorneum ruficeps,Pellorneum ruficeps,0.0393,empty
Pellorneum ruficeps_100_c003,Pellorneum ruficeps,Pellorneum ruficeps,0.9427,concordant
Pellorneum ruficeps_100_c004,Pellorneum ruficeps,Pellorneum ruficeps,0.9517,concordant
Pellorneum ruficeps_100_c005,Pellorneum ruficeps,Pellorneum ruficeps,0.9865,concordant
Pellorneum ruficeps_100_c006,Pellorneum ruficeps,Pellorneum ruficeps,0.9043,concordant
Pellorneum ruficeps_100_c007,Pellorneum ruficeps,Pellorneum ruficeps,0.9253,concordant
Pellorneum ruficeps_100_c008,Pellorneum ruficeps,Pellorneum ruficeps,0.9700,concordant
Pellorneum ruficeps_101_c000,Pellorneum ruficeps,Pellorneum ruficeps,0.6474,concordant
Pellorneum ruficeps_101_c001,Pellorneum ruficeps,Pellorneum ruficeps,0.9561,concordant
Pellorneum ruficeps_101_c002,Pellorneum ruficeps,Pellorneum ruficeps,0.9305,concordant
Pellorneum ruficeps_101_c003,Pellorneum ruficeps,Pellorneum ruficeps,0.9123,concordant
Pellorneum ruficeps_101_c004,Pellorneum ruficeps,Pellorneum ruficeps,0.8306,concordant
Pellorneum ruficeps_101_c005,Pellorneum ruficeps,Pellorneum ruficeps,0.9227,concordant
Pellorneum ruficeps_101_c006,Pellorneum ruficeps,Pellorneum ruficeps,0.7845,concordant
Pellorneum ruficeps_102_c000,Pellorneum ruficeps,Pellorneum ruficeps,0.9293,concordant
Pellorneum ruficeps_102_c001,Pellorneum ruficeps,Pellorneum ruficeps,0.7855,concordant
Pellorneum ruficeps_102_c002,Pellorneum ruficeps,Pellorneum ruficeps,0.9770,concordant
Pellorneum ruficeps_102_c003,Pellorneum ruficeps,Pellorneum ruficeps,0.9478,concordant
Pellorneum ruficeps_102_c004,Pellorneum ruficeps,Pellorneum ruficeps,0.8573,concordant
Pellorneum ruficeps_102_c005,Pellorneum ruficeps,Pellorneum ruficeps,0.9529,concordant
Pellorneum ruficeps_102_c006,Pellorneum ruficeps,Pellorneum ruficeps,0.9712,concordant
Pellorneum ruficeps_102_c007,Pellorneum ruficeps,Pellorneum ruficeps,0.0596,empty
Pellorneum ruficeps_102_c008,Pellorneum ruficeps,Pellorneum ruficeps,0.6308,concordant
Pellorneum ruficeps_102_c009,Pellorneum ruficeps,Pellorneum ruficeps,0.9640,concordant
Pellorneum ruficeps_102_c010,Pellorneum ruficeps,Pellorneum ruficeps,0.9659,concordant
Pellorneum ruficeps_102_c011,Pellorneum ruficeps,Pellorneum ruficeps,0.9531,concordant
Pellorneum ruficeps_102_c012,Pellorneum ruficeps,Pellorneum ruficeps,0.9473,concordant
Pellorneum ruficeps_102_c013,Pellorneum ruficeps,Pellorneum ruficeps,0.9025,concordant
Pellorneum ruficeps_102_c014,Pellorneum ruficeps,Pellorneum ruficeps,0.9290,concordant
Pellorneum ruficeps_102_c015,Pellorneum ruficeps,Pellorneum ruficeps,0.8890,concordant
Phylloscopus forresti_1_c000,Phylloscopus forresti,Phylloscopus forresti,0.6047,concordant
Phylloscopus forresti_1_c001,Phylloscopus forresti,Phylloscopus inornatus,0.0616,empty
Phylloscopus forresti_1_c002,Phylloscopus forresti,Acrocephalus bistrigiceps,0.0007,empty
Phylloscopus forresti_1_c003,Phylloscopus forresti,Pnoepyga pusilla,0.0008,empty
Phylloscopus forresti_1_c004,Phylloscopus forresti,Pnoepyga pusilla,0.0011,empty
Phylloscopus forresti_1_c005,Phylloscopus forresti,Pnoepyga pusilla,0.0010,empty
Phylloscopus forresti_1_c006,Phylloscopus forresti,Dicaeum minullum,0.0015,empty
Phylloscopus forresti_2_c000,Phylloscopus forresti,Phylloscopus forresti,0.7390,concordant
Phylloscopus forresti_2_c001,Phylloscopus forresti,Phylloscopus inornatus,0.5963,ambiguous
Phylloscopus forresti_2_c002,Phylloscopus forresti,Phylloscopus forresti,0.1755,empty
Phylloscopus forresti_2_c003,Phylloscopus forresti,Phylloscopus forresti,0.0285,empty
Phylloscopus forresti_2_c004,Phylloscopus forresti,Phylloscopus forresti,0.9380,concordant
Phylloscopus forresti_2_c005,Phylloscopus forresti,Phylloscopus forresti,0.8801,concordant
Phylloscopus forresti_2_c006,Phylloscopus forresti,Phylloscopus inornatus,0.0019,empty
Phylloscopus forresti_2_c007,Phylloscopus forresti,Phylloscopus inornatus,0.0016,empty
Phylloscopus forresti_3_c000,Phylloscopus forresti,Phylloscopus inornatus,0.0274,empty
Phylloscopus forresti_3_c001,Phylloscopus forresti,Phylloscopus inornatus,0.1223,empty
Phylloscopus forresti_3_c002,Phylloscopus forresti,Phylloscopus forresti,0.0821,empty
Phylloscopus forresti_3_c003,Phylloscopus forresti,Phylloscopus forresti,0.0285,empty
Phylloscopus forresti_3_c004,Phylloscopus forresti,Stachyridopsis ambigua,0.0262,empty
Phylloscopus forresti_3_c005,Phylloscopus forresti,Phylloscopus forresti,0.0126,empty
Phylloscopus forresti_3_c006,Phylloscopus forresti,Stachyridopsis ambigua,0.0267,empty
Phylloscopus forresti_3_c007,Phylloscopus forresti,Phylloscopus inornatus,0.0323,empty
Phylloscopus forresti_3_c008,Phylloscopus forresti,Phylloscopus inornatus,0.0035,empty
Phylloscopus forresti_3_c009,Phylloscopus forresti,Stachyridopsis ambigua,0.0410,empty
Phylloscopus forresti_3_c010,Phylloscopus forresti,Phylloscopus forresti,0.0201,empty
Phylloscopus forresti_3_c011,Phylloscopus forresti,Phylloscopus inornatus,0.0234,empty
Phylloscopus forresti_3_c012,Phylloscopus forresti,Phylloscopus inornatus,0.0607,empty
Phylloscopus forresti_3_c013,Phylloscopus forresti,Phylloscopus inornatus,0.0319,empty
Phylloscopus forresti_3_c014,Phylloscopus forresti,Phylloscopus forresti,0.0065,empty
Phylloscopus forresti_3_c015,Phylloscopus forresti,Pluvialis squatarola,0.0009,empty
Phylloscopus forresti_4_c000,Phylloscopus forresti,Phylloscopus forresti,0.5359,concordant
Phylloscopus forresti_4_c001,Phylloscopus forresti,Phylloscopus forresti,0.0403,empty
Phylloscopus forresti_4_c002,Phylloscopus forresti,Phylloscopus forresti,0.4153,ambiguous
Phylloscopus forresti_4_c003,Phylloscopus forresti,Phylloscopus forresti,0.2686,ambiguous
Phylloscopus forresti_4_c004,Phylloscopus forresti,Phylloscopus forresti,0.4865,ambiguous
Phylloscopus forresti_5_c000,Phylloscopus forresti,Phylloscopus forresti,0.5697,concordant
Phylloscopus forresti_5_c001,Phylloscopus forresti,Phylloscopus inornatus,0.9222,intruder
Phylloscopus forresti_5_c002,Phylloscopus forresti,Phylloscopus inornatus,0.8418,intruder
Phylloscopus forresti_5_c003,Phylloscopus forresti,Phylloscopus inornatus,0.4969,ambiguous
Phylloscopus forresti_5_c004,Phylloscopus forresti,Phylloscopus inornatus,0.8696,intruder
Phylloscopus forresti_5_c005,Phylloscopus forresti,Phylloscopus inornatus,0.6528,intruder
Phylloscopus forresti_5_c006,Phylloscopus forresti,Phylloscopus inornatus,0.9069,intruder
Phylloscopus forresti_5_c007,Phylloscopus forresti,Phylloscopus inornatus,0.1762,empty
Phylloscopus forresti_5_c008,Phylloscopus forresti,Phylloscopus inornatus,0.7328,intruder
Phylloscopus forresti_5_c009,Phylloscopus forresti,Phylloscopus inornatus,0.0971,empty
Phylloscopus forresti_5_c010,Phylloscopus forresti,Phylloscopus inornatus,0.7091,intruder
Phylloscopus forresti_6_c000,Phylloscopus forresti,Phylloscopus forresti,0.3583,ambiguous
Phylloscopus forresti_6_c001,Phylloscopus forresti,Phylloscopus forresti,0.7003,concordant
Phylloscopus forresti_6_c002,Phylloscopus forresti,Aethopyga gouldiae,0.0064,empty
Phylloscopus forresti_7_c000,Phylloscopus forresti,Phylloscopus forresti,0.6075,concordant
Phylloscopus forresti_7_c001,Phylloscopus forresti,Phylloscopus forresti,0.2161,ambiguous
Phylloscopus forresti_7_c002,Phylloscopus forresti,Pluvialis squatarola,0.0009,empty
Phylloscopus inornatus_1_c000,Phylloscopus inornatus,Phylloscopus inornatus,0.8567,concordant
Phylloscopus inornatus_1_c001,Phylloscopus inornatus,Phylloscopus inornatus,0.9088,concordant
Phylloscopus inornatus_1_c002,Phylloscopus inornatus,Phylloscopus inornatus,0.7985,concordant
Phylloscopus inornatus_1_c003,Phylloscopus inornatus,Phylloscopus inornatus,0.7597,concordant
Phylloscopus inornatus_1_c004,Phylloscopus inornatus,Phylloscopus inornatus,0.9092,concordant
Phylloscopus inornatus_2_c000,Phylloscopus inornatus,Phylloscopus inornatus,0.8355,concordant
Phylloscopus inornatus_2_c001,Phylloscopus inornatus,Phylloscopus inornatus,0.9282,concordant
Phylloscopus inornatus_2_c002,Phylloscopus inornatus,Phylloscopus inornatus,0.8353,concordant
Phylloscopus inornatus_3_c000,Phylloscopus inornatus,Phylloscopus inornatus,0.9632,concordant
Phylloscopus inornatus_3_c001,Phylloscopus inornatus,Phylloscopus inornatus,0.8605,concordant
Phylloscopus inornatus_3_c002,Phylloscopus inornatus,Phylloscopus inornatus,0.6363,concordant
Phylloscopus inornatus_3_c003,Phylloscopus inornatus,Phylloscopus inornatus,0.8643,concordant
Phylloscopus inornatus_3_c004,Phylloscopus inornatus,Phylloscopus inornatus,0.9637,concordant
Phylloscopus inornatus_3_c005,Phylloscopus inornatus,Phylloscopus inornatus,0.9870,concordant
Phylloscopus inornatus_3_c006,Phylloscopus inornatus,Phylloscopus inornatus,0.9702,concordant
Phylloscopus inornatus_3_c007,Phylloscopus inornatus,Phylloscopus inornatus,0.9889,concordant
Phylloscopus inornatus_4_c000,Phylloscopus inornatus,Phylloscopus inornatus,0.1281,empty
Phylloscopus inornatus_4_c001,Phylloscopus inornatus,Phylloscopus inornatus,0.9413,concordant
Phylloscopus inornatus_4_c002,Phylloscopus inornatus,Phylloscopus inornatus,0.2403,ambiguous
Phylloscopus inornatus_4_c003,Phylloscopus inornatus,Phylloscopus inornatus,0.8227,concordant
Phylloscopus inornatus_4_c004,Phylloscopus inornatus,Pnoepyga pusilla,0.1569,empty
Phylloscopus inornatus_4_c005,Phylloscopus inornatus,Phylloscopus inornatus,0.8616,concordant
Phylloscopus inornatus_4_c006,Phylloscopus inornatus,Phylloscopus inornatus,0.5214,concordant
Phylloscopus inornatus_5_c000,Phylloscopus inornatus,Phylloscopus inornatus,0.9768,concordant
Phylloscopus inornatus_5_c001,Phylloscopus inornatus,Phylloscopus inornatus,0.9489,concordant
Phylloscopus inornatus_5_c002,Phylloscopus inornatus,Phylloscopus inornatus,0.9096,concordant
Phylloscopus inornatus_5_c003,Phylloscopus inornatus,Phylloscopus inornatus,0.9114,concordant
Phylloscopus inornatus_5_c004,Phylloscopus inornatus,Phylloscopus inornatus,0.9518,concordant
Phylloscopus inornatus_5_c005,Phylloscopus inornatus,Phylloscopus inornatus,0.4073,ambiguous
Phylloscopus inornatus_6_c000,Phylloscopus inornatus,Phylloscopus inornatus,0.9855,concordant
Phylloscopus inornatus_6_c001,Phylloscopus inornatus,Phylloscopus inornatus,0.8848,concordant
Phylloscopus inornatus_7_c000,Phylloscopus inornatus,Phylloscopus inornatus,0.9169,concordant
Phylloscopus inornatus_7_c001,Phylloscopus inornatus,Phylloscopus inornatus,0.9518,concordant
Phylloscopus inornatus_7_c002,Phylloscopus inornatus,Phylloscopus inornatus,0.9217,concordant
Phylloscopus inornatus_7_c003,Phylloscopus inornatus,Phylloscopus inornatus,0.9256,concordant
Phylloscopus inornatus_7_c004,Phylloscopus inornatus,Phylloscopus inornatus,0.9426,concordant
Phylloscopus inornatus_8_c000,Phylloscopus inornatus,Phylloscopus inornatus,0.9100,concordant
Phylloscopus inornatus_8_c001,Phylloscopus inornatus,Phylloscopus inornatus,0.9506,concordant
Phylloscopus inornatus_8_c002,Phylloscopus inornatus,Phylloscopus inornatus,0.9762,concordant
Phylloscopus inornatus_8_c003,Phylloscopus inornatus,Phylloscopus inornatus,0.8782,concordant
Phylloscopus inornatus_8_c004,Phylloscopus inornatus,Phylloscopus inornatus,0.7579,concordant
Phylloscopus inornatus_8_c005,Phylloscopus inornatus,Phylloscopus inornatus,0.7466,concordant
Phylloscopus inornatus_8_c006,Phylloscopus inornatus,Phylloscopus inornatus,0.7585,concordant
Phylloscopus inornatus_8_c007,Phylloscopus inornatus,Phylloscopus inornatus,0.9798,concordant
Phylloscopus inornatus_8_c008,Phylloscopus inornatus,Phylloscopus inornatus,0.7340,concordant
Phylloscopus inornatus_8_c009,Phylloscopus inornatus,Phylloscopus inornatus,0.9560,concordant
Phylloscopus inornatus_8_c010,Phylloscopus inornatus,Phylloscopus inornatus,0.9186,concordant
Phylloscopus inornatus_8_c011,Phylloscopus inornatus,Phylloscopus inornatus,0.7777,concordant
Phylloscopus inornatus_8_c012,Phylloscopus inornatus,Sturnia malabarica,0.0055,empty
Phylloscopus inornatus_8_c013,Phylloscopus inornatus,Phylloscopus inornatus,0.1969,empty
Phylloscopus inornatus_9_c000,Phylloscopus inornatus,Phylloscopus inornatus,0.0014,empty
Phylloscopus inornatus_9_c001,Phylloscopus inornatus,Arborophila torqueola,0.0128,empty
Phylloscopus inornatus_10_c000,Phylloscopus inornatus,Phylloscopus inornatus,0.6492,concordant
Phylloscopus inornatus_10_c001,Phylloscopus inornatus,Phylloscopus inornatus,0.9484,concordant
Phylloscopus inornatus_10_c002,Phylloscopus inornatus,Phylloscopus inornatus,0.7968,concordant
Phylloscopus subaffinis_1_c000,Phylloscopus subaffinis,Phylloscopus subaffinis,0.3032,ambiguous
Phylloscopus subaffinis_1_c001,Phylloscopus subaffinis,Phylloscopus subaffinis,0.4403,ambiguous
Phylloscopus subaffinis_1_c002,Phylloscopus subaffinis,Phylloscopus subaffinis,0.7150,concordant
Phylloscopus subaffinis_1_c003,Phylloscopus subaffinis,Phylloscopus subaffinis,0.2911,ambiguous
Phylloscopus subaffinis_1_c004,Phylloscopus subaffinis,Phylloscopus subaffinis,0.6758,concordant
Phylloscopus subaffinis_1_c005,Phylloscopus subaffinis,Phylloscopus subaffinis,0.0865,empty
Phylloscopus subaffinis_1_c006,Phylloscopus subaffinis,Phylloscopus subaffinis,0.1383,empty
Phylloscopus subaffinis_1_c007,Phylloscopus subaffinis,Phylloscopus subaffinis,0.5281,concordant
Phylloscopus subaffinis_2_c000,Phylloscopus subaffinis,Phylloscopus subaffinis,0.4133,ambiguous
Phylloscopus subaffinis_2_c001,Phylloscopus subaffinis,Phylloscopus subaffinis,0.9695,concordant
Phylloscopus subaffinis_2_c002,Phylloscopus subaffinis,Phylloscopus subaffinis,0.6985,concordant
Phylloscopus subaffinis_2_c003,Phylloscopus subaffinis,Phylloscopus subaffinis,0.5313,concordant
Pluvialis squatarola_1_c000,Pluvialis squatarola,Pluvialis squatarola,0.9930,concordant
Pluvialis squatarola_1_c001,Pluvialis squatarola,Pluvialis squatarola,0.1596,empty
Pluvialis squatarola_1_c002,Pluvialis squatarola,Pluvialis squatarola,0.9767,concordant
Pluvialis squatarola_1_c003,Pluvialis squatarola,Pluvialis squatarola,0.9967,concordant
Pluvialis squatarola_1_c004,Pluvialis squatarola,Pluvialis squatarola,0.9359,concordant
Pluvialis squatarola_1_c005,Pluvialis squatarola,Pluvialis squatarola,0.9722,concordant
Pluvialis squatarola_1_c006,Pluvialis squatarola,Pluvialis squatarola,0.9982,concordant
Pluvialis squatarola_1_c007,Pluvialis squatarola,Pluvialis squatarola,0.9711,concordant
Pluvialis squatarola_1_c008,Pluvialis squatarola,Pluvialis squatarola,0.3190,ambiguous
Pluvialis squatarola_1_c009,Pluvialis squatarola,Pluvialis squatarola,0.6252,concordant
Pluvialis squatarola_2_c000,Pluvialis squatarola,Pluvialis squatarola,0.9930,concordant
Pluvialis squatarola_2_c001,Pluvialis squatarola,Pluvialis squatarola,0.1596,empty
Pluvialis squatarola_2_c002,Pluvialis squatarola,Pluvialis squatarola,0.9767,concordant
Pluvialis squatarola_2_c003,Pluvialis squatarola,Pluvialis squatarola,0.9967,concordant
Pluvialis squatarola_2_c004,Pluvialis squatarola,Pluvialis squatarola,0.9359,concordant
Pluvialis squatarola_2_c005,Pluvialis squatarola,Pluvialis squatarola,0.9722,concordant
Pluvialis squatarola_2_c006,Pluvialis squatarola,Pluvialis squatarola,0.9982,concordant
Pluvialis squatarola_2_c007,Pluvialis squatarola,Pluvialis squatarola,0.9711,concordant
Pluvialis squatarola_2_c008,Pluvialis squatarola,Pluvialis squatarola,0.3190,ambiguous
Pluvialis squatarola_2_c009,Pluvialis squatarola,Pluvialis squatarola,0.6252,concordant
Pluvialis squatarola_3_c000,Pluvialis squatarola,Pluvialis squatarola,0.2408,ambiguous
Pluvialis squatarola_3_c001,Pluvialis squatarola,Pluvialis squatarola,0.0818,empty
Pluvialis squatarola_4_c000,Pluvialis squatarola,Pluvialis squatarola,0.6258,concordant
Pluvialis squatarola_5_c000,Pluvialis squatarola,Pluvialis squatarola,0.3492,ambiguous
Pluvialis squatarola_6_c000,Pluvialis squatarola,Pluvialis squatarola,0.8257,concordant
Pluvialis squatarola_7_c000,Pluvialis squatarola,Pluvialis squatarola,0.6318,concordant
Pnoepyga pusilla_1_c000,Pnoepyga pusilla,Pnoepyga pusilla,0.9988,concordant
Pnoepyga pusilla_1_c001,Pnoepyga pusilla,Pnoepyga pusilla,0.9987,concordant
Pnoepyga pusilla_1_c002,Pnoepyga pusilla,Pnoepyga pusilla,0.9988,concordant
Pnoepyga pusilla_1_c003,Pnoepyga pusilla,Pnoepyga pusilla,0.9996,concordant
Pnoepyga pusilla_1_c004,Pnoepyga pusilla,Pnoepyga pusilla,0.9986,concordant
Pnoepyga pusilla_1_c005,Pnoepyga pusilla,Pnoepyga pusilla,0.9973,concordant
Pnoepyga pusilla_1_c006,Pnoepyga pusilla,Pnoepyga pusilla,0.9980,concordant
Pnoepyga pusilla_1_c007,Pnoepyga pusilla,Pnoepyga pusilla,0.9985,concordant
Pnoepyga pusilla_1_c008,Pnoepyga pusilla,Pnoepyga pusilla,0.9976,concordant
Pnoepyga pusilla_1_c009,Pnoepyga pusilla,Pnoepyga pusilla,0.9946,concordant
Pnoepyga pusilla_1_c010,Pnoepyga pusilla,Pnoepyga pusilla,0.9896,concordant
Pnoepyga pusilla_1_c011,Pnoepyga pusilla,Pnoepyga pusilla,0.9954,concordant
Pnoepyga pusilla_2_c000,Pnoepyga pusilla,Pnoepyga pusilla,0.9992,concordant
Pnoepyga pusilla_2_c001,Pnoepyga pusilla,Pnoepyga pusilla,0.9998,concordant
Pnoepyga pusilla_2_c002,Pnoepyga pusilla,Pnoepyga pusilla,0.9996,concordant
Pnoepyga pusilla_2_c003,Pnoepyga pusilla,Pnoepyga pusilla,0.9999,concordant
Pnoepyga pusilla_2_c004,Pnoepyga pusilla,Pnoepyga pusilla,0.9997,concordant
Pnoepyga pusilla_3_c000,Pnoepyga pusilla,Pnoepyga pusilla,0.9105,concordant
Pnoepyga pusilla_3_c001,Pnoepyga pusilla,Pnoepyga pusilla,0.9245,concordant
Pnoepyga pusilla_3_c002,Pnoepyga pusilla,Pnoepyga pusilla,0.8811,concordant
Pnoepyga pusilla_4_c000,Pnoepyga pusilla,Pnoepyga pusilla,0.9733,concordant
Pnoepyga pusilla_4_c001,Pnoepyga pusilla,Pnoepyga pusilla,0.9809,concordant
Pnoepyga pusilla_4_c002,Pnoepyga pusilla,Pnoepyga pusilla,0.9950,concordant
Pnoepyga pusilla_4_c003,Pnoepyga pusilla,Pnoepyga pusilla,0.9967,concordant
Pnoepyga pusilla_4_c004,Pnoepyga pusilla,Pnoepyga pusilla,0.9965,concordant
Pnoepyga pusilla_5_c000,Pnoepyga pusilla,Pnoepyga pusilla,0.9971,concordant
Pnoepyga pusilla_5_c001,Pnoepyga pusilla,Pnoepyga pusilla,0.9905,concordant
Pnoepyga pusilla_5_c002,Pnoepyga pusilla,Pnoepyga pusilla,0.9980,concordant
Pnoepyga pusilla_5_c003,Pnoepyga pusilla,Pnoepyga pusilla,0.9997,concordant
Pnoepyga pusilla_5_c004,Pnoepyga pusilla,Pnoepyga pusilla,0.9968,concordant
Pnoepyga pusilla_5_c005,Pnoepyga pusilla,Pnoepyga pusilla,0.9987,concordant
Pnoepyga pusilla_5_c006,Pnoepyga pusilla,Pnoepyga pusilla,0.9984,concordant
Pnoepyga pusilla_5_c007,Pnoepyga pusilla,Pnoepyga pusilla,0.9941,concordant
Pnoepyga pusilla_5_c008,Pnoepyga pusilla,Pnoepyga pusilla,0.9777,concordant
Pnoepyga pusilla_5_c009,Pnoepyga pusilla,Pnoepyga pusilla,0.9992,concordant
Pnoepyga pusilla_6_c000,Pnoepyga pusilla,Pnoepyga pusilla,0.9539,concordant
Pnoepyga pusilla_6_c001,Pnoepyga pusilla,Pnoepyga pusilla,0.9907,concordant
Pnoepyga pusilla_6_c002,Pnoepyga pusilla,Pnoepyga pusilla,0.8908,concordant
Pnoepyga pusilla_6_c003,Pnoepyga pusilla,Pnoepyga pusilla,0.9801,concordant
Pnoepyga pusilla_6_c004,Pnoepyga pusilla,Pnoepyga pusilla,0.8955,concordant
Pnoepyga pusilla_6_c005,Pnoepyga pusilla,Pnoepyga pusilla,0.9882,concordant
Pnoepyga pusilla_6_c006,Pnoepyga pusilla,Pnoepyga pusilla,0.9868,concordant
Pnoepyga pusilla_7_c000,Pnoepyga pusilla,Pnoepyga pusilla,0.5681,concordant
Pnoepyga pusilla_7_c001,Pnoepyga pusilla,Pnoepyga pusilla,0.3182,ambiguous
Pnoepyga pusilla_7_c002,Pnoepyga pusilla,Pnoepyga pusilla,0.4634,ambiguous
Pnoepyga pusilla_7_c003,Pnoepyga pusilla,Pnoepyga pusilla,0.0797,empty
Pnoepyga pusilla_7_c004,Pnoepyga pusilla,Pnoepyga pusilla,0.5235,concordant
Pnoepyga pusilla_7_c005,Pnoepyga pusilla,Pnoepyga pusilla,0.5298,concordant
Pnoepyga pusilla_7_c006,Pnoepyga pusilla,Pnoepyga pusilla,0.5752,concordant
Pnoepyga pusilla_7_c007,Pnoepyga pusilla,Pnoepyga pusilla,0.2588,ambiguous
Pnoepyga pusilla_7_c008,Pnoepyga pusilla,Pnoepyga pusilla,0.8227,concordant
Pnoepyga pusilla_7_c009,Pnoepyga pusilla,Pnoepyga pusilla,0.5681,concordant
Pnoepyga pusilla_8_c000,Pnoepyga pusilla,Pnoepyga pusilla,0.9983,concordant
Pnoepyga pusilla_8_c001,Pnoepyga pusilla,Pnoepyga pusilla,0.9988,concordant
Pnoepyga pusilla_8_c002,Pnoepyga pusilla,Pnoepyga pusilla,0.7613,concordant
Pnoepyga pusilla_8_c003,Pnoepyga pusilla,Pnoepyga pusilla,0.8268,concordant
Pnoepyga pusilla_8_c004,Pnoepyga pusilla,Pnoepyga pusilla,0.9924,concordant
Pnoepyga pusilla_9_c000,Pnoepyga pusilla,Pnoepyga pusilla,0.9982,concordant
Pnoepyga pusilla_9_c001,Pnoepyga pusilla,Pnoepyga pusilla,0.9915,concordant
Pnoepyga pusilla_9_c002,Pnoepyga pusilla,Pnoepyga pusilla,0.9995,concordant
Pnoepyga pusilla_9_c003,Pnoepyga pusilla,Pnoepyga pusilla,0.9753,concordant
Pnoepyga pusilla_9_c004,Pnoepyga pusilla,Pnoepyga pusilla,0.9557,concordant
Pnoepyga pusilla_9_c005,Pnoepyga pusilla,Pnoepyga pusilla,0.9992,concordant
Pnoepyga pusilla_10_c000,Pnoepyga pusilla,Pnoepyga pusilla,0.8564,concordant
Pnoepyga pusilla_10_c001,Pnoepyga pusilla,Pnoepyga pusilla,0.3828,ambiguous
Pnoepyga pusilla_10_c002,Pnoepyga pusilla,Pnoepyga pusilla,0.4619,ambiguous
Pnoepyga pusilla_10_c003,Pnoepyga pusilla,Pnoepyga pusilla,0.5268,concordant
Pnoepyga pusilla_11_c000,Pnoepyga pusilla,Pnoepyga pusilla,0.9947,concordant
Pnoepyga pusilla_11_c001,Pnoepyga pusilla,Pnoepyga pusilla,0.9954,concordant
Pnoepyga pusilla_11_c002,Pnoepyga pusilla,Pnoepyga pusilla,0.9980,concordant
Pnoepyga pusilla_11_c003,Pnoepyga pusilla,Pnoepyga pusilla,0.9985,concordant
Pnoepyga pusilla_11_c004,Pnoepyga pusilla,Pnoepyga pusilla,0.9973,concordant
Pnoepyga pusilla_11_c005,Pnoepyga pusilla,Pnoepyga pusilla,0.9981,concordant
Pnoepyga pusilla_12_c000,Pnoepyga pusilla,Pnoepyga pusilla,0.9922,concordant
Pnoepyga pusilla_12_c001,Pnoepyga pusilla,Pnoepyga pusilla,0.9428,concordant
Pnoepyga pusilla_12_c002,Pnoepyga pusilla,Pnoepyga pusilla,0.9396,concordant
Pnoepyga pusilla_12_c003,Pnoepyga pusilla,Pnoepyga pusilla,0.9963,concordant
Pnoepyga pusilla_12_c004,Pnoepyga pusilla,Pnoepyga pusilla,0.9957,concordant
Pnoepyga pusilla_12_c005,Pnoepyga pusilla,Pnoepyga pusilla,0.9974,concordant
Pnoepyga pusilla_12_c006,Pnoepyga pusilla,Pnoepyga pusilla,0.9965,concordant
Pnoepyga pusilla_12_c007,Pnoepyga pusilla,Pnoepyga pusilla,0.9981,concordant
Pnoepyga pusilla_12_c008,Pnoepyga pusilla,Pnoepyga pusilla,0.0485,empty
Pnoepyga pusilla_12_c009,Pnoepyga pusilla,Pnoepyga pusilla,0.9649,concordant
Pnoepyga pusilla_13_c000,Pnoepyga pusilla,Pnoepyga pusilla,0.9987,concordant
Pnoepyga pusilla_13_c001,Pnoepyga pusilla,Pnoepyga pusilla,0.9988,concordant
Pnoepyga pusilla_14_c000,Pnoepyga pusilla,Pnoepyga pusilla,0.9998,concordant
Pnoepyga pusilla_14_c001,Pnoepyga pusilla,Pnoepyga pusilla,0.9985,concordant
Pnoepyga pusilla_14_c002,Pnoepyga pusilla,Pnoepyga pusilla,0.9995,concordant
Pnoepyga pusilla_14_c003,Pnoepyga pusilla,Pnoepyga pusilla,0.9955,concordant
Pnoepyga pusilla_14_c004,Pnoepyga pusilla,Pnoepyga pusilla,0.9743,concordant
Pnoepyga pusilla_14_c005,Pnoepyga pusilla,Pnoepyga pusilla,0.9997,concordant
Pnoepyga pusilla_15_c000,Pnoepyga pusilla,Pnoepyga pusilla,0.9969,concordant
Pnoepyga pusilla_15_c001,Pnoepyga pusilla,Pnoepyga pusilla,0.9679,concordant
Pnoepyga pusilla_15_c002,Pnoepyga pusilla,Pnoepyga pusilla,0.5314,concordant
Pnoepyga pusilla_16_c000,Pnoepyga pusilla,Pnoepyga pusilla,0.9979,concordant
Pnoepyga pusilla_16_c001,Pnoepyga pusilla,Pnoepyga pusilla,0.9846,concordant
Pnoepyga pusilla_16_c002,Pnoepyga pusilla,Pnoepyga pusilla,0.9916,concordant
Pnoepyga pusilla_16_c003,Pnoepyga pusilla,Pnoepyga pusilla,0.9944,concordant
Pnoepyga pusilla_17_c000,Pnoepyga pusilla,Pnoepyga pusilla,0.7867,concordant
Pnoepyga pusilla_17_c001,Pnoepyga pusilla,Pnoepyga pusilla,0.9991,concordant
Pnoepyga pusilla_17_c002,Pnoepyga pusilla,Pnoepyga pusilla,0.9992,concordant
Pnoepyga pusilla_17_c003,Pnoepyga pusilla,Pnoepyga pusilla,0.9996,concordant
Pnoepyga pusilla_17_c004,Pnoepyga pusilla,Pnoepyga pusilla,0.9988,concordant
Pnoepyga pusilla_17_c005,Pnoepyga pusilla,Pnoepyga pusilla,0.9964,concordant
Pnoepyga pusilla_17_c006,Pnoepyga pusilla,Pnoepyga pusilla,0.9994,concordant
Pnoepyga pusilla_17_c007,Pnoepyga pusilla,Pnoepyga pusilla,0.9997,concordant
Pnoepyga pusilla_17_c008,Pnoepyga pusilla,Pnoepyga pusilla,0.9998,concordant
Pnoepyga pusilla_17_c009,Pnoepyga pusilla,Pnoepyga pusilla,0.9934,concordant
Pnoepyga pusilla_18_c000,Pnoepyga pusilla,Pnoepyga pusilla,0.9986,concordant
Pnoepyga pusilla_18_c001,Pnoepyga pusilla,Pnoepyga pusilla,0.9716,concordant
Pnoepyga pusilla_18_c002,Pnoepyga pusilla,Pnoepyga pusilla,0.9941,concordant
Pnoepyga pusilla_18_c003,Pnoepyga pusilla,Pnoepyga pusilla,0.9758,concordant
Pnoepyga pusilla_18_c004,Pnoepyga pusilla,Pnoepyga pusilla,0.9129,concordant
Pnoepyga pusilla_18_c005,Pnoepyga pusilla,Pnoepyga pusilla,0.9827,concordant
Pnoepyga pusilla_18_c006,Pnoepyga pusilla,Pnoepyga pusilla,0.9870,concordant
Pnoepyga pusilla_18_c007,Pnoepyga pusilla,Pnoepyga pusilla,0.9827,concordant
Pnoepyga pusilla_18_c008,Pnoepyga pusilla,Pnoepyga pusilla,0.9861,concordant
Pnoepyga pusilla_19_c000,Pnoepyga pusilla,Pnoepyga pusilla,0.9857,concordant
Pnoepyga pusilla_19_c001,Pnoepyga pusilla,Pnoepyga pusilla,0.9945,concordant
Pnoepyga pusilla_19_c002,Pnoepyga pusilla,Pnoepyga pusilla,0.9971,concordant
Pnoepyga pusilla_19_c003,Pnoepyga pusilla,Pnoepyga pusilla,0.9998,concordant
Pnoepyga pusilla_19_c004,Pnoepyga pusilla,Pnoepyga pusilla,0.9981,concordant
Pnoepyga pusilla_19_c005,Pnoepyga pusilla,Pnoepyga pusilla,0.9924,concordant
Pnoepyga pusilla_19_c006,Pnoepyga pusilla,Pnoepyga pusilla,0.9987,concordant
Pnoepyga pusilla_19_c007,Pnoepyga pusilla,Pnoepyga pusilla,0.9820,concordant
Pnoepyga pusilla_20_c000,Pnoepyga pusilla,Pnoepyga pusilla,0.7727,concordant
Pnoepyga pusilla_20_c001,Pnoepyga pusilla,Pnoepyga pusilla,0.5636,concordant
Pnoepyga pusilla_20_c002,Pnoepyga pusilla,Pnoepyga pusilla,0.9600,concordant
Pnoepyga pusilla_20_c003,Pnoepyga pusilla,Pnoepyga pusilla,0.9790,concordant
Pnoepyga pusilla_20_c004,Pnoepyga pusilla,Pnoepyga pusilla,0.9864,concordant
Pnoepyga pusilla_20_c005,Pnoepyga pusilla,Pnoepyga pusilla,0.7615,concordant
Pnoepyga pusilla_20_c006,Pnoepyga pusilla,Pnoepyga pusilla,0.9920,concordant
Pnoepyga pusilla_20_c007,Pnoepyga pusilla,Pnoepyga pusilla,0.9926,concordant
Pnoepyga pusilla_20_c008,Pnoepyga pusilla,Pnoepyga pusilla,0.9857,concordant
Pnoepyga pusilla_20_c009,Pnoepyga pusilla,Pnoepyga pusilla,0.9616,concordant
Pnoepyga pusilla_20_c010,Pnoepyga pusilla,Pnoepyga pusilla,0.9509,concordant
Pnoepyga pusilla_21_c000,Pnoepyga pusilla,Pnoepyga pusilla,0.8602,concordant
Pnoepyga pusilla_21_c001,Pnoepyga pusilla,Pnoepyga pusilla,0.9733,concordant
Pnoepyga pusilla_21_c002,Pnoepyga pusilla,Pnoepyga pusilla,0.9145,concordant
Pnoepyga pusilla_21_c003,Pnoepyga pusilla,Pnoepyga pusilla,0.9934,concordant
Pnoepyga pusilla_21_c004,Pnoepyga pusilla,Pnoepyga pusilla,0.8323,concordant
Pnoepyga pusilla_21_c005,Pnoepyga pusilla,Pnoepyga pusilla,0.8007,concordant
Pnoepyga pusilla_21_c006,Pnoepyga pusilla,Pnoepyga pusilla,0.7914,concordant
Pnoepyga pusilla_22_c000,Pnoepyga pusilla,Pnoepyga pusilla,0.9989,concordant
Pnoepyga pusilla_22_c001,Pnoepyga pusilla,Pnoepyga pusilla,0.9990,concordant
Pnoepyga pusilla_22_c002,Pnoepyga pusilla,Pnoepyga pusilla,0.8842,concordant
Pnoepyga pusilla_22_c003,Pnoepyga pusilla,Pnoepyga pusilla,0.9874,concordant
Pnoepyga pusilla_22_c004,Pnoepyga pusilla,Pnoepyga pusilla,0.9734,concordant
Pnoepyga pusilla_22_c005,Pnoepyga pusilla,Pnoepyga pusilla,0.9002,concordant
Pnoepyga pusilla_22_c006,Pnoepyga pusilla,Pnoepyga pusilla,0.9019,concordant
Pnoepyga pusilla_22_c007,Pnoepyga pusilla,Pnoepyga pusilla,0.0527,empty
Pnoepyga pusilla_22_c008,Pnoepyga pusilla,Pnoepyga pusilla,0.9963,concordant
Pnoepyga pusilla_22_c009,Pnoepyga pusilla,Pnoepyga pusilla,0.9452,concordant
Pnoepyga pusilla_23_c000,Pnoepyga pusilla,Pnoepyga pusilla,0.9928,concordant
Pnoepyga pusilla_23_c001,Pnoepyga pusilla,Pnoepyga pusilla,0.9815,concordant
Pnoepyga pusilla_23_c002,Pnoepyga pusilla,Pnoepyga pusilla,0.9765,concordant
Pnoepyga pusilla_23_c003,Pnoepyga pusilla,Pnoepyga pusilla,0.9820,concordant
Pnoepyga pusilla_23_c004,Pnoepyga pusilla,Pnoepyga pusilla,0.9946,concordant
Pnoepyga pusilla_23_c005,Pnoepyga pusilla,Pnoepyga pusilla,0.8536,concordant
Pnoepyga pusilla_23_c006,Pnoepyga pusilla,Pnoepyga pusilla,0.9699,concordant
Pnoepyga pusilla_23_c007,Pnoepyga pusilla,Pnoepyga pusilla,0.9594,concordant
Pnoepyga pusilla_23_c008,Pnoepyga pusilla,Pnoepyga pusilla,0.9142,concordant
Pnoepyga pusilla_23_c009,Pnoepyga pusilla,Pnoepyga pusilla,0.9985,concordant
Pnoepyga pusilla_23_c010,Pnoepyga pusilla,Pnoepyga pusilla,0.9757,concordant
Pnoepyga pusilla_23_c011,Pnoepyga pusilla,Pnoepyga pusilla,0.9963,concordant
Pnoepyga pusilla_23_c012,Pnoepyga pusilla,Pnoepyga pusilla,0.8822,concordant
Pnoepyga pusilla_23_c013,Pnoepyga pusilla,Pnoepyga pusilla,0.9503,concordant
Pnoepyga pusilla_23_c014,Pnoepyga pusilla,Pnoepyga pusilla,0.8594,concordant
Pnoepyga pusilla_23_c015,Pnoepyga pusilla,Pnoepyga pusilla,0.9830,concordant
Pnoepyga pusilla_24_c000,Pnoepyga pusilla,Pnoepyga pusilla,0.9988,concordant
Pnoepyga pusilla_24_c001,Pnoepyga pusilla,Pnoepyga pusilla,0.9954,concordant
Pnoepyga pusilla_24_c002,Pnoepyga pusilla,Pnoepyga pusilla,0.9888,concordant
Pnoepyga pusilla_24_c003,Pnoepyga pusilla,Pnoepyga pusilla,0.9971,concordant
Pnoepyga pusilla_24_c004,Pnoepyga pusilla,Pnoepyga pusilla,0.9924,concordant
Pnoepyga pusilla_24_c005,Pnoepyga pusilla,Pnoepyga pusilla,0.9988,concordant
Pnoepyga pusilla_25_c000,Pnoepyga pusilla,Pnoepyga pusilla,0.9917,concordant
Pnoepyga pusilla_25_c001,Pnoepyga pusilla,Pnoepyga pusilla,0.9338,concordant
Pnoepyga pusilla_25_c002,Pnoepyga pusilla,Pnoepyga pusilla,0.1838,empty
Pnoepyga pusilla_25_c003,Pnoepyga pusilla,Pnoepyga pusilla,0.9973,concordant
Pnoepyga pusilla_25_c004,Pnoepyga pusilla,Pnoepyga pusilla,0.9929,concordant
Pnoepyga pusilla_25_c005,Pnoepyga pusilla,Pnoepyga pusilla,0.1053,empty
Pnoepyga pusilla_25_c006,Pnoepyga pusilla,Pnoepyga pusilla,0.9973,concordant
Pnoepyga pusilla_25_c007,Pnoepyga pusilla,Pomatorhinus ruficollis,0.0031,empty
Pnoepyga pusilla_25_c008,Pnoepyga pusilla,Pnoepyga pusilla,0.9918,concordant
Pnoepyga pusilla_26_c000,Pnoepyga pusilla,Pnoepyga pusilla,0.3561,ambiguous
Pnoepyga pusilla_26_c001,Pnoepyga pusilla,Pnoepyga pusilla,0.9155,concordant
Pnoepyga pusilla_26_c002,Pnoepyga pusilla,Pnoepyga pusilla,0.7261,concordant
Pnoepyga pusilla_26_c003,Pnoepyga pusilla,Pnoepyga pusilla,0.0120,empty
Pnoepyga pusilla_27_c000,Pnoepyga pusilla,Pnoepyga pusilla,0.8585,concordant
Pnoepyga pusilla_27_c001,Pnoepyga pusilla,Pnoepyga pusilla,0.9255,concordant
Pnoepyga pusilla_27_c002,Pnoepyga pusilla,Pnoepyga pusilla,0.9167,concordant
Pnoepyga pusilla_27_c003,Pnoepyga pusilla,Pnoepyga pusilla,0.9765,concordant
Pnoepyga pusilla_27_c004,Pnoepyga pusilla,Pnoepyga pusilla,0.9498,concordant
Pnoepyga pusilla_28_c000,Pnoepyga pusilla,Pnoepyga pusilla,0.2943,ambiguous
Pnoepyga pusilla_29_c000,Pnoepyga pusilla,Pnoepyga pusilla,0.9985,concordant
Pnoepyga pusilla_29_c001,Pnoepyga pusilla,Pnoepyga pusilla,0.9842,concordant
Pnoepyga pusilla_29_c002,Pnoepyga pusilla,Pnoepyga pusilla,0.9983,concordant
Pnoepyga pusilla_29_c003,Pnoepyga pusilla,Pnoepyga pusilla,0.9973,concordant
Pnoepyga pusilla_29_c004,Pnoepyga pusilla,Pnoepyga pusilla,0.9935,concordant
Pnoepyga pusilla_29_c005,Pnoepyga pusilla,Pnoepyga pusilla,0.9853,concordant
Pnoepyga pusilla_29_c006,Pnoepyga pusilla,Pnoepyga pusilla,0.9984,concordant
Pnoepyga pusilla_29_c007,Pnoepyga pusilla,Pnoepyga pusilla,0.9817,concordant
Pnoepyga pusilla_29_c008,Pnoepyga pusilla,Pnoepyga pusilla,0.9988,concordant
Pnoepyga pusilla_29_c009,Pnoepyga pusilla,Pnoepyga pusilla,0.9992,concordant
Pnoepyga pusilla_29_c010,Pnoepyga pusilla,Pnoepyga pusilla,0.9977,concordant
Pnoepyga pusilla_29_c011,Pnoepyga pusilla,Pnoepyga pusilla,0.9927,concordant
Pnoepyga pusilla_29_c012,Pnoepyga pusilla,Pnoepyga pusilla,0.9634,concordant
Pnoepyga pusilla_29_c013,Pnoepyga pusilla,Pnoepyga pusilla,0.9845,concordant
Pnoepyga pusilla_29_c014,Pnoepyga pusilla,Pnoepyga pusilla,0.9808,concordant
Pnoepyga pusilla_29_c015,Pnoepyga pusilla,Pnoepyga pusilla,0.9626,concordant
Pnoepyga pusilla_29_c016,Pnoepyga pusilla,Pnoepyga pusilla,0.9921,concordant
Polyplectron bicalcaratum_1_c000,Polyplectron bicalcaratum,Polyplectron bicalcaratum,0.9993,concordant
Polyplectron bicalcaratum_1_c001,Polyplectron bicalcaratum,Pnoepyga pusilla,0.0004,empty
Polyplectron bicalcaratum_2_c000,Polyplectron bicalcaratum,Polyplectron bicalcaratum,0.9959,concordant
Polyplectron bicalcaratum_2_c001,Polyplectron bicalcaratum,Polyplectron bicalcaratum,0.9634,concordant
Polyplectron bicalcaratum_2_c002,Polyplectron bicalcaratum,Polyplectron bicalcaratum,0.9862,concordant
Polyplectron bicalcaratum_2_c003,Polyplectron bicalcaratum,Polyplectron bicalcaratum,0.9979,concordant
Polyplectron bicalcaratum_2_c004,Polyplectron bicalcaratum,Polyplectron bicalcaratum,0.8346,concordant
Polyplectron bicalcaratum_2_c005,Polyplectron bicalcaratum,Polyplectron bicalcaratum,0.9943,concordant
Polyplectron bicalcaratum_2_c006,Polyplectron bicalcaratum,Polyplectron bicalcaratum,0.9854,concordant
Polyplectron bicalcaratum_3_c000,Polyplectron bicalcaratum,Polyplectron bicalcaratum,0.9915,concordant
Polyplectron bicalcaratum_3_c001,Polyplectron bicalcaratum,Polyplectron bicalcaratum,0.9962,concordant
Polyplectron bicalcaratum_3_c002,Polyplectron bicalcaratum,Polyplectron bicalcaratum,0.0258,empty
Polyplectron bicalcaratum_3_c003,Polyplectron bicalcaratum,Polyplectron bicalcaratum,0.9979,concordant
Polyplectron bicalcaratum_3_c004,Polyplectron bicalcaratum,Polyplectron bicalcaratum,0.9678,concordant
Polyplectron bicalcaratum_3_c005,Polyplectron bicalcaratum,Polyplectron bicalcaratum,0.9292,concordant
Polyplectron bicalcaratum_3_c006,Polyplectron bicalcaratum,Polyplectron bicalcaratum,0.9657,concordant
Polyplectron bicalcaratum_3_c007,Polyplectron bicalcaratum,Polyplectron bicalcaratum,0.9972,concordant
Polyplectron bicalcaratum_3_c008,Polyplectron bicalcaratum,Cyornis concretus,0.0072,empty
Polyplectron bicalcaratum_3_c009,Polyplectron bicalcaratum,Polyplectron bicalcaratum,0.9894,concordant
Polyplectron bicalcaratum_4_c000,Polyplectron bicalcaratum,Polyplectron bicalcaratum,0.8979,concordant
Polyplectron bicalcaratum_4_c001,Polyplectron bicalcaratum,Polyplectron bicalcaratum,0.9818,concordant
Polyplectron bicalcaratum_4_c002,Polyplectron bicalcaratum,Polyplectron bicalcaratum,0.9750,concordant
Polyplectron bicalcaratum_4_c003,Polyplectron bicalcaratum,Polyplectron bicalcaratum,0.9266,concordant
Polyplectron bicalcaratum_5_c000,Polyplectron bicalcaratum,Polyplectron bicalcaratum,0.9974,concordant
Polyplectron bicalcaratum_5_c001,Polyplectron bicalcaratum,Polyplectron bicalcaratum,0.0580,empty
Polyplectron bicalcaratum_5_c002,Polyplectron bicalcaratum,Polyplectron bicalcaratum,0.9616,concordant
Polyplectron bicalcaratum_5_c003,Polyplectron bicalcaratum,Polyplectron bicalcaratum,0.1372,empty
Polyplectron bicalcaratum_5_c004,Polyplectron bicalcaratum,Polyplectron bicalcaratum,0.9581,concordant
Polyplectron bicalcaratum_5_c005,Polyplectron bicalcaratum,Polyplectron bicalcaratum,0.8188,concordant
Polyplectron bicalcaratum_6_c000,Polyplectron bicalcaratum,Polyplectron bicalcaratum,0.9955,concordant
Polyplectron bicalcaratum_6_c001,Polyplectron bicalcaratum,Polyplectron bicalcaratum,0.9738,concordant
Polyplectron bicalcaratum_6_c002,Polyplectron bicalcaratum,Polyplectron bicalcaratum,0.1045,empty
Polyplectron bicalcaratum_6_c003,Polyplectron bicalcaratum,Polyplectron bicalcaratum,0.9991,concordant
Polyplectron bicalcaratum_6_c004,Polyplectron bicalcaratum,Polyplectron bicalcaratum,0.0458,empty
Polyplectron bicalcaratum_6_c005,Polyplectron bicalcaratum,Polyplectron bicalcaratum,0.9880,concordant
Polyplectron bicalcaratum_6_c006,Polyplectron bicalcaratum,Polyplectron bicalcaratum,0.9937,concordant
Polyplectron bicalcaratum_6_c007,Polyplectron bicalcaratum,Polyplectron bicalcaratum,0.9680,concordant
Polyplectron bicalcaratum_6_c008,Polyplectron bicalcaratum,Polyplectron bicalcaratum,0.9995,concordant
Polyplectron bicalcaratum_6_c009,Polyplectron bicalcaratum,Polyplectron bicalcaratum,0.9978,concordant
Polyplectron bicalcaratum_6_c010,Polyplectron bicalcaratum,Polyplectron bicalcaratum,0.0143,empty
Polyplectron bicalcaratum_6_c011,Polyplectron bicalcaratum,Polyplectron bicalcaratum,0.9944,concordant
Polyplectron bicalcaratum_7_c000,Polyplectron bicalcaratum,Polyplectron bicalcaratum,0.9998,concordant
Polyplectron bicalcaratum_7_c001,Polyplectron bicalcaratum,Polyplectron bicalcaratum,0.9983,concordant
Polyplectron bicalcaratum_7_c002,Polyplectron bicalcaratum,Polyplectron bicalcaratum,0.9995,concordant
Polyplectron bicalcaratum_7_c003,Polyplectron bicalcaratum,Polyplectron bicalcaratum,0.9921,concordant
Polyplectron bicalcaratum_7_c004,Polyplectron bicalcaratum,Polyplectron bicalcaratum,0.9891,concordant
Polyplectron bicalcaratum_7_c005,Polyplectron bicalcaratum,Polyplectron bicalcaratum,0.9941,concordant
Polyplectron bicalcaratum_7_c006,Polyplectron bicalcaratum,Polyplectron bicalcaratum,0.9883,concordant
Polyplectron bicalcaratum_7_c007,Polyplectron bicalcaratum,Polyplectron bicalcaratum,0.9961,concordant
Polyplectron bicalcaratum_7_c008,Polyplectron bicalcaratum,Polyplectron bicalcaratum,0.9862,concordant
Polyplectron bicalcaratum_7_c009,Polyplectron bicalcaratum,Polyplectron bicalcaratum,0.9965,concordant
Polyplectron bicalcaratum_8_c000,Polyplectron bicalcaratum,Polyplectron bicalcaratum,0.9995,concordant
Polyplectron bicalcaratum_9_c000,Polyplectron bicalcaratum,Polyplectron bicalcaratum,0.9993,concordant
Polyplectron bicalcaratum_9_c001,Polyplectron bicalcaratum,Pnoepyga pusilla,0.0004,empty
Polyplectron bicalcaratum_10_c000,Polyplectron bicalcaratum,Polyplectron bicalcaratum,0.9972,concordant
Polyplectron bicalcaratum_10_c001,Polyplectron bicalcaratum,Polyplectron bicalcaratum,0.9504,concordant
Polyplectron bicalcaratum_10_c002,Polyplectron bicalcaratum,Polyplectron bicalcaratum,0.7334,concordant
Polyplectron bicalcaratum_10_c003,Polyplectron bicalcaratum,Polyplectron bicalcaratum,0.9021,concordant
Polyplectron bicalcaratum_11_c000,Polyplectron bicalcaratum,Polyplectron bicalcaratum,0.9933,concordant
Polyplectron bicalcaratum_11_c001,Polyplectron bicalcaratum,Cyornis concretus,0.0016,empty
Polyplectron bicalcaratum_11_c002,Polyplectron bicalcaratum,Cyornis concretus,0.0004,empty
Polyplectron bicalcaratum_11_c003,Polyplectron bicalcaratum,Polyplectron bicalcaratum,0.9916,concordant
Pomatorhinus ruficollis_1_c000,Pomatorhinus ruficollis,Pomatorhinus ruficollis,0.9316,concordant
Pomatorhinus ruficollis_1_c001,Pomatorhinus ruficollis,Liocichla phoenicea,0.0120,empty
Pomatorhinus ruficollis_1_c002,Pomatorhinus ruficollis,Pomatorhinus ruficollis,0.7194,concordant
Pomatorhinus ruficollis_1_c003,Pomatorhinus ruficollis,Pomatorhinus ruficollis,0.3034,ambiguous
Pomatorhinus ruficollis_1_c004,Pomatorhinus ruficollis,Pnoepyga pusilla,0.0046,empty
Pomatorhinus ruficollis_1_c005,Pomatorhinus ruficollis,Pomatorhinus ruficollis,0.9318,concordant
Pomatorhinus ruficollis_1_c006,Pomatorhinus ruficollis,Pnoepyga pusilla,0.0024,empty
Pomatorhinus ruficollis_1_c007,Pomatorhinus ruficollis,Liocichla phoenicea,0.0940,empty
Pomatorhinus ruficollis_1_c008,Pomatorhinus ruficollis,Pnoepyga pusilla,0.0074,empty
Pomatorhinus ruficollis_1_c009,Pomatorhinus ruficollis,Pomatorhinus ruficollis,0.4554,ambiguous
Pomatorhinus ruficollis_1_c010,Pomatorhinus ruficollis,Pnoepyga pusilla,0.0022,empty
Pomatorhinus ruficollis_1_c011,Pomatorhinus ruficollis,Pomatorhinus ruficollis,0.1378,empty
Pomatorhinus ruficollis_1_c012,Pomatorhinus ruficollis,Liocichla phoenicea,0.0145,empty
Pomatorhinus ruficollis_1_c013,Pomatorhinus ruficollis,Pnoepyga pusilla,0.0050,empty
Pomatorhinus ruficollis_1_c014,Pomatorhinus ruficollis,Pomatorhinus ruficollis,0.1835,empty
Pomatorhinus ruficollis_2_c000,Pomatorhinus ruficollis,Pomatorhinus ruficollis,0.8653,concordant
Pomatorhinus ruficollis_2_c001,Pomatorhinus ruficollis,Pomatorhinus ruficollis,0.9160,concordant
Pomatorhinus ruficollis_2_c002,Pomatorhinus ruficollis,Pomatorhinus ruficollis,0.9326,concordant
Pomatorhinus ruficollis_2_c003,Pomatorhinus ruficollis,Pomatorhinus ruficollis,0.6578,concordant
Pomatorhinus ruficollis_3_c000,Pomatorhinus ruficollis,Pomatorhinus ruficollis,0.5239,concordant
Pomatorhinus ruficollis_3_c001,Pomatorhinus ruficollis,Macronus gularis,0.0010,empty
Pomatorhinus ruficollis_3_c002,Pomatorhinus ruficollis,Pomatorhinus ruficollis,0.0204,empty
Pomatorhinus ruficollis_3_c003,Pomatorhinus ruficollis,Pomatorhinus ruficollis,0.1756,empty
Pomatorhinus ruficollis_4_c000,Pomatorhinus ruficollis,Pomatorhinus ruficollis,0.9983,concordant
Pomatorhinus ruficollis_4_c001,Pomatorhinus ruficollis,Pomatorhinus ruficollis,0.9983,concordant
Pomatorhinus ruficollis_4_c002,Pomatorhinus ruficollis,Pomatorhinus ruficollis,0.8652,concordant
Pomatorhinus ruficollis_4_c003,Pomatorhinus ruficollis,Pomatorhinus ruficollis,0.9669,concordant
Pomatorhinus ruficollis_4_c004,Pomatorhinus ruficollis,Pomatorhinus ruficollis,0.9911,concordant
Pomatorhinus ruficollis_4_c005,Pomatorhinus ruficollis,Pomatorhinus ruficollis,0.9894,concordant
Pomatorhinus ruficollis_4_c006,Pomatorhinus ruficollis,Pomatorhinus ruficollis,0.9930,concordant
Pomatorhinus ruficollis_4_c007,Pomatorhinus ruficollis,Pomatorhinus ruficollis,0.9619,concordant
Pomatorhinus ruficollis_4_c008,Pomatorhinus ruficollis,Pomatorhinus ruficollis,0.9920,concordant
Pomatorhinus ruficollis_4_c009,Pomatorhinus ruficollis,Pomatorhinus ruficollis,0.9890,concordant
Pomatorhinus ruficollis_4_c010,Pomatorhinus ruficollis,Pomatorhinus ruficollis,0.9896,concordant
Pomatorhinus ruficollis_4_c011,Pomatorhinus ruficollis,Pomatorhinus ruficollis,0.9929,concordant
Pomatorhinus ruficollis_4_c012,Pomatorhinus ruficollis,Pomatorhinus ruficollis,0.9970,concordant
Pomatorhinus ruficollis_4_c013,Pomatorhinus ruficollis,Pomatorhinus ruficollis,0.9906,concordant
Pomatorhinus ruficollis_4_c014,Pomatorhinus ruficollis,Pomatorhinus ruficollis,0.9919,concordant
Pomatorhinus ruficollis_4_c015,Pomatorhinus ruficollis,Pomatorhinus ruficollis,0.9449,concordant
Pomatorhinus ruficollis_4_c016,Pomatorhinus ruficollis,Pomatorhinus ruficollis,0.9882,concordant
Pomatorhinus ruficollis_4_c017,Pomatorhinus ruficollis,Pomatorhinus ruficollis,0.9331,concordant
Pomatorhinus ruficollis_4_c018,Pomatorhinus ruficollis,Pomatorhinus ruficollis,0.9907,concordant
Pomatorhinus ruficollis_4_c019,Pomatorhinus ruficollis,Pomatorhinus ruficollis,0.9926,concordant
Pomatorhinus ruficollis_4_c020,Pomatorhinus ruficollis,Pomatorhinus ruficollis,0.9796,concordant
Pomatorhinus ruficollis_5_c000,Pomatorhinus ruficollis,Pomatorhinus ruficollis,0.9360,concordant
Pomatorhinus ruficollis_5_c001,Pomatorhinus ruficollis,Pomatorhinus ruficollis,0.9846,concordant
Pomatorhinus ruficollis_5_c002,Pomatorhinus ruficollis,Pomatorhinus ruficollis,0.9248,concordant
Pomatorhinus ruficollis_6_c000,Pomatorhinus ruficollis,Pomatorhinus ruficollis,0.9498,concordant
Pomatorhinus ruficollis_6_c001,Pomatorhinus ruficollis,Pomatorhinus ruficollis,0.9628,concordant
Pomatorhinus ruficollis_6_c002,Pomatorhinus ruficollis,Pomatorhinus ruficollis,0.9958,concordant
Pomatorhinus ruficollis_6_c003,Pomatorhinus ruficollis,Pomatorhinus ruficollis,0.9798,concordant
Pomatorhinus ruficollis_6_c004,Pomatorhinus ruficollis,Pomatorhinus ruficollis,0.9926,concordant
Pomatorhinus ruficollis_6_c005,Pomatorhinus ruficollis,Pomatorhinus ruficollis,0.9208,concordant
Pomatorhinus ruficollis_6_c006,Pomatorhinus ruficollis,Pomatorhinus ruficollis,0.9905,concordant
Pomatorhinus ruficollis_6_c007,Pomatorhinus ruficollis,Pomatorhinus ruficollis,0.9700,concordant
Pomatorhinus ruficollis_6_c008,Pomatorhinus ruficollis,Pomatorhinus ruficollis,0.9892,concordant
Pomatorhinus ruficollis_6_c009,Pomatorhinus ruficollis,Pomatorhinus ruficollis,0.9875,concordant
Pomatorhinus ruficollis_6_c010,Pomatorhinus ruficollis,Pluvialis squatarola,0.0009,empty
Pomatorhinus ruficollis_7_c000,Pomatorhinus ruficollis,Pomatorhinus ruficollis,0.9814,concordant
Pomatorhinus ruficollis_7_c001,Pomatorhinus ruficollis,Pomatorhinus ruficollis,0.9851,concordant
Pomatorhinus ruficollis_7_c002,Pomatorhinus ruficollis,Pomatorhinus ruficollis,0.9935,concordant
Pomatorhinus ruficollis_7_c003,Pomatorhinus ruficollis,Pomatorhinus ruficollis,0.9922,concordant
Pomatorhinus ruficollis_7_c004,Pomatorhinus ruficollis,Pomatorhinus ruficollis,0.9930,concordant
Pomatorhinus ruficollis_7_c005,Pomatorhinus ruficollis,Pomatorhinus ruficollis,0.9796,concordant
Pomatorhinus ruficollis_7_c006,Pomatorhinus ruficollis,Pomatorhinus ruficollis,0.9977,concordant
Pomatorhinus ruficollis_7_c007,Pomatorhinus ruficollis,Pomatorhinus ruficollis,0.9903,concordant
Pomatorhinus ruficollis_7_c008,Pomatorhinus ruficollis,Pomatorhinus ruficollis,0.9943,concordant
Pomatorhinus ruficollis_7_c009,Pomatorhinus ruficollis,Pomatorhinus ruficollis,0.9861,concordant
Pomatorhinus ruficollis_7_c010,Pomatorhinus ruficollis,Pomatorhinus ruficollis,0.9847,concordant
Pomatorhinus ruficollis_8_c000,Pomatorhinus ruficollis,Pomatorhinus ruficollis,0.9988,concordant
Pomatorhinus ruficollis_8_c001,Pomatorhinus ruficollis,Pomatorhinus ruficollis,0.9977,concordant
Pomatorhinus ruficollis_8_c002,Pomatorhinus ruficollis,Pomatorhinus ruficollis,0.9994,concordant
Pomatorhinus ruficollis_9_c000,Pomatorhinus ruficollis,Pomatorhinus ruficollis,0.9944,concordant
Pomatorhinus ruficollis_9_c001,Pomatorhinus ruficollis,Pomatorhinus ruficollis,0.9879,concordant
Pomatorhinus ruficollis_9_c002,Pomatorhinus ruficollis,Pomatorhinus ruficollis,0.9772,concordant
Pomatorhinus ruficollis_9_c003,Pomatorhinus ruficollis,Pomatorhinus ruficollis,0.9957,concordant
Pomatorhinus ruficollis_9_c004,Pomatorhinus ruficollis,Spelaeornis oatesi,0.1879,empty
Pomatorhinus ruficollis_9_c005,Pomatorhinus ruficollis,Pomatorhinus ruficollis,0.9637,concordant
Pomatorhinus ruficollis_9_c006,Pomatorhinus ruficollis,Pomatorhinus ruficollis,0.0585,empty
Pomatorhinus ruficollis_9_c007,Pomatorhinus ruficollis,Pomatorhinus ruficollis,0.0806,empty
Pomatorhinus ruficollis_9_c008,Pomatorhinus ruficollis,Pomatorhinus ruficollis,0.9950,concordant
Pomatorhinus ruficollis_10_c000,Pomatorhinus ruficollis,Pomatorhinus ruficollis,0.9985,concordant
Pomatorhinus ruficollis_10_c001,Pomatorhinus ruficollis,Pomatorhinus ruficollis,0.9855,concordant
Pomatorhinus ruficollis_10_c002,Pomatorhinus ruficollis,Pomatorhinus ruficollis,0.9956,concordant
Pomatorhinus ruficollis_10_c003,Pomatorhinus ruficollis,Pomatorhinus ruficollis,0.9977,concordant
Pomatorhinus ruficollis_10_c004,Pomatorhinus ruficollis,Pomatorhinus ruficollis,0.9675,concordant
Pomatorhinus ruficollis_10_c005,Pomatorhinus ruficollis,Pomatorhinus ruficollis,0.8109,concordant
Pomatorhinus ruficollis_10_c006,Pomatorhinus ruficollis,Pomatorhinus ruficollis,0.9900,concordant
Pomatorhinus ruficollis_10_c007,Pomatorhinus ruficollis,Pomatorhinus ruficollis,0.9883,concordant
Pomatorhinus ruficollis_10_c008,Pomatorhinus ruficollis,Pomatorhinus ruficollis,0.9865,concordant
Pomatorhinus ruficollis_10_c009,Pomatorhinus ruficollis,Pomatorhinus ruficollis,0.5752,concordant
Pomatorhinus ruficollis_11_c000,Pomatorhinus ruficollis,Pomatorhinus ruficollis,0.9625,concordant
Pomatorhinus ruficollis_11_c001,Pomatorhinus ruficollis,Pomatorhinus ruficollis,0.9874,concordant
Pomatorhinus ruficollis_11_c002,Pomatorhinus ruficollis,Pomatorhinus ruficollis,0.9517,concordant
Pomatorhinus ruficollis_11_c003,Pomatorhinus ruficollis,Pomatorhinus ruficollis,0.5706,concordant
Pomatorhinus ruficollis_12_c000,Pomatorhinus ruficollis,Pomatorhinus ruficollis,0.9816,concordant
Pomatorhinus ruficollis_12_c001,Pomatorhinus ruficollis,Pomatorhinus ruficollis,0.9908,concordant
Pomatorhinus ruficollis_12_c002,Pomatorhinus ruficollis,Pomatorhinus ruficollis,0.9354,concordant
Pomatorhinus ruficollis_13_c000,Pomatorhinus ruficollis,Pomatorhinus ruficollis,0.7998,concordant
Pomatorhinus ruficollis_13_c001,Pomatorhinus ruficollis,Pomatorhinus ruficollis,0.8689,concordant
Pomatorhinus ruficollis_13_c002,Pomatorhinus ruficollis,Pomatorhinus ruficollis,0.8439,concordant
Pomatorhinus ruficollis_13_c003,Pomatorhinus ruficollis,Pomatorhinus ruficollis,0.8607,concordant
Pomatorhinus ruficollis_13_c004,Pomatorhinus ruficollis,Pomatorhinus ruficollis,0.6740,concordant
Pomatorhinus ruficollis_13_c005,Pomatorhinus ruficollis,Pomatorhinus ruficollis,0.8448,concordant
Pomatorhinus ruficollis_13_c006,Pomatorhinus ruficollis,Pomatorhinus ruficollis,0.5720,concordant
Pomatorhinus ruficollis_13_c007,Pomatorhinus ruficollis,Spelaeornis oatesi,0.0497,empty
Pomatorhinus ruficollis_13_c008,Pomatorhinus ruficollis,Pomatorhinus ruficollis,0.9232,concordant
Pomatorhinus ruficollis_13_c009,Pomatorhinus ruficollis,Pomatorhinus ruficollis,0.9505,concordant
Pomatorhinus ruficollis_14_c000,Pomatorhinus ruficollis,Pomatorhinus ruficollis,0.9802,concordant
Pomatorhinus ruficollis_14_c001,Pomatorhinus ruficollis,Pomatorhinus ruficollis,0.9019,concordant
Pomatorhinus ruficollis_14_c002,Pomatorhinus ruficollis,Pomatorhinus ruficollis,0.9581,concordant
Pomatorhinus ruficollis_15_c000,Pomatorhinus ruficollis,Pomatorhinus ruficollis,0.9942,concordant
Pomatorhinus ruficollis_15_c001,Pomatorhinus ruficollis,Pomatorhinus ruficollis,0.8561,concordant
Pomatorhinus ruficollis_15_c002,Pomatorhinus ruficollis,Pomatorhinus ruficollis,0.9812,concordant
Pomatorhinus ruficollis_15_c003,Pomatorhinus ruficollis,Pomatorhinus ruficollis,0.6312,concordant
Pomatorhinus ruficollis_16_c000,Pomatorhinus ruficollis,Pomatorhinus ruficollis,0.8731,concordant
Pomatorhinus ruficollis_16_c001,Pomatorhinus ruficollis,Pomatorhinus ruficollis,0.0735,empty
Pomatorhinus ruficollis_16_c002,Pomatorhinus ruficollis,Pomatorhinus ruficollis,0.8203,concordant
Pomatorhinus ruficollis_16_c003,Pomatorhinus ruficollis,Pomatorhinus ruficollis,0.9786,concordant
Pomatorhinus ruficollis_16_c004,Pomatorhinus ruficollis,Pomatorhinus ruficollis,0.9844,concordant
Pomatorhinus ruficollis_16_c005,Pomatorhinus ruficollis,Pomatorhinus ruficollis,0.9893,concordant
Pomatorhinus ruficollis_16_c006,Pomatorhinus ruficollis,Pomatorhinus ruficollis,0.9897,concordant
Pomatorhinus ruficollis_16_c007,Pomatorhinus ruficollis,Pomatorhinus ruficollis,0.3864,ambiguous
Pomatorhinus ruficollis_16_c008,Pomatorhinus ruficollis,Pomatorhinus ruficollis,0.9935,concordant
Pomatorhinus ruficollis_16_c009,Pomatorhinus ruficollis,Cyornis unicolor,0.0076,empty
Pomatorhinus ruficollis_17_c000,Pomatorhinus ruficollis,Pomatorhinus ruficollis,0.9978,concordant
Pomatorhinus ruficollis_17_c001,Pomatorhinus ruficollis,Pomatorhinus ruficollis,0.9967,concordant
Pomatorhinus ruficollis_17_c002,Pomatorhinus ruficollis,Pomatorhinus ruficollis,0.9880,concordant
Pomatorhinus ruficollis_17_c003,Pomatorhinus ruficollis,Pomatorhinus ruficollis,0.9659,concordant
Pomatorhinus ruficollis_17_c004,Pomatorhinus ruficollis,Pomatorhinus ruficollis,0.8005,concordant
Pomatorhinus ruficollis_17_c005,Pomatorhinus ruficollis,Pomatorhinus ruficollis,0.9675,concordant
Pomatorhinus ruficollis_17_c006,Pomatorhinus ruficollis,Pomatorhinus ruficollis,0.9867,concordant
Pomatorhinus ruficollis_17_c007,Pomatorhinus ruficollis,Pomatorhinus ruficollis,0.9487,concordant
Pomatorhinus ruficollis_17_c008,Pomatorhinus ruficollis,Pomatorhinus ruficollis,0.9913,concordant
Pomatorhinus ruficollis_18_c000,Pomatorhinus ruficollis,Pomatorhinus ruficollis,0.9967,concordant
Pomatorhinus ruficollis_18_c001,Pomatorhinus ruficollis,Pomatorhinus ruficollis,0.4002,ambiguous
Pomatorhinus ruficollis_18_c002,Pomatorhinus ruficollis,Pomatorhinus ruficollis,0.9780,concordant
Pomatorhinus ruficollis_18_c003,Pomatorhinus ruficollis,Pomatorhinus ruficollis,0.9821,concordant
Pomatorhinus ruficollis_18_c004,Pomatorhinus ruficollis,Pomatorhinus ruficollis,0.9878,concordant
Pomatorhinus ruficollis_18_c005,Pomatorhinus ruficollis,Pomatorhinus ruficollis,0.9993,concordant
Pomatorhinus ruficollis_18_c006,Pomatorhinus ruficollis,Pomatorhinus ruficollis,0.9758,concordant
Pomatorhinus ruficollis_18_c007,Pomatorhinus ruficollis,Pomatorhinus ruficollis,0.9940,concordant
Pomatorhinus ruficollis_18_c008,Pomatorhinus ruficollis,Pomatorhinus ruficollis,0.9962,concordant
Pomatorhinus ruficollis_18_c009,Pomatorhinus ruficollis,Pomatorhinus ruficollis,0.2587,ambiguous
Pomatorhinus ruficollis_18_c010,Pomatorhinus ruficollis,Pomatorhinus ruficollis,0.9990,concordant
Pomatorhinus ruficollis_18_c011,Pomatorhinus ruficollis,Pomatorhinus ruficollis,0.9598,concordant
Pomatorhinus ruficollis_18_c012,Pomatorhinus ruficollis,Pomatorhinus ruficollis,0.9829,concordant
Pomatorhinus ruficollis_18_c013,Pomatorhinus ruficollis,Pomatorhinus ruficollis,0.9968,concordant
Pomatorhinus ruficollis_18_c014,Pomatorhinus ruficollis,Pomatorhinus ruficollis,0.9897,concordant
Pomatorhinus ruficollis_18_c015,Pomatorhinus ruficollis,Pomatorhinus ruficollis,0.9482,concordant
Pomatorhinus ruficollis_18_c016,Pomatorhinus ruficollis,Pomatorhinus ruficollis,0.9983,concordant
Pomatorhinus ruficollis_18_c017,Pomatorhinus ruficollis,Pomatorhinus ruficollis,0.7472,concordant
Pomatorhinus ruficollis_18_c018,Pomatorhinus ruficollis,Pomatorhinus ruficollis,0.9993,concordant
Pomatorhinus ruficollis_18_c019,Pomatorhinus ruficollis,Pomatorhinus ruficollis,0.9523,concordant
Pomatorhinus ruficollis_18_c020,Pomatorhinus ruficollis,Pomatorhinus ruficollis,0.9954,concordant
Pomatorhinus ruficollis_18_c021,Pomatorhinus ruficollis,Pomatorhinus ruficollis,0.8428,concordant
Pomatorhinus ruficollis_18_c022,Pomatorhinus ruficollis,Pomatorhinus ruficollis,0.1554,empty
Pomatorhinus ruficollis_19_c000,Pomatorhinus ruficollis,Pomatorhinus ruficollis,0.9825,concordant
Pomatorhinus ruficollis_19_c001,Pomatorhinus ruficollis,Pomatorhinus ruficollis,0.0049,empty
Pomatorhinus ruficollis_19_c002,Pomatorhinus ruficollis,Pomatorhinus ruficollis,0.9495,concordant
Pomatorhinus ruficollis_19_c003,Pomatorhinus ruficollis,Phylloscopus forresti,0.0151,empty
Pomatorhinus ruficollis_19_c004,Pomatorhinus ruficollis,Pomatorhinus ruficollis,0.5411,concordant
Pomatorhinus ruficollis_19_c005,Pomatorhinus ruficollis,Pomatorhinus ruficollis,0.5854,concordant
Pomatorhinus ruficollis_19_c006,Pomatorhinus ruficollis,Pomatorhinus ruficollis,0.6236,concordant
Pomatorhinus ruficollis_20_c000,Pomatorhinus ruficollis,Pomatorhinus ruficollis,0.7957,concordant
Pomatorhinus ruficollis_21_c000,Pomatorhinus ruficollis,Pomatorhinus ruficollis,0.9130,concordant
Pomatorhinus ruficollis_21_c001,Pomatorhinus ruficollis,Pomatorhinus ruficollis,0.8283,concordant
Pomatorhinus ruficollis_21_c002,Pomatorhinus ruficollis,Pomatorhinus ruficollis,0.4351,ambiguous
Pomatorhinus ruficollis_21_c003,Pomatorhinus ruficollis,Pomatorhinus ruficollis,0.8234,concordant
Pomatorhinus ruficollis_21_c004,Pomatorhinus ruficollis,Pomatorhinus ruficollis,0.7597,concordant
Pomatorhinus ruficollis_21_c005,Pomatorhinus ruficollis,Pomatorhinus ruficollis,0.9010,concordant
Pomatorhinus ruficollis_22_c000,Pomatorhinus ruficollis,Pomatorhinus ruficollis,0.7936,concordant
Pomatorhinus ruficollis_22_c001,Pomatorhinus ruficollis,Pomatorhinus ruficollis,0.8921,concordant
Pomatorhinus ruficollis_22_c002,Pomatorhinus ruficollis,Pomatorhinus ruficollis,0.8350,concordant
Pomatorhinus ruficollis_23_c000,Pomatorhinus ruficollis,Pomatorhinus ruficollis,0.9786,concordant
Pomatorhinus ruficollis_23_c001,Pomatorhinus ruficollis,Pomatorhinus ruficollis,0.8422,concordant
Pomatorhinus ruficollis_24_c000,Pomatorhinus ruficollis,Pomatorhinus ruficollis,0.9806,concordant
Pomatorhinus ruficollis_24_c001,Pomatorhinus ruficollis,Pomatorhinus ruficollis,0.9733,concordant
Pomatorhinus ruficollis_24_c002,Pomatorhinus ruficollis,Pomatorhinus ruficollis,0.3817,ambiguous
Pomatorhinus ruficollis_24_c003,Pomatorhinus ruficollis,Pomatorhinus ruficollis,0.7234,concordant
Pomatorhinus ruficollis_24_c004,Pomatorhinus ruficollis,Pomatorhinus ruficollis,0.9672,concordant
Pomatorhinus ruficollis_24_c005,Pomatorhinus ruficollis,Pomatorhinus ruficollis,0.9903,concordant
Pomatorhinus ruficollis_24_c006,Pomatorhinus ruficollis,Pomatorhinus ruficollis,0.9385,concordant
Pomatorhinus ruficollis_24_c007,Pomatorhinus ruficollis,Pomatorhinus ruficollis,0.4474,ambiguous
Pomatorhinus ruficollis_24_c008,Pomatorhinus ruficollis,Pomatorhinus ruficollis,0.9392,concordant
Pomatorhinus ruficollis_24_c009,Pomatorhinus ruficollis,Pomatorhinus ruficollis,0.9395,concordant
Pomatorhinus ruficollis_24_c010,Pomatorhinus ruficollis,Pomatorhinus ruficollis,0.9756,concordant
Pomatorhinus ruficollis_24_c011,Pomatorhinus ruficollis,Pomatorhinus ruficollis,0.8329,concordant
Pomatorhinus ruficollis_24_c012,Pomatorhinus ruficollis,Pomatorhinus ruficollis,0.9202,concordant
Pomatorhinus ruficollis_24_c013,Pomatorhinus ruficollis,Pomatorhinus ruficollis,0.9903,concordant
Pomatorhinus ruficollis_24_c014,Pomatorhinus ruficollis,Pomatorhinus ruficollis,0.8711,concordant
Pomatorhinus ruficollis_24_c015,Pomatorhinus ruficollis,Pomatorhinus ruficollis,0.9749,concordant
Pomatorhinus ruficollis_24_c016,Pomatorhinus ruficollis,Pomatorhinus ruficollis,0.9886,concordant
Pomatorhinus ruficollis_24_c017,Pomatorhinus ruficollis,Pomatorhinus ruficollis,0.9893,concordant
Pomatorhinus ruficollis_24_c018,Pomatorhinus ruficollis,Pomatorhinus ruficollis,0.9410,concordant
Pomatorhinus ruficollis_24_c019,Pomatorhinus ruficollis,Pomatorhinus ruficollis,0.9974,concordant
Pomatorhinus ruficollis_24_c020,Pomatorhinus ruficollis,Pomatorhinus ruficollis,0.9984,concordant
Pomatorhinus ruficollis_24_c021,Pomatorhinus ruficollis,Pomatorhinus ruficollis,0.9799,concordant
Pomatorhinus ruficollis_24_c022,Pomatorhinus ruficollis,Pomatorhinus ruficollis,0.9461,concordant
Pomatorhinus ruficollis_24_c023,Pomatorhinus ruficollis,Pomatorhinus ruficollis,0.9796,concordant
Pomatorhinus ruficollis_24_c024,Pomatorhinus ruficollis,Pomatorhinus ruficollis,0.9682,concordant
Pomatorhinus ruficollis_24_c025,Pomatorhinus ruficollis,Pomatorhinus ruficollis,0.9816,concordant
Pomatorhinus ruficollis_24_c026,Pomatorhinus ruficollis,Pomatorhinus ruficollis,0.9942,concordant
Pomatorhinus ruficollis_24_c027,Pomatorhinus ruficollis,Pomatorhinus ruficollis,0.8597,concordant
Pomatorhinus ruficollis_24_c028,Pomatorhinus ruficollis,Pomatorhinus ruficollis,0.6886,concordant
Pomatorhinus ruficollis_24_c029,Pomatorhinus ruficollis,Pomatorhinus ruficollis,0.5926,concordant
Pomatorhinus ruficollis_24_c030,Pomatorhinus ruficollis,Pomatorhinus ruficollis,0.9863,concordant
Pomatorhinus ruficollis_24_c031,Pomatorhinus ruficollis,Pomatorhinus ruficollis,0.6086,concordant
Pomatorhinus ruficollis_25_c000,Pomatorhinus ruficollis,Pomatorhinus ruficollis,0.0071,empty
Pomatorhinus ruficollis_25_c001,Pomatorhinus ruficollis,Pomatorhinus ruficollis,0.3323,ambiguous
Pomatorhinus ruficollis_25_c002,Pomatorhinus ruficollis,Pomatorhinus ruficollis,0.1720,empty
Pomatorhinus ruficollis_25_c003,Pomatorhinus ruficollis,Pomatorhinus ruficollis,0.1047,empty
Pomatorhinus ruficollis_25_c004,Pomatorhinus ruficollis,Pluvialis squatarola,0.0009,empty
Pomatorhinus ruficollis_26_c000,Pomatorhinus ruficollis,Pomatorhinus ruficollis,0.2048,ambiguous
Pomatorhinus ruficollis_26_c001,Pomatorhinus ruficollis,Pomatorhinus ruficollis,0.7899,concordant
Pomatorhinus ruficollis_26_c002,Pomatorhinus ruficollis,Pomatorhinus ruficollis,0.6026,concordant
Pomatorhinus ruficollis_27_c000,Pomatorhinus ruficollis,Cuculus micropterus,0.6505,intruder
Pomatorhinus ruficollis_27_c001,Pomatorhinus ruficollis,Pomatorhinus ruficollis,0.7386,concordant
Pomatorhinus ruficollis_27_c002,Pomatorhinus ruficollis,Pomatorhinus ruficollis,0.7385,concordant
Pomatorhinus ruficollis_27_c003,Pomatorhinus ruficollis,Pomatorhinus ruficollis,0.8972,concordant
Pomatorhinus ruficollis_27_c004,Pomatorhinus ruficollis,Liocichla phoenicea,0.0687,empty
Pomatorhinus ruficollis_27_c005,Pomatorhinus ruficollis,Cuculus micropterus,0.8016,intruder
Pomatorhinus ruficollis_27_c006,Pomatorhinus ruficollis,Cuculus micropterus,0.8002,intruder
Pomatorhinus ruficollis_27_c007,Pomatorhinus ruficollis,Cuculus micropterus,0.9307,intruder
Pomatorhinus ruficollis_27_c008,Pomatorhinus ruficollis,Pomatorhinus ruficollis,0.7427,concordant
Pomatorhinus ruficollis_27_c009,Pomatorhinus ruficollis,Pomatorhinus ruficollis,0.6325,concordant
Pomatorhinus ruficollis_28_c000,Pomatorhinus ruficollis,Pomatorhinus ruficollis,0.8311,concordant
Pomatorhinus ruficollis_28_c001,Pomatorhinus ruficollis,Pomatorhinus ruficollis,0.9076,concordant
Pomatorhinus ruficollis_28_c002,Pomatorhinus ruficollis,Pomatorhinus ruficollis,0.7619,concordant
Pomatorhinus ruficollis_28_c003,Pomatorhinus ruficollis,Pomatorhinus ruficollis,0.7624,concordant
Pomatorhinus ruficollis_28_c004,Pomatorhinus ruficollis,Pomatorhinus ruficollis,0.6735,concordant
Pomatorhinus ruficollis_29_c000,Pomatorhinus ruficollis,Pomatorhinus ruficollis,0.9757,concordant
Pomatorhinus ruficollis_29_c001,Pomatorhinus ruficollis,Pomatorhinus ruficollis,0.9507,concordant
Pomatorhinus ruficollis_29_c002,Pomatorhinus ruficollis,Pomatorhinus ruficollis,0.9732,concordant
Pomatorhinus ruficollis_29_c003,Pomatorhinus ruficollis,Pomatorhinus ruficollis,0.9630,concordant
Pomatorhinus ruficollis_29_c004,Pomatorhinus ruficollis,Pomatorhinus ruficollis,0.9549,concordant
Pomatorhinus ruficollis_30_c000,Pomatorhinus ruficollis,Pomatorhinus ruficollis,0.9614,concordant
Pomatorhinus ruficollis_30_c001,Pomatorhinus ruficollis,Pomatorhinus ruficollis,0.9366,concordant
Pomatorhinus ruficollis_30_c002,Pomatorhinus ruficollis,Pomatorhinus ruficollis,0.9506,concordant
Pomatorhinus ruficollis_30_c003,Pomatorhinus ruficollis,Pomatorhinus ruficollis,0.8527,concordant
Pomatorhinus ruficollis_30_c004,Pomatorhinus ruficollis,Pomatorhinus ruficollis,0.8966,concordant
Pomatorhinus ruficollis_30_c005,Pomatorhinus ruficollis,Pomatorhinus ruficollis,0.9832,concordant
Pomatorhinus ruficollis_30_c006,Pomatorhinus ruficollis,Pomatorhinus ruficollis,0.9082,concordant
Pomatorhinus ruficollis_30_c007,Pomatorhinus ruficollis,Pomatorhinus ruficollis,0.9460,concordant
Pomatorhinus ruficollis_30_c008,Pomatorhinus ruficollis,Pomatorhinus ruficollis,0.9433,concordant
Pomatorhinus ruficollis_31_c000,Pomatorhinus ruficollis,Pomatorhinus ruficollis,0.9974,concordant
Pomatorhinus ruficollis_31_c001,Pomatorhinus ruficollis,Pomatorhinus ruficollis,0.6159,concordant
Pomatorhinus ruficollis_31_c002,Pomatorhinus ruficollis,Pomatorhinus ruficollis,0.9807,concordant
Pomatorhinus ruficollis_31_c003,Pomatorhinus ruficollis,Pomatorhinus ruficollis,0.7437,concordant
Pomatorhinus ruficollis_31_c004,Pomatorhinus ruficollis,Pomatorhinus ruficollis,0.9155,concordant
Pomatorhinus ruficollis_31_c005,Pomatorhinus ruficollis,Pomatorhinus ruficollis,0.9071,concordant
Pomatorhinus ruficollis_31_c006,Pomatorhinus ruficollis,Pomatorhinus ruficollis,0.7385,concordant
Pomatorhinus ruficollis_32_c000,Pomatorhinus ruficollis,Pomatorhinus ruficollis,0.9975,concordant
Pomatorhinus ruficollis_32_c001,Pomatorhinus ruficollis,Pomatorhinus ruficollis,0.9675,concordant
Pomatorhinus ruficollis_32_c002,Pomatorhinus ruficollis,Pomatorhinus ruficollis,0.8458,concordant
Pomatorhinus ruficollis_32_c003,Pomatorhinus ruficollis,Pomatorhinus ruficollis,0.7020,concordant
Pomatorhinus ruficollis_32_c004,Pomatorhinus ruficollis,Pomatorhinus ruficollis,0.9795,concordant
Pomatorhinus ruficollis_32_c005,Pomatorhinus ruficollis,Pomatorhinus ruficollis,0.9466,concordant
Pomatorhinus ruficollis_32_c006,Pomatorhinus ruficollis,Pomatorhinus ruficollis,0.9210,concordant
Pomatorhinus ruficollis_32_c007,Pomatorhinus ruficollis,Pomatorhinus ruficollis,0.9671,concordant
Pomatorhinus ruficollis_32_c008,Pomatorhinus ruficollis,Pomatorhinus ruficollis,0.9680,concordant
Pomatorhinus ruficollis_32_c009,Pomatorhinus ruficollis,Pomatorhinus ruficollis,0.9790,concordant
Pomatorhinus ruficollis_33_c000,Pomatorhinus ruficollis,Pomatorhinus ruficollis,0.9905,concordant
Pomatorhinus ruficollis_33_c001,Pomatorhinus ruficollis,Pomatorhinus ruficollis,0.9332,concordant
Pomatorhinus ruficollis_33_c002,Pomatorhinus ruficollis,Pomatorhinus ruficollis,0.9936,concordant
Pomatorhinus ruficollis_33_c003,Pomatorhinus ruficollis,Pomatorhinus ruficollis,0.9587,concordant
Pomatorhinus ruficollis_33_c004,Pomatorhinus ruficollis,Pomatorhinus ruficollis,0.9712,concordant
Pomatorhinus ruficollis_33_c005,Pomatorhinus ruficollis,Pomatorhinus ruficollis,0.9805,concordant
Pomatorhinus ruficollis_34_c000,Pomatorhinus ruficollis,Pomatorhinus ruficollis,0.7263,concordant
Pomatorhinus ruficollis_34_c001,Pomatorhinus ruficollis,Pomatorhinus ruficollis,0.0058,empty
Pomatorhinus ruficollis_34_c002,Pomatorhinus ruficollis,Pomatorhinus ruficollis,0.1766,empty
Pomatorhinus ruficollis_34_c003,Pomatorhinus ruficollis,Pomatorhinus ruficollis,0.0031,empty
Pomatorhinus ruficollis_34_c004,Pomatorhinus ruficollis,Pomatorhinus ruficollis,0.7538,concordant
Pomatorhinus ruficollis_34_c005,Pomatorhinus ruficollis,Eurystomus orientalis,0.0022,empty
Pomatorhinus ruficollis_34_c006,Pomatorhinus ruficollis,Chrysococcyx maculatus,0.0157,empty
Pomatorhinus ruficollis_34_c007,Pomatorhinus ruficollis,Pomatorhinus ruficollis,0.0035,empty
Pomatorhinus ruficollis_34_c008,Pomatorhinus ruficollis,Eurystomus orientalis,0.0024,empty
Pomatorhinus ruficollis_34_c009,Pomatorhinus ruficollis,Chrysococcyx maculatus,0.0029,empty
Pomatorhinus ruficollis_34_c010,Pomatorhinus ruficollis,Chrysococcyx maculatus,0.0194,empty
Pomatorhinus ruficollis_35_c000,Pomatorhinus ruficollis,Pomatorhinus ruficollis,0.9316,concordant
Pomatorhinus ruficollis_35_c001,Pomatorhinus ruficollis,Liocichla phoenicea,0.0120,empty
Pomatorhinus ruficollis_35_c002,Pomatorhinus ruficollis,Pomatorhinus ruficollis,0.7194,concordant
Pomatorhinus ruficollis_35_c003,Pomatorhinus ruficollis,Pomatorhinus ruficollis,0.3034,ambiguous
Pomatorhinus ruficollis_35_c004,Pomatorhinus ruficollis,Pnoepyga pusilla,0.0046,empty
Pomatorhinus ruficollis_35_c005,Pomatorhinus ruficollis,Pomatorhinus ruficollis,0.9318,concordant
Pomatorhinus ruficollis_35_c006,Pomatorhinus ruficollis,Pnoepyga pusilla,0.0024,empty
Pomatorhinus ruficollis_35_c007,Pomatorhinus ruficollis,Liocichla phoenicea,0.0940,empty
Pomatorhinus ruficollis_35_c008,Pomatorhinus ruficollis,Pnoepyga pusilla,0.0074,empty
Pomatorhinus ruficollis_35_c009,Pomatorhinus ruficollis,Pomatorhinus ruficollis,0.4554,ambiguous
Pomatorhinus ruficollis_35_c010,Pomatorhinus ruficollis,Pnoepyga pusilla,0.0022,empty
Pomatorhinus ruficollis_35_c011,Pomatorhinus ruficollis,Pomatorhinus ruficollis,0.1378,empty
Pomatorhinus ruficollis_35_c012,Pomatorhinus ruficollis,Liocichla phoenicea,0.0145,empty
Pomatorhinus ruficollis_35_c013,Pomatorhinus ruficollis,Pnoepyga pusilla,0.0050,empty
Pomatorhinus ruficollis_35_c014,Pomatorhinus ruficollis,Pomatorhinus ruficollis,0.1835,empty
Pomatorhinus ruficollis_36_c000,Pomatorhinus ruficollis,Pomatorhinus ruficollis,0.9530,concordant
Pomatorhinus ruficollis_36_c001,Pomatorhinus ruficollis,Pomatorhinus ruficollis,0.9622,concordant
Pomatorhinus ruficollis_36_c002,Pomatorhinus ruficollis,Pomatorhinus ruficollis,0.7211,concordant
Pomatorhinus ruficollis_36_c003,Pomatorhinus ruficollis,Pomatorhinus ruficollis,0.9770,concordant
Pomatorhinus ruficollis_36_c004,Pomatorhinus ruficollis,Pomatorhinus ruficollis,0.9368,concordant
Pomatorhinus ruficollis_36_c005,Pomatorhinus ruficollis,Liocichla phoenicea,0.0036,empty
Pomatorhinus ruficollis_36_c006,Pomatorhinus ruficollis,Pomatorhinus ruficollis,0.9576,concordant
Pomatorhinus ruficollis_36_c007,Pomatorhinus ruficollis,Pomatorhinus ruficollis,0.4143,ambiguous
Pomatorhinus ruficollis_37_c000,Pomatorhinus ruficollis,Pomatorhinus ruficollis,0.9663,concordant
Pomatorhinus ruficollis_37_c001,Pomatorhinus ruficollis,Pomatorhinus ruficollis,0.8817,concordant
Pomatorhinus ruficollis_37_c002,Pomatorhinus ruficollis,Pomatorhinus ruficollis,0.6647,concordant
Pomatorhinus ruficollis_37_c003,Pomatorhinus ruficollis,Pomatorhinus ruficollis,0.8889,concordant
Pomatorhinus ruficollis_37_c004,Pomatorhinus ruficollis,Pomatorhinus ruficollis,0.9759,concordant
Pomatorhinus ruficollis_37_c005,Pomatorhinus ruficollis,Pomatorhinus ruficollis,0.8375,concordant
Pomatorhinus ruficollis_37_c006,Pomatorhinus ruficollis,Pomatorhinus ruficollis,0.9935,concordant
Pomatorhinus ruficollis_37_c007,Pomatorhinus ruficollis,Pomatorhinus ruficollis,0.7699,concordant
Pomatorhinus ruficollis_38_c000,Pomatorhinus ruficollis,Paradoxornis guttaticollis,0.0120,empty
Pomatorhinus ruficollis_38_c001,Pomatorhinus ruficollis,Liocichla phoenicea,0.0175,empty
Pomatorhinus ruficollis_38_c002,Pomatorhinus ruficollis,Chloropsis cochinchinensis,0.0006,empty
Pomatorhinus ruficollis_38_c003,Pomatorhinus ruficollis,Pomatorhinus ruficollis,0.0020,empty
Pomatorhinus ruficollis_39_c000,Pomatorhinus ruficollis,Pomatorhinus ruficollis,0.9947,concordant
Pomatorhinus ruficollis_39_c001,Pomatorhinus ruficollis,Pomatorhinus ruficollis,0.9919,concordant
Pomatorhinus ruficollis_39_c002,Pomatorhinus ruficollis,Pomatorhinus ruficollis,0.9616,concordant
Pomatorhinus ruficollis_39_c003,Pomatorhinus ruficollis,Pomatorhinus ruficollis,0.8625,concordant
Pomatorhinus ruficollis_39_c004,Pomatorhinus ruficollis,Pomatorhinus ruficollis,0.9132,concordant
Pomatorhinus ruficollis_40_c000,Pomatorhinus ruficollis,Pomatorhinus ruficollis,0.9486,concordant
Pomatorhinus ruficollis_40_c001,Pomatorhinus ruficollis,Pomatorhinus ruficollis,0.8556,concordant
Pomatorhinus ruficollis_40_c002,Pomatorhinus ruficollis,Pomatorhinus ruficollis,0.9813,concordant
Pomatorhinus ruficollis_40_c003,Pomatorhinus ruficollis,Pomatorhinus ruficollis,0.8514,concordant
Pomatorhinus ruficollis_40_c004,Pomatorhinus ruficollis,Pomatorhinus ruficollis,0.9516,concordant
Pomatorhinus ruficollis_40_c005,Pomatorhinus ruficollis,Pomatorhinus ruficollis,0.9689,concordant
Pomatorhinus ruficollis_40_c006,Pomatorhinus ruficollis,Pomatorhinus ruficollis,0.8637,concordant
Pomatorhinus ruficollis_41_c000,Pomatorhinus ruficollis,Pomatorhinus ruficollis,0.9324,concordant
Pomatorhinus ruficollis_41_c001,Pomatorhinus ruficollis,Pomatorhinus ruficollis,0.9856,concordant
Pomatorhinus ruficollis_41_c002,Pomatorhinus ruficollis,Pomatorhinus ruficollis,0.9856,concordant
Pomatorhinus ruficollis_41_c003,Pomatorhinus ruficollis,Pomatorhinus ruficollis,0.9969,concordant
Pomatorhinus ruficollis_41_c004,Pomatorhinus ruficollis,Pomatorhinus ruficollis,0.9782,concordant
Pomatorhinus ruficollis_41_c005,Pomatorhinus ruficollis,Pomatorhinus ruficollis,0.9904,concordant
Pomatorhinus ruficollis_41_c006,Pomatorhinus ruficollis,Pomatorhinus ruficollis,0.0224,empty
Pomatorhinus ruficollis_41_c007,Pomatorhinus ruficollis,Pomatorhinus ruficollis,0.0121,empty
Pomatorhinus ruficollis_41_c008,Pomatorhinus ruficollis,Phylloscopus subaffinis,0.0031,empty
Psilopogon lineatus_1_c000,Psilopogon lineatus,Psilopogon lineatus,0.9865,concordant
Psilopogon lineatus_1_c001,Psilopogon lineatus,Psilopogon lineatus,0.9918,concordant
Psilopogon lineatus_1_c002,Psilopogon lineatus,Psilopogon lineatus,0.0620,empty
Psilopogon lineatus_1_c003,Psilopogon lineatus,Psilopogon lineatus,0.6546,concordant
Psilopogon lineatus_1_c004,Psilopogon lineatus,Psilopogon lineatus,0.4954,ambiguous
Psilopogon lineatus_1_c005,Psilopogon lineatus,Psittacula eupatria,0.0158,empty
Psilopogon lineatus_1_c006,Psilopogon lineatus,Psilopogon lineatus,0.9832,concordant
Psilopogon lineatus_2_c000,Psilopogon lineatus,Psilopogon lineatus,0.9941,concordant
Psilopogon lineatus_2_c001,Psilopogon lineatus,Psilopogon lineatus,0.9653,concordant
Psilopogon lineatus_2_c002,Psilopogon lineatus,Psilopogon lineatus,0.9951,concordant
Psilopogon lineatus_2_c003,Psilopogon lineatus,Polyplectron bicalcaratum,0.0184,empty
Psilopogon lineatus_2_c004,Psilopogon lineatus,Psilopogon lineatus,0.9203,concordant
Psilopogon lineatus_2_c005,Psilopogon lineatus,Psilopogon lineatus,0.7376,concordant
Psilopogon lineatus_2_c006,Psilopogon lineatus,Psilopogon lineatus,0.9763,concordant
Psilopogon lineatus_2_c007,Psilopogon lineatus,Psilopogon lineatus,0.9925,concordant
Psilopogon lineatus_2_c008,Psilopogon lineatus,Psilopogon lineatus,0.9864,concordant
Psilopogon lineatus_3_c000,Psilopogon lineatus,Psilopogon lineatus,0.9814,concordant
Psilopogon lineatus_3_c001,Psilopogon lineatus,Psilopogon lineatus,0.9228,concordant
Psilopogon lineatus_3_c002,Psilopogon lineatus,Psilopogon lineatus,0.6442,concordant
Psilopogon lineatus_3_c003,Psilopogon lineatus,Psilopogon lineatus,0.0228,empty
Psilopogon lineatus_4_c000,Psilopogon lineatus,Psilopogon lineatus,0.9975,concordant
Psilopogon lineatus_4_c001,Psilopogon lineatus,Psilopogon lineatus,0.9899,concordant
Psilopogon lineatus_4_c002,Psilopogon lineatus,Psilopogon lineatus,0.9553,concordant
Psilopogon lineatus_4_c003,Psilopogon lineatus,Psilopogon lineatus,0.9929,concordant
Psilopogon lineatus_4_c004,Psilopogon lineatus,Psilopogon lineatus,0.9937,concordant
Psilopogon lineatus_4_c005,Psilopogon lineatus,Psilopogon lineatus,0.9736,concordant
Psilopogon lineatus_4_c006,Psilopogon lineatus,Psilopogon lineatus,0.9852,concordant
Psilopogon lineatus_4_c007,Psilopogon lineatus,Psilopogon lineatus,0.9956,concordant
Psilopogon lineatus_4_c008,Psilopogon lineatus,Psilopogon lineatus,0.9899,concordant
Psilopogon lineatus_4_c009,Psilopogon lineatus,Psilopogon lineatus,0.9822,concordant
Psilopogon lineatus_4_c010,Psilopogon lineatus,Psilopogon lineatus,0.9765,concordant
Psilopogon lineatus_4_c011,Psilopogon lineatus,Psilopogon lineatus,0.9884,concordant
Psilopogon lineatus_4_c012,Psilopogon lineatus,Psilopogon lineatus,0.9894,concordant
Psilopogon lineatus_5_c000,Psilopogon lineatus,Psilopogon lineatus,0.8928,concordant
Psilopogon lineatus_5_c001,Psilopogon lineatus,Psilopogon lineatus,0.9970,concordant
Psilopogon lineatus_5_c002,Psilopogon lineatus,Psilopogon lineatus,0.9450,concordant
Psilopogon lineatus_5_c003,Psilopogon lineatus,Psilopogon lineatus,0.9257,concordant
Psilopogon lineatus_5_c004,Psilopogon lineatus,Psilopogon lineatus,0.9193,concordant
Psilopogon lineatus_5_c005,Psilopogon lineatus,Psilopogon lineatus,0.9290,concordant
Psilopogon lineatus_5_c006,Psilopogon lineatus,Psilopogon lineatus,0.5185,concordant
Psilopogon lineatus_5_c007,Psilopogon lineatus,Psilopogon lineatus,0.9733,concordant
Psilopogon lineatus_5_c008,Psilopogon lineatus,Psilopogon lineatus,0.9943,concordant
Psilopogon lineatus_5_c009,Psilopogon lineatus,Psilopogon lineatus,0.9929,concordant
Psilopogon lineatus_5_c010,Psilopogon lineatus,Psilopogon lineatus,0.8255,concordant
Psilopogon lineatus_5_c011,Psilopogon lineatus,Psilopogon lineatus,0.9846,concordant
Psilopogon lineatus_6_c000,Psilopogon lineatus,Psilopogon lineatus,0.9865,concordant
Psilopogon lineatus_6_c001,Psilopogon lineatus,Psilopogon lineatus,0.9918,concordant
Psilopogon lineatus_6_c002,Psilopogon lineatus,Psilopogon lineatus,0.0620,empty
Psilopogon lineatus_6_c003,Psilopogon lineatus,Psilopogon lineatus,0.6546,concordant
Psilopogon lineatus_6_c004,Psilopogon lineatus,Psilopogon lineatus,0.4954,ambiguous
Psilopogon lineatus_6_c005,Psilopogon lineatus,Psittacula eupatria,0.0158,empty
Psilopogon lineatus_6_c006,Psilopogon lineatus,Psilopogon lineatus,0.9832,concordant
Psilopogon lineatus_7_c000,Psilopogon lineatus,Psilopogon lineatus,0.7536,concordant
Psilopogon lineatus_7_c001,Psilopogon lineatus,Psilopogon lineatus,0.7707,concordant
Psilopogon lineatus_7_c002,Psilopogon lineatus,Psilopogon lineatus,0.2714,ambiguous
Psilopogon lineatus_7_c003,Psilopogon lineatus,Psilopogon lineatus,0.8967,concordant
Psilopogon lineatus_7_c004,Psilopogon lineatus,Psilopogon lineatus,0.7881,concordant
Psilopogon lineatus_7_c005,Psilopogon lineatus,Psilopogon lineatus,0.3317,ambiguous
Psilopogon lineatus_8_c000,Psilopogon lineatus,Psilopogon lineatus,0.9221,concordant
Psilopogon lineatus_8_c001,Psilopogon lineatus,Psilopogon lineatus,0.9901,concordant
Psilopogon lineatus_8_c002,Psilopogon lineatus,Cyornis concretus,0.0018,empty
Psilopogon lineatus_9_c000,Psilopogon lineatus,Psilopogon lineatus,0.7724,concordant
Psilopogon lineatus_9_c001,Psilopogon lineatus,Psilopogon lineatus,0.9695,concordant
Psilopogon lineatus_9_c002,Psilopogon lineatus,Psilopogon lineatus,0.8024,concordant
Psilopogon lineatus_9_c003,Psilopogon lineatus,Psilopogon lineatus,0.6354,concordant
Psilopogon lineatus_9_c004,Psilopogon lineatus,Psilopogon lineatus,0.8838,concordant
Psilopogon lineatus_9_c005,Psilopogon lineatus,Psilopogon lineatus,0.7984,concordant
Psilopogon lineatus_10_c000,Psilopogon lineatus,Psilopogon lineatus,0.0460,empty
Psilopogon lineatus_10_c001,Psilopogon lineatus,Psilopogon lineatus,0.1370,empty
Psilopogon lineatus_10_c002,Psilopogon lineatus,Psilopogon lineatus,0.0257,empty
Psilopogon lineatus_10_c003,Psilopogon lineatus,Psilopogon lineatus,0.0729,empty
Psilopogon lineatus_10_c004,Psilopogon lineatus,Psilopogon lineatus,0.0228,empty
Psilopogon lineatus_10_c005,Psilopogon lineatus,Psilopogon lineatus,0.0999,empty
Psilopogon lineatus_10_c006,Psilopogon lineatus,Psilopogon lineatus,0.1026,empty
Psilopogon lineatus_10_c007,Psilopogon lineatus,Psilopogon lineatus,0.1341,empty
Psilopogon lineatus_11_c000,Psilopogon lineatus,Psilopogon lineatus,0.9288,concordant
Psilopogon lineatus_11_c001,Psilopogon lineatus,Psilopogon lineatus,0.9632,concordant
Psilopogon lineatus_11_c002,Psilopogon lineatus,Psilopogon lineatus,0.7848,concordant
Psilopogon lineatus_11_c003,Psilopogon lineatus,Psilopogon lineatus,0.7302,concordant
Psilopogon lineatus_11_c004,Psilopogon lineatus,Psilopogon lineatus,0.9776,concordant
Psilopogon lineatus_11_c005,Psilopogon lineatus,Psittacula eupatria,0.0053,empty
Psilopogon lineatus_11_c006,Psilopogon lineatus,Psilopogon lineatus,0.9894,concordant
Psilopogon lineatus_11_c007,Psilopogon lineatus,Psilopogon lineatus,0.7474,concordant
Psilopogon lineatus_11_c008,Psilopogon lineatus,Psilopogon lineatus,0.9579,concordant
Psilopogon lineatus_12_c000,Psilopogon lineatus,Psilopogon lineatus,0.0068,empty
Psilopogon lineatus_12_c001,Psilopogon lineatus,Eurystomus orientalis,0.0017,empty
Psilopogon lineatus_12_c002,Psilopogon lineatus,Psilopogon lineatus,0.0049,empty
Psilopogon lineatus_12_c003,Psilopogon lineatus,Psilopogon lineatus,0.0720,empty
Psilopogon lineatus_12_c004,Psilopogon lineatus,Psilopogon lineatus,0.0819,empty
Psilopogon lineatus_12_c005,Psilopogon lineatus,Psilopogon lineatus,0.2535,ambiguous
Psilopogon lineatus_12_c006,Psilopogon lineatus,Psilopogon lineatus,0.0235,empty
Psilopogon lineatus_12_c007,Psilopogon lineatus,Psilopogon lineatus,0.4336,ambiguous
Psilopogon lineatus_12_c008,Psilopogon lineatus,Psilopogon lineatus,0.0499,empty
Psilopogon lineatus_13_c000,Psilopogon lineatus,Psilopogon lineatus,0.9724,concordant
Psilopogon lineatus_13_c001,Psilopogon lineatus,Psilopogon lineatus,0.9967,concordant
Psilopogon lineatus_13_c002,Psilopogon lineatus,Psilopogon lineatus,0.8840,concordant
Psilopogon lineatus_13_c003,Psilopogon lineatus,Ixobrychus cinnamomeus,0.0010,empty
Psilopogon lineatus_13_c004,Psilopogon lineatus,Ixobrychus cinnamomeus,0.0014,empty
Psilopogon lineatus_13_c005,Psilopogon lineatus,Psilopogon lineatus,0.9700,concordant
Psilopogon lineatus_13_c006,Psilopogon lineatus,Psilopogon lineatus,0.9844,concordant
Psilopogon lineatus_13_c007,Psilopogon lineatus,Cuculus micropterus,0.0006,empty
Psilopogon lineatus_13_c008,Psilopogon lineatus,Psilopogon lineatus,0.9878,concordant
Psilopogon lineatus_13_c009,Psilopogon lineatus,Psilopogon lineatus,0.9302,concordant
Psilopogon lineatus_13_c010,Psilopogon lineatus,Ixobrychus cinnamomeus,0.0013,empty
Psilopogon lineatus_13_c011,Psilopogon lineatus,Psilopogon lineatus,0.9870,concordant
Psilopogon lineatus_13_c012,Psilopogon lineatus,Psilopogon lineatus,0.9988,concordant
Psilopogon lineatus_14_c000,Psilopogon lineatus,Psilopogon lineatus,0.9110,concordant
Psilopogon lineatus_14_c001,Psilopogon lineatus,Psilopogon lineatus,0.0116,empty
Psilopogon lineatus_14_c002,Psilopogon lineatus,Cuculus micropterus,0.0448,empty
Psilopogon lineatus_15_c000,Psilopogon lineatus,Psilopogon lineatus,0.5185,concordant
Psilopogon lineatus_15_c001,Psilopogon lineatus,Psilopogon lineatus,0.3637,ambiguous
Psilopogon lineatus_15_c002,Psilopogon lineatus,Psilopogon lineatus,0.2281,ambiguous
Psilopogon lineatus_15_c003,Psilopogon lineatus,Psilopogon lineatus,0.0750,empty
Psilopogon lineatus_15_c004,Psilopogon lineatus,Psilopogon lineatus,0.2628,ambiguous
Psilopogon lineatus_15_c005,Psilopogon lineatus,Psilopogon lineatus,0.0186,empty
Psilopogon lineatus_15_c006,Psilopogon lineatus,Psilopogon lineatus,0.2978,ambiguous
Psilopogon lineatus_15_c007,Psilopogon lineatus,Psilopogon lineatus,0.1184,empty
Psilopogon lineatus_16_c000,Psilopogon lineatus,Psilopogon lineatus,0.8608,concordant
Psilopogon lineatus_16_c001,Psilopogon lineatus,Psilopogon lineatus,0.9836,concordant
Psilopogon lineatus_16_c002,Psilopogon lineatus,Psilopogon lineatus,0.9351,concordant
Psilopogon lineatus_16_c003,Psilopogon lineatus,Psilopogon lineatus,0.9864,concordant
Psilopogon lineatus_17_c000,Psilopogon lineatus,Psilopogon lineatus,0.1045,empty
Psilopogon lineatus_17_c001,Psilopogon lineatus,Psilopogon lineatus,0.0211,empty
Psilopogon lineatus_17_c002,Psilopogon lineatus,Psilopogon lineatus,0.0021,empty
Psilopogon lineatus_17_c003,Psilopogon lineatus,Psilopogon lineatus,0.0291,empty
Psilopogon lineatus_18_c000,Psilopogon lineatus,Psilopogon lineatus,0.9985,concordant
Psilopogon lineatus_18_c001,Psilopogon lineatus,Psilopogon lineatus,0.9889,concordant
Psilopogon lineatus_18_c002,Psilopogon lineatus,Psilopogon lineatus,0.9960,concordant
Psilopogon lineatus_18_c003,Psilopogon lineatus,Psilopogon lineatus,0.9990,concordant
Psilopogon lineatus_18_c004,Psilopogon lineatus,Psilopogon lineatus,0.9985,concordant
Psilopogon lineatus_19_c000,Psilopogon lineatus,Psilopogon lineatus,0.9864,concordant
Psilopogon lineatus_19_c001,Psilopogon lineatus,Psilopogon lineatus,0.9946,concordant
Psilopogon lineatus_19_c002,Psilopogon lineatus,Psilopogon lineatus,0.9958,concordant
Psilopogon lineatus_19_c003,Psilopogon lineatus,Psilopogon lineatus,0.9987,concordant
Psilopogon lineatus_19_c004,Psilopogon lineatus,Psilopogon lineatus,0.9980,concordant
Psilopogon lineatus_19_c005,Psilopogon lineatus,Psilopogon lineatus,0.9959,concordant
Psilopogon lineatus_19_c006,Psilopogon lineatus,Psilopogon lineatus,0.9990,concordant
Psilopogon lineatus_19_c007,Psilopogon lineatus,Psilopogon lineatus,0.9822,concordant
Psilopogon lineatus_20_c000,Psilopogon lineatus,Psilopogon lineatus,0.9933,concordant
Psilopogon lineatus_20_c001,Psilopogon lineatus,Psilopogon lineatus,0.5300,concordant
Psilopogon lineatus_21_c000,Psilopogon lineatus,Psilopogon lineatus,0.9987,concordant
Psilopogon lineatus_21_c001,Psilopogon lineatus,Psilopogon lineatus,0.9708,concordant
Psilopogon lineatus_21_c002,Psilopogon lineatus,Psilopogon lineatus,0.9718,concordant
Psilopogon lineatus_21_c003,Psilopogon lineatus,Psilopogon lineatus,0.9659,concordant
Psilopogon lineatus_21_c004,Psilopogon lineatus,Psilopogon lineatus,0.8488,concordant
Psilopogon lineatus_21_c005,Psilopogon lineatus,Psilopogon lineatus,0.9920,concordant
Psilopogon lineatus_21_c006,Psilopogon lineatus,Psilopogon lineatus,0.9890,concordant
Psilopogon lineatus_21_c007,Psilopogon lineatus,Psilopogon lineatus,0.9930,concordant
Psilopogon lineatus_21_c008,Psilopogon lineatus,Psilopogon lineatus,0.4538,ambiguous
Psilopogon lineatus_21_c009,Psilopogon lineatus,Psilopogon lineatus,0.9963,concordant
Psilopogon lineatus_21_c010,Psilopogon lineatus,Psilopogon lineatus,0.9969,concordant
Psilopogon lineatus_21_c011,Psilopogon lineatus,Psilopogon lineatus,0.9872,concordant
Psilopogon lineatus_21_c012,Psilopogon lineatus,Psilopogon lineatus,0.9990,concordant
Psilopogon lineatus_21_c013,Psilopogon lineatus,Psilopogon lineatus,0.9976,concordant
Psilopogon lineatus_21_c014,Psilopogon lineatus,Psilopogon lineatus,0.0041,empty
Psilopogon lineatus_21_c015,Psilopogon lineatus,Psilopogon lineatus,0.9346,concordant
Psilopogon lineatus_21_c016,Psilopogon lineatus,Psilopogon lineatus,0.9930,concordant
Psilopogon lineatus_22_c000,Psilopogon lineatus,Psilopogon lineatus,0.9980,concordant
Psilopogon lineatus_22_c001,Psilopogon lineatus,Psilopogon lineatus,0.9867,concordant
Psittacula eupatria_1_c000,Psittacula eupatria,Psittacula eupatria,0.4685,ambiguous
Psittacula eupatria_1_c001,Psittacula eupatria,Psittacula eupatria,0.5945,concordant
Psittacula eupatria_1_c002,Psittacula eupatria,Psittacula eupatria,0.1594,empty
Psittacula eupatria_1_c003,Psittacula eupatria,Psittacula eupatria,0.1713,empty
Psittacula eupatria_1_c004,Psittacula eupatria,Todiramphus chloris,0.0049,empty
Psittacula eupatria_2_c000,Psittacula eupatria,Psittacula eupatria,0.9989,concordant
Psittacula eupatria_2_c001,Psittacula eupatria,Psittacula eupatria,0.9985,concordant
Psittacula eupatria_2_c002,Psittacula eupatria,Psittacula eupatria,0.9602,concordant
Psittacula eupatria_3_c000,Psittacula eupatria,Psittacula eupatria,0.0146,empty
Psittacula eupatria_3_c001,Psittacula eupatria,Psittacula eupatria,0.0242,empty
Psittacula eupatria_3_c002,Psittacula eupatria,Psittacula eupatria,0.0071,empty
Psittacula eupatria_4_c000,Psittacula eupatria,Psittacula eupatria,0.9917,concordant
Psittacula eupatria_4_c001,Psittacula eupatria,Psittacula eupatria,0.9993,concordant
Psittacula eupatria_4_c002,Psittacula eupatria,Psittacula eupatria,0.9981,concordant
Psittacula eupatria_4_c003,Psittacula eupatria,Psittacula eupatria,0.9998,concordant
Psittacula eupatria_4_c004,Psittacula eupatria,Psittacula eupatria,0.9954,concordant
Psittacula eupatria_4_c005,Psittacula eupatria,Psittacula eupatria,0.9976,concordant
Psittacula eupatria_5_c000,Psittacula eupatria,Psittacula eupatria,0.9597,concordant
Psittacula eupatria_5_c001,Psittacula eupatria,Psittacula eupatria,0.9497,concordant
Psittacula eupatria_5_c002,Psittacula eupatria,Psittacula eupatria,0.9328,concordant
Psittacula eupatria_5_c003,Psittacula eupatria,Psittacula eupatria,0.9763,concordant
Psittacula eupatria_5_c004,Psittacula eupatria,Psittacula eupatria,0.9518,concordant
Psittacula eupatria_5_c005,Psittacula eupatria,Psittacula eupatria,0.9684,concordant
Psittacula eupatria_5_c006,Psittacula eupatria,Psittacula eupatria,0.9281,concordant
Psittacula eupatria_5_c007,Psittacula eupatria,Psittacula eupatria,0.6688,concordant
Psittacula eupatria_5_c008,Psittacula eupatria,Acridotheres fuscus,0.0129,empty
Psittacula eupatria_5_c009,Psittacula eupatria,Psittacula eupatria,0.0153,empty
Psittacula eupatria_5_c010,Psittacula eupatria,Eurystomus orientalis,0.0017,empty
Psittacula eupatria_6_c000,Psittacula eupatria,Psittacula eupatria,0.9447,concordant
Psittacula eupatria_6_c001,Psittacula eupatria,Psittacula eupatria,0.6084,concordant
Psittacula eupatria_6_c002,Psittacula eupatria,Psittacula eupatria,0.3476,ambiguous
Psittacula eupatria_6_c003,Psittacula eupatria,Psittacula eupatria,0.0347,empty
Psittacula eupatria_6_c004,Psittacula eupatria,Psittacula eupatria,0.8086,concordant
Psittacula eupatria_6_c005,Psittacula eupatria,Psittacula eupatria,0.7879,concordant
Psittacula eupatria_6_c006,Psittacula eupatria,Psittacula eupatria,0.8536,concordant
Psittacula eupatria_6_c007,Psittacula eupatria,Psittacula eupatria,0.9986,concordant
Psittacula eupatria_6_c008,Psittacula eupatria,Psittacula eupatria,0.9427,concordant
Psittacula eupatria_6_c009,Psittacula eupatria,Psittacula eupatria,0.8536,concordant
Psittacula eupatria_6_c010,Psittacula eupatria,Psittacula eupatria,0.2405,ambiguous
Psittacula eupatria_7_c000,Psittacula eupatria,Psittacula eupatria,0.9918,concordant
Psittacula eupatria_7_c001,Psittacula eupatria,Psittacula eupatria,0.9598,concordant
Psittacula eupatria_8_c000,Psittacula eupatria,Pellorneum ruficeps,0.0011,empty
Psittacula eupatria_8_c001,Psittacula eupatria,Eurystomus orientalis,0.0012,empty
Psittacula eupatria_8_c002,Psittacula eupatria,Psittacula eupatria,0.0350,empty
Psittacula eupatria_8_c003,Psittacula eupatria,Psittacula eupatria,0.0012,empty
Psittacula eupatria_8_c004,Psittacula eupatria,Psittacula eupatria,0.0009,empty
Psittacula eupatria_8_c005,Psittacula eupatria,Psittacula eupatria,0.0027,empty
Psittacula eupatria_8_c006,Psittacula eupatria,Psittacula eupatria,0.0019,empty
Psittacula eupatria_8_c007,Psittacula eupatria,Psittacula eupatria,0.0047,empty
Psittacula eupatria_8_c008,Psittacula eupatria,Chloropsis cochinchinensis,0.0007,empty
Psittacula eupatria_8_c009,Psittacula eupatria,Eurystomus orientalis,0.0008,empty
Psittacula eupatria_8_c010,Psittacula eupatria,Psittacula eupatria,0.0043,empty
Psittacula eupatria_8_c011,Psittacula eupatria,Lanius tephronotus,0.0004,empty
Psittacula eupatria_8_c012,Psittacula eupatria,Psittacula eupatria,0.0158,empty
Psittacula eupatria_8_c013,Psittacula eupatria,Psittacula eupatria,0.0051,empty
Psittacula eupatria_8_c014,Psittacula eupatria,Psittacula eupatria,0.0097,empty
Psittacula eupatria_8_c015,Psittacula eupatria,Psittacula eupatria,0.0935,empty
Psittacula eupatria_8_c016,Psittacula eupatria,Psilopogon lineatus,0.0026,empty
Psittacula eupatria_8_c017,Psittacula eupatria,Psittacula eupatria,0.2510,ambiguous
Psittacula eupatria_8_c018,Psittacula eupatria,Psittacula eupatria,0.1994,empty
Psittacula eupatria_8_c019,Psittacula eupatria,Psittacula eupatria,0.0029,empty
Psittacula eupatria_8_c020,Psittacula eupatria,Eurystomus orientalis,0.0026,empty
Psittacula eupatria_9_c000,Psittacula eupatria,Psittacula eupatria,0.1173,empty
Psittacula eupatria_9_c001,Psittacula eupatria,Chloropsis jerdoni,0.0132,empty
Psittacula eupatria_10_c000,Psittacula eupatria,Psittacula eupatria,0.9835,concordant
Psittacula eupatria_10_c001,Psittacula eupatria,Psittacula eupatria,0.9964,concordant
Psittacula eupatria_11_c000,Psittacula eupatria,Psittacula eupatria,0.9693,concordant
Psittacula eupatria_11_c001,Psittacula eupatria,Psittacula eupatria,0.7346,concordant
Psittacula eupatria_11_c002,Psittacula eupatria,Psittacula eupatria,0.9772,concordant
Psittacula eupatria_11_c003,Psittacula eupatria,Psittacula eupatria,0.8015,concordant
Psittacula eupatria_11_c004,Psittacula eupatria,Psittacula eupatria,0.8892,concordant
Psittacula eupatria_11_c005,Psittacula eupatria,Psittacula eupatria,0.9546,concordant
Psittacula eupatria_11_c006,Psittacula eupatria,Psittacula eupatria,0.6668,concordant
Psittacula eupatria_11_c007,Psittacula eupatria,Psittacula eupatria,0.9941,concordant
Psittacula eupatria_12_c000,Psittacula eupatria,Psittacula eupatria,0.0652,empty
Psittacula eupatria_13_c000,Psittacula eupatria,Psittacula eupatria,0.0464,empty
Psittacula eupatria_13_c001,Psittacula eupatria,Psittacula eupatria,0.0039,empty
Psittacula eupatria_14_c000,Psittacula eupatria,Pluvialis squatarola,0.0009,empty
Psittacula eupatria_16_c000,Psittacula eupatria,Psittacula eupatria,0.0143,empty
Psittacula eupatria_16_c001,Psittacula eupatria,Psittacula eupatria,0.1205,empty
Psittacula eupatria_17_c000,Psittacula eupatria,Psittacula eupatria,0.4685,ambiguous
Psittacula eupatria_17_c001,Psittacula eupatria,Psittacula eupatria,0.5945,concordant
Psittacula eupatria_17_c002,Psittacula eupatria,Psittacula eupatria,0.1594,empty
Psittacula eupatria_17_c003,Psittacula eupatria,Psittacula eupatria,0.1713,empty
Psittacula eupatria_17_c004,Psittacula eupatria,Todiramphus chloris,0.0049,empty
Psittacula eupatria_18_c000,Psittacula eupatria,Psittacula eupatria,0.0588,empty
Psittacula eupatria_18_c001,Psittacula eupatria,Psittacula eupatria,0.0742,empty
Psittacula eupatria_18_c002,Psittacula eupatria,Psittacula eupatria,0.0192,empty
Psittacula eupatria_18_c003,Psittacula eupatria,Psittacula eupatria,0.7610,concordant
Psittacula eupatria_19_c000,Psittacula eupatria,Psittacula eupatria,0.0633,empty
Psittacula eupatria_19_c001,Psittacula eupatria,Psittacula eupatria,0.0434,empty
Psittacula eupatria_19_c002,Psittacula eupatria,Acridotheres fuscus,0.0153,empty
Psittacula eupatria_19_c003,Psittacula eupatria,Psittacula eupatria,0.0206,empty
Psittacula eupatria_20_c000,Psittacula eupatria,Psittacula eupatria,0.6275,concordant
Psittacula eupatria_20_c001,Psittacula eupatria,Psittacula eupatria,0.1510,empty
Psittacula eupatria_21_c000,Psittacula eupatria,Eurystomus orientalis,0.0125,empty
Psittacula eupatria_21_c001,Psittacula eupatria,Psittacula eupatria,0.0049,empty
Psittacula eupatria_21_c002,Psittacula eupatria,Psittacula eupatria,0.0233,empty
Psittacula eupatria_21_c003,Psittacula eupatria,Psittacula eupatria,0.0063,empty
Psittacula eupatria_22_c000,Psittacula eupatria,Psittacula eupatria,0.0220,empty
Psittacula eupatria_22_c001,Psittacula eupatria,Psittacula eupatria,0.8438,concordant
Psittacula eupatria_22_c002,Psittacula eupatria,Psittacula eupatria,0.0407,empty
Psittacula eupatria_22_c003,Psittacula eupatria,Psittacula eupatria,0.5372,concordant
Psittacula eupatria_23_c000,Psittacula eupatria,Psittacula eupatria,0.7436,concordant
Psittacula eupatria_23_c001,Psittacula eupatria,Psittacula eupatria,0.9642,concordant
Psittacula eupatria_23_c002,Psittacula eupatria,Psittacula eupatria,0.7673,concordant
Psittacula eupatria_23_c003,Psittacula eupatria,Psittacula eupatria,0.2039,ambiguous
Psittacula eupatria_23_c004,Psittacula eupatria,Psittacula eupatria,0.0407,empty
Psittacula eupatria_23_c005,Psittacula eupatria,Eurystomus orientalis,0.0352,empty
Psittacula eupatria_23_c006,Psittacula eupatria,Psittacula eupatria,0.0277,empty
Psittacula eupatria_24_c000,Psittacula eupatria,Psittacula eupatria,0.3271,ambiguous
Psittacula eupatria_24_c001,Psittacula eupatria,Psittacula eupatria,0.0689,empty
Psittacula eupatria_25_c000,Psittacula eupatria,Halcyon coromanda,0.0015,empty
Psittacula eupatria_25_c001,Psittacula eupatria,Psittacula eupatria,0.4199,ambiguous
Psittacula eupatria_25_c002,Psittacula eupatria,Halcyon coromanda,0.0006,empty
Psittacula eupatria_25_c003,Psittacula eupatria,Paradoxornis guttaticollis,0.0026,empty
Psittacula eupatria_25_c004,Psittacula eupatria,Pnoepyga pusilla,0.0024,empty
Psittacula eupatria_25_c005,Psittacula eupatria,Eurystomus orientalis,0.0021,empty
Psittacula eupatria_25_c006,Psittacula eupatria,Psittacula eupatria,0.0325,empty
Psittacula eupatria_25_c007,Psittacula eupatria,Pnoepyga pusilla,0.0035,empty
Psittacula eupatria_25_c008,Psittacula eupatria,Pnoepyga pusilla,0.0012,empty
Psittacula eupatria_26_c000,Psittacula eupatria,Psittacula eupatria,0.7893,concordant
Psittacula eupatria_26_c001,Psittacula eupatria,Psittacula eupatria,0.9860,concordant
Psittacula eupatria_27_c000,Psittacula eupatria,Psittacula eupatria,0.0436,empty
Psittacula eupatria_27_c001,Psittacula eupatria,Psittacula eupatria,0.4415,ambiguous
Psittacula eupatria_27_c002,Psittacula eupatria,Psittacula eupatria,0.0319,empty
Psittacula eupatria_27_c003,Psittacula eupatria,Psittacula eupatria,0.0002,empty
Psittacula eupatria_27_c004,Psittacula eupatria,Psittacula eupatria,0.0292,empty
Psittacula eupatria_27_c005,Psittacula eupatria,Psittacula eupatria,0.0885,empty
Psittacula eupatria_27_c006,Psittacula eupatria,Psittacula eupatria,0.3131,ambiguous
Psittacula eupatria_28_c000,Psittacula eupatria,Psittacula eupatria,0.9903,concordant
Psittacula eupatria_28_c001,Psittacula eupatria,Acridotheres fuscus,0.0352,empty
Psittacula eupatria_28_c002,Psittacula eupatria,Psittacula eupatria,0.9988,concordant
Psittacula eupatria_28_c003,Psittacula eupatria,Acridotheres fuscus,0.0139,empty
Psittacula eupatria_28_c004,Psittacula eupatria,Psittacula eupatria,0.9129,concordant
Psittacula eupatria_28_c005,Psittacula eupatria,Psittacula eupatria,0.9996,concordant
Psittacula eupatria_28_c006,Psittacula eupatria,Psittacula eupatria,0.0320,empty
Psittacula eupatria_28_c007,Psittacula eupatria,Psittacula eupatria,0.9959,concordant
Psittacula eupatria_28_c008,Psittacula eupatria,Psittacula eupatria,0.9896,concordant
Psittacula eupatria_28_c009,Psittacula eupatria,Psittacula eupatria,0.9712,concordant
Psittacula eupatria_28_c010,Psittacula eupatria,Psittacula eupatria,0.9988,concordant
Psittacula eupatria_28_c011,Psittacula eupatria,Psittacula eupatria,0.9783,concordant
Psittacula eupatria_28_c012,Psittacula eupatria,Psittacula eupatria,0.9891,concordant
Psittacula eupatria_28_c013,Psittacula eupatria,Psittacula eupatria,0.9710,concordant
Psittacula eupatria_28_c014,Psittacula eupatria,Acridotheres fuscus,0.3625,ambiguous
Psittacula eupatria_28_c015,Psittacula eupatria,Psittacula eupatria,0.9911,concordant
Psittacula eupatria_28_c016,Psittacula eupatria,Acridotheres fuscus,0.0356,empty
Rimator malacoptilus_1_c000,Rimator malacoptilus,Rimator malacoptilus,0.9999,concordant
Rimator malacoptilus_1_c001,Rimator malacoptilus,Chelidorhynx hypoxanthus,0.6668,intruder
Rimator malacoptilus_2_c000,Rimator malacoptilus,Rimator malacoptilus,1.0000,concordant
Rimator malacoptilus_2_c001,Rimator malacoptilus,Rimator malacoptilus,0.9990,concordant
Rimator malacoptilus_2_c002,Rimator malacoptilus,Rimator malacoptilus,0.9849,concordant
Rimator malacoptilus_2_c003,Rimator malacoptilus,Polyplectron bicalcaratum,0.4513,ambiguous
Rimator malacoptilus_2_c004,Rimator malacoptilus,Rimator malacoptilus,1.0000,concordant
Rimator malacoptilus_2_c005,Rimator malacoptilus,Rimator malacoptilus,0.9998,concordant
Rimator malacoptilus_2_c006,Rimator malacoptilus,Rimator malacoptilus,0.9999,concordant
Rimator malacoptilus_2_c007,Rimator malacoptilus,Rimator malacoptilus,0.9999,concordant
Rimator malacoptilus_2_c008,Rimator malacoptilus,Rimator malacoptilus,0.9997,concordant
Rimator malacoptilus_2_c009,Rimator malacoptilus,Cyornis unicolor,0.0666,empty
Rimator malacoptilus_2_c010,Rimator malacoptilus,Rimator malacoptilus,0.8623,concordant
Rimator malacoptilus_2_c011,Rimator malacoptilus,Rimator malacoptilus,1.0000,concordant
Rimator malacoptilus_2_c012,Rimator malacoptilus,Rimator malacoptilus,0.9999,concordant
Rimator malacoptilus_2_c013,Rimator malacoptilus,Rimator malacoptilus,0.9997,concordant
Rimator malacoptilus_2_c014,Rimator malacoptilus,Rimator malacoptilus,1.0000,concordant
Rimator malacoptilus_2_c015,Rimator malacoptilus,Rimator malacoptilus,0.9999,concordant
Rimator malacoptilus_2_c016,Rimator malacoptilus,Rimator malacoptilus,1.0000,concordant
Rimator malacoptilus_2_c017,Rimator malacoptilus,Rimator malacoptilus,0.9999,concordant
Rimator malacoptilus_2_c018,Rimator malacoptilus,Rimator malacoptilus,1.0000,concordant
Rimator malacoptilus_2_c019,Rimator malacoptilus,Rimator malacoptilus,0.9999,concordant
Rimator malacoptilus_2_c020,Rimator malacoptilus,Polyplectron bicalcaratum,0.3419,ambiguous
Rimator malacoptilus_2_c021,Rimator malacoptilus,Polyplectron bicalcaratum,0.2966,ambiguous
Rimator malacoptilus_3_c000,Rimator malacoptilus,Rimator malacoptilus,0.9996,concordant
Rimator malacoptilus_3_c001,Rimator malacoptilus,Rimator malacoptilus,0.9993,concordant
Rimator malacoptilus_3_c002,Rimator malacoptilus,Rimator malacoptilus,0.9972,concordant
Rimator malacoptilus_3_c003,Rimator malacoptilus,Rimator malacoptilus,0.9996,concordant
Rimator malacoptilus_3_c004,Rimator malacoptilus,Rimator malacoptilus,0.9957,concordant
Rimator malacoptilus_3_c005,Rimator malacoptilus,Rimator malacoptilus,0.9991,concordant
Rimator malacoptilus_3_c006,Rimator malacoptilus,Rimator malacoptilus,0.9998,concordant
Rimator malacoptilus_3_c007,Rimator malacoptilus,Rimator malacoptilus,0.9997,concordant
Rimator malacoptilus_3_c008,Rimator malacoptilus,Rimator malacoptilus,0.9975,concordant
Rimator malacoptilus_3_c009,Rimator malacoptilus,Rimator malacoptilus,0.9994,concordant
Rimator malacoptilus_3_c010,Rimator malacoptilus,Rimator malacoptilus,1.0000,concordant
Rimator malacoptilus_3_c011,Rimator malacoptilus,Rimator malacoptilus,0.9997,concordant
Rimator malacoptilus_3_c012,Rimator malacoptilus,Rimator malacoptilus,0.9953,concordant
Rimator malacoptilus_3_c013,Rimator malacoptilus,Rimator malacoptilus,0.9623,concordant
Rimator malacoptilus_3_c014,Rimator malacoptilus,Rimator malacoptilus,0.9991,concordant
Rimator malacoptilus_3_c015,Rimator malacoptilus,Rimator malacoptilus,0.9999,concordant
Rimator malacoptilus_4_c000,Rimator malacoptilus,Rimator malacoptilus,0.9999,concordant
Rimator malacoptilus_4_c001,Rimator malacoptilus,Chelidorhynx hypoxanthus,0.6668,intruder
Rimator malacoptilus_5_c000,Rimator malacoptilus,Rimator malacoptilus,0.9947,concordant
Rimator malacoptilus_5_c001,Rimator malacoptilus,Rimator malacoptilus,0.9988,concordant
Rimator malacoptilus_5_c002,Rimator malacoptilus,Rimator malacoptilus,1.0000,concordant
Rimator malacoptilus_5_c003,Rimator malacoptilus,Rimator malacoptilus,0.9080,concordant
Rimator malacoptilus_5_c004,Rimator malacoptilus,Rimator malacoptilus,0.9996,concordant
Rimator malacoptilus_5_c005,Rimator malacoptilus,Rimator malacoptilus,0.9999,concordant
Rimator malacoptilus_5_c006,Rimator malacoptilus,Rimator malacoptilus,0.9997,concordant
Rimator malacoptilus_5_c007,Rimator malacoptilus,Rimator malacoptilus,0.9987,concordant
Rimator malacoptilus_5_c008,Rimator malacoptilus,Rimator malacoptilus,0.9938,concordant
Rimator malacoptilus_5_c009,Rimator malacoptilus,Rimator malacoptilus,1.0000,concordant
Rimator malacoptilus_5_c010,Rimator malacoptilus,Rimator malacoptilus,1.0000,concordant
Rimator malacoptilus_5_c011,Rimator malacoptilus,Rimator malacoptilus,0.9999,concordant
Rimator malacoptilus_5_c012,Rimator malacoptilus,Rimator malacoptilus,1.0000,concordant
Rimator malacoptilus_6_c000,Rimator malacoptilus,Chloropsis cochinchinensis,0.0026,empty
Rimator malacoptilus_6_c001,Rimator malacoptilus,Rimator malacoptilus,0.0014,empty
Rimator malacoptilus_6_c002,Rimator malacoptilus,Pnoepyga pusilla,0.0005,empty
Rimator malacoptilus_7_c000,Rimator malacoptilus,Rimator malacoptilus,0.9290,concordant
Rimator malacoptilus_7_c001,Rimator malacoptilus,Rimator malacoptilus,0.9857,concordant
Rimator malacoptilus_7_c002,Rimator malacoptilus,Rimator malacoptilus,0.9991,concordant
Rimator malacoptilus_7_c003,Rimator malacoptilus,Rimator malacoptilus,0.5469,concordant
Rimator malacoptilus_7_c004,Rimator malacoptilus,Polyplectron bicalcaratum,0.0239,empty
Rimator malacoptilus_8_c000,Rimator malacoptilus,Rimator malacoptilus,0.9856,concordant
Rimator malacoptilus_8_c001,Rimator malacoptilus,Rimator malacoptilus,0.9998,concordant
Rimator malacoptilus_8_c002,Rimator malacoptilus,Rimator malacoptilus,0.9629,concordant
Rimator malacoptilus_8_c003,Rimator malacoptilus,Rimator malacoptilus,0.0504,empty
Rimator malacoptilus_8_c004,Rimator malacoptilus,Rimator malacoptilus,0.9998,concordant
Rimator malacoptilus_8_c005,Rimator malacoptilus,Rimator malacoptilus,0.9995,concordant
Rimator malacoptilus_8_c006,Rimator malacoptilus,Rimator malacoptilus,0.9995,concordant
Rimator malacoptilus_8_c007,Rimator malacoptilus,Rimator malacoptilus,0.9992,concordant
Rimator malacoptilus_8_c008,Rimator malacoptilus,Phylloscopus inornatus,0.0003,empty
Rimator malacoptilus_8_c009,Rimator malacoptilus,Rimator malacoptilus,0.9841,concordant
Rimator malacoptilus_9_c000,Rimator malacoptilus,Rimator malacoptilus,0.9483,concordant
Rimator malacoptilus_9_c001,Rimator malacoptilus,Rimator malacoptilus,0.9858,concordant
Rimator malacoptilus_9_c002,Rimator malacoptilus,Rimator malacoptilus,0.9827,concordant
Rimator malacoptilus_9_c003,Rimator malacoptilus,Rimator malacoptilus,0.9664,concordant
Rimator malacoptilus_9_c004,Rimator malacoptilus,Rimator malacoptilus,0.4726,ambiguous
Rimator malacoptilus_9_c005,Rimator malacoptilus,Rimator malacoptilus,0.7298,concordant
Rimator malacoptilus_9_c006,Rimator malacoptilus,Rimator malacoptilus,0.9554,concordant
Rimator malacoptilus_9_c007,Rimator malacoptilus,Rimator malacoptilus,0.9777,concordant
Rimator malacoptilus_10_c000,Rimator malacoptilus,Rimator malacoptilus,0.9997,concordant
Rimator malacoptilus_10_c001,Rimator malacoptilus,Rimator malacoptilus,0.9989,concordant
Rimator malacoptilus_10_c002,Rimator malacoptilus,Rimator malacoptilus,0.9964,concordant
Rimator malacoptilus_10_c003,Rimator malacoptilus,Rimator malacoptilus,0.9993,concordant
Rimator malacoptilus_10_c004,Rimator malacoptilus,Rimator malacoptilus,0.9997,concordant
Rimator malacoptilus_10_c005,Rimator malacoptilus,Rimator malacoptilus,0.9995,concordant
Rimator malacoptilus_10_c006,Rimator malacoptilus,Rimator malacoptilus,0.9981,concordant
Rimator malacoptilus_10_c007,Rimator malacoptilus,Rimator malacoptilus,0.9398,concordant
Rimator malacoptilus_10_c008,Rimator malacoptilus,Rimator malacoptilus,0.9976,concordant
Rimator malacoptilus_10_c009,Rimator malacoptilus,Rimator malacoptilus,0.9986,concordant
Rimator malacoptilus_10_c010,Rimator malacoptilus,Rimator malacoptilus,0.9997,concordant
Rimator malacoptilus_10_c011,Rimator malacoptilus,Rimator malacoptilus,0.9994,concordant
Rimator malacoptilus_11_c000,Rimator malacoptilus,Rimator malacoptilus,0.9860,concordant
Rimator malacoptilus_11_c001,Rimator malacoptilus,Rimator malacoptilus,0.9946,concordant
Rimator malacoptilus_11_c002,Rimator malacoptilus,Rimator malacoptilus,0.9867,concordant
Rimator malacoptilus_11_c003,Rimator malacoptilus,Rimator malacoptilus,0.9890,concordant
Rimator malacoptilus_11_c004,Rimator malacoptilus,Rimator malacoptilus,0.9989,concordant
Rimator malacoptilus_11_c005,Rimator malacoptilus,Rimator malacoptilus,0.9992,concordant
Rimator malacoptilus_11_c006,Rimator malacoptilus,Rimator malacoptilus,0.1444,empty
Rimator malacoptilus_12_c000,Rimator malacoptilus,Rimator malacoptilus,0.9948,concordant
Rimator malacoptilus_12_c001,Rimator malacoptilus,Rimator malacoptilus,0.9859,concordant
Rimator malacoptilus_12_c002,Rimator malacoptilus,Rimator malacoptilus,0.9954,concordant
Rimator malacoptilus_12_c003,Rimator malacoptilus,Rimator malacoptilus,0.9976,concordant
Rimator malacoptilus_12_c004,Rimator malacoptilus,Rimator malacoptilus,0.9948,concordant
Rimator malacoptilus_12_c005,Rimator malacoptilus,Cyornis concretus,0.0014,empty
Rimator malacoptilus_12_c006,Rimator malacoptilus,Rimator malacoptilus,0.9969,concordant
Rimator malacoptilus_12_c007,Rimator malacoptilus,Rimator malacoptilus,0.9962,concordant
Rimator malacoptilus_12_c008,Rimator malacoptilus,Pomatorhinus ruficollis,0.0013,empty
Rimator malacoptilus_12_c009,Rimator malacoptilus,Rimator malacoptilus,0.9928,concordant
Rimator malacoptilus_13_c000,Rimator malacoptilus,Rimator malacoptilus,0.9997,concordant
Rimator malacoptilus_13_c001,Rimator malacoptilus,Rimator malacoptilus,0.9989,concordant
Rimator malacoptilus_13_c002,Rimator malacoptilus,Rimator malacoptilus,0.9964,concordant
Rimator malacoptilus_13_c003,Rimator malacoptilus,Rimator malacoptilus,0.9993,concordant
Rimator malacoptilus_13_c004,Rimator malacoptilus,Rimator malacoptilus,0.9997,concordant
Rimator malacoptilus_13_c005,Rimator malacoptilus,Rimator malacoptilus,0.9995,concordant
Rimator malacoptilus_13_c006,Rimator malacoptilus,Rimator malacoptilus,0.9981,concordant
Rimator malacoptilus_13_c007,Rimator malacoptilus,Rimator malacoptilus,0.9398,concordant
Rimator malacoptilus_13_c008,Rimator malacoptilus,Rimator malacoptilus,0.9976,concordant
Rimator malacoptilus_13_c009,Rimator malacoptilus,Rimator malacoptilus,0.9986,concordant
Rimator malacoptilus_13_c010,Rimator malacoptilus,Rimator malacoptilus,0.9997,concordant
Rimator malacoptilus_13_c011,Rimator malacoptilus,Rimator malacoptilus,0.9994,concordant
Rimator malacoptilus_14_c000,Rimator malacoptilus,Rimator malacoptilus,0.9996,concordant
Rimator malacoptilus_14_c001,Rimator malacoptilus,Rimator malacoptilus,0.1688,empty
Rimator malacoptilus_14_c002,Rimator malacoptilus,Rimator malacoptilus,0.9993,concordant
Rimator malacoptilus_14_c003,Rimator malacoptilus,Rimator malacoptilus,0.9982,concordant
Rimator malacoptilus_14_c004,Rimator malacoptilus,Rimator malacoptilus,0.9953,concordant
Rimator malacoptilus_14_c005,Rimator malacoptilus,Rimator malacoptilus,0.9979,concordant
Rimator malacoptilus_14_c006,Rimator malacoptilus,Rimator malacoptilus,0.9985,concordant
Rimator malacoptilus_14_c007,Rimator malacoptilus,Rimator malacoptilus,0.9977,concordant
Rimator malacoptilus_14_c008,Rimator malacoptilus,Rimator malacoptilus,0.9966,concordant
Rimator malacoptilus_14_c009,Rimator malacoptilus,Rimator malacoptilus,0.9993,concordant
Rimator malacoptilus_14_c010,Rimator malacoptilus,Rimator malacoptilus,0.9445,concordant
Rimator malacoptilus_14_c011,Rimator malacoptilus,Rimator malacoptilus,0.9964,concordant
Rimator malacoptilus_15_c000,Rimator malacoptilus,Rimator malacoptilus,0.0173,empty
Rimator malacoptilus_15_c001,Rimator malacoptilus,Rimator malacoptilus,0.0072,empty
Rimator malacoptilus_15_c002,Rimator malacoptilus,Dicaeum minullum,0.0119,empty
Rimator malacoptilus_15_c003,Rimator malacoptilus,Rimator malacoptilus,0.0376,empty
Rimator malacoptilus_15_c004,Rimator malacoptilus,Aethopyga gouldiae,0.0041,empty
Rimator malacoptilus_15_c005,Rimator malacoptilus,Alcippe cinerea,0.0044,empty
Rimator malacoptilus_15_c006,Rimator malacoptilus,Alcippe cinerea,0.0021,empty
Rimator malacoptilus_15_c007,Rimator malacoptilus,Alcippe cinerea,0.0016,empty
Rimator malacoptilus_15_c008,Rimator malacoptilus,Rimator malacoptilus,0.0397,empty
Rimator malacoptilus_15_c009,Rimator malacoptilus,Pomatorhinus ruficollis,0.0064,empty
Rimator malacoptilus_16_c000,Rimator malacoptilus,Rimator malacoptilus,0.1200,empty
Rimator malacoptilus_16_c001,Rimator malacoptilus,Rimator malacoptilus,0.0151,empty
Rimator malacoptilus_16_c002,Rimator malacoptilus,Rimator malacoptilus,0.0583,empty
Rimator malacoptilus_16_c003,Rimator malacoptilus,Rimator malacoptilus,0.0200,empty
Rimator malacoptilus_17_c000,Rimator malacoptilus,Rimator malacoptilus,0.1874,empty
Rimator malacoptilus_17_c001,Rimator malacoptilus,Rimator malacoptilus,0.1672,empty
Rimator malacoptilus_17_c002,Rimator malacoptilus,Rimator malacoptilus,0.0395,empty
Rimator malacoptilus_17_c003,Rimator malacoptilus,Rimator malacoptilus,0.0124,empty
Rimator malacoptilus_17_c004,Rimator malacoptilus,Rimator malacoptilus,0.9995,concordant
Rimator malacoptilus_17_c005,Rimator malacoptilus,Rimator malacoptilus,0.9978,concordant
Rimator malacoptilus_17_c006,Rimator malacoptilus,Rimator malacoptilus,0.9992,concordant
Rimator malacoptilus_17_c007,Rimator malacoptilus,Rimator malacoptilus,0.9972,concordant
Rimator malacoptilus_18_c000,Rimator malacoptilus,Rimator malacoptilus,0.8237,concordant
Rimator malacoptilus_18_c001,Rimator malacoptilus,Rimator malacoptilus,0.0069,empty
Rimator malacoptilus_18_c002,Rimator malacoptilus,Rimator malacoptilus,0.8705,concordant
Rimator malacoptilus_18_c003,Rimator malacoptilus,Rimator malacoptilus,0.3669,ambiguous
Rimator malacoptilus_18_c004,Rimator malacoptilus,Rimator malacoptilus,0.8584,concordant
Rimator malacoptilus_18_c005,Rimator malacoptilus,Rimator malacoptilus,0.0098,empty
Rimator malacoptilus_18_c006,Rimator malacoptilus,Rimator malacoptilus,0.0046,empty
Rimator malacoptilus_18_c007,Rimator malacoptilus,Spelaeornis oatesi,0.0828,empty
Rimator malacoptilus_18_c008,Rimator malacoptilus,Rimator malacoptilus,0.8587,concordant
Rimator malacoptilus_18_c009,Rimator malacoptilus,Rimator malacoptilus,0.0272,empty
Rimator malacoptilus_18_c010,Rimator malacoptilus,Rimator malacoptilus,0.9353,concordant
Rimator malacoptilus_19_c000,Rimator malacoptilus,Rimator malacoptilus,0.9999,concordant
Rimator malacoptilus_19_c001,Rimator malacoptilus,Rimator malacoptilus,0.9999,concordant
Rimator malacoptilus_19_c002,Rimator malacoptilus,Rimator malacoptilus,0.9998,concordant
Rimator malacoptilus_19_c003,Rimator malacoptilus,Rimator malacoptilus,0.9998,concordant
Rimator malacoptilus_19_c004,Rimator malacoptilus,Rimator malacoptilus,0.9120,concordant
Rimator malacoptilus_20_c000,Rimator malacoptilus,Rimator malacoptilus,0.3773,ambiguous
Rimator malacoptilus_20_c001,Rimator malacoptilus,Phylloscopus inornatus,0.0004,empty
Rimator malacoptilus_20_c002,Rimator malacoptilus,Rimator malacoptilus,0.5723,concordant
Rimator malacoptilus_20_c003,Rimator malacoptilus,Pellorneum ruficeps,0.0006,empty
Rimator malacoptilus_20_c004,Rimator malacoptilus,Pluvialis squatarola,0.0005,empty
Rimator malacoptilus_20_c005,Rimator malacoptilus,Rimator malacoptilus,0.9657,concordant
Rimator malacoptilus_20_c006,Rimator malacoptilus,Rimator malacoptilus,0.9276,concordant
Rimator malacoptilus_20_c007,Rimator malacoptilus,Rimator malacoptilus,0.0422,empty
Rimator malacoptilus_20_c008,Rimator malacoptilus,Rimator malacoptilus,0.9841,concordant
Riparia chinensis_1_c000,Riparia chinensis,Riparia chinensis,0.5733,concordant
Riparia chinensis_1_c001,Riparia chinensis,Riparia chinensis,0.0317,empty
Riparia chinensis_2_c000,Riparia chinensis,Riparia chinensis,0.6168,concordant
Riparia chinensis_2_c001,Riparia chinensis,Riparia chinensis,0.0221,empty
Riparia chinensis_3_c000,Riparia chinensis,Alcippe cinerea,0.0052,empty
Riparia chinensis_3_c001,Riparia chinensis,Alcippe cinerea,0.0142,empty
Riparia chinensis_4_c000,Riparia chinensis,Riparia chinensis,0.0127,empty
Riparia chinensis_5_c000,Riparia chinensis,Riparia chinensis,0.5733,concordant
Riparia chinensis_5_c001,Riparia chinensis,Riparia chinensis,0.0317,empty
Riparia chinensis_6_c000,Riparia chinensis,Macronus gularis,0.0013,empty
Riparia chinensis_6_c001,Riparia chinensis,Pluvialis squatarola,0.0009,empty
Riparia chinensis_7_c000,Riparia chinensis,Riparia chinensis,0.0066,empty
Riparia chinensis_7_c001,Riparia chinensis,Pellorneum ruficeps,0.0020,empty
Riparia chinensis_7_c002,Riparia chinensis,Pluvialis squatarola,0.0015,empty
Riparia chinensis_7_c003,Riparia chinensis,Phylloscopus inornatus,0.0012,empty
Riparia chinensis_7_c004,Riparia chinensis,Pluvialis squatarola,0.0009,empty
Spelaeornis oatesi_1_c000,Spelaeornis oatesi,Spelaeornis oatesi,0.0030,empty
Spelaeornis oatesi_1_c001,Spelaeornis oatesi,Spelaeornis oatesi,0.0406,empty
Spelaeornis oatesi_2_c000,Spelaeornis oatesi,Spelaeornis oatesi,0.9933,concordant
Spelaeornis oatesi_2_c001,Spelaeornis oatesi,Spelaeornis oatesi,0.9969,concordant
Spelaeornis oatesi_2_c002,Spelaeornis oatesi,Spelaeornis oatesi,0.9973,concordant
Spelaeornis oatesi_2_c003,Spelaeornis oatesi,Spelaeornis oatesi,0.9975,concordant
Spelaeornis oatesi_2_c004,Spelaeornis oatesi,Spelaeornis oatesi,0.9978,concordant
Spelaeornis oatesi_2_c005,Spelaeornis oatesi,Pnoepyga pusilla,0.0004,empty
Spelaeornis oatesi_2_c006,Spelaeornis oatesi,Spelaeornis oatesi,0.9757,concordant
Spelaeornis oatesi_2_c007,Spelaeornis oatesi,Spelaeornis oatesi,0.9811,concordant
Spelaeornis oatesi_2_c008,Spelaeornis oatesi,Spelaeornis oatesi,0.9872,concordant
Spelaeornis oatesi_3_c000,Spelaeornis oatesi,Spelaeornis oatesi,0.9993,concordant
Spelaeornis oatesi_3_c001,Spelaeornis oatesi,Spelaeornis oatesi,0.9978,concordant
Spelaeornis oatesi_3_c002,Spelaeornis oatesi,Rimator malacoptilus,0.0010,empty
Spelaeornis oatesi_3_c003,Spelaeornis oatesi,Spelaeornis oatesi,0.9992,concordant
Spelaeornis oatesi_3_c004,Spelaeornis oatesi,Rimator malacoptilus,0.0005,empty
Spelaeornis oatesi_3_c005,Spelaeornis oatesi,Spelaeornis oatesi,0.9991,concordant
Spelaeornis oatesi_3_c006,Spelaeornis oatesi,Spelaeornis oatesi,0.0010,empty
Spelaeornis oatesi_3_c007,Spelaeornis oatesi,Spelaeornis oatesi,0.9998,concordant
Spelaeornis oatesi_3_c008,Spelaeornis oatesi,Spelaeornis oatesi,0.9993,concordant
Spelaeornis oatesi_3_c009,Spelaeornis oatesi,Spelaeornis oatesi,0.0029,empty
Spelaeornis oatesi_3_c010,Spelaeornis oatesi,Spelaeornis oatesi,0.0016,empty
Spelaeornis oatesi_3_c011,Spelaeornis oatesi,Spelaeornis oatesi,0.0008,empty
Spelaeornis oatesi_3_c012,Spelaeornis oatesi,Spelaeornis oatesi,0.9996,concordant
Spelaeornis oatesi_4_c000,Spelaeornis oatesi,Spelaeornis oatesi,0.0030,empty
Spelaeornis oatesi_4_c001,Spelaeornis oatesi,Spelaeornis oatesi,0.0406,empty
Spelaeornis oatesi_5_c000,Spelaeornis oatesi,Spelaeornis oatesi,0.9996,concordant
Spelaeornis oatesi_5_c001,Spelaeornis oatesi,Spelaeornis oatesi,0.0016,empty
Spelaeornis oatesi_5_c002,Spelaeornis oatesi,Spelaeornis oatesi,0.9963,concordant
Spelaeornis oatesi_5_c003,Spelaeornis oatesi,Aethopyga gouldiae,0.0141,empty
Spelaeornis oatesi_5_c004,Spelaeornis oatesi,Spelaeornis oatesi,0.9880,concordant
Spelaeornis oatesi_5_c005,Spelaeornis oatesi,Spelaeornis oatesi,0.0021,empty
Spelaeornis oatesi_5_c006,Spelaeornis oatesi,Spelaeornis oatesi,0.9939,concordant
Spelaeornis oatesi_5_c007,Spelaeornis oatesi,Spelaeornis oatesi,0.0414,empty
Spelaeornis oatesi_5_c008,Spelaeornis oatesi,Spelaeornis oatesi,0.0012,empty
Spelaeornis oatesi_5_c009,Spelaeornis oatesi,Spelaeornis oatesi,0.9968,concordant
Spelaeornis oatesi_5_c010,Spelaeornis oatesi,Spelaeornis oatesi,0.0067,empty
Spelaeornis oatesi_5_c011,Spelaeornis oatesi,Aethopyga gouldiae,0.0144,empty
Spelaeornis oatesi_5_c012,Spelaeornis oatesi,Spelaeornis oatesi,0.9988,concordant
Sphenocichla humei_1_c000,Sphenocichla humei,Chloropsis cochinchinensis,0.0007,unlabeled
Sphenocichla humei_1_c001,Sphenocichla humei,Pnoepyga pusilla,0.0016,unlabeled
Sphenocichla humei_1_c002,Sphenocichla humei,Pnoepyga pusilla,0.0020,unlabeled
Sphenocichla humei_1_c003,Sphenocichla humei,Pnoepyga pusilla,0.0054,unlabeled
Sphenocichla humei_1_c004,Sphenocichla humei,Pnoepyga pusilla,0.0088,unlabeled
Sphenocichla humei_1_c005,Sphenocichla humei,Pnoepyga pusilla,0.0307,unlabeled
Sphenocichla humei_1_c006,Sphenocichla humei,Liocichla phoenicea,0.0047,unlabeled
Sphenocichla humei_2_c000,Sphenocichla humei,Stachyridopsis ambigua,0.0047,unlabeled
Sphenocichla humei_2_c001,Sphenocichla humei,Pnoepyga pusilla,0.0011,unlabeled
Sphenocichla humei_3_c000,Sphenocichla humei,Stachyridopsis ambigua,0.0834,unlabeled
Sphenocichla humei_4_c000,Sphenocichla humei,Stachyridopsis ambigua,0.0489,unlabeled
Sphenocichla humei_4_c001,Sphenocichla humei,Chloropsis cochinchinensis,0.0095,unlabeled
Sphenocichla humei_4_c002,Sphenocichla humei,Chloropsis cochinchinensis,0.0058,unlabeled
Sphenocichla humei_4_c003,Sphenocichla humei,Phylloscopus inornatus,0.0016,unlabeled
Sphenocichla humei_5_c000,Sphenocichla humei,Stachyridopsis ambigua,0.4058,unlabeled
Sphenocichla humei_5_c001,Sphenocichla humei,Stachyridopsis ambigua,0.0005,unlabeled
Sphenocichla humei_5_c002,Sphenocichla humei,Stachyridopsis ambigua,0.3586,unlabeled
Sphenocichla humei_5_c003,Sphenocichla humei,Stachyridopsis ambigua,0.3033,unlabeled
Sphenocichla humei_5_c004,Sphenocichla humei,Psilopogon lineatus,0.0045,unlabeled
Sphenocichla humei_6_c000,Sphenocichla humei,Stachyridopsis ambigua,0.5143,unlabeled
Sphenocichla humei_6_c001,Sphenocichla humei,Stachyridopsis ambigua,0.2902,unlabeled
Sphenocichla humei_6_c002,Sphenocichla humei,Stachyridopsis ambigua,0.4193,unlabeled
Sphenocichla humei_6_c003,Sphenocichla humei,Stachyridopsis ambigua,0.3275,unlabeled
Sphenocichla humei_6_c004,Sphenocichla humei,Stachyridopsis ambigua,0.0243,unlabeled
Sphenocichla humei_6_c005,Sphenocichla humei,Stachyridopsis ambigua,0.0093,unlabeled
Sphenocichla humei_6_c006,Sphenocichla humei,Psilopogon lineatus,0.0303,unlabeled
Sphenocichla humei_6_c007,Sphenocichla humei,Stachyridopsis ambigua,0.6055,unlabeled
Sphenocichla humei_6_c008,Sphenocichla humei,Stachyridopsis ambigua,0.2577,unlabeled
Sphenocichla humei_7_c000,Sphenocichla humei,Stachyridopsis ambigua,0.6923,unlabeled
Sphenocichla humei_7_c001,Sphenocichla humei,Macronus gularis,0.1797,unlabeled
Sphenocichla humei_7_c002,Sphenocichla humei,Stachyridopsis ambigua,0.2566,unlabeled
Sphenocichla humei_8_c000,Sphenocichla humei,Stachyridopsis ambigua,0.0496,unlabeled
Sphenocichla humei_8_c001,Sphenocichla humei,Stachyridopsis ambigua,0.0039,unlabeled
Sphenocichla humei_9_c000,Sphenocichla humei,Stachyridopsis ambigua,0.0937,unlabeled
Sphenocichla humei_9_c001,Sphenocichla humei,Stachyridopsis ambigua,0.1047,unlabeled
Sphenocichla humei_9_c002,Sphenocichla humei,Stachyridopsis ambigua,0.0296,unlabeled
Sphenocichla humei_9_c003,Sphenocichla humei,Stachyridopsis ambigua,0.0610,unlabeled
Sphenocichla humei_10_c000,Sphenocichla humei,Stachyridopsis ambigua,0.3070,unlabeled
Sphenocichla humei_10_c001,Sphenocichla humei,Stachyridopsis ambigua,0.0663,unlabeled
Sphenocichla humei_10_c002,Sphenocichla humei,Pomatorhinus ruficollis,0.0089,unlabeled
Sphenocichla humei_10_c003,Sphenocichla humei,Pomatorhinus ruficollis,0.0127,unlabeled
Sphenocichla humei_10_c004,Sphenocichla humei,Stachyridopsis ambigua,0.0751,unlabeled
Sphenocichla humei_11_c000,Sphenocichla humei,Stachyridopsis ambigua,0.0123,unlabeled
Sphenocichla humei_11_c001,Sphenocichla humei,Pomatorhinus ruficollis,0.0226,unlabeled
Sphenocichla humei_11_c002,Sphenocichla humei,Stachyridopsis ambigua,0.0074,unlabeled
Sphenocichla humei_11_c003,Sphenocichla humei,Stachyridopsis ambigua,0.0021,unlabeled
Sphenocichla humei_11_c004,Sphenocichla humei,Glaucidium cuculoides,0.0025,unlabeled
Sphenocichla humei_11_c005,Sphenocichla humei,Stachyridopsis ambigua,0.1001,unlabeled
Sphenocichla humei_11_c006,Sphenocichla humei,Stachyridopsis ambigua,0.0109,unlabeled
Sphenocichla humei_11_c007,Sphenocichla humei,Phylloscopus forresti,0.0015,unlabeled
Sphenocichla humei_12_c000,Sphenocichla humei,Stachyridopsis ambigua,0.2096,unlabeled
Sphenocichla humei_12_c001,Sphenocichla humei,Stachyridopsis ambigua,0.3601,unlabeled
Sphenocichla humei_12_c002,Sphenocichla humei,Stachyridopsis ambigua,0.9906,unlabeled
Sphenocichla humei_12_c003,Sphenocichla humei,Stachyridopsis ambigua,0.9284,unlabeled
Sphenocichla humei_12_c004,Sphenocichla humei,Stachyridopsis ambigua,0.9777,unlabeled
Sphenocichla humei_12_c005,Sphenocichla humei,Stachyridopsis ambigua,0.0791,unlabeled
Sphenocichla humei_12_c006,Sphenocichla humei,Stachyridopsis ambigua,0.8507,unlabeled
Sphenocichla humei_12_c007,Sphenocichla humei,Stachyridopsis ambigua,0.7815,unlabeled
Sphenocichla humei_12_c008,Sphenocichla humei,Stachyridopsis ambigua,0.9057,unlabeled
Sphenocichla humei_12_c009,Sphenocichla humei,Stachyridopsis ambigua,0.9411,unlabeled
Sphenocichla humei_12_c010,Sphenocichla humei,Stachyridopsis ambigua,0.4858,unlabeled
Sphenocichla humei_12_c011,Sphenocichla humei,Stachyridopsis ambigua,0.9906,unlabeled
Sphenocichla humei_12_c012,Sphenocichla humei,Stachyridopsis ambigua,0.3133,unlabeled
Sphenocichla humei_12_c013,Sphenocichla humei,Stachyridopsis ambigua,0.6195,unlabeled
Sphenocichla humei_12_c014,Sphenocichla humei,Stachyridopsis ambigua,0.9812,unlabeled
Sphenocichla humei_12_c015,Sphenocichla humei,Stachyridopsis ambigua,0.6868,unlabeled
Sphenocichla humei_12_c016,Sphenocichla humei,Stachyridopsis ambigua,0.9677,unlabeled
Sphenocichla humei_12_c017,Sphenocichla humei,Stachyridopsis ambigua,0.5905,unlabeled
Sphenocichla humei_13_c000,Sphenocichla humei,Stachyridopsis ambigua,0.9585,unlabeled
Sphenocichla humei_13_c001,Sphenocichla humei,Stachyridopsis ambigua,0.9535,unlabeled
Sphenocichla humei_13_c002,Sphenocichla humei,Stachyridopsis ambigua,0.9557,unlabeled
Sphenocichla humei_13_c003,Sphenocichla humei,Stachyridopsis ambigua,0.8679,unlabeled
Sphenocichla humei_14_c000,Sphenocichla humei,Cyornis poliogenys,0.5402,unlabeled
Sphenocichla humei_14_c001,Sphenocichla humei,Stachyridopsis ambigua,0.1457,unlabeled
Sphenocichla humei_14_c002,Sphenocichla humei,Stachyridopsis ambigua,0.0128,unlabeled
Sphenocichla humei_14_c003,Sphenocichla humei,Stachyridopsis ambigua,0.1171,unlabeled
Sphenocichla humei_14_c004,Sphenocichla humei,Stachyridopsis ambigua,0.3767,unlabeled
Sphenocichla humei_15_c000,Sphenocichla humei,Cyornis poliogenys,0.2319,unlabeled
Sphenocichla humei_15_c001,Sphenocichla humei,Psilopogon lineatus,0.0211,unlabeled
Sphenocichla humei_15_c002,Sphenocichla humei,Macronus gularis,0.0108,unlabeled
Sphenocichla humei_15_c003,Sphenocichla humei,Macronus gularis,0.0091,unlabeled
Sphenocichla humei_15_c004,Sphenocichla humei,Stachyridopsis ambigua,0.0218,unlabeled
Sphenocichla humei_15_c005,Sphenocichla humei,Psilopogon lineatus,0.0313,unlabeled
Sphenocichla humei_16_c000,Sphenocichla humei,Liocichla phoenicea,0.0217,unlabeled
Sphenocichla humei_16_c001,Sphenocichla humei,Chloropsis cochinchinensis,0.0031,unlabeled
Sphenocichla humei_16_c002,Sphenocichla humei,Liocichla phoenicea,0.0047,unlabeled
Sphenocichla humei_16_c003,Sphenocichla humei,Macronus gularis,0.0038,unlabeled
Sphenocichla humei_16_c004,Sphenocichla humei,Liocichla phoenicea,0.0022,unlabeled
Sphenocichla humei_17_c000,Sphenocichla humei,Liocichla phoenicea,0.0074,unlabeled
Sphenocichla humei_17_c001,Sphenocichla humei,Glaucidium cuculoides,0.0188,unlabeled
Sphenocichla humei_18_c000,Sphenocichla humei,Alcippe cinerea,0.1360,unlabeled
Sphenocichla humei_18_c001,Sphenocichla humei,Alcippe cinerea,0.8550,unlabeled
Sphenocichla humei_18_c002,Sphenocichla humei,Alcippe cinerea,0.9016,unlabeled
Sphenocichla humei_18_c003,Sphenocichla humei,Alcippe cinerea,0.9815,unlabeled
Sphenocichla humei_18_c004,Sphenocichla humei,Liocichla phoenicea,0.0411,unlabeled
Sphenocichla humei_18_c005,Sphenocichla humei,Alcippe cinerea,0.9764,unlabeled
Sphenocichla humei_18_c006,Sphenocichla humei,Liocichla phoenicea,0.0198,unlabeled
Sphenocichla humei_18_c007,Sphenocichla humei,Alcippe cinerea,0.1555,unlabeled
Sphenocichla humei_18_c008,Sphenocichla humei,Alcippe cinerea,0.3421,unlabeled
Sphenocichla humei_18_c009,Sphenocichla humei,Alcippe cinerea,0.7136,unlabeled
Sphenocichla humei_19_c000,Sphenocichla humei,Glaucidium cuculoides,0.0113,unlabeled
Sphenocichla humei_19_c001,Sphenocichla humei,Spelaeornis oatesi,0.0150,unlabeled
Sphenocichla humei_19_c002,Sphenocichla humei,Liocichla phoenicea,0.0047,unlabeled
Sphenocichla humei_19_c003,Sphenocichla humei,Liocichla phoenicea,0.0061,unlabeled
Sphenocichla humei_19_c004,Sphenocichla humei,Acridotheres fuscus,0.0024,unlabeled
Sphenocichla humei_19_c005,Sphenocichla humei,Spelaeornis oatesi,0.0038,unlabeled
Sphenocichla humei_20_c000,Sphenocichla humei,Pellorneum ruficeps,0.0222,unlabeled
Sphenocichla humei_20_c001,Sphenocichla humei,Spelaeornis oatesi,0.0253,unlabeled
Sphenocichla humei_20_c002,Sphenocichla humei,Pellorneum ruficeps,0.0059,unlabeled
Sphenocichla humei_20_c003,Sphenocichla humei,Cyornis unicolor,0.0505,unlabeled
Sphenocichla humei_20_c004,Sphenocichla humei,Cyornis unicolor,0.0191,unlabeled
Sphenocichla humei_20_c005,Sphenocichla humei,Spelaeornis oatesi,0.0213,unlabeled
Sphenocichla humei_20_c006,Sphenocichla humei,Cyornis unicolor,0.0157,unlabeled
Sphenocichla humei_20_c007,Sphenocichla humei,Aethopyga gouldiae,0.0079,unlabeled
Sphenocichla humei_20_c008,Sphenocichla humei,Alcippe cinerea,0.0073,unlabeled
Sphenocichla humei_20_c009,Sphenocichla humei,Cyornis unicolor,0.0031,unlabeled
Sphenocichla humei_20_c010,Sphenocichla humei,Aethopyga gouldiae,0.0016,unlabeled
Sphenocichla humei_20_c011,Sphenocichla humei,Pellorneum ruficeps,0.0126,unlabeled
Sphenocichla humei_20_c012,Sphenocichla humei,Spelaeornis oatesi,0.0031,unlabeled
Sphenocichla humei_20_c013,Sphenocichla humei,Sturnia malabarica,0.0035,unlabeled
Sphenocichla humei_20_c014,Sphenocichla humei,Pellorneum ruficeps,0.0450,unlabeled
Sphenocichla humei_20_c015,Sphenocichla humei,Cyornis poliogenys,0.0066,unlabeled
Sphenocichla humei_20_c016,Sphenocichla humei,Spelaeornis oatesi,0.0020,unlabeled
Sphenocichla humei_21_c000,Sphenocichla humei,Alcippe cinerea,0.0189,unlabeled
Sphenocichla humei_21_c001,Sphenocichla humei,Alcippe cinerea,0.0535,unlabeled
Sphenocichla humei_22_c000,Sphenocichla humei,Chrysococcyx maculatus,0.0189,unlabeled
Sphenocichla humei_22_c001,Sphenocichla humei,Pomatorhinus ruficollis,0.0039,unlabeled
Sphenocichla humei_22_c002,Sphenocichla humei,Liocichla phoenicea,0.0144,unlabeled
Sphenocichla humei_22_c003,Sphenocichla humei,Pomatorhinus ruficollis,0.0280,unlabeled
Sphenocichla humei_22_c004,Sphenocichla humei,Liocichla phoenicea,0.0195,unlabeled
Sphenocichla humei_22_c005,Sphenocichla humei,Pnoepyga pusilla,0.0089,unlabeled
Sphenocichla humei_22_c006,Sphenocichla humei,Liocichla phoenicea,0.0133,unlabeled
Sphenocichla humei_22_c007,Sphenocichla humei,Glaucidium cuculoides,0.1098,unlabeled
Sphenocichla humei_22_c008,Sphenocichla humei,Liocichla phoenicea,0.0718,unlabeled
Sphenocichla humei_22_c009,Sphenocichla humei,Glaucidium cuculoides,0.0163,unlabeled
Sphenocichla humei_22_c010,Sphenocichla humei,Pomatorhinus ruficollis,0.0149,unlabeled
Sphenocichla humei_22_c011,Sphenocichla humei,Pomatorhinus ruficollis,0.0177,unlabeled
Sphenocichla humei_22_c012,Sphenocichla humei,Pomatorhinus ruficollis,0.0077,unlabeled
Sphenocichla humei_22_c013,Sphenocichla humei,Aethopyga gouldiae,0.0375,unlabeled
Sphenocichla humei_22_c014,Sphenocichla humei,Pnoepyga pusilla,0.0124,unlabeled
Sphenocichla humei_22_c015,Sphenocichla humei,Pomatorhinus ruficollis,0.0099,unlabeled
Sphenocichla humei_23_c000,Sphenocichla humei,Liocichla phoenicea,0.1481,unlabeled
Sphenocichla humei_23_c001,Sphenocichla humei,Pnoepyga pusilla,0.8783,unlabeled
Sphenocichla humei_23_c002,Sphenocichla humei,Pnoepyga pusilla,0.0586,unlabeled
Sphenocichla humei_23_c003,Sphenocichla humei,Pnoepyga pusilla,0.3576,unlabeled
Sphenocichla humei_23_c004,Sphenocichla humei,Pnoepyga pusilla,0.4684,unlabeled
Sphenocichla humei_23_c005,Sphenocichla humei,Pnoepyga pusilla,0.5768,unlabeled
Sphenocichla humei_23_c006,Sphenocichla humei,Pnoepyga pusilla,0.0777,unlabeled
Sphenocichla humei_23_c007,Sphenocichla humei,Liocichla phoenicea,0.2625,unlabeled
Sphenocichla humei_23_c008,Sphenocichla humei,Pnoepyga pusilla,0.2769,unlabeled
Sphenocichla humei_24_c000,Sphenocichla humei,Pellorneum ruficeps,0.0056,unlabeled
Sphenocichla humei_25_c000,Sphenocichla humei,Pellorneum ruficeps,0.0172,unlabeled
Sphenocichla humei_26_c000,Sphenocichla humei,Pellorneum ruficeps,0.0251,unlabeled
Sphenocichla humei_26_c001,Sphenocichla humei,Pellorneum ruficeps,0.0508,unlabeled
Sphenocichla humei_26_c002,Sphenocichla humei,Pnoepyga pusilla,0.0007,unlabeled
Sphenocichla humei_26_c003,Sphenocichla humei,Pellorneum ruficeps,0.1048,unlabeled
Sphenocichla humei_26_c004,Sphenocichla humei,Pnoepyga pusilla,0.0085,unlabeled
Sphenocichla humei_26_c005,Sphenocichla humei,Phylloscopus subaffinis,0.0036,unlabeled
Sphenocichla humei_26_c006,Sphenocichla humei,Pellorneum ruficeps,0.0945,unlabeled
Sphenocichla humei_26_c007,Sphenocichla humei,Pellorneum ruficeps,0.0942,unlabeled
Sphenocichla humei_26_c008,Sphenocichla humei,Phylloscopus inornatus,0.0004,unlabeled
Sphenocichla humei_26_c009,Sphenocichla humei,Pellorneum ruficeps,0.0742,unlabeled
Sphenocichla humei_26_c010,Sphenocichla humei,Pomatorhinus ruficollis,0.0057,unlabeled
Sphenocichla humei_26_c011,Sphenocichla humei,Pellorneum ruficeps,0.1482,unlabeled
Sphenocichla humei_27_c000,Sphenocichla humei,Chloropsis cochinchinensis,0.0007,unlabeled
Sphenocichla humei_27_c001,Sphenocichla humei,Pnoepyga pusilla,0.0016,unlabeled
Sphenocichla humei_27_c002,Sphenocichla humei,Pnoepyga pusilla,0.0020,unlabeled
Sphenocichla humei_27_c003,Sphenocichla humei,Pnoepyga pusilla,0.0054,unlabeled
Sphenocichla humei_27_c004,Sphenocichla humei,Pnoepyga pusilla,0.0088,unlabeled
Sphenocichla humei_27_c005,Sphenocichla humei,Pnoepyga pusilla,0.0307,unlabeled
Sphenocichla humei_27_c006,Sphenocichla humei,Liocichla phoenicea,0.0047,unlabeled
Sphenocichla humei_28_c000,Sphenocichla humei,Pellorneum ruficeps,0.0194,unlabeled
Sphenocichla humei_29_c000,Sphenocichla humei,Arachnothera magna,0.1014,unlabeled
Sphenocichla humei_29_c001,Sphenocichla humei,Chloropsis cochinchinensis,0.0107,unlabeled
Sphenocichla humei_29_c002,Sphenocichla humei,Liocichla phoenicea,0.0343,unlabeled
Sphenocichla humei_29_c003,Sphenocichla humei,Pnoepyga pusilla,0.0033,unlabeled
Sphenocichla humei_29_c004,Sphenocichla humei,Polyplectron bicalcaratum,0.0021,unlabeled
Sphenocichla humei_29_c005,Sphenocichla humei,Halcyon coromanda,0.0031,unlabeled
Sphenocichla humei_29_c006,Sphenocichla humei,Liocichla phoenicea,0.2427,unlabeled
Sphenocichla humei_29_c007,Sphenocichla humei,Arachnothera magna,0.1050,unlabeled
Sphenocichla humei_29_c008,Sphenocichla humei,Arachnothera magna,0.0220,unlabeled
Sphenocichla humei_30_c000,Sphenocichla humei,Liocichla phoenicea,0.0751,unlabeled
Sphenocichla humei_30_c001,Sphenocichla humei,Liocichla phoenicea,0.0761,unlabeled
Sphenocichla humei_30_c002,Sphenocichla humei,Pellorneum ruficeps,0.0021,unlabeled
Sphenocichla humei_30_c003,Sphenocichla humei,Chloropsis jerdoni,0.0206,unlabeled
Sphenocichla humei_30_c004,Sphenocichla humei,Liocichla phoenicea,0.0854,unlabeled
Sphenocichla humei_31_c000,Sphenocichla humei,Liocichla phoenicea,0.0052,unlabeled
Sphenocichla humei_31_c001,Sphenocichla humei,Pnoepyga pusilla,0.0115,unlabeled
Sphenocichla humei_31_c002,Sphenocichla humei,Pnoepyga pusilla,0.0149,unlabeled
Sphenocichla humei_31_c003,Sphenocichla humei,Cuculus micropterus,0.0052,unlabeled
Sphenocichla humei_31_c004,Sphenocichla humei,Liocichla phoenicea,0.0554,unlabeled
Sphenocichla humei_32_c000,Sphenocichla humei,Pluvialis squatarola,0.0017,unlabeled
Sphenocichla humei_32_c001,Sphenocichla humei,Chloropsis cochinchinensis,0.0055,unlabeled
Sphenocichla humei_32_c002,Sphenocichla humei,Ixobrychus cinnamomeus,0.0014,unlabeled
Sphenocichla humei_32_c003,Sphenocichla humei,Lanius tephronotus,0.0345,unlabeled
Sphenocichla humei_32_c004,Sphenocichla humei,Lanius tephronotus,0.0007,unlabeled
Sphenocichla humei_32_c005,Sphenocichla humei,Lanius tephronotus,0.0004,unlabeled
Sphenocichla humei_32_c006,Sphenocichla humei,Lanius tephronotus,0.0007,unlabeled
Sphenocichla humei_32_c007,Sphenocichla humei,Lanius tephronotus,0.0040,unlabeled
Sphenocichla humei_33_c000,Sphenocichla humei,Liocichla phoenicea,0.0054,unlabeled
Sphenocichla humei_33_c001,Sphenocichla humei,Pnoepyga pusilla,0.0017,unlabeled
Sphenocichla humei_33_c002,Sphenocichla humei,Cyornis concretus,0.0036,unlabeled
Sphenocichla humei_33_c003,Sphenocichla humei,Pnoepyga pusilla,0.0132,unlabeled
Sphenocichla humei_34_c000,Sphenocichla humei,Liocichla phoenicea,0.0628,unlabeled
Sphenocichla humei_34_c001,Sphenocichla humei,Macronus gularis,0.0100,unlabeled
Sphenocichla humei_34_c002,Sphenocichla humei,Eurystomus orientalis,0.0295,unlabeled
Sphenocichla humei_34_c003,Sphenocichla humei,Liocichla phoenicea,0.0133,unlabeled
Sphenocichla humei_35_c000,Sphenocichla humei,Liocichla phoenicea,0.0126,unlabeled
Sphenocichla humei_36_c000,Sphenocichla humei,Pellorneum ruficeps,0.0199,unlabeled
Sphenocichla humei_36_c001,Sphenocichla humei,Liocichla phoenicea,0.1233,unlabeled
Sphenocichla humei_36_c002,Sphenocichla humei,Pnoepyga pusilla,0.0060,unlabeled
Sphenocichla humei_36_c003,Sphenocichla humei,Liocichla phoenicea,0.0075,unlabeled
Sphenocichla humei_37_c000,Sphenocichla humei,Cyornis concretus,0.0103,unlabeled
Sphenocichla humei_37_c001,Sphenocichla humei,Liocichla phoenicea,0.0240,unlabeled
Sphenocichla humei_37_c002,Sphenocichla humei,Liocichla phoenicea,0.0178,unlabeled
Sphenocichla humei_37_c003,Sphenocichla humei,Liocichla phoenicea,0.0124,unlabeled
Sphenocichla humei_37_c004,Sphenocichla humei,Pellorneum ruficeps,0.0549,unlabeled
Sphenocichla humei_37_c005,Sphenocichla humei,Pluvialis squatarola,0.0012,unlabeled
Sphenocichla humei_37_c006,Sphenocichla humei,Pellorneum ruficeps,0.1151,unlabeled
Sphenocichla humei_37_c007,Sphenocichla humei,Liocichla phoenicea,0.0086,unlabeled
Sphenocichla humei_37_c008,Sphenocichla humei,Cyornis concretus,0.0134,unlabeled
Sphenocichla humei_37_c009,Sphenocichla humei,Liocichla phoenicea,0.0021,unlabeled
Sphenocichla humei_37_c010,Sphenocichla humei,Cyornis unicolor,0.0427,unlabeled
Sphenocichla humei_38_c000,Sphenocichla humei,Cyornis unicolor,0.0143,unlabeled
Sphenocichla humei_38_c001,Sphenocichla humei,Cyornis unicolor,0.0177,unlabeled
Sphenocichla humei_38_c002,Sphenocichla humei,Cyornis unicolor,0.0347,unlabeled
Sphenocichla humei_38_c003,Sphenocichla humei,Cyornis unicolor,0.0906,unlabeled
Sphenocichla humei_38_c004,Sphenocichla humei,Pellorneum ruficeps,0.0416,unlabeled
Sphenocichla humei_38_c005,Sphenocichla humei,Pomatorhinus ruficollis,0.0056,unlabeled
Sphenocichla humei_38_c006,Sphenocichla humei,Cyornis unicolor,0.0485,unlabeled
Sphenocichla humei_39_c000,Sphenocichla humei,Liocichla phoenicea,0.0498,unlabeled
Sphenocichla humei_39_c001,Sphenocichla humei,Polyplectron bicalcaratum,0.0055,unlabeled
Sphenocichla humei_39_c002,Sphenocichla humei,Paradoxornis guttaticollis,0.0041,unlabeled
Sphenocichla humei_39_c003,Sphenocichla humei,Polyplectron bicalcaratum,0.0388,unlabeled
Sphenocichla humei_39_c004,Sphenocichla humei,Paradoxornis guttaticollis,0.0137,unlabeled
Sphenocichla humei_39_c005,Sphenocichla humei,Polyplectron bicalcaratum,0.0063,unlabeled
Sphenocichla humei_40_c000,Sphenocichla humei,Cyornis unicolor,0.1757,unlabeled
Sphenocichla humei_40_c001,Sphenocichla humei,Polyplectron bicalcaratum,0.0050,unlabeled
Sphenocichla humei_40_c002,Sphenocichla humei,Polyplectron bicalcaratum,0.0025,unlabeled
Sphenocichla humei_40_c003,Sphenocichla humei,Cyornis unicolor,0.0436,unlabeled
Sphenocichla humei_41_c000,Sphenocichla humei,Ixobrychus cinnamomeus,0.0053,unlabeled
Sphenocichla humei_41_c001,Sphenocichla humei,Cyornis unicolor,0.0270,unlabeled
Sphenocichla humei_42_c000,Sphenocichla humei,Chloropsis cochinchinensis,0.0259,unlabeled
Sphenocichla humei_42_c001,Sphenocichla humei,Cyornis unicolor,0.0047,unlabeled
Sphenocichla humei_42_c002,Sphenocichla humei,Cyornis unicolor,0.0320,unlabeled
Sphenocichla humei_42_c003,Sphenocichla humei,Polyplectron bicalcaratum,0.0311,unlabeled
Sphenocichla humei_42_c004,Sphenocichla humei,Cyornis unicolor,0.0041,unlabeled
Sphenocichla humei_42_c005,Sphenocichla humei,Pluvialis squatarola,0.0009,unlabeled
Sphenocichla humei_43_c000,Sphenocichla humei,Pluvialis squatarola,0.0027,unlabeled
Sphenocichla humei_43_c001,Sphenocichla humei,Pluvialis squatarola,0.0009,unlabeled
Sphenocichla humei_43_c002,Sphenocichla humei,Pluvialis squatarola,0.0014,unlabeled
Stachyridopsis ambigua_1_c000,Stachyridopsis ambigua,Stachyridopsis ambigua,0.0834,empty
Stachyridopsis ambigua_2_c000,Stachyridopsis ambigua,Stachyridopsis ambigua,0.0047,empty
Stachyridopsis ambigua_2_c001,Stachyridopsis ambigua,Pnoepyga pusilla,0.0011,empty
Stachyridopsis ambigua_3_c000,Stachyridopsis ambigua,Stachyridopsis ambigua,0.0834,empty
Stachyridopsis ambigua_4_c000,Stachyridopsis ambigua,Stachyridopsis ambigua,0.0489,empty
Stachyridopsis ambigua_4_c001,Stachyridopsis ambigua,Chloropsis cochinchinensis,0.0095,empty
Stachyridopsis ambigua_4_c002,Stachyridopsis ambigua,Chloropsis cochinchinensis,0.0058,empty
Stachyridopsis ambigua_4_c003,Stachyridopsis ambigua,Phylloscopus inornatus,0.0016,empty
Stachyridopsis ambigua_5_c000,Stachyridopsis ambigua,Stachyridopsis ambigua,0.4058,ambiguous
Stachyridopsis ambigua_5_c001,Stachyridopsis ambigua,Stachyridopsis ambigua,0.0005,empty
Stachyridopsis ambigua_5_c002,Stachyridopsis ambigua,Stachyridopsis ambigua,0.3586,ambiguous
Stachyridopsis ambigua_5_c003,Stachyridopsis ambigua,Stachyridopsis ambigua,0.3033,ambiguous
Stachyridopsis ambigua_5_c004,Stachyridopsis ambigua,Psilopogon lineatus,0.0045,empty
Stachyridopsis ambigua_6_c000,Stachyridopsis ambigua,Stachyridopsis ambigua,0.5143,concordant
Stachyridopsis ambigua_6_c001,Stachyridopsis ambigua,Stachyridopsis ambigua,0.2902,ambiguous
Stachyridopsis ambigua_6_c002,Stachyridopsis ambigua,Stachyridopsis ambigua,0.4193,ambiguous
Stachyridopsis ambigua_6_c003,Stachyridopsis ambigua,Stachyridopsis ambigua,0.3275,ambiguous
Stachyridopsis ambigua_6_c004,Stachyridopsis ambigua,Stachyridopsis ambigua,0.0243,empty
Stachyridopsis ambigua_6_c005,Stachyridopsis ambigua,Stachyridopsis ambigua,0.0093,empty
Stachyridopsis ambigua_6_c006,Stachyridopsis ambigua,Psilopogon lineatus,0.0303,empty
Stachyridopsis ambigua_6_c007,Stachyridopsis ambigua,Stachyridopsis ambigua,0.6055,concordant
Stachyridopsis ambigua_6_c008,Stachyridopsis ambigua,Stachyridopsis ambigua,0.2577,ambiguous
Stachyridopsis ambigua_7_c000,Stachyridopsis ambigua,Stachyridopsis ambigua,0.6923,concordant
Stachyridopsis ambigua_7_c001,Stachyridopsis ambigua,Macronus gularis,0.1797,empty
Stachyridopsis ambigua_7_c002,Stachyridopsis ambigua,Stachyridopsis ambigua,0.2566,ambiguous
Stachyridopsis ambigua_8_c000,Stachyridopsis ambigua,Stachyridopsis ambigua,0.0496,empty
Stachyridopsis ambigua_8_c001,Stachyridopsis ambigua,Stachyridopsis ambigua,0.0039,empty
Stachyridopsis ambigua_9_c000,Stachyridopsis ambigua,Stachyridopsis ambigua,0.0937,empty
Stachyridopsis ambigua_9_c001,Stachyridopsis ambigua,Stachyridopsis ambigua,0.1047,empty
Stachyridopsis ambigua_9_c002,Stachyridopsis ambigua,Stachyridopsis ambigua,0.0296,empty
Stachyridopsis ambigua_9_c003,Stachyridopsis ambigua,Stachyridopsis ambigua,0.0610,empty
Stachyridopsis ambigua_10_c000,Stachyridopsis ambigua,Stachyridopsis ambigua,0.0123,empty
Stachyridopsis ambigua_10_c001,Stachyridopsis ambigua,Pomatorhinus ruficollis,0.0226,empty
Stachyridopsis ambigua_10_c002,Stachyridopsis ambigua,Stachyridopsis ambigua,0.0074,empty
Stachyridopsis ambigua_10_c003,Stachyridopsis ambigua,Stachyridopsis ambigua,0.0021,empty
Stachyridopsis ambigua_10_c004,Stachyridopsis ambigua,Glaucidium cuculoides,0.0025,empty
Stachyridopsis ambigua_10_c005,Stachyridopsis ambigua,Stachyridopsis ambigua,0.1001,empty
Stachyridopsis ambigua_10_c006,Stachyridopsis ambigua,Stachyridopsis ambigua,0.0109,empty
Stachyridopsis ambigua_10_c007,Stachyridopsis ambigua,Phylloscopus forresti,0.0015,empty
Stachyridopsis ambigua_11_c000,Stachyridopsis ambigua,Stachyridopsis ambigua,0.3070,ambiguous
Stachyridopsis ambigua_11_c001,Stachyridopsis ambigua,Stachyridopsis ambigua,0.0663,empty
Stachyridopsis ambigua_11_c002,Stachyridopsis ambigua,Pomatorhinus ruficollis,0.0089,empty
Stachyridopsis ambigua_11_c003,Stachyridopsis ambigua,Pomatorhinus ruficollis,0.0127,empty
Stachyridopsis ambigua_11_c004,Stachyridopsis ambigua,Stachyridopsis ambigua,0.0751,empty
Stachyridopsis ambigua_12_c000,Stachyridopsis ambigua,Stachyridopsis ambigua,0.9585,concordant
Stachyridopsis ambigua_12_c001,Stachyridopsis ambigua,Stachyridopsis ambigua,0.9535,concordant
Stachyridopsis ambigua_12_c002,Stachyridopsis ambigua,Stachyridopsis ambigua,0.9557,concordant
Stachyridopsis ambigua_12_c003,Stachyridopsis ambigua,Stachyridopsis ambigua,0.8679,concordant
Stachyridopsis ambigua_13_c000,Stachyridopsis ambigua,Stachyridopsis ambigua,0.2096,ambiguous
Stachyridopsis ambigua_13_c001,Stachyridopsis ambigua,Stachyridopsis ambigua,0.3601,ambiguous
Stachyridopsis ambigua_13_c002,Stachyridopsis ambigua,Stachyridopsis ambigua,0.9906,concordant
Stachyridopsis ambigua_13_c003,Stachyridopsis ambigua,Stachyridopsis ambigua,0.9284,concordant
Stachyridopsis ambigua_13_c004,Stachyridopsis ambigua,Stachyridopsis ambigua,0.9777,concordant
Stachyridopsis ambigua_13_c005,Stachyridopsis ambigua,Stachyridopsis ambigua,0.0791,empty
Stachyridopsis ambigua_13_c006,Stachyridopsis ambigua,Stachyridopsis ambigua,0.8507,concordant
Stachyridopsis ambigua_13_c007,Stachyridopsis ambigua,Stachyridopsis ambigua,0.7815,concordant
Stachyridopsis ambigua_13_c008,Stachyridopsis ambigua,Stachyridopsis ambigua,0.9057,concordant
Stachyridopsis ambigua_13_c009,Stachyridopsis ambigua,Stachyridopsis ambigua,0.9411,concordant
Stachyridopsis ambigua_13_c010,Stachyridopsis ambigua,Stachyridopsis ambigua,0.4858,ambiguous
Stachyridopsis ambigua_13_c011,Stachyridopsis ambigua,Stachyridopsis ambigua,0.9906,concordant
Stachyridopsis ambigua_13_c012,Stachyridopsis ambigua,Stachyridopsis ambigua,0.3133,ambiguous
Stachyridopsis ambigua_13_c013,Stachyridopsis ambigua,Stachyridopsis ambigua,0.6195,concordant
Stachyridopsis ambigua_13_c014,Stachyridopsis ambigua,Stachyridopsis ambigua,0.9812,concordant
Stachyridopsis ambigua_13_c015,Stachyridopsis ambigua,Stachyridopsis ambigua,0.6868,concordant
Stachyridopsis ambigua_13_c016,Stachyridopsis ambigua,Stachyridopsis ambigua,0.9677,concordant
Stachyridopsis ambigua_13_c017,Stachyridopsis ambigua,Stachyridopsis ambigua,0.5905,concordant
Stachyridopsis ambigua_14_c000,Stachyridopsis ambigua,Cyornis poliogenys,0.5402,ambiguous
Stachyridopsis ambigua_14_c001,Stachyridopsis ambigua,Stachyridopsis ambigua,0.1457,empty
Stachyridopsis ambigua_14_c002,Stachyridopsis ambigua,Stachyridopsis ambigua,0.0128,empty
Stachyridopsis ambigua_14_c003,Stachyridopsis ambigua,Stachyridopsis ambigua,0.1171,empty
Stachyridopsis ambigua_14_c004,Stachyridopsis ambigua,Stachyridopsis ambigua,0.3767,ambiguous
Stachyridopsis ambigua_15_c000,Stachyridopsis ambigua,Cyornis poliogenys,0.2319,ambiguous
Stachyridopsis ambigua_15_c001,Stachyridopsis ambigua,Psilopogon lineatus,0.0211,empty
Stachyridopsis ambigua_15_c002,Stachyridopsis ambigua,Macronus gularis,0.0108,empty
Stachyridopsis ambigua_15_c003,Stachyridopsis ambigua,Macronus gularis,0.0091,empty
Stachyridopsis ambigua_15_c004,Stachyridopsis ambigua,Stachyridopsis ambigua,0.0218,empty
Stachyridopsis ambigua_15_c005,Stachyridopsis ambigua,Psilopogon lineatus,0.0313,empty
Sturnia malabarica_1_c000,Sturnia malabarica,Sturnia malabarica,0.5710,concordant
Sturnia malabarica_1_c001,Sturnia malabarica,Sturnia malabarica,0.9018,concordant
Sturnia malabarica_1_c002,Sturnia malabarica,Sturnia malabarica,0.9901,concordant
Sturnia malabarica_1_c003,Sturnia malabarica,Sturnia malabarica,0.9140,concordant
Sturnia malabarica_2_c000,Sturnia malabarica,Sturnia malabarica,0.8169,concordant
Sturnia malabarica_2_c001,Sturnia malabarica,Sturnia malabarica,0.9311,concordant
Sturnia malabarica_2_c002,Sturnia malabarica,Sturnia malabarica,0.7714,concordant
Sturnia malabarica_2_c003,Sturnia malabarica,Sturnia malabarica,0.0261,empty
Sturnia malabarica_3_c000,Sturnia malabarica,Sturnia malabarica,0.8104,concordant
Sturnia malabarica_3_c001,Sturnia malabarica,Sturnia malabarica,0.9473,concordant
Sturnia malabarica_3_c002,Sturnia malabarica,Sturnia malabarica,0.7738,concordant
Sturnia malabarica_3_c003,Sturnia malabarica,Acridotheres fuscus,0.0246,empty
Sturnia malabarica_3_c004,Sturnia malabarica,Acridotheres fuscus,0.0272,empty
Sturnia malabarica_3_c005,Sturnia malabarica,Acridotheres fuscus,0.0471,empty
Sturnia malabarica_3_c006,Sturnia malabarica,Sturnia malabarica,0.6365,concordant
Sturnia malabarica_3_c007,Sturnia malabarica,Chloropsis jerdoni,0.0768,empty
Sturnia malabarica_3_c008,Sturnia malabarica,Chloropsis jerdoni,0.0215,empty
Sturnia malabarica_4_c000,Sturnia malabarica,Sturnia malabarica,0.0254,empty
Sturnia malabarica_4_c001,Sturnia malabarica,Chloropsis jerdoni,0.0152,empty
Sturnia malabarica_4_c002,Sturnia malabarica,Loriculus vernalis,0.0141,empty
Sturnia malabarica_4_c003,Sturnia malabarica,Sturnia malabarica,0.0047,empty
Sturnia malabarica_4_c004,Sturnia malabarica,Sturnia malabarica,0.0062,empty
Sturnia malabarica_4_c005,Sturnia malabarica,Sturnia malabarica,0.0041,empty
Sturnia malabarica_4_c006,Sturnia malabarica,Sturnia malabarica,0.0034,empty
Sturnia malabarica_4_c007,Sturnia malabarica,Sturnia malabarica,0.0215,empty
Sturnia malabarica_4_c008,Sturnia malabarica,Sturnia malabarica,0.0458,empty
Sturnia malabarica_4_c009,Sturnia malabarica,Sturnia malabarica,0.0219,empty
Sturnia malabarica_5_c000,Sturnia malabarica,Lanius tephronotus,0.1737,empty
Sturnia malabarica_5_c001,Sturnia malabarica,Lanius tephronotus,0.2548,ambiguous
Sturnia malabarica_5_c002,Sturnia malabarica,Eurystomus orientalis,0.0210,empty
Sturnia malabarica_6_c000,Sturnia malabarica,Lanius tephronotus,0.1773,empty
Sturnia malabarica_7_c000,Sturnia malabarica,Polyplectron bicalcaratum,0.0011,empty
Sturnia malabarica_7_c001,Sturnia malabarica,Sturnia malabarica,0.0035,empty
Sturnia malabarica_8_c000,Sturnia malabarica,Sturnia malabarica,0.0009,empty
Sturnia malabarica_8_c001,Sturnia malabarica,Acridotheres fuscus,0.1861,empty
Sturnia malabarica_8_c002,Sturnia malabarica,Sturnia malabarica,0.1072,empty
Sturnia malabarica_8_c003,Sturnia malabarica,Sturnia malabarica,0.0426,empty
Sturnia malabarica_9_c000,Sturnia malabarica,Cypsiurus balasiensis,0.0029,empty
Sturnia malabarica_9_c001,Sturnia malabarica,Lanius tephronotus,0.0099,empty
Sturnia malabarica_9_c002,Sturnia malabarica,Eurystomus orientalis,0.0485,empty
Sturnia malabarica_9_c003,Sturnia malabarica,Psittacula eupatria,0.0086,empty
Sturnia malabarica_9_c004,Sturnia malabarica,Sturnia malabarica,0.3112,ambiguous
Sturnia malabarica_9_c005,Sturnia malabarica,Sturnia malabarica,0.2923,ambiguous
Sturnia malabarica_10_c000,Sturnia malabarica,Sturnia malabarica,0.0427,empty
Sturnia malabarica_10_c001,Sturnia malabarica,Sturnia malabarica,0.0053,empty
Sturnia malabarica_11_c000,Sturnia malabarica,Sturnia malabarica,0.0100,empty
Sturnia malabarica_11_c001,Sturnia malabarica,Sturnia malabarica,0.0085,empty
Sturnia malabarica_11_c002,Sturnia malabarica,Sturnia malabarica,0.0109,empty
Sturnia malabarica_11_c003,Sturnia malabarica,Sturnia malabarica,0.1343,empty
Sturnia malabarica_11_c004,Sturnia malabarica,Sturnia malabarica,0.0823,empty
Sturnia malabarica_12_c000,Sturnia malabarica,Sturnia malabarica,0.0122,empty
Sturnia malabarica_12_c001,Sturnia malabarica,Chloropsis jerdoni,0.0063,empty
Sturnia malabarica_12_c002,Sturnia malabarica,Sturnia malabarica,0.1202,empty
Sturnia malabarica_13_c000,Sturnia malabarica,Sturnia malabarica,0.9476,concordant
Sturnia malabarica_14_c000,Sturnia malabarica,Sturnia malabarica,0.7751,concordant
Sturnia malabarica_14_c001,Sturnia malabarica,Sturnia malabarica,0.1220,empty
Sturnia malabarica_14_c002,Sturnia malabarica,Sturnia malabarica,0.0643,empty
Sturnia malabarica_14_c003,Sturnia malabarica,Sturnia malabarica,0.9291,concordant
Sturnia malabarica_14_c004,Sturnia malabarica,Acridotheres fuscus,0.0178,empty
Sturnia malabarica_14_c005,Sturnia malabarica,Acridotheres fuscus,0.0327,empty
Sturnia malabarica_15_c000,Sturnia malabarica,Acridotheres fuscus,0.1598,empty
Sturnia malabarica_16_c000,Sturnia malabarica,Chloropsis jerdoni,0.0047,empty
Sturnia malabarica_16_c001,Sturnia malabarica,Psittacula eupatria,0.0108,empty
Sturnia malabarica_16_c002,Sturnia malabarica,Psittacula eupatria,0.0233,empty
Sturnia malabarica_16_c003,Sturnia malabarica,Sturnia malabarica,0.3063,ambiguous
Sturnia malabarica_16_c004,Sturnia malabarica,Sturnia malabarica,0.7432,concordant
Sturnia malabarica_16_c005,Sturnia malabarica,Sturnia malabarica,0.1601,empty
Sturnia malabarica_16_c006,Sturnia malabarica,Sturnia malabarica,0.0209,empty
Sturnia malabarica_16_c007,Sturnia malabarica,Sturnia malabarica,0.1453,empty
Sturnia malabarica_16_c008,Sturnia malabarica,Sturnia malabarica,0.0384,empty
Sturnia malabarica_16_c009,Sturnia malabarica,Sturnia malabarica,0.0036,empty
Sturnia malabarica_16_c010,Sturnia malabarica,Sturnia malabarica,0.0014,empty
Sturnia malabarica_16_c011,Sturnia malabarica,Sturnia malabarica,0.0154,empty
Sturnia malabarica_16_c012,Sturnia malabarica,Sturnia malabarica,0.0069,empty
Sturnia malabarica_16_c013,Sturnia malabarica,Sturnia malabarica,0.1565,empty
Sturnia malabarica_16_c014,Sturnia malabarica,Sturnia malabarica,0.0067,empty
Sturnia malabarica_16_c015,Sturnia malabarica,Arborophila torqueola,0.0039,empty
Sturnia malabarica_16_c016,Sturnia malabarica,Sturnia malabarica,0.0072,empty
Sturnia malabarica_16_c017,Sturnia malabarica,Psittacula eupatria,0.0190,empty
Sturnia malabarica_16_c018,Sturnia malabarica,Psittacula eupatria,0.0244,empty
Sturnia malabarica_17_c000,Sturnia malabarica,Sturnia malabarica,0.1914,empty
Sturnia malabarica_17_c001,Sturnia malabarica,Sturnia malabarica,0.0565,empty
Sturnia malabarica_18_c000,Sturnia malabarica,Sturnia malabarica,0.9361,concordant
Todiramphus chloris_1_c000,Todiramphus chloris,Todiramphus chloris,0.0636,empty
Todiramphus chloris_1_c001,Todiramphus chloris,Todiramphus chloris,0.2163,ambiguous
Todiramphus chloris_1_c002,Todiramphus chloris,Todiramphus chloris,0.6772,concordant
Todiramphus chloris_1_c003,Todiramphus chloris,Phylloscopus inornatus,0.0030,empty
Todiramphus chloris_1_c004,Todiramphus chloris,Todiramphus chloris,0.8756,concordant
Todiramphus chloris_1_c005,Todiramphus chloris,Todiramphus chloris,0.8905,concordant
Todiramphus chloris_2_c000,Todiramphus chloris,Todiramphus chloris,0.9619,concordant
Todiramphus chloris_2_c001,Todiramphus chloris,Todiramphus chloris,0.7284,concordant
Todiramphus chloris_3_c000,Todiramphus chloris,Todiramphus chloris,0.0051,empty
Todiramphus chloris_3_c001,Todiramphus chloris,Todiramphus chloris,0.0123,empty
Todiramphus chloris_3_c002,Todiramphus chloris,Todiramphus chloris,0.0052,empty
Todiramphus chloris_3_c003,Todiramphus chloris,Todiramphus chloris,0.0060,empty
Todiramphus chloris_4_c000,Todiramphus chloris,Acridotheres fuscus,0.0025,empty
Todiramphus chloris_4_c001,Todiramphus chloris,Psittacula eupatria,0.0013,empty
Todiramphus chloris_4_c002,Todiramphus chloris,Todiramphus chloris,0.0015,empty
Todiramphus chloris_4_c003,Todiramphus chloris,Pomatorhinus ruficollis,0.0025,empty
Todiramphus chloris_4_c004,Todiramphus chloris,Psittacula eupatria,0.0028,empty
Todiramphus chloris_4_c005,Todiramphus chloris,Eurystomus orientalis,0.0036,empty
Todiramphus chloris_5_c000,Todiramphus chloris,Eurystomus orientalis,0.0002,empty
Todiramphus chloris_5_c001,Todiramphus chloris,Pluvialis squatarola,0.0006,empty
Todiramphus chloris_5_c002,Todiramphus chloris,Polyplectron bicalcaratum,0.0007,empty
Todiramphus chloris_5_c003,Todiramphus chloris,Eurystomus orientalis,0.0005,empty
Todiramphus chloris_6_c000,Todiramphus chloris,Todiramphus chloris,0.0164,empty
Todiramphus chloris_6_c001,Todiramphus chloris,Todiramphus chloris,0.0125,empty
Todiramphus chloris_7_c000,Todiramphus chloris,Todiramphus chloris,0.3827,ambiguous
Todiramphus chloris_7_c001,Todiramphus chloris,Todiramphus chloris,0.2898,ambiguous
Todiramphus chloris_7_c002,Todiramphus chloris,Todiramphus chloris,0.6847,concordant
Todiramphus chloris_8_c000,Todiramphus chloris,Todiramphus chloris,0.6139,concordant
Todiramphus chloris_8_c001,Todiramphus chloris,Todiramphus chloris,0.6826,concordant
Todiramphus chloris_9_c000,Todiramphus chloris,Todiramphus chloris,0.0636,empty
Todiramphus chloris_9_c001,Todiramphus chloris,Todiramphus chloris,0.2163,ambiguous
Todiramphus chloris_9_c002,Todiramphus chloris,Todiramphus chloris,0.6772,concordant
Todiramphus chloris_9_c003,Todiramphus chloris,Phylloscopus inornatus,0.0030,empty
Todiramphus chloris_9_c004,Todiramphus chloris,Todiramphus chloris,0.8756,concordant
Todiramphus chloris_9_c005,Todiramphus chloris,Todiramphus chloris,0.8905,concordant
Todiramphus chloris_10_c000,Todiramphus chloris,Todiramphus chloris,0.3515,ambiguous
Todiramphus chloris_10_c001,Todiramphus chloris,Todiramphus chloris,0.7167,concordant
Todiramphus chloris_11_c000,Todiramphus chloris,Todiramphus chloris,0.4691,ambiguous
Todiramphus chloris_11_c001,Todiramphus chloris,Todiramphus chloris,0.2664,ambiguous
Todiramphus chloris_11_c002,Todiramphus chloris,Todiramphus chloris,0.5086,concordant
Todiramphus chloris_11_c003,Todiramphus chloris,Todiramphus chloris,0.1268,empty
Todiramphus chloris_12_c000,Todiramphus chloris,Todiramphus chloris,0.7947,concordant
Todiramphus chloris_12_c001,Todiramphus chloris,Todiramphus chloris,0.9340,concordant
Todiramphus chloris_12_c002,Todiramphus chloris,Todiramphus chloris,0.8803,concordant
Todiramphus chloris_12_c003,Todiramphus chloris,Todiramphus chloris,0.8246,concordant
Todiramphus chloris_13_c000,Todiramphus chloris,Todiramphus chloris,0.3202,ambiguous
Todiramphus chloris_13_c001,Todiramphus chloris,Todiramphus chloris,0.5924,concordant
Todiramphus chloris_13_c002,Todiramphus chloris,Todiramphus chloris,0.4022,ambiguous
Todiramphus chloris_13_c003,Todiramphus chloris,Todiramphus chloris,0.9104,concordant
Todiramphus chloris_13_c004,Todiramphus chloris,Sturnia malabarica,0.0032,empty
Todiramphus chloris_13_c005,Todiramphus chloris,Todiramphus chloris,0.5739,concordant
Todiramphus chloris_13_c006,Todiramphus chloris,Todiramphus chloris,0.1333,empty
Todiramphus chloris_13_c007,Todiramphus chloris,Todiramphus chloris,0.1997,empty
Todiramphus chloris_13_c008,Todiramphus chloris,Todiramphus chloris,0.0536,empty
Todiramphus chloris_13_c009,Todiramphus chloris,Todiramphus chloris,0.2069,ambiguous
Todiramphus chloris_13_c010,Todiramphus chloris,Todiramphus chloris,0.8008,concordant
Todiramphus chloris_13_c011,Todiramphus chloris,Todiramphus chloris,0.7093,concordant
Todiramphus chloris_14_c000,Todiramphus chloris,Todiramphus chloris,0.0013,empty
Todiramphus chloris_14_c001,Todiramphus chloris,Cypsiurus balasiensis,0.0005,empty
Todiramphus chloris_15_c000,Todiramphus chloris,Todiramphus chloris,0.0120,empty
Todiramphus chloris_15_c001,Todiramphus chloris,Macronus gularis,0.0052,empty
Todiramphus chloris_16_c000,Todiramphus chloris,Todiramphus chloris,0.0080,empty
Todiramphus chloris_16_c001,Todiramphus chloris,Acridotheres fuscus,0.0033,empty
Todiramphus chloris_17_c000,Todiramphus chloris,Pellorneum ruficeps,0.0052,empty
Todiramphus chloris_18_c000,Todiramphus chloris,Todiramphus chloris,0.0849,empty
Todiramphus chloris_18_c001,Todiramphus chloris,Todiramphus chloris,0.3393,ambiguous
Todiramphus chloris_18_c002,Todiramphus chloris,Todiramphus chloris,0.0357,empty
Todiramphus chloris_18_c003,Todiramphus chloris,Todiramphus chloris,0.1347,empty
Todiramphus chloris_18_c004,Todiramphus chloris,Todiramphus chloris,0.0217,empty
Todiramphus chloris_18_c005,Todiramphus chloris,Todiramphus chloris,0.0023,empty
Todiramphus chloris_18_c006,Todiramphus chloris,Todiramphus chloris,0.0374,empty
Todiramphus chloris_18_c007,Todiramphus chloris,Todiramphus chloris,0.1015,empty
Todiramphus chloris_19_c000,Todiramphus chloris,Todiramphus chloris,0.0954,empty
Todiramphus chloris_19_c001,Todiramphus chloris,Todiramphus chloris,0.0134,empty
Todiramphus chloris_19_c002,Todiramphus chloris,Todiramphus chloris,0.0167,empty
Todiramphus chloris_19_c003,Todiramphus chloris,Todiramphus chloris,0.0087,empty
Todiramphus chloris_19_c004,Todiramphus chloris,Todiramphus chloris,0.0481,empty
Todiramphus chloris_19_c005,Todiramphus chloris,Todiramphus chloris,0.1461,empty
Todiramphus chloris_19_c006,Todiramphus chloris,Todiramphus chloris,0.0561,empty
Todiramphus chloris_19_c007,Todiramphus chloris,Todiramphus chloris,0.0031,empty
Todiramphus chloris_20_c000,Todiramphus chloris,Todiramphus chloris,0.9820,concordant
Todiramphus chloris_20_c001,Todiramphus chloris,Todiramphus chloris,0.6685,concordant
Todiramphus chloris_20_c002,Todiramphus chloris,Todiramphus chloris,0.7892,concordant
Todiramphus chloris_20_c003,Todiramphus chloris,Todiramphus chloris,0.4282,ambiguous
Todiramphus chloris_21_c000,Todiramphus chloris,Todiramphus chloris,0.2615,ambiguous
Todiramphus chloris_21_c001,Todiramphus chloris,Aethopyga gouldiae,0.0042,empty
Todiramphus chloris_22_c000,Todiramphus chloris,Todiramphus chloris,0.0838,empty
Todiramphus chloris_22_c001,Todiramphus chloris,Todiramphus chloris,0.0400,empty
Todiramphus chloris_23_c000,Todiramphus chloris,Halcyon coromanda,0.0003,empty
Todiramphus chloris_23_c001,Todiramphus chloris,Pomatorhinus ruficollis,0.0001,empty
Todiramphus chloris_23_c002,Todiramphus chloris,Arborophila torqueola,0.0001,empty
Todiramphus chloris_23_c003,Todiramphus chloris,Halcyon coromanda,0.0002,empty
Todiramphus chloris_23_c004,Todiramphus chloris,Pomatorhinus ruficollis,0.0009,empty
Todiramphus chloris_23_c005,Todiramphus chloris,Arborophila torqueola,0.0006,empty
Todiramphus chloris_23_c006,Todiramphus chloris,Arborophila torqueola,0.0001,empty
Todiramphus chloris_23_c007,Todiramphus chloris,Pomatorhinus ruficollis,0.0005,empty
Todiramphus chloris_23_c008,Todiramphus chloris,Glaucidium cuculoides,0.0005,empty
Todiramphus chloris_23_c009,Todiramphus chloris,Pomatorhinus ruficollis,0.0004,empty
