chunk_id,species,pred_label,max_conf,path_48k,path_16k
Acridotheres fuscus_10_c002,Acridotheres fuscus,Acridotheres fuscus,0.5302,data/chunks_48k/Acridotheres fuscus_10_c002.wav,data/chunks_16k/Acridotheres fuscus_10_c002.wav
Acridotheres fuscus_11_c001,Acridotheres fuscus,Acridotheres fuscus,0.8436,data/chunks_48k/Acridotheres fuscus_11_c001.wav,data/chunks_16k/Acridotheres fuscus_11_c001.wav
Acridotheres fuscus_11_c002,Acridotheres fuscus,Acridotheres fuscus,0.5594,data/chunks_48k/Acridotheres fuscus_11_c002.wav,data/chunks_16k/Acridotheres fuscus_11_c002.wav
Acridotheres fuscus_11_c003,Acridotheres fuscus,Acridotheres fuscus,0.8368,data/chunks_48k/Acridotheres fuscus_11_c003.wav,data/chunks_16k/Acridotheres fuscus_11_c003.wav
Acridotheres fuscus_12_c000,Acridotheres fuscus,Acridotheres fuscus,0.6774,data/chunks_48k/Acridotheres fuscus_12_c000.wav,data/chunks_16k/Acridotheres fuscus_12_c000.wav
Acridotheres fuscus_12_c004,Acridotheres fuscus,Acridotheres fuscus,0.8608,data/chunks_48k/Acridotheres fuscus_12_c004.wav,data/chunks_16k/Acridotheres fuscus_12_c004.wav
Acridotheres fuscus_16_c000,Acridotheres fuscus,Acridotheres fuscus,0.6128,data/chunks_48k/Acridotheres fuscus_16_c000.wav,data/chunks_16k/Acridotheres fuscus_16_c000.wav
Acridotheres fuscus_16_c001,Acridotheres fuscus,Acridotheres fuscus,0.7420,data/chunks_48k/Acridotheres fuscus_16_c001.wav,data/chunks_16k/Acridotheres fuscus_16_c001.wav
Acridotheres fuscus_6_c000,Acridotheres fuscus,Acridotheres fuscus,0.8066,data/chunks_48k/Acridotheres fuscus_6_c000.wav,data/chunks_16k/Acridotheres fuscus_6_c000.wav
Acridotheres fuscus_8_c000,Acridotheres fuscus,Acridotheres fuscus,0.9629,data/chunks_48k/Acridotheres fuscus_8_c000.wav,data/chunks_16k/Acridotheres fuscus_8_c000.wav
Acridotheres fuscus_8_c001,Acridotheres fuscus,Acridotheres fuscus,0.9669,data/chunks_48k/Acridotheres fuscus_8_c001.wav,data/chunks_16k/Acridotheres fuscus_8_c001.wav
Acridotheres fuscus_8_c002,Acridotheres fuscus,Acridotheres fuscus,0.8655,data/chunks_48k/Acridotheres fuscus_8_c002.wav,data/chunks_16k/Acridotheres fuscus_8_c002.wav
Acridotheres fuscus_8_c003,Acridotheres fuscus,Acridotheres fuscus,0.9773,data/chunks_48k/Acridotheres fuscus_8_c003.wav,data/chunks_16k/Acridotheres fuscus_8_c003.wav
Acridotheres fuscus_8_c004,Acridotheres fuscus,Acridotheres fuscus,0.7525,data/chunks_48k/Acridotheres fuscus_8_c004.wav,data/chunks_16k/Acridotheres fuscus_8_c004.wav
Acridotheres fuscus_8_c005,Acridotheres fuscus,Acridotheres fuscus,0.7948,data/chunks_48k/Acridotheres fuscus_8_c005.wav,data/chunks_16k/Acridotheres fuscus_8_c005.wav
Acridotheres fuscus_8_c006,Acridotheres fuscus,Acridotheres fuscus,0.6950,data/chunks_48k/Acridotheres fuscus_8_c006.wav,data/chunks_16k/Acridotheres fuscus_8_c006.wav
Acridotheres fuscus_9_c000,Acridotheres fuscus,Acridotheres fuscus,0.6126,data/chunks_48k/Acridotheres fuscus_9_c000.wav,data/chunks_16k/Acridotheres fuscus_9_c000.wav
Acridotheres fuscus_9_c001,Acridotheres fuscus,Acridotheres fuscus,0.6439,data/chunks_48k/Acridotheres fuscus_9_c001.wav,data/chunks_16k/Acridotheres fuscus_9_c001.wav
Acridotheres fuscus_9_c003,Acridotheres fuscus,Acridotheres fuscus,0.8515,data/chunks_48k/Acridotheres fuscus_9_c003.wav,data/chunks_16k/Acridotheres fuscus_9_c003.wav
Acridotheres fuscus_9_c004,Acridotheres fuscus,Acridotheres fuscus,0.9268,data/chunks_48k/Acridotheres fuscus_9_c004.wav,data/chunks_16k/Acridotheres fuscus_9_c004.wav
Acridotheres fuscus_9_c005,Acridotheres fuscus,Acridotheres fuscus,0.6411,data/chunks_48k/Acridotheres fuscus_9_c005.wav,data/chunks_16k/Acridotheres fuscus_9_c005.wav
Acridotheres fuscus_9_c006,Acridotheres fuscus,Acridotheres fuscus,0.9107,data/chunks_48k/Acridotheres fuscus_9_c006.wav,data/chunks_16k/Acridotheres fuscus_9_c006.wav
Aethopyga gouldiae_1_c000,Aethopyga gouldiae,Aethopyga gouldiae,0.8338,data/chunks_48k/Aethopyga gouldiae_1_c000.wav,data/chunks_16k/Aethopyga gouldiae_1_c000.wav
Aethopyga gouldiae_1_c001,Aethopyga gouldiae,Aethopyga gouldiae,0.9114,data/chunks_48k/Aethopyga gouldiae_1_c001.wav,data/chunks_16k/Aethopyga gouldiae_1_c001.wav
Aethopyga gouldiae_1_c002,Aethopyga gouldiae,Aethopyga gouldiae,0.7373,data/chunks_48k/Aethopyga gouldiae_1_c002.wav,data/chunks_16k/Aethopyga gouldiae_1_c002.wav
Aethopyga gouldiae_1_c003,Aethopyga gouldiae,Aethopyga gouldiae,0.9852,data/chunks_48k/Aethopyga gouldiae_1_c003.wav,data/chunks_16k/Aethopyga gouldiae_1_c003.wav
Aethopyga gouldiae_1_c004,Aethopyga gouldiae,Aethopyga gouldiae,0.9780,data/chunks_48k/Aethopyga gouldiae_1_c004.wav,data/chunks_16k/Aethopyga gouldiae_1_c004.wav
Aethopyga gouldiae_1_c005,Aethopyga gouldiae,Aethopyga gouldiae,0.9832,data/chunks_48k/Aethopyga gouldiae_1_c005.wav,data/chunks_16k/Aethopyga gouldiae_1_c005.wav
Aethopyga gouldiae_1_c006,Aethopyga gouldiae,Aethopyga gouldiae,0.9445,data/chunks_48k/Aethopyga gouldiae_1_c006.wav,data/chunks_16k/Aethopyga gouldiae_1_c006.wav
Aethopyga gouldiae_1_c007,Aethopyga gouldiae,Aethopyga gouldiae,0.8521,data/chunks_48k/Aethopyga gouldiae_1_c007.wav,data/chunks_16k/Aethopyga gouldiae_1_c007.wav
Aethopyga gouldiae_1_c008,Aethopyga gouldiae,Aethopyga gouldiae,0.6922,data/chunks_48k/Aethopyga gouldiae_1_c008.wav,data/chunks_16k/Aethopyga gouldiae_1_c008.wav
Aethopyga gouldiae_1_c009,Aethopyga gouldiae,Aethopyga gouldiae,0.9554,data/chunks_48k/Aethopyga gouldiae_1_c009.wav,data/chunks_16k/Aethopyga gouldiae_1_c009.wav
Aethopyga gouldiae_3_c002,Aethopyga gouldiae,Aethopyga gouldiae,0.7290,data/chunks_48k/Aethopyga gouldiae_3_c002.wav,data/chunks_16k/Aethopyga gouldiae_3_c002.wav
Aethopyga gouldiae_5_c001,Aethopyga gouldiae,Aethopyga gouldiae,0.5133,data/chunks_48k/Aethopyga gouldiae_5_c001.wav,data/chunks_16k/Aethopyga gouldiae_5_c001.wav
Aethopyga gouldiae_6_c000,Aethopyga gouldiae,Aethopyga gouldiae,0.7590,data/chunks_48k/Aethopyga gouldiae_6_c000.wav,data/chunks_16k/Aethopyga gouldiae_6_c000.wav
Aethopyga gouldiae_6_c001,Aethopyga gouldiae,Aethopyga gouldiae,0.7140,data/chunks_48k/Aethopyga gouldiae_6_c001.wav,data/chunks_16k/Aethopyga gouldiae_6_c001.wav
Alcippe cinerea_10_c000,Alcippe cinerea,Alcippe cinerea,0.6512,data/chunks_48k/Alcippe cinerea_10_c000.wav,data/chunks_16k/Alcippe cinerea_10_c000.wav
Alcippe cinerea_10_c004,Alcippe cinerea,Alcippe cinerea,0.7323,data/chunks_48k/Alcippe cinerea_10_c004.wav,data/chunks_16k/Alcippe cinerea_10_c004.wav
Alcippe cinerea_10_c008,Alcippe cinerea,Alcippe cinerea,0.9982,data/chunks_48k/Alcippe cinerea_10_c008.wav,data/chunks_16k/Alcippe cinerea_10_c008.wav
Alcippe cinerea_10_c009,Alcippe cinerea,Alcippe cinerea,0.9616,data/chunks_48k/Alcippe cinerea_10_c009.wav,data/chunks_16k/Alcippe cinerea_10_c009.wav
Alcippe cinerea_10_c010,Alcippe cinerea,Alcippe cinerea,0.9082,data/chunks_48k/Alcippe cinerea_10_c010.wav,data/chunks_16k/Alcippe cinerea_10_c010.wav
Alcippe cinerea_10_c011,Alcippe cinerea,Alcippe cinerea,0.9696,data/chunks_48k/Alcippe cinerea_10_c011.wav,data/chunks_16k/Alcippe cinerea_10_c011.wav
Alcippe cinerea_10_c013,Alcippe cinerea,Alcippe cinerea,0.8196,data/chunks_48k/Alcippe cinerea_10_c013.wav,data/chunks_16k/Alcippe cinerea_10_c013.wav
Alcippe cinerea_10_c014,Alcippe cinerea,Alcippe cinerea,0.9225,data/chunks_48k/Alcippe cinerea_10_c014.wav,data/chunks_16k/Alcippe cinerea_10_c014.wav
Alcippe cinerea_10_c015,Alcippe cinerea,Alcippe cinerea,0.8665,data/chunks_48k/Alcippe cinerea_10_c015.wav,data/chunks_16k/Alcippe cinerea_10_c015.wav
Alcippe cinerea_14_c001,Alcippe cinerea,Alcippe cinerea,0.9254,data/chunks_48k/Alcippe cinerea_14_c001.wav,data/chunks_16k/Alcippe cinerea_14_c001.wav
Alcippe cinerea_14_c002,Alcippe cinerea,Alcippe cinerea,0.9216,data/chunks_48k/Alcippe cinerea_14_c002.wav,data/chunks_16k/Alcippe cinerea_14_c002.wav
Alcippe cinerea_15_c000,Alcippe cinerea,Alcippe cinerea,0.9546,data/chunks_48k/Alcippe cinerea_15_c000.wav,data/chunks_16k/Alcippe cinerea_15_c000.wav
Alcippe cinerea_15_c001,Alcippe cinerea,Alcippe cinerea,0.9992,data/chunks_48k/Alcippe cinerea_15_c001.wav,data/chunks_16k/Alcippe cinerea_15_c001.wav
Alcippe cinerea_15_c002,Alcippe cinerea,Alcippe cinerea,0.9979,data/chunks_48k/Alcippe cinerea_15_c002.wav,data/chunks_16k/Alcippe cinerea_15_c002.wav
Alcippe cinerea_15_c003,Alcippe cinerea,Alcippe cinerea,0.9994,data/chunks_48k/Alcippe cinerea_15_c003.wav,data/chunks_16k/Alcippe cinerea_15_c003.wav
Alcippe cinerea_15_c004,Alcippe cinerea,Alcippe cinerea,0.9505,data/chunks_48k/Alcippe cinerea_15_c004.wav,data/chunks_16k/Alcippe cinerea_15_c004.wav
Alcippe cinerea_15_c005,Alcippe cinerea,Alcippe cinerea,0.9975,data/chunks_48k/Alcippe cinerea_15_c005.wav,data/chunks_16k/Alcippe cinerea_15_c005.wav
Alcippe cinerea_15_c006,Alcippe cinerea,Alcippe cinerea,0.9568,data/chunks_48k/Alcippe cinerea_15_c006.wav,data/chunks_16k/Alcippe cinerea_15_c006.wav
Alcippe cinerea_15_c007,Alcippe cinerea,Alcippe cinerea,0.9957,data/chunks_48k/Alcippe cinerea_15_c007.wav,data/chunks_16k/Alcippe cinerea_15_c007.wav
Alcippe cinerea_16_c000,Alcippe cinerea,Alcippe cinerea,0.9961,data/chunks_48k/Alcippe cinerea_16_c000.wav,data/chunks_16k/Alcippe cinerea_16_c000.wav
Alcippe cinerea_16_c001,Alcippe cinerea,Alcippe cinerea,0.9940,data/chunks_48k/Alcippe cinerea_16_c001.wav,data/chunks_16k/Alcippe cinerea_16_c001.wav
Alcippe cinerea_16_c002,Alcippe cinerea,Alcippe cinerea,0.9966,data/chunks_48k/Alcippe cinerea_16_c002.wav,data/chunks_16k/Alcippe cinerea_16_c002.wav
Alcippe cinerea_16_c003,Alcippe cinerea,Alcippe cinerea,0.9995,data/chunks_48k/Alcippe cinerea_16_c003.wav,data/chunks_16k/Alcippe cinerea_16_c003.wav
Alcippe cinerea_16_c004,Alcippe cinerea,Alcippe cinerea,0.9976,data/chunks_48k/Alcippe cinerea_16_c004.wav,data/chunks_16k/Alcippe cinerea_16_c004.wav
Alcippe cinerea_16_c005,Alcippe cinerea,Alcippe cinerea,0.9960,data/chunks_48k/Alcippe cinerea_16_c005.wav,data/chunks_16k/Alcippe cinerea_16_c005.wav
Alcippe cinerea_16_c006,Alcippe cinerea,Alcippe cinerea,0.9995,data/chunks_48k/Alcippe cinerea_16_c006.wav,data/chunks_16k/Alcippe cinerea_16_c006.wav
Alcippe cinerea_16_c007,Alcippe cinerea,Alcippe cinerea,0.9761,data/chunks_48k/Alcippe cinerea_16_c007.wav,data/chunks_16k/Alcippe cinerea_16_c007.wav
Alcippe cinerea_17_c000,Alcippe cinerea,Alcippe cinerea,0.9496,data/chunks_48k/Alcippe cinerea_17_c000.wav,data/chunks_16k/Alcippe cinerea_17_c000.wav
Alcippe cinerea_17_c001,Alcippe cinerea,Alcippe cinerea,0.6463,data/chunks_48k/Alcippe cinerea_17_c001.wav,data/chunks_16k/Alcippe cinerea_17_c001.wav
Alcippe cinerea_17_c002,Alcippe cinerea,Alcippe cinerea,0.9806,data/chunks_48k/Alcippe cinerea_17_c002.wav,data/chunks_16k/Alcippe cinerea_17_c002.wav
Alcippe cinerea_17_c003,Alcippe cinerea,Alcippe cinerea,0.6849,data/chunks_48k/Alcippe cinerea_17_c003.wav,data/chunks_16k/Alcippe cinerea_17_c003.wav
Alcippe cinerea_17_c004,Alcippe cinerea,Alcippe cinerea,0.9981,data/chunks_48k/Alcippe cinerea_17_c004.wav,data/chunks_16k/Alcippe cinerea_17_c004.wav
Alcippe cinerea_17_c005,Alcippe cinerea,Alcippe cinerea,0.9989,data/chunks_48k/Alcippe cinerea_17_c005.wav,data/chunks_16k/Alcippe cinerea_17_c005.wav
Alcippe cinerea_17_c006,Alcippe cinerea,Alcippe cinerea,0.9676,data/chunks_48k/Alcippe cinerea_17_c006.wav,data/chunks_16k/Alcippe cinerea_17_c006.wav
Alcippe cinerea_17_c007,Alcippe cinerea,Alcippe cinerea,0.9029,data/chunks_48k/Alcippe cinerea_17_c007.wav,data/chunks_16k/Alcippe cinerea_17_c007.wav
Alcippe cinerea_17_c008,Alcippe cinerea,Alcippe cinerea,0.9787,data/chunks_48k/Alcippe cinerea_17_c008.wav,data/chunks_16k/Alcippe cinerea_17_c008.wav
Alcippe cinerea_17_c009,Alcippe cinerea,Alcippe cinerea,0.7280,data/chunks_48k/Alcippe cinerea_17_c009.wav,data/chunks_16k/Alcippe cinerea_17_c009.wav
Alcippe cinerea_18_c000,Alcippe cinerea,Alcippe cinerea,0.9923,data/chunks_48k/Alcippe cinerea_18_c000.wav,data/chunks_16k/Alcippe cinerea_18_c000.wav
Alcippe cinerea_18_c001,Alcippe cinerea,Alcippe cinerea,0.9814,data/chunks_48k/Alcippe cinerea_18_c001.wav,data/chunks_16k/Alcippe cinerea_18_c001.wav
Alcippe cinerea_18_c002,Alcippe cinerea,Alcippe cinerea,0.9161,data/chunks_48k/Alcippe cinerea_18_c002.wav,data/chunks_16k/Alcippe cinerea_18_c002.wav
Alcippe cinerea_18_c003,Alcippe cinerea,Alcippe cinerea,0.9896,data/chunks_48k/Alcippe cinerea_18_c003.wav,data/chunks_16k/Alcippe cinerea_18_c003.wav
Alcippe cinerea_18_c004,Alcippe cinerea,Alcippe cinerea,0.9465,data/chunks_48k/Alcippe cinerea_18_c004.wav,data/chunks_16k/Alcippe cinerea_18_c004.wav
Alcippe cinerea_18_c005,Alcippe cinerea,Alcippe cinerea,0.8862,data/chunks_48k/Alcippe cinerea_18_c005.wav,data/chunks_16k/Alcippe cinerea_18_c005.wav
Alcippe cinerea_18_c006,Alcippe cinerea,Alcippe cinerea,0.9981,data/chunks_48k/Alcippe cinerea_18_c006.wav,data/chunks_16k/Alcippe cinerea_18_c006.wav
Alcippe cinerea_18_c007,Alcippe cinerea,Alcippe cinerea,0.8974,data/chunks_48k/Alcippe cinerea_18_c007.wav,data/chunks_16k/Alcippe cinerea_18_c007.wav
Alcippe cinerea_18_c008,Alcippe cinerea,Alcippe cinerea,0.9777,data/chunks_48k/Alcippe cinerea_18_c008.wav,data/chunks_16k/Alcippe cinerea_18_c008.wav
Alcippe cinerea_18_c009,Alcippe cinerea,Alcippe cinerea,0.9094,data/chunks_48k/Alcippe cinerea_18_c009.wav,data/chunks_16k/Alcippe cinerea_18_c009.wav
Alcippe cinerea_19_c000,Alcippe cinerea,Alcippe cinerea,0.9136,data/chunks_48k/Alcippe cinerea_19_c000.wav,data/chunks_16k/Alcippe cinerea_19_c000.wav
Alcippe cinerea_19_c001,Alcippe cinerea,Alcippe cinerea,0.9297,data/chunks_48k/Alcippe cinerea_19_c001.wav,data/chunks_16k/Alcippe cinerea_19_c001.wav
Alcippe cinerea_19_c002,Alcippe cinerea,Alcippe cinerea,0.9134,data/chunks_48k/Alcippe cinerea_19_c002.wav,data/chunks_16k/Alcippe cinerea_19_c002.wav
Alcippe cinerea_19_c005,Alcippe cinerea,Alcippe cinerea,0.9717,data/chunks_48k/Alcippe cinerea_19_c005.wav,data/chunks_16k/Alcippe cinerea_19_c005.wav
Alcippe cinerea_19_c006,Alcippe cinerea,Alcippe cinerea,0.9531,data/chunks_48k/Alcippe cinerea_19_c006.wav,data/chunks_16k/Alcippe cinerea_19_c006.wav
Alcippe cinerea_19_c007,Alcippe cinerea,Alcippe cinerea,0.9693,data/chunks_48k/Alcippe cinerea_19_c007.wav,data/chunks_16k/Alcippe cinerea_19_c007.wav
Alcippe cinerea_19_c008,Alcippe cinerea,Alcippe cinerea,0.9274,data/chunks_48k/Alcippe cinerea_19_c008.wav,data/chunks_16k/Alcippe cinerea_19_c008.wav
Alcippe cinerea_19_c009,Alcippe cinerea,Alcippe cinerea,0.9142,data/chunks_48k/Alcippe cinerea_19_c009.wav,data/chunks_16k/Alcippe cinerea_19_c009.wav
Alcippe cinerea_19_c010,Alcippe cinerea,Alcippe cinerea,0.9606,data/chunks_48k/Alcippe cinerea_19_c010.wav,data/chunks_16k/Alcippe cinerea_19_c010.wav
Alcippe cinerea_1_c000,Alcippe cinerea,Alcippe cinerea,0.9251,data/chunks_48k/Alcippe cinerea_1_c000.wav,data/chunks_16k/Alcippe cinerea_1_c000.wav
Alcippe cinerea_1_c002,Alcippe cinerea,Alcippe cinerea,0.9381,data/chunks_48k/Alcippe cinerea_1_c002.wav,data/chunks_16k/Alcippe cinerea_1_c002.wav
Alcippe cinerea_1_c004,Alcippe cinerea,Alcippe cinerea,0.5346,data/chunks_48k/Alcippe cinerea_1_c004.wav,data/chunks_16k/Alcippe cinerea_1_c004.wav
Alcippe cinerea_21_c000,Alcippe cinerea,Alcippe cinerea,0.8115,data/chunks_48k/Alcippe cinerea_21_c000.wav,data/chunks_16k/Alcippe cinerea_21_c000.wav
Alcippe cinerea_21_c001,Alcippe cinerea,Alcippe cinerea,0.5568,data/chunks_48k/Alcippe cinerea_21_c001.wav,data/chunks_16k/Alcippe cinerea_21_c001.wav
Alcippe cinerea_21_c002,Alcippe cinerea,Alcippe cinerea,0.9165,data/chunks_48k/Alcippe cinerea_21_c002.wav,data/chunks_16k/Alcippe cinerea_21_c002.wav
Alcippe cinerea_21_c003,Alcippe cinerea,Alcippe cinerea,0.7083,data/chunks_48k/Alcippe cinerea_21_c003.wav,data/chunks_16k/Alcippe cinerea_21_c003.wav
Alcippe cinerea_23_c000,Alcippe cinerea,Alcippe cinerea,0.6852,data/chunks_48k/Alcippe cinerea_23_c000.wav,data/chunks_16k/Alcippe cinerea_23_c000.wav
Alcippe cinerea_23_c001,Alcippe cinerea,Alcippe cinerea,0.6866,data/chunks_48k/Alcippe cinerea_23_c001.wav,data/chunks_16k/Alcippe cinerea_23_c001.wav
Alcippe cinerea_23_c003,Alcippe cinerea,Alcippe cinerea,0.8417,data/chunks_48k/Alcippe cinerea_23_c003.wav,data/chunks_16k/Alcippe cinerea_23_c003.wav
Alcippe cinerea_23_c004,Alcippe cinerea,Alcippe cinerea,0.9454,data/chunks_48k/Alcippe cinerea_23_c004.wav,data/chunks_16k/Alcippe cinerea_23_c004.wav
Alcippe cinerea_23_c005,Alcippe cinerea,Alcippe cinerea,0.9254,data/chunks_48k/Alcippe cinerea_23_c005.wav,data/chunks_16k/Alcippe cinerea_23_c005.wav
Alcippe cinerea_23_c006,Alcippe cinerea,Alcippe cinerea,0.7990,data/chunks_48k/Alcippe cinerea_23_c006.wav,data/chunks_16k/Alcippe cinerea_23_c006.wav
Alcippe cinerea_23_c007,Alcippe cinerea,Alcippe cinerea,0.8915,data/chunks_48k/Alcippe cinerea_23_c007.wav,data/chunks_16k/Alcippe cinerea_23_c007.wav
Alcippe cinerea_23_c008,Alcippe cinerea,Alcippe cinerea,0.9628,data/chunks_48k/Alcippe cinerea_23_c008.wav,data/chunks_16k/Alcippe cinerea_23_c008.wav
Alcippe cinerea_24_c000,Alcippe cinerea,Alcippe cinerea,0.7305,data/chunks_48k/Alcippe cinerea_24_c000.wav,data/chunks_16k/Alcippe cinerea_24_c000.wav
Alcippe cinerea_24_c001,Alcippe cinerea,Alcippe cinerea,0.6391,data/chunks_48k/Alcippe cinerea_24_c001.wav,data/chunks_16k/Alcippe cinerea_24_c001.wav
Alcippe cinerea_24_c002,Alcippe cinerea,Alcippe cinerea,0.7521,data/chunks_48k/Alcippe cinerea_24_c002.wav,data/chunks_16k/Alcippe cinerea_24_c002.wav
Alcippe cinerea_24_c003,Alcippe cinerea,Alcippe cinerea,0.6121,data/chunks_48k/Alcippe cinerea_24_c003.wav,data/chunks_16k/Alcippe cinerea_24_c003.wav
Alcippe cinerea_24_c004,Alcippe cinerea,Alcippe cinerea,0.9774,data/chunks_48k/Alcippe cinerea_24_c004.wav,data/chunks_16k/Alcippe cinerea_24_c004.wav
Alcippe cinerea_24_c005,Alcippe cinerea,Alcippe cinerea,0.5941,data/chunks_48k/Alcippe cinerea_24_c005.wav,data/chunks_16k/Alcippe cinerea_24_c005.wav
Alcippe cinerea_24_c007,Alcippe cinerea,Alcippe cinerea,0.7105,data/chunks_48k/Alcippe cinerea_24_c007.wav,data/chunks_16k/Alcippe cinerea_24_c007.wav
Alcippe cinerea_24_c008,Alcippe cinerea,Alcippe cinerea,0.6192,data/chunks_48k/Alcippe cinerea_24_c008.wav,data/chunks_16k/Alcippe cinerea_24_c008.wav
Alcippe cinerea_24_c009,Alcippe cinerea,Alcippe cinerea,0.9654,data/chunks_48k/Alcippe cinerea_24_c009.wav,data/chunks_16k/Alcippe cinerea_24_c009.wav
Alcippe cinerea_3_c000,Alcippe cinerea,Alcippe cinerea,0.9999,data/chunks_48k/Alcippe cinerea_3_c000.wav,data/chunks_16k/Alcippe cinerea_3_c000.wav
Alcippe cinerea_3_c001,Alcippe cinerea,Alcippe cinerea,0.9442,data/chunks_48k/Alcippe cinerea_3_c001.wav,data/chunks_16k/Alcippe cinerea_3_c001.wav
Alcippe cinerea_3_c002,Alcippe cinerea,Alcippe cinerea,0.8188,data/chunks_48k/Alcippe cinerea_3_c002.wav,data/chunks_16k/Alcippe cinerea_3_c002.wav
Alcippe cinerea_3_c004,Alcippe cinerea,Alcippe cinerea,0.9534,data/chunks_48k/Alcippe cinerea_3_c004.wav,data/chunks_16k/Alcippe cinerea_3_c004.wav
Alcippe cinerea_3_c005,Alcippe cinerea,Alcippe cinerea,0.9694,data/chunks_48k/Alcippe cinerea_3_c005.wav,data/chunks_16k/Alcippe cinerea_3_c005.wav
Alcippe cinerea_3_c006,Alcippe cinerea,Alcippe cinerea,0.8204,data/chunks_48k/Alcippe cinerea_3_c006.wav,data/chunks_16k/Alcippe cinerea_3_c006.wav
Alcippe cinerea_3_c007,Alcippe cinerea,Alcippe cinerea,0.9891,data/chunks_48k/Alcippe cinerea_3_c007.wav,data/chunks_16k/Alcippe cinerea_3_c007.wav
Alcippe cinerea_3_c008,Alcippe cinerea,Alcippe cinerea,0.8940,data/chunks_48k/Alcippe cinerea_3_c008.wav,data/chunks_16k/Alcippe cinerea_3_c008.wav
Alcippe cinerea_3_c009,Alcippe cinerea,Alcippe cinerea,0.7034,data/chunks_48k/Alcippe cinerea_3_c009.wav,data/chunks_16k/Alcippe cinerea_3_c009.wav
Alcippe cinerea_4_c000,Alcippe cinerea,Alcippe cinerea,0.9689,data/chunks_48k/Alcippe cinerea_4_c000.wav,data/chunks_16k/Alcippe cinerea_4_c000.wav
Alcippe cinerea_4_c001,Alcippe cinerea,Alcippe cinerea,0.9894,data/chunks_48k/Alcippe cinerea_4_c001.wav,data/chunks_16k/Alcippe cinerea_4_c001.wav
Alcippe cinerea_4_c002,Alcippe cinerea,Alcippe cinerea,0.9571,data/chunks_48k/Alcippe cinerea_4_c002.wav,data/chunks_16k/Alcippe cinerea_4_c002.wav
Alcippe cinerea_4_c003,Alcippe cinerea,Alcippe cinerea,0.8718,data/chunks_48k/Alcippe cinerea_4_c003.wav,data/chunks_16k/Alcippe cinerea_4_c003.wav
Alcippe cinerea_4_c004,Alcippe cinerea,Alcippe cinerea,0.8604,data/chunks_48k/Alcippe cinerea_4_c004.wav,data/chunks_16k/Alcippe cinerea_4_c004.wav
Alcippe cinerea_4_c005,Alcippe cinerea,Alcippe cinerea,0.9858,data/chunks_48k/Alcippe cinerea_4_c005.wav,data/chunks_16k/Alcippe cinerea_4_c005.wav
Alcippe cinerea_4_c006,Alcippe cinerea,Alcippe cinerea,0.9963,data/chunks_48k/Alcippe cinerea_4_c006.wav,data/chunks_16k/Alcippe cinerea_4_c006.wav
Alcippe cinerea_5_c001,Alcippe cinerea,Alcippe cinerea,0.7616,data/chunks_48k/Alcippe cinerea_5_c001.wav,data/chunks_16k/Alcippe cinerea_5_c001.wav
Alcippe cinerea_6_c000,Alcippe cinerea,Alcippe cinerea,0.9784,data/chunks_48k/Alcippe cinerea_6_c000.wav,data/chunks_16k/Alcippe cinerea_6_c000.wav
Alcippe cinerea_6_c003,Alcippe cinerea,Alcippe cinerea,0.9878,data/chunks_48k/Alcippe cinerea_6_c003.wav,data/chunks_16k/Alcippe cinerea_6_c003.wav
Alcippe cinerea_6_c004,Alcippe cinerea,Alcippe cinerea,0.9995,data/chunks_48k/Alcippe cinerea_6_c004.wav,data/chunks_16k/Alcippe cinerea_6_c004.wav
Alcippe cinerea_6_c005,Alcippe cinerea,Alcippe cinerea,0.9198,data/chunks_48k/Alcippe cinerea_6_c005.wav,data/chunks_16k/Alcippe cinerea_6_c005.wav
Alcippe cinerea_6_c006,Alcippe cinerea,Alcippe cinerea,0.9961,data/chunks_48k/Alcippe cinerea_6_c006.wav,data/chunks_16k/Alcippe cinerea_6_c006.wav
Alcippe cinerea_6_c008,Alcippe cinerea,Alcippe cinerea,0.6675,data/chunks_48k/Alcippe cinerea_6_c008.wav,data/chunks_16k/Alcippe cinerea_6_c008.wav
Alcippe cinerea_6_c009,Alcippe cinerea,Alcippe cinerea,0.9427,data/chunks_48k/Alcippe cinerea_6_c009.wav,data/chunks_16k/Alcippe cinerea_6_c009.wav
Alcippe cinerea_8_c001,Alcippe cinerea,Alcippe cinerea,0.8154,data/chunks_48k/Alcippe cinerea_8_c001.wav,data/chunks_16k/Alcippe cinerea_8_c001.wav
Alcippe cinerea_8_c002,Alcippe cinerea,Alcippe cinerea,0.9997,data/chunks_48k/Alcippe cinerea_8_c002.wav,data/chunks_16k/Alcippe cinerea_8_c002.wav
Alcippe cinerea_8_c003,Alcippe cinerea,Alcippe cinerea,0.9943,data/chunks_48k/Alcippe cinerea_8_c003.wav,data/chunks_16k/Alcippe cinerea_8_c003.wav
Alcippe cinerea_8_c004,Alcippe cinerea,Alcippe cinerea,0.9998,data/chunks_48k/Alcippe cinerea_8_c004.wav,data/chunks_16k/Alcippe cinerea_8_c004.wav
Alcippe cinerea_9_c000,Alcippe cinerea,Alcippe cinerea,0.9706,data/chunks_48k/Alcippe cinerea_9_c000.wav,data/chunks_16k/Alcippe cinerea_9_c000.wav
Arachnothera magna_11_c000,Arachnothera magna,Arachnothera magna,0.7122,data/chunks_48k/Arachnothera magna_11_c000.wav,data/chunks_16k/Arachnothera magna_11_c000.wav
Arachnothera magna_11_c001,Arachnothera magna,Arachnothera magna,0.7345,data/chunks_48k/Arachnothera magna_11_c001.wav,data/chunks_16k/Arachnothera magna_11_c001.wav
Arachnothera magna_11_c002,Arachnothera magna,Arachnothera magna,0.8280,data/chunks_48k/Arachnothera magna_11_c002.wav,data/chunks_16k/Arachnothera magna_11_c002.wav
Arachnothera magna_11_c003,Arachnothera magna,Arachnothera magna,0.9467,data/chunks_48k/Arachnothera magna_11_c003.wav,data/chunks_16k/Arachnothera magna_11_c003.wav
Arachnothera magna_1_c000,Arachnothera magna,Arachnothera magna,0.9943,data/chunks_48k/Arachnothera magna_1_c000.wav,data/chunks_16k/Arachnothera magna_1_c000.wav
Arachnothera magna_1_c001,Arachnothera magna,Arachnothera magna,0.9916,data/chunks_48k/Arachnothera magna_1_c001.wav,data/chunks_16k/Arachnothera magna_1_c001.wav
Arachnothera magna_1_c002,Arachnothera magna,Arachnothera magna,0.9856,data/chunks_48k/Arachnothera magna_1_c002.wav,data/chunks_16k/Arachnothera magna_1_c002.wav
Arachnothera magna_1_c003,Arachnothera magna,Arachnothera magna,0.9984,data/chunks_48k/Arachnothera magna_1_c003.wav,data/chunks_16k/Arachnothera magna_1_c003.wav
Arachnothera magna_1_c004,Arachnothera magna,Arachnothera magna,0.9943,data/chunks_48k/Arachnothera magna_1_c004.wav,data/chunks_16k/Arachnothera magna_1_c004.wav
Arachnothera magna_1_c005,Arachnothera magna,Arachnothera magna,0.9949,data/chunks_48k/Arachnothera magna_1_c005.wav,data/chunks_16k/Arachnothera magna_1_c005.wav
Arachnothera magna_1_c006,Arachnothera magna,Arachnothera magna,0.9823,data/chunks_48k/Arachnothera magna_1_c006.wav,data/chunks_16k/Arachnothera magna_1_c006.wav
Arachnothera magna_1_c007,Arachnothera magna,Arachnothera magna,0.9939,data/chunks_48k/Arachnothera magna_1_c007.wav,data/chunks_16k/Arachnothera magna_1_c007.wav
Arachnothera magna_1_c008,Arachnothera magna,Arachnothera magna,0.9969,data/chunks_48k/Arachnothera magna_1_c008.wav,data/chunks_16k/Arachnothera magna_1_c008.wav
Arachnothera magna_1_c009,Arachnothera magna,Arachnothera magna,0.9988,data/chunks_48k/Arachnothera magna_1_c009.wav,data/chunks_16k/Arachnothera magna_1_c009.wav
Arachnothera magna_2_c000,Arachnothera magna,Arachnothera magna,0.9998,data/chunks_48k/Arachnothera magna_2_c000.wav,data/chunks_16k/Arachnothera magna_2_c000.wav
Arachnothera magna_2_c001,Arachnothera magna,Arachnothera magna,0.9997,data/chunks_48k/Arachnothera magna_2_c001.wav,data/chunks_16k/Arachnothera magna_2_c001.wav
Arachnothera magna_2_c002,Arachnothera magna,Arachnothera magna,0.9999,data/chunks_48k/Arachnothera magna_2_c002.wav,data/chunks_16k/Arachnothera magna_2_c002.wav
Arachnothera magna_2_c003,Arachnothera magna,Arachnothera magna,0.9993,data/chunks_48k/Arachnothera magna_2_c003.wav,data/chunks_16k/Arachnothera magna_2_c003.wav
Arachnothera magna_2_c004,Arachnothera magna,Arachnothera magna,0.9382,data/chunks_48k/Arachnothera magna_2_c004.wav,data/chunks_16k/Arachnothera magna_2_c004.wav
Arachnothera magna_3_c000,Arachnothera magna,Arachnothera magna,0.9982,data/chunks_48k/Arachnothera magna_3_c000.wav,data/chunks_16k/Arachnothera magna_3_c000.wav
Arachnothera magna_3_c001,Arachnothera magna,Arachnothera magna,0.9945,data/chunks_48k/Arachnothera magna_3_c001.wav,data/chunks_16k/Arachnothera magna_3_c001.wav
Arachnothera magna_3_c002,Arachnothera magna,Arachnothera magna,0.9803,data/chunks_48k/Arachnothera magna_3_c002.wav,data/chunks_16k/Arachnothera magna_3_c002.wav
Arachnothera magna_3_c003,Arachnothera magna,Arachnothera magna,0.7857,data/chunks_48k/Arachnothera magna_3_c003.wav,data/chunks_16k/Arachnothera magna_3_c003.wav
Arachnothera magna_3_c004,Arachnothera magna,Arachnothera magna,0.9851,data/chunks_48k/Arachnothera magna_3_c004.wav,data/chunks_16k/Arachnothera magna_3_c004.wav
Arachnothera magna_3_c005,Arachnothera magna,Arachnothera magna,0.9867,data/chunks_48k/Arachnothera magna_3_c005.wav,data/chunks_16k/Arachnothera magna_3_c005.wav
Arachnothera magna_4_c000,Arachnothera magna,Arachnothera magna,0.9887,data/chunks_48k/Arachnothera magna_4_c000.wav,data/chunks_16k/Arachnothera magna_4_c000.wav
Arachnothera magna_4_c001,Arachnothera magna,Arachnothera magna,0.9971,data/chunks_48k/Arachnothera magna_4_c001.wav,data/chunks_16k/Arachnothera magna_4_c001.wav
Arachnothera magna_4_c002,Arachnothera magna,Arachnothera magna,0.9764,data/chunks_48k/Arachnothera magna_4_c002.wav,data/chunks_16k/Arachnothera magna_4_c002.wav
Arachnothera magna_4_c003,Arachnothera magna,Arachnothera magna,0.9885,data/chunks_48k/Arachnothera magna_4_c003.wav,data/chunks_16k/Arachnothera magna_4_c003.wav
Arachnothera magna_4_c004,Arachnothera magna,Arachnothera magna,0.8113,data/chunks_48k/Arachnothera magna_4_c004.wav,data/chunks_16k/Arachnothera magna_4_c004.wav
Arachnothera magna_8_c001,Arachnothera magna,Arachnothera magna,0.5177,data/chunks_48k/Arachnothera magna_8_c001.wav,data/chunks_16k/Arachnothera magna_8_c001.wav
Arachnothera magna_8_c003,Arachnothera magna,Arachnothera magna,0.8362,data/chunks_48k/Arachnothera magna_8_c003.wav,data/chunks_16k/Arachnothera magna_8_c003.wav
Arachnothera magna_8_c004,Arachnothera magna,Arachnothera magna,0.6865,data/chunks_48k/Arachnothera magna_8_c004.wav,data/chunks_16k/Arachnothera magna_8_c004.wav
Arachnothera magna_8_c005,Arachnothera magna,Arachnothera magna,0.7528,data/chunks_48k/Arachnothera magna_8_c005.wav,data/chunks_16k/Arachnothera magna_8_c005.wav
Arachnothera magna_8_c006,Arachnothera magna,Arachnothera magna,0.7945,data/chunks_48k/Arachnothera magna_8_c006.wav,data/chunks_16k/Arachnothera magna_8_c006.wav
Arachnothera magna_9_c000,Arachnothera magna,Arachnothera magna,0.9974,data/chunks_48k/Arachnothera magna_9_c000.wav,data/chunks_16k/Arachnothera magna_9_c000.wav
Arachnothera magna_9_c001,Arachnothera magna,Arachnothera magna,0.9823,data/chunks_48k/Arachnothera magna_9_c001.wav,data/chunks_16k/Arachnothera magna_9_c001.wav
Arachnothera magna_9_c002,Arachnothera magna,Arachnothera magna,0.9971,data/chunks_48k/Arachnothera magna_9_c002.wav,data/chunks_16k/Arachnothera magna_9_c002.wav
Arborophila torqueola_10_c000,Arborophila torqueola,Arborophila torqueola,0.9776,data/chunks_48k/Arborophila torqueola_10_c000.wav,data/chunks_16k/Arborophila torqueola_10_c000.wav
Arborophila torqueola_10_c001,Arborophila torqueola,Arborophila torqueola,0.9735,data/chunks_48k/Arborophila torqueola_10_c001.wav,data/chunks_16k/Arborophila torqueola_10_c001.wav
Arborophila torqueola_10_c002,Arborophila torqueola,Arborophila torqueola,0.9582,data/chunks_48k/Arborophila torqueola_10_c002.wav,data/chunks_16k/Arborophila torqueola_10_c002.wav
Arborophila torqueola_10_c003,Arborophila torqueola,Arborophila torqueola,0.9898,data/chunks_48k/Arborophila torqueola_10_c003.wav,data/chunks_16k/Arborophila torqueola_10_c003.wav
Arborophila torqueola_10_c004,Arborophila torqueola,Arborophila torqueola,0.9503,data/chunks_48k/Arborophila torqueola_10_c004.wav,data/chunks_16k/Arborophila torqueola_10_c004.wav
Arborophila torqueola_10_c005,Arborophila torqueola,Arborophila torqueola,0.9912,data/chunks_48k/Arborophila torqueola_10_c005.wav,data/chunks_16k/Arborophila torqueola_10_c005.wav
Arborophila torqueola_10_c006,Arborophila torqueola,Arborophila torqueola,0.9928,data/chunks_48k/Arborophila torqueola_10_c006.wav,data/chunks_16k/Arborophila torqueola_10_c006.wav
Arborophila torqueola_10_c007,Arborophila torqueola,Arborophila torqueola,0.9594,data/chunks_48k/Arborophila torqueola_10_c007.wav,data/chunks_16k/Arborophila torqueola_10_c007.wav
Arborophila torqueola_10_c008,Arborophila torqueola,Arborophila torqueola,0.9762,data/chunks_48k/Arborophila torqueola_10_c008.wav,data/chunks_16k/Arborophila torqueola_10_c008.wav
Arborophila torqueola_11_c000,Arborophila torqueola,Arborophila torqueola,0.9970,data/chunks_48k/Arborophila torqueola_11_c000.wav,data/chunks_16k/Arborophila torqueola_11_c000.wav
Arborophila torqueola_11_c001,Arborophila torqueola,Arborophila torqueola,0.9937,data/chunks_48k/Arborophila torqueola_11_c001.wav,data/chunks_16k/Arborophila torqueola_11_c001.wav
Arborophila torqueola_12_c000,Arborophila torqueola,Arborophila torqueola,0.8937,data/chunks_48k/Arborophila torqueola_12_c000.wav,data/chunks_16k/Arborophila torqueola_12_c000.wav
Arborophila torqueola_12_c001,Arborophila torqueola,Arborophila torqueola,0.9963,data/chunks_48k/Arborophila torqueola_12_c001.wav,data/chunks_16k/Arborophila torqueola_12_c001.wav
Arborophila torqueola_12_c002,Arborophila torqueola,Arborophila torqueola,0.9952,data/chunks_48k/Arborophila torqueola_12_c002.wav,data/chunks_16k/Arborophila torqueola_12_c002.wav
Arborophila torqueola_12_c003,Arborophila torqueola,Arborophila torqueola,0.9959,data/chunks_48k/Arborophila torqueola_12_c003.wav,data/chunks_16k/Arborophila torqueola_12_c003.wav
Arborophila torqueola_12_c004,Arborophila torqueola,Arborophila torqueola,0.9934,data/chunks_48k/Arborophila torqueola_12_c004.wav,data/chunks_16k/Arborophila torqueola_12_c004.wav
Arborophila torqueola_12_c005,Arborophila torqueola,Arborophila torqueola,0.9935,data/chunks_48k/Arborophila torqueola_12_c005.wav,data/chunks_16k/Arborophila torqueola_12_c005.wav
Arborophila torqueola_12_c006,Arborophila torqueola,Arborophila torqueola,0.9929,data/chunks_48k/Arborophila torqueola_12_c006.wav,data/chunks_16k/Arborophila torqueola_12_c006.wav
Arborophila torqueola_12_c007,Arborophila torqueola,Arborophila torqueola,0.9973,data/chunks_48k/Arborophila torqueola_12_c007.wav,data/chunks_16k/Arborophila torqueola_12_c007.wav
Arborophila torqueola_12_c008,Arborophila torqueola,Arborophila torqueola,0.9970,data/chunks_48k/Arborophila torqueola_12_c008.wav,data/chunks_16k/Arborophila torqueola_12_c008.wav
Arborophila torqueola_12_c009,Arborophila torqueola,Arborophila torqueola,0.9923,data/chunks_48k/Arborophila torqueola_12_c009.wav,data/chunks_16k/Arborophila torqueola_12_c009.wav
Arborophila torqueola_12_c010,Arborophila torqueola,Arborophila torqueola,0.9982,data/chunks_48k/Arborophila torqueola_12_c010.wav,data/chunks_16k/Arborophila torqueola_12_c010.wav
Arborophila torqueola_12_c011,Arborophila torqueola,Arborophila torqueola,0.9969,data/chunks_48k/Arborophila torqueola_12_c011.wav,data/chunks_16k/Arborophila torqueola_12_c011.wav
Arborophila torqueola_12_c012,Arborophila torqueola,Arborophila torqueola,0.9996,data/chunks_48k/Arborophila torqueola_12_c012.wav,data/chunks_16k/Arborophila torqueola_12_c012.wav
Arborophila torqueola_12_c013,Arborophila torqueola,Arborophila torqueola,0.9995,data/chunks_48k/Arborophila torqueola_12_c013.wav,data/chunks_16k/Arborophila torqueola_12_c013.wav
Arborophila torqueola_13_c000,Arborophila torqueola,Arborophila torqueola,0.9655,data/chunks_48k/Arborophila torqueola_13_c000.wav,data/chunks_16k/Arborophila torqueola_13_c000.wav
Arborophila torqueola_13_c001,Arborophila torqueola,Arborophila torqueola,0.6252,data/chunks_48k/Arborophila torqueola_13_c001.wav,data/chunks_16k/Arborophila torqueola_13_c001.wav
Arborophila torqueola_13_c002,Arborophila torqueola,Arborophila torqueola,0.8177,data/chunks_48k/Arborophila torqueola_13_c002.wav,data/chunks_16k/Arborophila torqueola_13_c002.wav
Arborophila torqueola_13_c003,Arborophila torqueola,Arborophila torqueola,0.7861,data/chunks_48k/Arborophila torqueola_13_c003.wav,data/chunks_16k/Arborophila torqueola_13_c003.wav
Arborophila torqueola_13_c005,Arborophila torqueola,Arborophila torqueola,0.9738,data/chunks_48k/Arborophila torqueola_13_c005.wav,data/chunks_16k/Arborophila torqueola_13_c005.wav
Arborophila torqueola_13_c006,Arborophila torqueola,Arborophila torqueola,0.9608,data/chunks_48k/Arborophila torqueola_13_c006.wav,data/chunks_16k/Arborophila torqueola_13_c006.wav
Arborophila torqueola_13_c007,Arborophila torqueola,Arborophila torqueola,0.9828,data/chunks_48k/Arborophila torqueola_13_c007.wav,data/chunks_16k/Arborophila torqueola_13_c007.wav
Arborophila torqueola_13_c008,Arborophila torqueola,Arborophila torqueola,0.9881,data/chunks_48k/Arborophila torqueola_13_c008.wav,data/chunks_16k/Arborophila torqueola_13_c008.wav
Arborophila torqueola_13_c009,Arborophila torqueola,Arborophila torqueola,0.9246,data/chunks_48k/Arborophila torqueola_13_c009.wav,data/chunks_16k/Arborophila torqueola_13_c009.wav
Arborophila torqueola_13_c010,Arborophila torqueola,Arborophila torqueola,0.9932,data/chunks_48k/Arborophila torqueola_13_c010.wav,data/chunks_16k/Arborophila torqueola_13_c010.wav
Arborophila torqueola_13_c011,Arborophila torqueola,Arborophila torqueola,0.9501,data/chunks_48k/Arborophila torqueola_13_c011.wav,data/chunks_16k/Arborophila torqueola_13_c011.wav
Arborophila torqueola_13_c012,Arborophila torqueola,Arborophila torqueola,0.9643,data/chunks_48k/Arborophila torqueola_13_c012.wav,data/chunks_16k/Arborophila torqueola_13_c012.wav
Arborophila torqueola_13_c013,Arborophila torqueola,Arborophila torqueola,0.9551,data/chunks_48k/Arborophila torqueola_13_c013.wav,data/chunks_16k/Arborophila torqueola_13_c013.wav
Arborophila torqueola_13_c014,Arborophila torqueola,Arborophila torqueola,0.9721,data/chunks_48k/Arborophila torqueola_13_c014.wav,data/chunks_16k/Arborophila torqueola_13_c014.wav
Arborophila torqueola_13_c015,Arborophila torqueola,Arborophila torqueola,0.6125,data/chunks_48k/Arborophila torqueola_13_c015.wav,data/chunks_16k/Arborophila torqueola_13_c015.wav
Arborophila torqueola_13_c016,Arborophila torqueola,Arborophila torqueola,0.9086,data/chunks_48k/Arborophila torqueola_13_c016.wav,data/chunks_16k/Arborophila torqueola_13_c016.wav
Arborophila torqueola_13_c017,Arborophila torqueola,Arborophila torqueola,0.9798,data/chunks_48k/Arborophila torqueola_13_c017.wav,data/chunks_16k/Arborophila torqueola_13_c017.wav
Arborophila torqueola_13_c018,Arborophila torqueola,Arborophila torqueola,0.9853,data/chunks_48k/Arborophila torqueola_13_c018.wav,data/chunks_16k/Arborophila torqueola_13_c018.wav
Arborophila torqueola_13_c019,Arborophila torqueola,Arborophila torqueola,0.9812,data/chunks_48k/Arborophila torqueola_13_c019.wav,data/chunks_16k/Arborophila torqueola_13_c019.wav
Arborophila torqueola_13_c020,Arborophila torqueola,Arborophila torqueola,0.9238,data/chunks_48k/Arborophila torqueola_13_c020.wav,data/chunks_16k/Arborophila torqueola_13_c020.wav
Arborophila torqueola_13_c021,Arborophila torqueola,Arborophila torqueola,0.9880,data/chunks_48k/Arborophila torqueola_13_c021.wav,data/chunks_16k/Arborophila torqueola_13_c021.wav
Arborophila torqueola_13_c022,Arborophila torqueola,Arborophila torqueola,0.9559,data/chunks_48k/Arborophila torqueola_13_c022.wav,data/chunks_16k/Arborophila torqueola_13_c022.wav
Arborophila torqueola_13_c023,Arborophila torqueola,Arborophila torqueola,0.9892,data/chunks_48k/Arborophila torqueola_13_c023.wav,data/chunks_16k/Arborophila torqueola_13_c023.wav
Arborophila torqueola_13_c024,Arborophila torqueola,Arborophila torqueola,0.9969,data/chunks_48k/Arborophila torqueola_13_c024.wav,data/chunks_16k/Arborophila torqueola_13_c024.wav
Arborophila torqueola_14_c000,Arborophila torqueola,Arborophila torqueola,0.9261,data/chunks_48k/Arborophila torqueola_14_c000.wav,data/chunks_16k/Arborophila torqueola_14_c000.wav
Arborophila torqueola_14_c001,Arborophila torqueola,Arborophila torqueola,0.5934,data/chunks_48k/Arborophila torqueola_14_c001.wav,data/chunks_16k/Arborophila torqueola_14_c001.wav
Arborophila torqueola_15_c000,Arborophila torqueola,Arborophila torqueola,0.9932,data/chunks_48k/Arborophila torqueola_15_c000.wav,data/chunks_16k/Arborophila torqueola_15_c000.wav
Arborophila torqueola_15_c001,Arborophila torqueola,Arborophila torqueola,0.8837,data/chunks_48k/Arborophila torqueola_15_c001.wav,data/chunks_16k/Arborophila torqueola_15_c001.wav
Arborophila torqueola_15_c003,Arborophila torqueola,Arborophila torqueola,0.9258,data/chunks_48k/Arborophila torqueola_15_c003.wav,data/chunks_16k/Arborophila torqueola_15_c003.wav
Arborophila torqueola_17_c002,Arborophila torqueola,Arborophila torqueola,0.8374,data/chunks_48k/Arborophila torqueola_17_c002.wav,data/chunks_16k/Arborophila torqueola_17_c002.wav
Arborophila torqueola_17_c004,Arborophila torqueola,Arborophila torqueola,0.5383,data/chunks_48k/Arborophila torqueola_17_c004.wav,data/chunks_16k/Arborophila torqueola_17_c004.wav
Arborophila torqueola_17_c005,Arborophila torqueola,Arborophila torqueola,0.9335,data/chunks_48k/Arborophila torqueola_17_c005.wav,data/chunks_16k/Arborophila torqueola_17_c005.wav
Arborophila torqueola_18_c000,Arborophila torqueola,Arborophila torqueola,0.9666,data/chunks_48k/Arborophila torqueola_18_c000.wav,data/chunks_16k/Arborophila torqueola_18_c000.wav
Arborophila torqueola_18_c001,Arborophila torqueola,Arborophila torqueola,0.9960,data/chunks_48k/Arborophila torqueola_18_c001.wav,data/chunks_16k/Arborophila torqueola_18_c001.wav
Arborophila torqueola_18_c002,Arborophila torqueola,Arborophila torqueola,0.9940,data/chunks_48k/Arborophila torqueola_18_c002.wav,data/chunks_16k/Arborophila torqueola_18_c002.wav
Arborophila torqueola_18_c003,Arborophila torqueola,Arborophila torqueola,0.9880,data/chunks_48k/Arborophila torqueola_18_c003.wav,data/chunks_16k/Arborophila torqueola_18_c003.wav
Arborophila torqueola_18_c004,Arborophila torqueola,Arborophila torqueola,0.9989,data/chunks_48k/Arborophila torqueola_18_c004.wav,data/chunks_16k/Arborophila torqueola_18_c004.wav
Arborophila torqueola_1_c000,Arborophila torqueola,Arborophila torqueola,0.9993,data/chunks_48k/Arborophila torqueola_1_c000.wav,data/chunks_16k/Arborophila torqueola_1_c000.wav
Arborophila torqueola_1_c001,Arborophila torqueola,Arborophila torqueola,0.9664,data/chunks_48k/Arborophila torqueola_1_c001.wav,data/chunks_16k/Arborophila torqueola_1_c001.wav
Arborophila torqueola_1_c002,Arborophila torqueola,Arborophila torqueola,0.9945,data/chunks_48k/Arborophila torqueola_1_c002.wav,data/chunks_16k/Arborophila torqueola_1_c002.wav
Arborophila torqueola_1_c003,Arborophila torqueola,Arborophila torqueola,0.9965,data/chunks_48k/Arborophila torqueola_1_c003.wav,data/chunks_16k/Arborophila torqueola_1_c003.wav
Arborophila torqueola_1_c004,Arborophila torqueola,Arborophila torqueola,0.9780,data/chunks_48k/Arborophila torqueola_1_c004.wav,data/chunks_16k/Arborophila torqueola_1_c004.wav
Arborophila torqueola_1_c005,Arborophila torqueola,Arborophila torqueola,0.9980,data/chunks_48k/Arborophila torqueola_1_c005.wav,data/chunks_16k/Arborophila torqueola_1_c005.wav
Arborophila torqueola_1_c006,Arborophila torqueola,Arborophila torqueola,0.9950,data/chunks_48k/Arborophila torqueola_1_c006.wav,data/chunks_16k/Arborophila torqueola_1_c006.wav
Arborophila torqueola_1_c007,Arborophila torqueola,Arborophila torqueola,0.9866,data/chunks_48k/Arborophila torqueola_1_c007.wav,data/chunks_16k/Arborophila torqueola_1_c007.wav
Arborophila torqueola_1_c008,Arborophila torqueola,Arborophila torqueola,0.9966,data/chunks_48k/Arborophila torqueola_1_c008.wav,data/chunks_16k/Arborophila torqueola_1_c008.wav
Arborophila torqueola_1_c009,Arborophila torqueola,Arborophila torqueola,0.9980,data/chunks_48k/Arborophila torqueola_1_c009.wav,data/chunks_16k/Arborophila torqueola_1_c009.wav
Arborophila torqueola_1_c010,Arborophila torqueola,Arborophila torqueola,0.9967,data/chunks_48k/Arborophila torqueola_1_c010.wav,data/chunks_16k/Arborophila torqueola_1_c010.wav
Arborophila torqueola_1_c011,Arborophila torqueola,Arborophila torqueola,0.9902,data/chunks_48k/Arborophila torqueola_1_c011.wav,data/chunks_16k/Arborophila torqueola_1_c011.wav
Arborophila torqueola_20_c000,Arborophila torqueola,Arborophila torqueola,0.9666,data/chunks_48k/Arborophila torqueola_20_c000.wav,data/chunks_16k/Arborophila torqueola_20_c000.wav
Arborophila torqueola_20_c001,Arborophila torqueola,Arborophila torqueola,0.8359,data/chunks_48k/Arborophila torqueola_20_c001.wav,data/chunks_16k/Arborophila torqueola_20_c001.wav
Arborophila torqueola_20_c002,Arborophila torqueola,Arborophila torqueola,0.9714,data/chunks_48k/Arborophila torqueola_20_c002.wav,data/chunks_16k/Arborophila torqueola_20_c002.wav
Arborophila torqueola_20_c003,Arborophila torqueola,Arborophila torqueola,0.9855,data/chunks_48k/Arborophila torqueola_20_c003.wav,data/chunks_16k/Arborophila torqueola_20_c003.wav
Arborophila torqueola_20_c004,Arborophila torqueola,Arborophila torqueola,0.9932,data/chunks_48k/Arborophila torqueola_20_c004.wav,data/chunks_16k/Arborophila torqueola_20_c004.wav
Arborophila torqueola_20_c005,Arborophila torqueola,Arborophila torqueola,0.9955,data/chunks_48k/Arborophila torqueola_20_c005.wav,data/chunks_16k/Arborophila torqueola_20_c005.wav
Arborophila torqueola_20_c006,Arborophila torqueola,Arborophila torqueola,0.9830,data/chunks_48k/Arborophila torqueola_20_c006.wav,data/chunks_16k/Arborophila torqueola_20_c006.wav
Arborophila torqueola_20_c007,Arborophila torqueola,Arborophila torqueola,0.9052,data/chunks_48k/Arborophila torqueola_20_c007.wav,data/chunks_16k/Arborophila torqueola_20_c007.wav
Arborophila torqueola_20_c008,Arborophila torqueola,Arborophila torqueola,0.9748,data/chunks_48k/Arborophila torqueola_20_c008.wav,data/chunks_16k/Arborophila torqueola_20_c008.wav
Arborophila torqueola_20_c009,Arborophila torqueola,Arborophila torqueola,0.9909,data/chunks_48k/Arborophila torqueola_20_c009.wav,data/chunks_16k/Arborophila torqueola_20_c009.wav
Arborophila torqueola_21_c000,Arborophila torqueola,Arborophila torqueola,0.9963,data/chunks_48k/Arborophila torqueola_21_c000.wav,data/chunks_16k/Arborophila torqueola_21_c000.wav
Arborophila torqueola_21_c001,Arborophila torqueola,Arborophila torqueola,0.9804,data/chunks_48k/Arborophila torqueola_21_c001.wav,data/chunks_16k/Arborophila torqueola_21_c001.wav
Arborophila torqueola_21_c002,Arborophila torqueola,Arborophila torqueola,0.9979,data/chunks_48k/Arborophila torqueola_21_c002.wav,data/chunks_16k/Arborophila torqueola_21_c002.wav
Arborophila torqueola_21_c003,Arborophila torqueola,Arborophila torqueola,0.9987,data/chunks_48k/Arborophila torqueola_21_c003.wav,data/chunks_16k/Arborophila torqueola_21_c003.wav
Arborophila torqueola_21_c004,Arborophila torqueola,Arborophila torqueola,0.9809,data/chunks_48k/Arborophila torqueola_21_c004.wav,data/chunks_16k/Arborophila torqueola_21_c004.wav
Arborophila torqueola_23_c000,Arborophila torqueola,Arborophila torqueola,0.9975,data/chunks_48k/Arborophila torqueola_23_c000.wav,data/chunks_16k/Arborophila torqueola_23_c000.wav
Arborophila torqueola_23_c001,Arborophila torqueola,Arborophila torqueola,0.9838,data/chunks_48k/Arborophila torqueola_23_c001.wav,data/chunks_16k/Arborophila torqueola_23_c001.wav
Arborophila torqueola_23_c002,Arborophila torqueola,Arborophila torqueola,0.9317,data/chunks_48k/Arborophila torqueola_23_c002.wav,data/chunks_16k/Arborophila torqueola_23_c002.wav
Arborophila torqueola_23_c003,Arborophila torqueola,Arborophila torqueola,0.9656,data/chunks_48k/Arborophila torqueola_23_c003.wav,data/chunks_16k/Arborophila torqueola_23_c003.wav
Arborophila torqueola_24_c000,Arborophila torqueola,Arborophila torqueola,0.9982,data/chunks_48k/Arborophila torqueola_24_c000.wav,data/chunks_16k/Arborophila torqueola_24_c000.wav
Arborophila torqueola_24_c001,Arborophila torqueola,Arborophila torqueola,0.9919,data/chunks_48k/Arborophila torqueola_24_c001.wav,data/chunks_16k/Arborophila torqueola_24_c001.wav
Arborophila torqueola_24_c002,Arborophila torqueola,Arborophila torqueola,0.9956,data/chunks_48k/Arborophila torqueola_24_c002.wav,data/chunks_16k/Arborophila torqueola_24_c002.wav
Arborophila torqueola_24_c003,Arborophila torqueola,Arborophila torqueola,0.9965,data/chunks_48k/Arborophila torqueola_24_c003.wav,data/chunks_16k/Arborophila torqueola_24_c003.wav
Arborophila torqueola_24_c004,Arborophila torqueola,Arborophila torqueola,0.9997,data/chunks_48k/Arborophila torqueola_24_c004.wav,data/chunks_16k/Arborophila torqueola_24_c004.wav
Arborophila torqueola_24_c006,Arborophila torqueola,Arborophila torqueola,0.9990,data/chunks_48k/Arborophila torqueola_24_c006.wav,data/chunks_16k/Arborophila torqueola_24_c006.wav
Arborophila torqueola_24_c007,Arborophila torqueola,Arborophila torqueola,0.9614,data/chunks_48k/Arborophila torqueola_24_c007.wav,data/chunks_16k/Arborophila torqueola_24_c007.wav
Arborophila torqueola_24_c008,Arborophila torqueola,Arborophila torqueola,0.9931,data/chunks_48k/Arborophila torqueola_24_c008.wav,data/chunks_16k/Arborophila torqueola_24_c008.wav
Arborophila torqueola_24_c010,Arborophila torqueola,Arborophila torqueola,0.9958,data/chunks_48k/Arborophila torqueola_24_c010.wav,data/chunks_16k/Arborophila torqueola_24_c010.wav
Arborophila torqueola_24_c011,Arborophila torqueola,Arborophila torqueola,0.9961,data/chunks_48k/Arborophila torqueola_24_c011.wav,data/chunks_16k/Arborophila torqueola_24_c011.wav
Arborophila torqueola_25_c000,Arborophila torqueola,Arborophila torqueola,0.9995,data/chunks_48k/Arborophila torqueola_25_c000.wav,data/chunks_16k/Arborophila torqueola_25_c000.wav
Arborophila torqueola_25_c001,Arborophila torqueola,Arborophila torqueola,0.9998,data/chunks_48k/Arborophila torqueola_25_c001.wav,data/chunks_16k/Arborophila torqueola_25_c001.wav
Arborophila torqueola_25_c002,Arborophila torqueola,Arborophila torqueola,0.9981,data/chunks_48k/Arborophila torqueola_25_c002.wav,data/chunks_16k/Arborophila torqueola_25_c002.wav
Arborophila torqueola_25_c003,Arborophila torqueola,Arborophila torqueola,0.9990,data/chunks_48k/Arborophila torqueola_25_c003.wav,data/chunks_16k/Arborophila torqueola_25_c003.wav
Arborophila torqueola_25_c004,Arborophila torqueola,Arborophila torqueola,0.9995,data/chunks_48k/Arborophila torqueola_25_c004.wav,data/chunks_16k/Arborophila torqueola_25_c004.wav
Arborophila torqueola_25_c005,Arborophila torqueola,Arborophila torqueola,0.9996,data/chunks_48k/Arborophila torqueola_25_c005.wav,data/chunks_16k/Arborophila torqueola_25_c005.wav
Arborophila torqueola_25_c006,Arborophila torqueola,Arborophila torqueola,0.9992,data/chunks_48k/Arborophila torqueola_25_c006.wav,data/chunks_16k/Arborophila torqueola_25_c006.wav
Arborophila torqueola_25_c007,Arborophila torqueola,Arborophila torqueola,0.9975,data/chunks_48k/Arborophila torqueola_25_c007.wav,data/chunks_16k/Arborophila torqueola_25_c007.wav
Arborophila torqueola_26_c000,Arborophila torqueola,Arborophila torqueola,0.9917,data/chunks_48k/Arborophila torqueola_26_c000.wav,data/chunks_16k/Arborophila torqueola_26_c000.wav
Arborophila torqueola_26_c001,Arborophila torqueola,Arborophila torqueola,0.9989,data/chunks_48k/Arborophila torqueola_26_c001.wav,data/chunks_16k/Arborophila torqueola_26_c001.wav
Arborophila torqueola_26_c002,Arborophila torqueola,Arborophila torqueola,0.9995,data/chunks_48k/Arborophila torqueola_26_c002.wav,data/chunks_16k/Arborophila torqueola_26_c002.wav
Arborophila torqueola_26_c003,Arborophila torqueola,Arborophila torqueola,0.9997,data/chunks_48k/Arborophila torqueola_26_c003.wav,data/chunks_16k/Arborophila torqueola_26_c003.wav
Arborophila torqueola_26_c004,Arborophila torqueola,Arborophila torqueola,0.9992,data/chunks_48k/Arborophila torqueola_26_c004.wav,data/chunks_16k/Arborophila torqueola_26_c004.wav
Arborophila torqueola_26_c005,Arborophila torqueola,Arborophila torqueola,0.9994,data/chunks_48k/Arborophila torqueola_26_c005.wav,data/chunks_16k/Arborophila torqueola_26_c005.wav
Arborophila torqueola_26_c006,Arborophila torqueola,Arborophila torqueola,0.9996,data/chunks_48k/Arborophila torqueola_26_c006.wav,data/chunks_16k/Arborophila torqueola_26_c006.wav
Arborophila torqueola_26_c007,Arborophila torqueola,Arborophila torqueola,0.9991,data/chunks_48k/Arborophila torqueola_26_c007.wav,data/chunks_16k/Arborophila torqueola_26_c007.wav
Arborophila torqueola_26_c008,Arborophila torqueola,Arborophila torqueola,0.9998,data/chunks_48k/Arborophila torqueola_26_c008.wav,data/chunks_16k/Arborophila torqueola_26_c008.wav
Arborophila torqueola_26_c009,Arborophila torqueola,Arborophila torqueola,0.9979,data/chunks_48k/Arborophila torqueola_26_c009.wav,data/chunks_16k/Arborophila torqueola_26_c009.wav
Arborophila torqueola_26_c010,Arborophila torqueola,Arborophila torqueola,0.9997,data/chunks_48k/Arborophila torqueola_26_c010.wav,data/chunks_16k/Arborophila torqueola_26_c010.wav
Arborophila torqueola_26_c011,Arborophila torqueola,Arborophila torqueola,0.9997,data/chunks_48k/Arborophila torqueola_26_c011.wav,data/chunks_16k/Arborophila torqueola_26_c011.wav
Arborophila torqueola_26_c012,Arborophila torqueola,Arborophila torqueola,0.9996,data/chunks_48k/Arborophila torqueola_26_c012.wav,data/chunks_16k/Arborophila torqueola_26_c012.wav
Arborophila torqueola_26_c013,Arborophila torqueola,Arborophila torqueola,0.9991,data/chunks_48k/Arborophila torqueola_26_c013.wav,data/chunks_16k/Arborophila torqueola_26_c013.wav
Arborophila torqueola_27_c000,Arborophila torqueola,Arborophila torqueola,0.9839,data/chunks_48k/Arborophila torqueola_27_c000.wav,data/chunks_16k/Arborophila torqueola_27_c000.wav
Arborophila torqueola_27_c001,Arborophila torqueola,Arborophila torqueola,0.9754,data/chunks_48k/Arborophila torqueola_27_c001.wav,data/chunks_16k/Arborophila torqueola_27_c001.wav
Arborophila torqueola_27_c002,Arborophila torqueola,Arborophila torqueola,0.9967,data/chunks_48k/Arborophila torqueola_27_c002.wav,data/chunks_16k/Arborophila torqueola_27_c002.wav
Arborophila torqueola_27_c003,Arborophila torqueola,Arborophila torqueola,0.8008,data/chunks_48k/Arborophila torqueola_27_c003.wav,data/chunks_16k/Arborophila torqueola_27_c003.wav
Arborophila torqueola_28_c000,Arborophila torqueola,Arborophila torqueola,0.9992,data/chunks_48k/Arborophila torqueola_28_c000.wav,data/chunks_16k/Arborophila torqueola_28_c000.wav
Arborophila torqueola_28_c001,Arborophila torqueola,Arborophila torqueola,0.9964,data/chunks_48k/Arborophila torqueola_28_c001.wav,data/chunks_16k/Arborophila torqueola_28_c001.wav
Arborophila torqueola_28_c002,Arborophila torqueola,Arborophila torqueola,0.8410,data/chunks_48k/Arborophila torqueola_28_c002.wav,data/chunks_16k/Arborophila torqueola_28_c002.wav
Arborophila torqueola_28_c003,Arborophila torqueola,Arborophila torqueola,0.9998,data/chunks_48k/Arborophila torqueola_28_c003.wav,data/chunks_16k/Arborophila torqueola_28_c003.wav
Arborophila torqueola_28_c004,Arborophila torqueola,Arborophila torqueola,0.9956,data/chunks_48k/Arborophila torqueola_28_c004.wav,data/chunks_16k/Arborophila torqueola_28_c004.wav
Arborophila torqueola_28_c005,Arborophila torqueola,Arborophila torqueola,0.9989,data/chunks_48k/Arborophila torqueola_28_c005.wav,data/chunks_16k/Arborophila torqueola_28_c005.wav
Arborophila torqueola_28_c006,Arborophila torqueola,Arborophila torqueola,0.9968,data/chunks_48k/Arborophila torqueola_28_c006.wav,data/chunks_16k/Arborophila torqueola_28_c006.wav
Arborophila torqueola_28_c007,Arborophila torqueola,Arborophila torqueola,0.9999,data/chunks_48k/Arborophila torqueola_28_c007.wav,data/chunks_16k/Arborophila torqueola_28_c007.wav
Arborophila torqueola_28_c008,Arborophila torqueola,Arborophila torqueola,0.9974,data/chunks_48k/Arborophila torqueola_28_c008.wav,data/chunks_16k/Arborophila torqueola_28_c008.wav
Arborophila torqueola_28_c009,Arborophila torqueola,Arborophila torqueola,0.9996,data/chunks_48k/Arborophila torqueola_28_c009.wav,data/chunks_16k/Arborophila torqueola_28_c009.wav
Arborophila torqueola_28_c010,Arborophila torqueola,Arborophila torqueola,0.9930,data/chunks_48k/Arborophila torqueola_28_c010.wav,data/chunks_16k/Arborophila torqueola_28_c010.wav
Arborophila torqueola_28_c011,Arborophila torqueola,Arborophila torqueola,0.9999,data/chunks_48k/Arborophila torqueola_28_c011.wav,data/chunks_16k/Arborophila torqueola_28_c011.wav
Arborophila torqueola_28_c012,Arborophila torqueola,Arborophila torqueola,0.9971,data/chunks_48k/Arborophila torqueola_28_c012.wav,data/chunks_16k/Arborophila torqueola_28_c012.wav
Arborophila torqueola_28_c013,Arborophila torqueola,Arborophila torqueola,0.7645,data/chunks_48k/Arborophila torqueola_28_c013.wav,data/chunks_16k/Arborophila torqueola_28_c013.wav
Arborophila torqueola_28_c014,Arborophila torqueola,Arborophila torqueola,0.9997,data/chunks_48k/Arborophila torqueola_28_c014.wav,data/chunks_16k/Arborophila torqueola_28_c014.wav
Arborophila torqueola_28_c015,Arborophila torqueola,Arborophila torqueola,0.9999,data/chunks_48k/Arborophila torqueola_28_c015.wav,data/chunks_16k/Arborophila torqueola_28_c015.wav
Arborophila torqueola_28_c016,Arborophila torqueola,Arborophila torqueola,0.9991,data/chunks_48k/Arborophila torqueola_28_c016.wav,data/chunks_16k/Arborophila torqueola_28_c016.wav
Arborophila torqueola_28_c017,Arborophila torqueola,Arborophila torqueola,0.9995,data/chunks_48k/Arborophila torqueola_28_c017.wav,data/chunks_16k/Arborophila torqueola_28_c017.wav
Arborophila torqueola_28_c018,Arborophila torqueola,Arborophila torqueola,0.9978,data/chunks_48k/Arborophila torqueola_28_c018.wav,data/chunks_16k/Arborophila torqueola_28_c018.wav
Arborophila torqueola_28_c019,Arborophila torqueola,Arborophila torqueola,0.8887,data/chunks_48k/Arborophila torqueola_28_c019.wav,data/chunks_16k/Arborophila torqueola_28_c019.wav
Arborophila torqueola_28_c020,Arborophila torqueola,Arborophila torqueola,0.9998,data/chunks_48k/Arborophila torqueola_28_c020.wav,data/chunks_16k/Arborophila torqueola_28_c020.wav
Arborophila torqueola_28_c021,Arborophila torqueola,Arborophila torqueola,0.9979,data/chunks_48k/Arborophila torqueola_28_c021.wav,data/chunks_16k/Arborophila torqueola_28_c021.wav
Arborophila torqueola_28_c022,Arborophila torqueola,Arborophila torqueola,0.9959,data/chunks_48k/Arborophila torqueola_28_c022.wav,data/chunks_16k/Arborophila torqueola_28_c022.wav
Arborophila torqueola_28_c023,Arborophila torqueola,Arborophila torqueola,0.9975,data/chunks_48k/Arborophila torqueola_28_c023.wav,data/chunks_16k/Arborophila torqueola_28_c023.wav
Arborophila torqueola_28_c025,Arborophila torqueola,Arborophila torqueola,0.8812,data/chunks_48k/Arborophila torqueola_28_c025.wav,data/chunks_16k/Arborophila torqueola_28_c025.wav
Arborophila torqueola_28_c026,Arborophila torqueola,Arborophila torqueola,0.9937,data/chunks_48k/Arborophila torqueola_28_c026.wav,data/chunks_16k/Arborophila torqueola_28_c026.wav
Arborophila torqueola_2_c001,Arborophila torqueola,Arborophila torqueola,0.5172,data/chunks_48k/Arborophila torqueola_2_c001.wav,data/chunks_16k/Arborophila torqueola_2_c001.wav
Arborophila torqueola_2_c003,Arborophila torqueola,Arborophila torqueola,0.9123,data/chunks_48k/Arborophila torqueola_2_c003.wav,data/chunks_16k/Arborophila torqueola_2_c003.wav
Arborophila torqueola_2_c005,Arborophila torqueola,Arborophila torqueola,0.9486,data/chunks_48k/Arborophila torqueola_2_c005.wav,data/chunks_16k/Arborophila torqueola_2_c005.wav
Arborophila torqueola_2_c006,Arborophila torqueola,Arborophila torqueola,0.9303,data/chunks_48k/Arborophila torqueola_2_c006.wav,data/chunks_16k/Arborophila torqueola_2_c006.wav
Arborophila torqueola_2_c007,Arborophila torqueola,Arborophila torqueola,0.7915,data/chunks_48k/Arborophila torqueola_2_c007.wav,data/chunks_16k/Arborophila torqueola_2_c007.wav
Arborophila torqueola_2_c010,Arborophila torqueola,Arborophila torqueola,0.8200,data/chunks_48k/Arborophila torqueola_2_c010.wav,data/chunks_16k/Arborophila torqueola_2_c010.wav
Arborophila torqueola_2_c011,Arborophila torqueola,Arborophila torqueola,0.8361,data/chunks_48k/Arborophila torqueola_2_c011.wav,data/chunks_16k/Arborophila torqueola_2_c011.wav
Arborophila torqueola_2_c013,Arborophila torqueola,Arborophila torqueola,0.9852,data/chunks_48k/Arborophila torqueola_2_c013.wav,data/chunks_16k/Arborophila torqueola_2_c013.wav
Arborophila torqueola_2_c015,Arborophila torqueola,Arborophila torqueola,0.9218,data/chunks_48k/Arborophila torqueola_2_c015.wav,data/chunks_16k/Arborophila torqueola_2_c015.wav
Arborophila torqueola_2_c016,Arborophila torqueola,Arborophila torqueola,0.8758,data/chunks_48k/Arborophila torqueola_2_c016.wav,data/chunks_16k/Arborophila torqueola_2_c016.wav
Arborophila torqueola_2_c018,Arborophila torqueola,Arborophila torqueola,0.8380,data/chunks_48k/Arborophila torqueola_2_c018.wav,data/chunks_16k/Arborophila torqueola_2_c018.wav
Arborophila torqueola_31_c000,Arborophila torqueola,Arborophila torqueola,0.9991,data/chunks_48k/Arborophila torqueola_31_c000.wav,data/chunks_16k/Arborophila torqueola_31_c000.wav
Arborophila torqueola_31_c001,Arborophila torqueola,Arborophila torqueola,0.9887,data/chunks_48k/Arborophila torqueola_31_c001.wav,data/chunks_16k/Arborophila torqueola_31_c001.wav
Arborophila torqueola_31_c002,Arborophila torqueola,Arborophila torqueola,0.9980,data/chunks_48k/Arborophila torqueola_31_c002.wav,data/chunks_16k/Arborophila torqueola_31_c002.wav
Arborophila torqueola_31_c003,Arborophila torqueola,Arborophila torqueola,0.9890,data/chunks_48k/Arborophila torqueola_31_c003.wav,data/chunks_16k/Arborophila torqueola_31_c003.wav
Arborophila torqueola_31_c004,Arborophila torqueola,Arborophila torqueola,0.9892,data/chunks_48k/Arborophila torqueola_31_c004.wav,data/chunks_16k/Arborophila torqueola_31_c004.wav
Arborophila torqueola_31_c005,Arborophila torqueola,Arborophila torqueola,0.9997,data/chunks_48k/Arborophila torqueola_31_c005.wav,data/chunks_16k/Arborophila torqueola_31_c005.wav
Arborophila torqueola_31_c006,Arborophila torqueola,Arborophila torqueola,0.9995,data/chunks_48k/Arborophila torqueola_31_c006.wav,data/chunks_16k/Arborophila torqueola_31_c006.wav
Arborophila torqueola_31_c007,Arborophila torqueola,Arborophila torqueola,0.9844,data/chunks_48k/Arborophila torqueola_31_c007.wav,data/chunks_16k/Arborophila torqueola_31_c007.wav
Arborophila torqueola_31_c008,Arborophila torqueola,Arborophila torqueola,0.9987,data/chunks_48k/Arborophila torqueola_31_c008.wav,data/chunks_16k/Arborophila torqueola_31_c008.wav
Arborophila torqueola_31_c009,Arborophila torqueola,Arborophila torqueola,0.9885,data/chunks_48k/Arborophila torqueola_31_c009.wav,data/chunks_16k/Arborophila torqueola_31_c009.wav
Arborophila torqueola_31_c010,Arborophila torqueola,Arborophila torqueola,0.9992,data/chunks_48k/Arborophila torqueola_31_c010.wav,data/chunks_16k/Arborophila torqueola_31_c010.wav
Arborophila torqueola_31_c011,Arborophila torqueola,Arborophila torqueola,0.6869,data/chunks_48k/Arborophila torqueola_31_c011.wav,data/chunks_16k/Arborophila torqueola_31_c011.wav
Arborophila torqueola_31_c012,Arborophila torqueola,Arborophila torqueola,0.9995,data/chunks_48k/Arborophila torqueola_31_c012.wav,data/chunks_16k/Arborophila torqueola_31_c012.wav
Arborophila torqueola_31_c013,Arborophila torqueola,Arborophila torqueola,0.9966,data/chunks_48k/Arborophila torqueola_31_c013.wav,data/chunks_16k/Arborophila torqueola_31_c013.wav
Arborophila torqueola_32_c000,Arborophila torqueola,Arborophila torqueola,0.9998,data/chunks_48k/Arborophila torqueola_32_c000.wav,data/chunks_16k/Arborophila torqueola_32_c000.wav
Arborophila torqueola_32_c001,Arborophila torqueola,Arborophila torqueola,0.9943,data/chunks_48k/Arborophila torqueola_32_c001.wav,data/chunks_16k/Arborophila torqueola_32_c001.wav
Arborophila torqueola_32_c002,Arborophila torqueola,Arborophila torqueola,0.8000,data/chunks_48k/Arborophila torqueola_32_c002.wav,data/chunks_16k/Arborophila torqueola_32_c002.wav
Arborophila torqueola_32_c003,Arborophila torqueola,Arborophila torqueola,0.9944,data/chunks_48k/Arborophila torqueola_32_c003.wav,data/chunks_16k/Arborophila torqueola_32_c003.wav
Arborophila torqueola_32_c004,Arborophila torqueola,Arborophila torqueola,0.9932,data/chunks_48k/Arborophila torqueola_32_c004.wav,data/chunks_16k/Arborophila torqueola_32_c004.wav
Arborophila torqueola_32_c005,Arborophila torqueola,Arborophila torqueola,0.9931,data/chunks_48k/Arborophila torqueola_32_c005.wav,data/chunks_16k/Arborophila torqueola_32_c005.wav
Arborophila torqueola_32_c006,Arborophila torqueola,Arborophila torqueola,0.9865,data/chunks_48k/Arborophila torqueola_32_c006.wav,data/chunks_16k/Arborophila torqueola_32_c006.wav
Arborophila torqueola_32_c007,Arborophila torqueola,Arborophila torqueola,0.9817,data/chunks_48k/Arborophila torqueola_32_c007.wav,data/chunks_16k/Arborophila torqueola_32_c007.wav
Arborophila torqueola_32_c008,Arborophila torqueola,Arborophila torqueola,0.9947,data/chunks_48k/Arborophila torqueola_32_c008.wav,data/chunks_16k/Arborophila torqueola_32_c008.wav
Arborophila torqueola_32_c009,Arborophila torqueola,Arborophila torqueola,0.9976,data/chunks_48k/Arborophila torqueola_32_c009.wav,data/chunks_16k/Arborophila torqueola_32_c009.wav
Arborophila torqueola_32_c010,Arborophila torqueola,Arborophila torqueola,0.9804,data/chunks_48k/Arborophila torqueola_32_c010.wav,data/chunks_16k/Arborophila torqueola_32_c010.wav
Arborophila torqueola_32_c011,Arborophila torqueola,Arborophila torqueola,0.9807,data/chunks_48k/Arborophila torqueola_32_c011.wav,data/chunks_16k/Arborophila torqueola_32_c011.wav
Arborophila torqueola_32_c012,Arborophila torqueola,Arborophila torqueola,0.9939,data/chunks_48k/Arborophila torqueola_32_c012.wav,data/chunks_16k/Arborophila torqueola_32_c012.wav
Arborophila torqueola_32_c013,Arborophila torqueola,Arborophila torqueola,0.9798,data/chunks_48k/Arborophila torqueola_32_c013.wav,data/chunks_16k/Arborophila torqueola_32_c013.wav
Arborophila torqueola_32_c014,Arborophila torqueola,Arborophila torqueola,0.9917,data/chunks_48k/Arborophila torqueola_32_c014.wav,data/chunks_16k/Arborophila torqueola_32_c014.wav
Arborophila torqueola_32_c015,Arborophila torqueola,Arborophila torqueola,0.9978,data/chunks_48k/Arborophila torqueola_32_c015.wav,data/chunks_16k/Arborophila torqueola_32_c015.wav
Arborophila torqueola_33_c000,Arborophila torqueola,Arborophila torqueola,0.9934,data/chunks_48k/Arborophila torqueola_33_c000.wav,data/chunks_16k/Arborophila torqueola_33_c000.wav
Arborophila torqueola_33_c001,Arborophila torqueola,Arborophila torqueola,0.9470,data/chunks_48k/Arborophila torqueola_33_c001.wav,data/chunks_16k/Arborophila torqueola_33_c001.wav
Arborophila torqueola_33_c002,Arborophila torqueola,Arborophila torqueola,0.9644,data/chunks_48k/Arborophila torqueola_33_c002.wav,data/chunks_16k/Arborophila torqueola_33_c002.wav
Arborophila torqueola_33_c003,Arborophila torqueola,Arborophila torqueola,0.9954,data/chunks_48k/Arborophila torqueola_33_c003.wav,data/chunks_16k/Arborophila torqueola_33_c003.wav
Arborophila torqueola_33_c004,Arborophila torqueola,Arborophila torqueola,0.9869,data/chunks_48k/Arborophila torqueola_33_c004.wav,data/chunks_16k/Arborophila torqueola_33_c004.wav
Arborophila torqueola_33_c005,Arborophila torqueola,Arborophila torqueola,0.9362,data/chunks_48k/Arborophila torqueola_33_c005.wav,data/chunks_16k/Arborophila torqueola_33_c005.wav
Arborophila torqueola_33_c006,Arborophila torqueola,Arborophila torqueola,0.9881,data/chunks_48k/Arborophila torqueola_33_c006.wav,data/chunks_16k/Arborophila torqueola_33_c006.wav
Arborophila torqueola_3_c000,Arborophila torqueola,Arborophila torqueola,0.9974,data/chunks_48k/Arborophila torqueola_3_c000.wav,data/chunks_16k/Arborophila torqueola_3_c000.wav
Arborophila torqueola_3_c001,Arborophila torqueola,Arborophila torqueola,0.9979,data/chunks_48k/Arborophila torqueola_3_c001.wav,data/chunks_16k/Arborophila torqueola_3_c001.wav
Arborophila torqueola_3_c002,Arborophila torqueola,Arborophila torqueola,0.9963,data/chunks_48k/Arborophila torqueola_3_c002.wav,data/chunks_16k/Arborophila torqueola_3_c002.wav
Arborophila torqueola_3_c003,Arborophila torqueola,Arborophila torqueola,0.9964,data/chunks_48k/Arborophila torqueola_3_c003.wav,data/chunks_16k/Arborophila torqueola_3_c003.wav
Arborophila torqueola_3_c004,Arborophila torqueola,Arborophila torqueola,0.9702,data/chunks_48k/Arborophila torqueola_3_c004.wav,data/chunks_16k/Arborophila torqueola_3_c004.wav
Arborophila torqueola_3_c005,Arborophila torqueola,Arborophila torqueola,0.9656,data/chunks_48k/Arborophila torqueola_3_c005.wav,data/chunks_16k/Arborophila torqueola_3_c005.wav
Arborophila torqueola_3_c006,Arborophila torqueola,Arborophila torqueola,0.9961,data/chunks_48k/Arborophila torqueola_3_c006.wav,data/chunks_16k/Arborophila torqueola_3_c006.wav
Arborophila torqueola_3_c007,Arborophila torqueola,Arborophila torqueola,0.9967,data/chunks_48k/Arborophila torqueola_3_c007.wav,data/chunks_16k/Arborophila torqueola_3_c007.wav
Arborophila torqueola_3_c008,Arborophila torqueola,Arborophila torqueola,0.9987,data/chunks_48k/Arborophila torqueola_3_c008.wav,data/chunks_16k/Arborophila torqueola_3_c008.wav
Arborophila torqueola_3_c009,Arborophila torqueola,Arborophila torqueola,0.9963,data/chunks_48k/Arborophila torqueola_3_c009.wav,data/chunks_16k/Arborophila torqueola_3_c009.wav
Arborophila torqueola_4_c000,Arborophila torqueola,Arborophila torqueola,0.8934,data/chunks_48k/Arborophila torqueola_4_c000.wav,data/chunks_16k/Arborophila torqueola_4_c000.wav
Arborophila torqueola_4_c002,Arborophila torqueola,Arborophila torqueola,0.9697,data/chunks_48k/Arborophila torqueola_4_c002.wav,data/chunks_16k/Arborophila torqueola_4_c002.wav
Arborophila torqueola_4_c003,Arborophila torqueola,Arborophila torqueola,0.9170,data/chunks_48k/Arborophila torqueola_4_c003.wav,data/chunks_16k/Arborophila torqueola_4_c003.wav
Arborophila torqueola_4_c004,Arborophila torqueola,Arborophila torqueola,0.7650,data/chunks_48k/Arborophila torqueola_4_c004.wav,data/chunks_16k/Arborophila torqueola_4_c004.wav
Arborophila torqueola_4_c005,Arborophila torqueola,Arborophila torqueola,0.9845,data/chunks_48k/Arborophila torqueola_4_c005.wav,data/chunks_16k/Arborophila torqueola_4_c005.wav
Arborophila torqueola_4_c006,Arborophila torqueola,Arborophila torqueola,0.9898,data/chunks_48k/Arborophila torqueola_4_c006.wav,data/chunks_16k/Arborophila torqueola_4_c006.wav
Arborophila torqueola_4_c007,Arborophila torqueola,Arborophila torqueola,0.9590,data/chunks_48k/Arborophila torqueola_4_c007.wav,data/chunks_16k/Arborophila torqueola_4_c007.wav
Arborophila torqueola_4_c008,Arborophila torqueola,Arborophila torqueola,0.9646,data/chunks_48k/Arborophila torqueola_4_c008.wav,data/chunks_16k/Arborophila torqueola_4_c008.wav
Arborophila torqueola_4_c009,Arborophila torqueola,Arborophila torqueola,0.8499,data/chunks_48k/Arborophila torqueola_4_c009.wav,data/chunks_16k/Arborophila torqueola_4_c009.wav
Arborophila torqueola_4_c010,Arborophila torqueola,Arborophila torqueola,0.9946,data/chunks_48k/Arborophila torqueola_4_c010.wav,data/chunks_16k/Arborophila torqueola_4_c010.wav
Arborophila torqueola_4_c012,Arborophila torqueola,Arborophila torqueola,0.9615,data/chunks_48k/Arborophila torqueola_4_c012.wav,data/chunks_16k/Arborophila torqueola_4_c012.wav
Arborophila torqueola_4_c014,Arborophila torqueola,Arborophila torqueola,0.9659,data/chunks_48k/Arborophila torqueola_4_c014.wav,data/chunks_16k/Arborophila torqueola_4_c014.wav
Arborophila torqueola_5_c001,Arborophila torqueola,Arborophila torqueola,0.6155,data/chunks_48k/Arborophila torqueola_5_c001.wav,data/chunks_16k/Arborophila torqueola_5_c001.wav
Arborophila torqueola_5_c002,Arborophila torqueola,Arborophila torqueola,0.7291,data/chunks_48k/Arborophila torqueola_5_c002.wav,data/chunks_16k/Arborophila torqueola_5_c002.wav
Arborophila torqueola_6_c000,Arborophila torqueola,Arborophila torqueola,0.9948,data/chunks_48k/Arborophila torqueola_6_c000.wav,data/chunks_16k/Arborophila torqueola_6_c000.wav
Arborophila torqueola_6_c001,Arborophila torqueola,Arborophila torqueola,0.9664,data/chunks_48k/Arborophila torqueola_6_c001.wav,data/chunks_16k/Arborophila torqueola_6_c001.wav
Arborophila torqueola_6_c002,Arborophila torqueola,Arborophila torqueola,0.9969,data/chunks_48k/Arborophila torqueola_6_c002.wav,data/chunks_16k/Arborophila torqueola_6_c002.wav
Arborophila torqueola_6_c003,Arborophila torqueola,Arborophila torqueola,0.9973,data/chunks_48k/Arborophila torqueola_6_c003.wav,data/chunks_16k/Arborophila torqueola_6_c003.wav
Arborophila torqueola_6_c004,Arborophila torqueola,Arborophila torqueola,0.9615,data/chunks_48k/Arborophila torqueola_6_c004.wav,data/chunks_16k/Arborophila torqueola_6_c004.wav
Arborophila torqueola_6_c005,Arborophila torqueola,Arborophila torqueola,0.9777,data/chunks_48k/Arborophila torqueola_6_c005.wav,data/chunks_16k/Arborophila torqueola_6_c005.wav
Arborophila torqueola_6_c006,Arborophila torqueola,Arborophila torqueola,0.9811,data/chunks_48k/Arborophila torqueola_6_c006.wav,data/chunks_16k/Arborophila torqueola_6_c006.wav
Arborophila torqueola_6_c007,Arborophila torqueola,Arborophila torqueola,0.9745,data/chunks_48k/Arborophila torqueola_6_c007.wav,data/chunks_16k/Arborophila torqueola_6_c007.wav
Arborophila torqueola_6_c008,Arborophila torqueola,Arborophila torqueola,0.9968,data/chunks_48k/Arborophila torqueola_6_c008.wav,data/chunks_16k/Arborophila torqueola_6_c008.wav
Arborophila torqueola_6_c009,Arborophila torqueola,Arborophila torqueola,0.9928,data/chunks_48k/Arborophila torqueola_6_c009.wav,data/chunks_16k/Arborophila torqueola_6_c009.wav
Arborophila torqueola_6_c010,Arborophila torqueola,Arborophila torqueola,0.9958,data/chunks_48k/Arborophila torqueola_6_c010.wav,data/chunks_16k/Arborophila torqueola_6_c010.wav
Arborophila torqueola_6_c011,Arborophila torqueola,Arborophila torqueola,0.9937,data/chunks_48k/Arborophila torqueola_6_c011.wav,data/chunks_16k/Arborophila torqueola_6_c011.wav
Arborophila torqueola_6_c012,Arborophila torqueola,Arborophila torqueola,0.9311,data/chunks_48k/Arborophila torqueola_6_c012.wav,data/chunks_16k/Arborophila torqueola_6_c012.wav
Arborophila torqueola_6_c013,Arborophila torqueola,Arborophila torqueola,0.9922,data/chunks_48k/Arborophila torqueola_6_c013.wav,data/chunks_16k/Arborophila torqueola_6_c013.wav
Arborophila torqueola_6_c014,Arborophila torqueola,Arborophila torqueola,0.9972,data/chunks_48k/Arborophila torqueola_6_c014.wav,data/chunks_16k/Arborophila torqueola_6_c014.wav
Arborophila torqueola_6_c015,Arborophila torqueola,Arborophila torqueola,0.9893,data/chunks_48k/Arborophila torqueola_6_c015.wav,data/chunks_16k/Arborophila torqueola_6_c015.wav
Arborophila torqueola_6_c016,Arborophila torqueola,Arborophila torqueola,0.6423,data/chunks_48k/Arborophila torqueola_6_c016.wav,data/chunks_16k/Arborophila torqueola_6_c016.wav
Arborophila torqueola_6_c017,Arborophila torqueola,Arborophila torqueola,0.6787,data/chunks_48k/Arborophila torqueola_6_c017.wav,data/chunks_16k/Arborophila torqueola_6_c017.wav
Arborophila torqueola_6_c018,Arborophila torqueola,Arborophila torqueola,0.9971,data/chunks_48k/Arborophila torqueola_6_c018.wav,data/chunks_16k/Arborophila torqueola_6_c018.wav
Arborophila torqueola_6_c019,Arborophila torqueola,Arborophila torqueola,0.5212,data/chunks_48k/Arborophila torqueola_6_c019.wav,data/chunks_16k/Arborophila torqueola_6_c019.wav
Arborophila torqueola_7_c000,Arborophila torqueola,Arborophila torqueola,0.9867,data/chunks_48k/Arborophila torqueola_7_c000.wav,data/chunks_16k/Arborophila torqueola_7_c000.wav
Arborophila torqueola_7_c001,Arborophila torqueola,Arborophila torqueola,0.9980,data/chunks_48k/Arborophila torqueola_7_c001.wav,data/chunks_16k/Arborophila torqueola_7_c001.wav
Arborophila torqueola_7_c002,Arborophila torqueola,Arborophila torqueola,0.9855,data/chunks_48k/Arborophila torqueola_7_c002.wav,data/chunks_16k/Arborophila torqueola_7_c002.wav
Arborophila torqueola_7_c003,Arborophila torqueola,Arborophila torqueola,0.9824,data/chunks_48k/Arborophila torqueola_7_c003.wav,data/chunks_16k/Arborophila torqueola_7_c003.wav
Arborophila torqueola_7_c004,Arborophila torqueola,Arborophila torqueola,0.9887,data/chunks_48k/Arborophila torqueola_7_c004.wav,data/chunks_16k/Arborophila torqueola_7_c004.wav
Arborophila torqueola_7_c005,Arborophila torqueola,Arborophila torqueola,0.9661,data/chunks_48k/Arborophila torqueola_7_c005.wav,data/chunks_16k/Arborophila torqueola_7_c005.wav
Arborophila torqueola_7_c006,Arborophila torqueola,Arborophila torqueola,0.9388,data/chunks_48k/Arborophila torqueola_7_c006.wav,data/chunks_16k/Arborophila torqueola_7_c006.wav
Arborophila torqueola_8_c000,Arborophila torqueola,Arborophila torqueola,0.9951,data/chunks_48k/Arborophila torqueola_8_c000.wav,data/chunks_16k/Arborophila torqueola_8_c000.wav
Arborophila torqueola_8_c001,Arborophila torqueola,Arborophila torqueola,0.9521,data/chunks_48k/Arborophila torqueola_8_c001.wav,data/chunks_16k/Arborophila torqueola_8_c001.wav
Arborophila torqueola_8_c002,Arborophila torqueola,Arborophila torqueola,0.9644,data/chunks_48k/Arborophila torqueola_8_c002.wav,data/chunks_16k/Arborophila torqueola_8_c002.wav
Arborophila torqueola_8_c003,Arborophila torqueola,Arborophila torqueola,0.9860,data/chunks_48k/Arborophila torqueola_8_c003.wav,data/chunks_16k/Arborophila torqueola_8_c003.wav
Arborophila torqueola_8_c004,Arborophila torqueola,Arborophila torqueola,0.9834,data/chunks_48k/Arborophila torqueola_8_c004.wav,data/chunks_16k/Arborophila torqueola_8_c004.wav
Arborophila torqueola_8_c005,Arborophila torqueola,Arborophila torqueola,0.9970,data/chunks_48k/Arborophila torqueola_8_c005.wav,data/chunks_16k/Arborophila torqueola_8_c005.wav
Arborophila torqueola_8_c006,Arborophila torqueola,Arborophila torqueola,0.9856,data/chunks_48k/Arborophila torqueola_8_c006.wav,data/chunks_16k/Arborophila torqueola_8_c006.wav
Arborophila torqueola_8_c007,Arborophila torqueola,Arborophila torqueola,0.9864,data/chunks_48k/Arborophila torqueola_8_c007.wav,data/chunks_16k/Arborophila torqueola_8_c007.wav
Arborophila torqueola_8_c008,Arborophila torqueola,Arborophila torqueola,0.9812,data/chunks_48k/Arborophila torqueola_8_c008.wav,data/chunks_16k/Arborophila torqueola_8_c008.wav
Arborophila torqueola_8_c009,Arborophila torqueola,Arborophila torqueola,0.9724,data/chunks_48k/Arborophila torqueola_8_c009.wav,data/chunks_16k/Arborophila torqueola_8_c009.wav
Arborophila torqueola_8_c010,Arborophila torqueola,Arborophila torqueola,0.9595,data/chunks_48k/Arborophila torqueola_8_c010.wav,data/chunks_16k/Arborophila torqueola_8_c010.wav
Arborophila torqueola_8_c011,Arborophila torqueola,Arborophila torqueola,0.9732,data/chunks_48k/Arborophila torqueola_8_c011.wav,data/chunks_16k/Arborophila torqueola_8_c011.wav
Arborophila torqueola_8_c012,Arborophila torqueola,Arborophila torqueola,0.9742,data/chunks_48k/Arborophila torqueola_8_c012.wav,data/chunks_16k/Arborophila torqueola_8_c012.wav
Arborophila torqueola_8_c013,Arborophila torqueola,Arborophila torqueola,0.9726,data/chunks_48k/Arborophila torqueola_8_c013.wav,data/chunks_16k/Arborophila torqueola_8_c013.wav
Arborophila torqueola_8_c014,Arborophila torqueola,Arborophila torqueola,0.9293,data/chunks_48k/Arborophila torqueola_8_c014.wav,data/chunks_16k/Arborophila torqueola_8_c014.wav
Arborophila torqueola_8_c015,Arborophila torqueola,Arborophila torqueola,0.9928,data/chunks_48k/Arborophila torqueola_8_c015.wav,data/chunks_16k/Arborophila torqueola_8_c015.wav
Arborophila torqueola_8_c016,Arborophila torqueola,Arborophila torqueola,0.9975,data/chunks_48k/Arborophila torqueola_8_c016.wav,data/chunks_16k/Arborophila torqueola_8_c016.wav
Arborophila torqueola_8_c017,Arborophila torqueola,Arborophila torqueola,0.9781,data/chunks_48k/Arborophila torqueola_8_c017.wav,data/chunks_16k/Arborophila torqueola_8_c017.wav
Arborophila torqueola_8_c018,Arborophila torqueola,Arborophila torqueola,0.9493,data/chunks_48k/Arborophila torqueola_8_c018.wav,data/chunks_16k/Arborophila torqueola_8_c018.wav
Arborophila torqueola_8_c019,Arborophila torqueola,Arborophila torqueola,0.9908,data/chunks_48k/Arborophila torqueola_8_c019.wav,data/chunks_16k/Arborophila torqueola_8_c019.wav
Arborophila torqueola_8_c020,Arborophila torqueola,Arborophila torqueola,0.9811,data/chunks_48k/Arborophila torqueola_8_c020.wav,data/chunks_16k/Arborophila torqueola_8_c020.wav
Arborophila torqueola_9_c000,Arborophila torqueola,Arborophila torqueola,0.9942,data/chunks_48k/Arborophila torqueola_9_c000.wav,data/chunks_16k/Arborophila torqueola_9_c000.wav
Arborophila torqueola_9_c001,Arborophila torqueola,Arborophila torqueola,0.9988,data/chunks_48k/Arborophila torqueola_9_c001.wav,data/chunks_16k/Arborophila torqueola_9_c001.wav
Arborophila torqueola_9_c003,Arborophila torqueola,Arborophila torqueola,0.9913,data/chunks_48k/Arborophila torqueola_9_c003.wav,data/chunks_16k/Arborophila torqueola_9_c003.wav
Arborophila torqueola_9_c006,Arborophila torqueola,Arborophila torqueola,0.9974,data/chunks_48k/Arborophila torqueola_9_c006.wav,data/chunks_16k/Arborophila torqueola_9_c006.wav
Arborophila torqueola_9_c008,Arborophila torqueola,Arborophila torqueola,0.9977,data/chunks_48k/Arborophila torqueola_9_c008.wav,data/chunks_16k/Arborophila torqueola_9_c008.wav
Arborophila torqueola_9_c009,Arborophila torqueola,Arborophila torqueola,0.9977,data/chunks_48k/Arborophila torqueola_9_c009.wav,data/chunks_16k/Arborophila torqueola_9_c009.wav
Arborophila torqueola_9_c010,Arborophila torqueola,Arborophila torqueola,0.9905,data/chunks_48k/Arborophila torqueola_9_c010.wav,data/chunks_16k/Arborophila torqueola_9_c010.wav
Arborophila torqueola_9_c011,Arborophila torqueola,Arborophila torqueola,0.9983,data/chunks_48k/Arborophila torqueola_9_c011.wav,data/chunks_16k/Arborophila torqueola_9_c011.wav
Arborophila torqueola_9_c012,Arborophila torqueola,Arborophila torqueola,0.9993,data/chunks_48k/Arborophila torqueola_9_c012.wav,data/chunks_16k/Arborophila torqueola_9_c012.wav
Centropus andamanensis_10_c002,Centropus andamanensis,Centropus andamanensis,0.5501,data/chunks_48k/Centropus andamanensis_10_c002.wav,data/chunks_16k/Centropus andamanensis_10_c002.wav
Centropus andamanensis_10_c005,Centropus andamanensis,Centropus andamanensis,0.9146,data/chunks_48k/Centropus andamanensis_10_c005.wav,data/chunks_16k/Centropus andamanensis_10_c005.wav
Centropus andamanensis_11_c000,Centropus andamanensis,Centropus andamanensis,0.9344,data/chunks_48k/Centropus andamanensis_11_c000.wav,data/chunks_16k/Centropus andamanensis_11_c000.wav
Centropus andamanensis_11_c003,Centropus andamanensis,Centropus andamanensis,0.8609,data/chunks_48k/Centropus andamanensis_11_c003.wav,data/chunks_16k/Centropus andamanensis_11_c003.wav
Centropus andamanensis_15_c012,Centropus andamanensis,Centropus andamanensis,0.7831,data/chunks_48k/Centropus andamanensis_15_c012.wav,data/chunks_16k/Centropus andamanensis_15_c012.wav
Centropus andamanensis_1_c004,Centropus andamanensis,Centropus andamanensis,0.9555,data/chunks_48k/Centropus andamanensis_1_c004.wav,data/chunks_16k/Centropus andamanensis_1_c004.wav
Centropus andamanensis_1_c008,Centropus andamanensis,Centropus andamanensis,0.5247,data/chunks_48k/Centropus andamanensis_1_c008.wav,data/chunks_16k/Centropus andamanensis_1_c008.wav
Centropus andamanensis_4_c001,Centropus andamanensis,Centropus andamanensis,0.9068,data/chunks_48k/Centropus andamanensis_4_c001.wav,data/chunks_16k/Centropus andamanensis_4_c001.wav
Centropus andamanensis_4_c002,Centropus andamanensis,Centropus andamanensis,0.9961,data/chunks_48k/Centropus andamanensis_4_c002.wav,data/chunks_16k/Centropus andamanensis_4_c002.wav
Centropus andamanensis_4_c004,Centropus andamanensis,Centropus andamanensis,0.9278,data/chunks_48k/Centropus andamanensis_4_c004.wav,data/chunks_16k/Centropus andamanensis_4_c004.wav
Centropus andamanensis_4_c005,Centropus andamanensis,Centropus andamanensis,0.9138,data/chunks_48k/Centropus andamanensis_4_c005.wav,data/chunks_16k/Centropus andamanensis_4_c005.wav
Centropus andamanensis_4_c007,Centropus andamanensis,Centropus andamanensis,0.9493,data/chunks_48k/Centropus andamanensis_4_c007.wav,data/chunks_16k/Centropus andamanensis_4_c007.wav
Centropus andamanensis_4_c008,Centropus andamanensis,Centropus andamanensis,0.8611,data/chunks_48k/Centropus andamanensis_4_c008.wav,data/chunks_16k/Centropus andamanensis_4_c008.wav
Centropus andamanensis_4_c009,Centropus andamanensis,Centropus andamanensis,0.9894,data/chunks_48k/Centropus andamanensis_4_c009.wav,data/chunks_16k/Centropus andamanensis_4_c009.wav
Centropus andamanensis_5_c002,Centropus andamanensis,Centropus andamanensis,0.8139,data/chunks_48k/Centropus andamanensis_5_c002.wav,data/chunks_16k/Centropus andamanensis_5_c002.wav
Centropus andamanensis_5_c003,Centropus andamanensis,Centropus andamanensis,0.9078,data/chunks_48k/Centropus andamanensis_5_c003.wav,data/chunks_16k/Centropus andamanensis_5_c003.wav
Centropus andamanensis_5_c004,Centropus andamanensis,Centropus andamanensis,0.8480,data/chunks_48k/Centropus andamanensis_5_c004.wav,data/chunks_16k/Centropus andamanensis_5_c004.wav
Centropus andamanensis_5_c008,Centropus andamanensis,Centropus andamanensis,0.7913,data/chunks_48k/Centropus andamanensis_5_c008.wav,data/chunks_16k/Centropus andamanensis_5_c008.wav
Centropus andamanensis_5_c009,Centropus andamanensis,Centropus andamanensis,0.9175,data/chunks_48k/Centropus andamanensis_5_c009.wav,data/chunks_16k/Centropus andamanensis_5_c009.wav
Centropus andamanensis_6_c000,Centropus andamanensis,Centropus andamanensis,0.8361,data/chunks_48k/Centropus andamanensis_6_c000.wav,data/chunks_16k/Centropus andamanensis_6_c000.wav
Centropus andamanensis_6_c001,Centropus andamanensis,Centropus andamanensis,0.6530,data/chunks_48k/Centropus andamanensis_6_c001.wav,data/chunks_16k/Centropus andamanensis_6_c001.wav
Centropus andamanensis_6_c002,Centropus andamanensis,Centropus andamanensis,0.9040,data/chunks_48k/Centropus andamanensis_6_c002.wav,data/chunks_16k/Centropus andamanensis_6_c002.wav
Centropus andamanensis_6_c003,Centropus andamanensis,Centropus andamanensis,0.5905,data/chunks_48k/Centropus andamanensis_6_c003.wav,data/chunks_16k/Centropus andamanensis_6_c003.wav
Centropus andamanensis_6_c006,Centropus andamanensis,Centropus andamanensis,0.5660,data/chunks_48k/Centropus andamanensis_6_c006.wav,data/chunks_16k/Centropus andamanensis_6_c006.wav
Centropus andamanensis_6_c007,Centropus andamanensis,Centropus andamanensis,0.6244,data/chunks_48k/Centropus andamanensis_6_c007.wav,data/chunks_16k/Centropus andamanensis_6_c007.wav
Centropus andamanensis_6_c008,Centropus andamanensis,Centropus andamanensis,0.7522,data/chunks_48k/Centropus andamanensis_6_c008.wav,data/chunks_16k/Centropus andamanensis_6_c008.wav
Centropus andamanensis_6_c009,Centropus andamanensis,Centropus andamanensis,0.8770,data/chunks_48k/Centropus andamanensis_6_c009.wav,data/chunks_16k/Centropus andamanensis_6_c009.wav
Centropus andamanensis_6_c010,Centropus andamanensis,Centropus andamanensis,0.8730,data/chunks_48k/Centropus andamanensis_6_c010.wav,data/chunks_16k/Centropus andamanensis_6_c010.wav
Centropus andamanensis_7_c000,Centropus andamanensis,Centropus andamanensis,0.7591,data/chunks_48k/Centropus andamanensis_7_c000.wav,data/chunks_16k/Centropus andamanensis_7_c000.wav
Centropus andamanensis_7_c001,Centropus andamanensis,Centropus andamanensis,0.7553,data/chunks_48k/Centropus andamanensis_7_c001.wav,data/chunks_16k/Centropus andamanensis_7_c001.wav
Centropus andamanensis_7_c002,Centropus andamanensis,Centropus andamanensis,0.9720,data/chunks_48k/Centropus andamanensis_7_c002.wav,data/chunks_16k/Centropus andamanensis_7_c002.wav
Centropus andamanensis_7_c003,Centropus andamanensis,Centropus andamanensis,0.8118,data/chunks_48k/Centropus andamanensis_7_c003.wav,data/chunks_16k/Centropus andamanensis_7_c003.wav
Centropus andamanensis_7_c004,Centropus andamanensis,Centropus andamanensis,0.6717,data/chunks_48k/Centropus andamanensis_7_c004.wav,data/chunks_16k/Centropus andamanensis_7_c004.wav
Centropus andamanensis_7_c005,Centropus andamanensis,Centropus andamanensis,0.9027,data/chunks_48k/Centropus andamanensis_7_c005.wav,data/chunks_16k/Centropus andamanensis_7_c005.wav
Centropus andamanensis_7_c006,Centropus andamanensis,Centropus andamanensis,0.5276,data/chunks_48k/Centropus andamanensis_7_c006.wav,data/chunks_16k/Centropus andamanensis_7_c006.wav
Centropus andamanensis_7_c007,Centropus andamanensis,Centropus andamanensis,0.8729,data/chunks_48k/Centropus andamanensis_7_c007.wav,data/chunks_16k/Centropus andamanensis_7_c007.wav
Centropus andamanensis_7_c008,Centropus andamanensis,Centropus andamanensis,0.8713,data/chunks_48k/Centropus andamanensis_7_c008.wav,data/chunks_16k/Centropus andamanensis_7_c008.wav
Centropus andamanensis_8_c000,Centropus andamanensis,Centropus andamanensis,0.8430,data/chunks_48k/Centropus andamanensis_8_c000.wav,data/chunks_16k/Centropus andamanensis_8_c000.wav
Chelidorhynx hypoxanthus_10_c000,Chelidorhynx hypoxanthus,Chelidorhynx hypoxanthus,0.9999,data/chunks_48k/Chelidorhynx hypoxanthus_10_c000.wav,data/chunks_16k/Chelidorhynx hypoxanthus_10_c000.wav
Chelidorhynx hypoxanthus_10_c001,Chelidorhynx hypoxanthus,Chelidorhynx hypoxanthus,1.0000,data/chunks_48k/Chelidorhynx hypoxanthus_10_c001.wav,data/chunks_16k/Chelidorhynx hypoxanthus_10_c001.wav
Chelidorhynx hypoxanthus_10_c002,Chelidorhynx hypoxanthus,Chelidorhynx hypoxanthus,0.9999,data/chunks_48k/Chelidorhynx hypoxanthus_10_c002.wav,data/chunks_16k/Chelidorhynx hypoxanthus_10_c002.wav
Chelidorhynx hypoxanthus_10_c003,Chelidorhynx hypoxanthus,Chelidorhynx hypoxanthus,1.0000,data/chunks_48k/Chelidorhynx hypoxanthus_10_c003.wav,data/chunks_16k/Chelidorhynx hypoxanthus_10_c003.wav
Chelidorhynx hypoxanthus_10_c004,Chelidorhynx hypoxanthus,Chelidorhynx hypoxanthus,0.9997,data/chunks_48k/Chelidorhynx hypoxanthus_10_c004.wav,data/chunks_16k/Chelidorhynx hypoxanthus_10_c004.wav
Chelidorhynx hypoxanthus_10_c005,Chelidorhynx hypoxanthus,Chelidorhynx hypoxanthus,0.9999,data/chunks_48k/Chelidorhynx hypoxanthus_10_c005.wav,data/chunks_16k/Chelidorhynx hypoxanthus_10_c005.wav
Chelidorhynx hypoxanthus_10_c006,Chelidorhynx hypoxanthus,Chelidorhynx hypoxanthus,0.9998,data/chunks_48k/Chelidorhynx hypoxanthus_10_c006.wav,data/chunks_16k/Chelidorhynx hypoxanthus_10_c006.wav
Chelidorhynx hypoxanthus_10_c007,Chelidorhynx hypoxanthus,Chelidorhynx hypoxanthus,0.9997,data/chunks_48k/Chelidorhynx hypoxanthus_10_c007.wav,data/chunks_16k/Chelidorhynx hypoxanthus_10_c007.wav
Chelidorhynx hypoxanthus_10_c008,Chelidorhynx hypoxanthus,Chelidorhynx hypoxanthus,0.9996,data/chunks_48k/Chelidorhynx hypoxanthus_10_c008.wav,data/chunks_16k/Chelidorhynx hypoxanthus_10_c008.wav
Chelidorhynx hypoxanthus_10_c009,Chelidorhynx hypoxanthus,Chelidorhynx hypoxanthus,0.9999,data/chunks_48k/Chelidorhynx hypoxanthus_10_c009.wav,data/chunks_16k/Chelidorhynx hypoxanthus_10_c009.wav
Chelidorhynx hypoxanthus_10_c010,Chelidorhynx hypoxanthus,Chelidorhynx hypoxanthus,0.9999,data/chunks_48k/Chelidorhynx hypoxanthus_10_c010.wav,data/chunks_16k/Chelidorhynx hypoxanthus_10_c010.wav
Chelidorhynx hypoxanthus_10_c011,Chelidorhynx hypoxanthus,Chelidorhynx hypoxanthus,0.9967,data/chunks_48k/Chelidorhynx hypoxanthus_10_c011.wav,data/chunks_16k/Chelidorhynx hypoxanthus_10_c011.wav
Chelidorhynx hypoxanthus_10_c012,Chelidorhynx hypoxanthus,Chelidorhynx hypoxanthus,1.0000,data/chunks_48k/Chelidorhynx hypoxanthus_10_c012.wav,data/chunks_16k/Chelidorhynx hypoxanthus_10_c012.wav
Chelidorhynx hypoxanthus_10_c013,Chelidorhynx hypoxanthus,Chelidorhynx hypoxanthus,1.0000,data/chunks_48k/Chelidorhynx hypoxanthus_10_c013.wav,data/chunks_16k/Chelidorhynx hypoxanthus_10_c013.wav
Chelidorhynx hypoxanthus_10_c014,Chelidorhynx hypoxanthus,Chelidorhynx hypoxanthus,0.9995,data/chunks_48k/Chelidorhynx hypoxanthus_10_c014.wav,data/chunks_16k/Chelidorhynx hypoxanthus_10_c014.wav
Chelidorhynx hypoxanthus_10_c015,Chelidorhynx hypoxanthus,Chelidorhynx hypoxanthus,0.9995,data/chunks_48k/Chelidorhynx hypoxanthus_10_c015.wav,data/chunks_16k/Chelidorhynx hypoxanthus_10_c015.wav
Chelidorhynx hypoxanthus_10_c016,Chelidorhynx hypoxanthus,Chelidorhynx hypoxanthus,0.9999,data/chunks_48k/Chelidorhynx hypoxanthus_10_c016.wav,data/chunks_16k/Chelidorhynx hypoxanthus_10_c016.wav
Chelidorhynx hypoxanthus_10_c017,Chelidorhynx hypoxanthus,Chelidorhynx hypoxanthus,0.9994,data/chunks_48k/Chelidorhynx hypoxanthus_10_c017.wav,data/chunks_16k/Chelidorhynx hypoxanthus_10_c017.wav
Chelidorhynx hypoxanthus_10_c018,Chelidorhynx hypoxanthus,Chelidorhynx hypoxanthus,0.9997,data/chunks_48k/Chelidorhynx hypoxanthus_10_c018.wav,data/chunks_16k/Chelidorhynx hypoxanthus_10_c018.wav
Chelidorhynx hypoxanthus_10_c019,Chelidorhynx hypoxanthus,Chelidorhynx hypoxanthus,0.5145,data/chunks_48k/Chelidorhynx hypoxanthus_10_c019.wav,data/chunks_16k/Chelidorhynx hypoxanthus_10_c019.wav
Chelidorhynx hypoxanthus_11_c000,Chelidorhynx hypoxanthus,Chelidorhynx hypoxanthus,0.9998,data/chunks_48k/Chelidorhynx hypoxanthus_11_c000.wav,data/chunks_16k/Chelidorhynx hypoxanthus_11_c000.wav
Chelidorhynx hypoxanthus_11_c001,Chelidorhynx hypoxanthus,Chelidorhynx hypoxanthus,1.0000,data/chunks_48k/Chelidorhynx hypoxanthus_11_c001.wav,data/chunks_16k/Chelidorhynx hypoxanthus_11_c001.wav
Chelidorhynx hypoxanthus_11_c002,Chelidorhynx hypoxanthus,Chelidorhynx hypoxanthus,0.9995,data/chunks_48k/Chelidorhynx hypoxanthus_11_c002.wav,data/chunks_16k/Chelidorhynx hypoxanthus_11_c002.wav
Chelidorhynx hypoxanthus_11_c003,Chelidorhynx hypoxanthus,Chelidorhynx hypoxanthus,0.9996,data/chunks_48k/Chelidorhynx hypoxanthus_11_c003.wav,data/chunks_16k/Chelidorhynx hypoxanthus_11_c003.wav
Chelidorhynx hypoxanthus_11_c004,Chelidorhynx hypoxanthus,Chelidorhynx hypoxanthus,0.9978,data/chunks_48k/Chelidorhynx hypoxanthus_11_c004.wav,data/chunks_16k/Chelidorhynx hypoxanthus_11_c004.wav
Chelidorhynx hypoxanthus_11_c005,Chelidorhynx hypoxanthus,Chelidorhynx hypoxanthus,0.9997,data/chunks_48k/Chelidorhynx hypoxanthus_11_c005.wav,data/chunks_16k/Chelidorhynx hypoxanthus_11_c005.wav
Chelidorhynx hypoxanthus_11_c006,Chelidorhynx hypoxanthus,Chelidorhynx hypoxanthus,0.9912,data/chunks_48k/Chelidorhynx hypoxanthus_11_c006.wav,data/chunks_16k/Chelidorhynx hypoxanthus_11_c006.wav
Chelidorhynx hypoxanthus_11_c007,Chelidorhynx hypoxanthus,Chelidorhynx hypoxanthus,0.9998,data/chunks_48k/Chelidorhynx hypoxanthus_11_c007.wav,data/chunks_16k/Chelidorhynx hypoxanthus_11_c007.wav
Chelidorhynx hypoxanthus_12_c000,Chelidorhynx hypoxanthus,Chelidorhynx hypoxanthus,1.0000,data/chunks_48k/Chelidorhynx hypoxanthus_12_c000.wav,data/chunks_16k/Chelidorhynx hypoxanthus_12_c000.wav
Chelidorhynx hypoxanthus_12_c001,Chelidorhynx hypoxanthus,Chelidorhynx hypoxanthus,0.9874,data/chunks_48k/Chelidorhynx hypoxanthus_12_c001.wav,data/chunks_16k/Chelidorhynx hypoxanthus_12_c001.wav
Chelidorhynx hypoxanthus_12_c002,Chelidorhynx hypoxanthus,Chelidorhynx hypoxanthus,0.9986,data/chunks_48k/Chelidorhynx hypoxanthus_12_c002.wav,data/chunks_16k/Chelidorhynx hypoxanthus_12_c002.wav
Chelidorhynx hypoxanthus_12_c003,Chelidorhynx hypoxanthus,Chelidorhynx hypoxanthus,0.9621,data/chunks_48k/Chelidorhynx hypoxanthus_12_c003.wav,data/chunks_16k/Chelidorhynx hypoxanthus_12_c003.wav
Chelidorhynx hypoxanthus_12_c004,Chelidorhynx hypoxanthus,Chelidorhynx hypoxanthus,0.9992,data/chunks_48k/Chelidorhynx hypoxanthus_12_c004.wav,data/chunks_16k/Chelidorhynx hypoxanthus_12_c004.wav
Chelidorhynx hypoxanthus_12_c005,Chelidorhynx hypoxanthus,Chelidorhynx hypoxanthus,0.9998,data/chunks_48k/Chelidorhynx hypoxanthus_12_c005.wav,data/chunks_16k/Chelidorhynx hypoxanthus_12_c005.wav
Chelidorhynx hypoxanthus_12_c006,Chelidorhynx hypoxanthus,Chelidorhynx hypoxanthus,0.9999,data/chunks_48k/Chelidorhynx hypoxanthus_12_c006.wav,data/chunks_16k/Chelidorhynx hypoxanthus_12_c006.wav
Chelidorhynx hypoxanthus_12_c007,Chelidorhynx hypoxanthus,Chelidorhynx hypoxanthus,0.9993,data/chunks_48k/Chelidorhynx hypoxanthus_12_c007.wav,data/chunks_16k/Chelidorhynx hypoxanthus_12_c007.wav
Chelidorhynx hypoxanthus_12_c008,Chelidorhynx hypoxanthus,Chelidorhynx hypoxanthus,0.9999,data/chunks_48k/Chelidorhynx hypoxanthus_12_c008.wav,data/chunks_16k/Chelidorhynx hypoxanthus_12_c008.wav
Chelidorhynx hypoxanthus_12_c009,Chelidorhynx hypoxanthus,Chelidorhynx hypoxanthus,0.9962,data/chunks_48k/Chelidorhynx hypoxanthus_12_c009.wav,data/chunks_16k/Chelidorhynx hypoxanthus_12_c009.wav
Chelidorhynx hypoxanthus_12_c010,Chelidorhynx hypoxanthus,Chelidorhynx hypoxanthus,0.9992,data/chunks_48k/Chelidorhynx hypoxanthus_12_c010.wav,data/chunks_16k/Chelidorhynx hypoxanthus_12_c010.wav
Chelidorhynx hypoxanthus_12_c011,Chelidorhynx hypoxanthus,Chelidorhynx hypoxanthus,0.9999,data/chunks_48k/Chelidorhynx hypoxanthus_12_c011.wav,data/chunks_16k/Chelidorhynx hypoxanthus_12_c011.wav
Chelidorhynx hypoxanthus_13_c000,Chelidorhynx hypoxanthus,Chelidorhynx hypoxanthus,0.9835,data/chunks_48k/Chelidorhynx hypoxanthus_13_c000.wav,data/chunks_16k/Chelidorhynx hypoxanthus_13_c000.wav
Chelidorhynx hypoxanthus_13_c001,Chelidorhynx hypoxanthus,Chelidorhynx hypoxanthus,0.9361,data/chunks_48k/Chelidorhynx hypoxanthus_13_c001.wav,data/chunks_16k/Chelidorhynx hypoxanthus_13_c001.wav
Chelidorhynx hypoxanthus_13_c002,Chelidorhynx hypoxanthus,Chelidorhynx hypoxanthus,0.9960,data/chunks_48k/Chelidorhynx hypoxanthus_13_c002.wav,data/chunks_16k/Chelidorhynx hypoxanthus_13_c002.wav
Chelidorhynx hypoxanthus_13_c004,Chelidorhynx hypoxanthus,Chelidorhynx hypoxanthus,0.8892,data/chunks_48k/Chelidorhynx hypoxanthus_13_c004.wav,data/chunks_16k/Chelidorhynx hypoxanthus_13_c004.wav
Chelidorhynx hypoxanthus_14_c000,Chelidorhynx hypoxanthus,Chelidorhynx hypoxanthus,0.8109,data/chunks_48k/Chelidorhynx hypoxanthus_14_c000.wav,data/chunks_16k/Chelidorhynx hypoxanthus_14_c000.wav
Chelidorhynx hypoxanthus_14_c002,Chelidorhynx hypoxanthus,Chelidorhynx hypoxanthus,0.8098,data/chunks_48k/Chelidorhynx hypoxanthus_14_c002.wav,data/chunks_16k/Chelidorhynx hypoxanthus_14_c002.wav
Chelidorhynx hypoxanthus_14_c003,Chelidorhynx hypoxanthus,Chelidorhynx hypoxanthus,0.5305,data/chunks_48k/Chelidorhynx hypoxanthus_14_c003.wav,data/chunks_16k/Chelidorhynx hypoxanthus_14_c003.wav
Chelidorhynx hypoxanthus_14_c005,Chelidorhynx hypoxanthus,Chelidorhynx hypoxanthus,0.7185,data/chunks_48k/Chelidorhynx hypoxanthus_14_c005.wav,data/chunks_16k/Chelidorhynx hypoxanthus_14_c005.wav
Chelidorhynx hypoxanthus_14_c006,Chelidorhynx hypoxanthus,Chelidorhynx hypoxanthus,0.5623,data/chunks_48k/Chelidorhynx hypoxanthus_14_c006.wav,data/chunks_16k/Chelidorhynx hypoxanthus_14_c006.wav
Chelidorhynx hypoxanthus_14_c007,Chelidorhynx hypoxanthus,Chelidorhynx hypoxanthus,0.9014,data/chunks_48k/Chelidorhynx hypoxanthus_14_c007.wav,data/chunks_16k/Chelidorhynx hypoxanthus_14_c007.wav
Chelidorhynx hypoxanthus_15_c004,Chelidorhynx hypoxanthus,Chelidorhynx hypoxanthus,0.6592,data/chunks_48k/Chelidorhynx hypoxanthus_15_c004.wav,data/chunks_16k/Chelidorhynx hypoxanthus_15_c004.wav
Chelidorhynx hypoxanthus_15_c011,Chelidorhynx hypoxanthus,Chelidorhynx hypoxanthus,0.5057,data/chunks_48k/Chelidorhynx hypoxanthus_15_c011.wav,data/chunks_16k/Chelidorhynx hypoxanthus_15_c011.wav
Chelidorhynx hypoxanthus_15_c012,Chelidorhynx hypoxanthus,Chelidorhynx hypoxanthus,0.8339,data/chunks_48k/Chelidorhynx hypoxanthus_15_c012.wav,data/chunks_16k/Chelidorhynx hypoxanthus_15_c012.wav
Chelidorhynx hypoxanthus_1_c000,Chelidorhynx hypoxanthus,Chelidorhynx hypoxanthus,0.5527,data/chunks_48k/Chelidorhynx hypoxanthus_1_c000.wav,data/chunks_16k/Chelidorhynx hypoxanthus_1_c000.wav
Chelidorhynx hypoxanthus_1_c001,Chelidorhynx hypoxanthus,Chelidorhynx hypoxanthus,0.5418,data/chunks_48k/Chelidorhynx hypoxanthus_1_c001.wav,data/chunks_16k/Chelidorhynx hypoxanthus_1_c001.wav
Chelidorhynx hypoxanthus_1_c002,Chelidorhynx hypoxanthus,Chelidorhynx hypoxanthus,0.5734,data/chunks_48k/Chelidorhynx hypoxanthus_1_c002.wav,data/chunks_16k/Chelidorhynx hypoxanthus_1_c002.wav
Chelidorhynx hypoxanthus_1_c003,Chelidorhynx hypoxanthus,Chelidorhynx hypoxanthus,0.9968,data/chunks_48k/Chelidorhynx hypoxanthus_1_c003.wav,data/chunks_16k/Chelidorhynx hypoxanthus_1_c003.wav
Chelidorhynx hypoxanthus_1_c004,Chelidorhynx hypoxanthus,Chelidorhynx hypoxanthus,0.9600,data/chunks_48k/Chelidorhynx hypoxanthus_1_c004.wav,data/chunks_16k/Chelidorhynx hypoxanthus_1_c004.wav
Chelidorhynx hypoxanthus_1_c005,Chelidorhynx hypoxanthus,Chelidorhynx hypoxanthus,0.9676,data/chunks_48k/Chelidorhynx hypoxanthus_1_c005.wav,data/chunks_16k/Chelidorhynx hypoxanthus_1_c005.wav
Chelidorhynx hypoxanthus_1_c006,Chelidorhynx hypoxanthus,Chelidorhynx hypoxanthus,0.9855,data/chunks_48k/Chelidorhynx hypoxanthus_1_c006.wav,data/chunks_16k/Chelidorhynx hypoxanthus_1_c006.wav
Chelidorhynx hypoxanthus_4_c000,Chelidorhynx hypoxanthus,Chelidorhynx hypoxanthus,0.9468,data/chunks_48k/Chelidorhynx hypoxanthus_4_c000.wav,data/chunks_16k/Chelidorhynx hypoxanthus_4_c000.wav
Chelidorhynx hypoxanthus_4_c001,Chelidorhynx hypoxanthus,Chelidorhynx hypoxanthus,0.7856,data/chunks_48k/Chelidorhynx hypoxanthus_4_c001.wav,data/chunks_16k/Chelidorhynx hypoxanthus_4_c001.wav
Chelidorhynx hypoxanthus_4_c002,Chelidorhynx hypoxanthus,Chelidorhynx hypoxanthus,0.6947,data/chunks_48k/Chelidorhynx hypoxanthus_4_c002.wav,data/chunks_16k/Chelidorhynx hypoxanthus_4_c002.wav
Chelidorhynx hypoxanthus_4_c003,Chelidorhynx hypoxanthus,Chelidorhynx hypoxanthus,0.5022,data/chunks_48k/Chelidorhynx hypoxanthus_4_c003.wav,data/chunks_16k/Chelidorhynx hypoxanthus_4_c003.wav
Chelidorhynx hypoxanthus_4_c004,Chelidorhynx hypoxanthus,Chelidorhynx hypoxanthus,0.9577,data/chunks_48k/Chelidorhynx hypoxanthus_4_c004.wav,data/chunks_16k/Chelidorhynx hypoxanthus_4_c004.wav
Chelidorhynx hypoxanthus_4_c007,Chelidorhynx hypoxanthus,Chelidorhynx hypoxanthus,0.8679,data/chunks_48k/Chelidorhynx hypoxanthus_4_c007.wav,data/chunks_16k/Chelidorhynx hypoxanthus_4_c007.wav
Chelidorhynx hypoxanthus_5_c000,Chelidorhynx hypoxanthus,Chelidorhynx hypoxanthus,0.8426,data/chunks_48k/Chelidorhynx hypoxanthus_5_c000.wav,data/chunks_16k/Chelidorhynx hypoxanthus_5_c000.wav
Chelidorhynx hypoxanthus_5_c001,Chelidorhynx hypoxanthus,Chelidorhynx hypoxanthus,0.5696,data/chunks_48k/Chelidorhynx hypoxanthus_5_c001.wav,data/chunks_16k/Chelidorhynx hypoxanthus_5_c001.wav
Chelidorhynx hypoxanthus_5_c002,Chelidorhynx hypoxanthus,Chelidorhynx hypoxanthus,0.9515,data/chunks_48k/Chelidorhynx hypoxanthus_5_c002.wav,data/chunks_16k/Chelidorhynx hypoxanthus_5_c002.wav
Chelidorhynx hypoxanthus_5_c003,Chelidorhynx hypoxanthus,Chelidorhynx hypoxanthus,0.9949,data/chunks_48k/Chelidorhynx hypoxanthus_5_c003.wav,data/chunks_16k/Chelidorhynx hypoxanthus_5_c003.wav
Chelidorhynx hypoxanthus_7_c001,Chelidorhynx hypoxanthus,Chelidorhynx hypoxanthus,0.9964,data/chunks_48k/Chelidorhynx hypoxanthus_7_c001.wav,data/chunks_16k/Chelidorhynx hypoxanthus_7_c001.wav
Chelidorhynx hypoxanthus_7_c002,Chelidorhynx hypoxanthus,Chelidorhynx hypoxanthus,0.9950,data/chunks_48k/Chelidorhynx hypoxanthus_7_c002.wav,data/chunks_16k/Chelidorhynx hypoxanthus_7_c002.wav
Chelidorhynx hypoxanthus_8_c000,Chelidorhynx hypoxanthus,Chelidorhynx hypoxanthus,0.9469,data/chunks_48k/Chelidorhynx hypoxanthus_8_c000.wav,data/chunks_16k/Chelidorhynx hypoxanthus_8_c000.wav
Chelidorhynx hypoxanthus_8_c001,Chelidorhynx hypoxanthus,Chelidorhynx hypoxanthus,0.8814,data/chunks_48k/Chelidorhynx hypoxanthus_8_c001.wav,data/chunks_16k/Chelidorhynx hypoxanthus_8_c001.wav
Chelidorhynx hypoxanthus_8_c002,Chelidorhynx hypoxanthus,Chelidorhynx hypoxanthus,0.8915,data/chunks_48k/Chelidorhynx hypoxanthus_8_c002.wav,data/chunks_16k/Chelidorhynx hypoxanthus_8_c002.wav
Chelidorhynx hypoxanthus_8_c003,Chelidorhynx hypoxanthus,Chelidorhynx hypoxanthus,0.8342,data/chunks_48k/Chelidorhynx hypoxanthus_8_c003.wav,data/chunks_16k/Chelidorhynx hypoxanthus_8_c003.wav
Chelidorhynx hypoxanthus_9_c000,Chelidorhynx hypoxanthus,Chelidorhynx hypoxanthus,0.9999,data/chunks_48k/Chelidorhynx hypoxanthus_9_c000.wav,data/chunks_16k/Chelidorhynx hypoxanthus_9_c000.wav
Chelidorhynx hypoxanthus_9_c001,Chelidorhynx hypoxanthus,Chelidorhynx hypoxanthus,1.0000,data/chunks_48k/Chelidorhynx hypoxanthus_9_c001.wav,data/chunks_16k/Chelidorhynx hypoxanthus_9_c001.wav
Chelidorhynx hypoxanthus_9_c002,Chelidorhynx hypoxanthus,Chelidorhynx hypoxanthus,0.9998,data/chunks_48k/Chelidorhynx hypoxanthus_9_c002.wav,data/chunks_16k/Chelidorhynx hypoxanthus_9_c002.wav
Chelidorhynx hypoxanthus_9_c003,Chelidorhynx hypoxanthus,Chelidorhynx hypoxanthus,0.9999,data/chunks_48k/Chelidorhynx hypoxanthus_9_c003.wav,data/chunks_16k/Chelidorhynx hypoxanthus_9_c003.wav
Chelidorhynx hypoxanthus_9_c004,Chelidorhynx hypoxanthus,Chelidorhynx hypoxanthus,0.9999,data/chunks_48k/Chelidorhynx hypoxanthus_9_c004.wav,data/chunks_16k/Chelidorhynx hypoxanthus_9_c004.wav
Chelidorhynx hypoxanthus_9_c005,Chelidorhynx hypoxanthus,Chelidorhynx hypoxanthus,0.9997,data/chunks_48k/Chelidorhynx hypoxanthus_9_c005.wav,data/chunks_16k/Chelidorhynx hypoxanthus_9_c005.wav
Chelidorhynx hypoxanthus_9_c006,Chelidorhynx hypoxanthus,Chelidorhynx hypoxanthus,0.9999,data/chunks_48k/Chelidorhynx hypoxanthus_9_c006.wav,data/chunks_16k/Chelidorhynx hypoxanthus_9_c006.wav
Chelidorhynx hypoxanthus_9_c007,Chelidorhynx hypoxanthus,Chelidorhynx hypoxanthus,0.9989,data/chunks_48k/Chelidorhynx hypoxanthus_9_c007.wav,data/chunks_16k/Chelidorhynx hypoxanthus_9_c007.wav
Chelidorhynx hypoxanthus_9_c008,Chelidorhynx hypoxanthus,Chelidorhynx hypoxanthus,0.9998,data/chunks_48k/Chelidorhynx hypoxanthus_9_c008.wav,data/chunks_16k/Chelidorhynx hypoxanthus_9_c008.wav
Chelidorhynx hypoxanthus_9_c009,Chelidorhynx hypoxanthus,Chelidorhynx hypoxanthus,0.9996,data/chunks_48k/Chelidorhynx hypoxanthus_9_c009.wav,data/chunks_16k/Chelidorhynx hypoxanthus_9_c009.wav
Chelidorhynx hypoxanthus_9_c010,Chelidorhynx hypoxanthus,Chelidorhynx hypoxanthus,0.9999,data/chunks_48k/Chelidorhynx hypoxanthus_9_c010.wav,data/chunks_16k/Chelidorhynx hypoxanthus_9_c010.wav
Chelidorhynx hypoxanthus_9_c011,Chelidorhynx hypoxanthus,Chelidorhynx hypoxanthus,0.9995,data/chunks_48k/Chelidorhynx hypoxanthus_9_c011.wav,data/chunks_16k/Chelidorhynx hypoxanthus_9_c011.wav
Chelidorhynx hypoxanthus_9_c012,Chelidorhynx hypoxanthus,Chelidorhynx hypoxanthus,0.9997,data/chunks_48k/Chelidorhynx hypoxanthus_9_c012.wav,data/chunks_16k/Chelidorhynx hypoxanthus_9_c012.wav
Chloropsis jerdoni_2_c000,Chloropsis jerdoni,Chloropsis jerdoni,0.6307,data/chunks_48k/Chloropsis jerdoni_2_c000.wav,data/chunks_16k/Chloropsis jerdoni_2_c000.wav
Chloropsis jerdoni_2_c003,Chloropsis jerdoni,Chloropsis jerdoni,0.5465,data/chunks_48k/Chloropsis jerdoni_2_c003.wav,data/chunks_16k/Chloropsis jerdoni_2_c003.wav
Chloropsis jerdoni_2_c004,Chloropsis jerdoni,Chloropsis jerdoni,0.7066,data/chunks_48k/Chloropsis jerdoni_2_c004.wav,data/chunks_16k/Chloropsis jerdoni_2_c004.wav
Chloropsis jerdoni_2_c005,Chloropsis jerdoni,Chloropsis jerdoni,0.5153,data/chunks_48k/Chloropsis jerdoni_2_c005.wav,data/chunks_16k/Chloropsis jerdoni_2_c005.wav
Chloropsis jerdoni_2_c009,Chloropsis jerdoni,Chloropsis jerdoni,0.5658,data/chunks_48k/Chloropsis jerdoni_2_c009.wav,data/chunks_16k/Chloropsis jerdoni_2_c009.wav
Chloropsis jerdoni_4_c005,Chloropsis jerdoni,Chloropsis jerdoni,0.6013,data/chunks_48k/Chloropsis jerdoni_4_c005.wav,data/chunks_16k/Chloropsis jerdoni_4_c005.wav
Chrysococcyx maculatus_1_c000,Chrysococcyx maculatus,Chrysococcyx maculatus,0.8061,data/chunks_48k/Chrysococcyx maculatus_1_c000.wav,data/chunks_16k/Chrysococcyx maculatus_1_c000.wav
Chrysococcyx maculatus_1_c001,Chrysococcyx maculatus,Chrysococcyx maculatus,0.6189,data/chunks_48k/Chrysococcyx maculatus_1_c001.wav,data/chunks_16k/Chrysococcyx maculatus_1_c001.wav
Chrysococcyx maculatus_2_c001,Chrysococcyx maculatus,Chrysococcyx maculatus,0.9945,data/chunks_48k/Chrysococcyx maculatus_2_c001.wav,data/chunks_16k/Chrysococcyx maculatus_2_c001.wav
Chrysococcyx maculatus_2_c003,Chrysococcyx maculatus,Chrysococcyx maculatus,0.7023,data/chunks_48k/Chrysococcyx maculatus_2_c003.wav,data/chunks_16k/Chrysococcyx maculatus_2_c003.wav
Cuculus micropterus_10_c000,Cuculus micropterus,Cuculus micropterus,0.9987,data/chunks_48k/Cuculus micropterus_10_c000.wav,data/chunks_16k/Cuculus micropterus_10_c000.wav
Cuculus micropterus_10_c001,Cuculus micropterus,Cuculus micropterus,0.9897,data/chunks_48k/Cuculus micropterus_10_c001.wav,data/chunks_16k/Cuculus micropterus_10_c001.wav
Cuculus micropterus_10_c002,Cuculus micropterus,Cuculus micropterus,0.9913,data/chunks_48k/Cuculus micropterus_10_c002.wav,data/chunks_16k/Cuculus micropterus_10_c002.wav
Cuculus micropterus_10_c003,Cuculus micropterus,Cuculus micropterus,0.9970,data/chunks_48k/Cuculus micropterus_10_c003.wav,data/chunks_16k/Cuculus micropterus_10_c003.wav
Cuculus micropterus_10_c004,Cuculus micropterus,Cuculus micropterus,0.9997,data/chunks_48k/Cuculus micropterus_10_c004.wav,data/chunks_16k/Cuculus micropterus_10_c004.wav
Cuculus micropterus_10_c005,Cuculus micropterus,Cuculus micropterus,0.9999,data/chunks_48k/Cuculus micropterus_10_c005.wav,data/chunks_16k/Cuculus micropterus_10_c005.wav
Cuculus micropterus_10_c006,Cuculus micropterus,Cuculus micropterus,0.9999,data/chunks_48k/Cuculus micropterus_10_c006.wav,data/chunks_16k/Cuculus micropterus_10_c006.wav
Cuculus micropterus_10_c007,Cuculus micropterus,Cuculus micropterus,0.9993,data/chunks_48k/Cuculus micropterus_10_c007.wav,data/chunks_16k/Cuculus micropterus_10_c007.wav
Cuculus micropterus_10_c008,Cuculus micropterus,Cuculus micropterus,0.9992,data/chunks_48k/Cuculus micropterus_10_c008.wav,data/chunks_16k/Cuculus micropterus_10_c008.wav
Cuculus micropterus_10_c009,Cuculus micropterus,Cuculus micropterus,0.9993,data/chunks_48k/Cuculus micropterus_10_c009.wav,data/chunks_16k/Cuculus micropterus_10_c009.wav
Cuculus micropterus_10_c010,Cuculus micropterus,Cuculus micropterus,0.9999,data/chunks_48k/Cuculus micropterus_10_c010.wav,data/chunks_16k/Cuculus micropterus_10_c010.wav
Cuculus micropterus_10_c011,Cuculus micropterus,Cuculus micropterus,0.9998,data/chunks_48k/Cuculus micropterus_10_c011.wav,data/chunks_16k/Cuculus micropterus_10_c011.wav
Cuculus micropterus_10_c012,Cuculus micropterus,Cuculus micropterus,0.9998,data/chunks_48k/Cuculus micropterus_10_c012.wav,data/chunks_16k/Cuculus micropterus_10_c012.wav
Cuculus micropterus_11_c000,Cuculus micropterus,Cuculus micropterus,0.9986,data/chunks_48k/Cuculus micropterus_11_c000.wav,data/chunks_16k/Cuculus micropterus_11_c000.wav
Cuculus micropterus_11_c001,Cuculus micropterus,Cuculus micropterus,0.9999,data/chunks_48k/Cuculus micropterus_11_c001.wav,data/chunks_16k/Cuculus micropterus_11_c001.wav
Cuculus micropterus_11_c002,Cuculus micropterus,Cuculus micropterus,0.9997,data/chunks_48k/Cuculus micropterus_11_c002.wav,data/chunks_16k/Cuculus micropterus_11_c002.wav
Cuculus micropterus_11_c003,Cuculus micropterus,Cuculus micropterus,0.9995,data/chunks_48k/Cuculus micropterus_11_c003.wav,data/chunks_16k/Cuculus micropterus_11_c003.wav
Cuculus micropterus_11_c004,Cuculus micropterus,Cuculus micropterus,0.9884,data/chunks_48k/Cuculus micropterus_11_c004.wav,data/chunks_16k/Cuculus micropterus_11_c004.wav
Cuculus micropterus_11_c005,Cuculus micropterus,Cuculus micropterus,0.9988,data/chunks_48k/Cuculus micropterus_11_c005.wav,data/chunks_16k/Cuculus micropterus_11_c005.wav
Cuculus micropterus_11_c006,Cuculus micropterus,Cuculus micropterus,0.9988,data/chunks_48k/Cuculus micropterus_11_c006.wav,data/chunks_16k/Cuculus micropterus_11_c006.wav
Cuculus micropterus_12_c000,Cuculus micropterus,Cuculus micropterus,0.9997,data/chunks_48k/Cuculus micropterus_12_c000.wav,data/chunks_16k/Cuculus micropterus_12_c000.wav
Cuculus micropterus_12_c001,Cuculus micropterus,Cuculus micropterus,0.9930,data/chunks_48k/Cuculus micropterus_12_c001.wav,data/chunks_16k/Cuculus micropterus_12_c001.wav
Cuculus micropterus_12_c002,Cuculus micropterus,Cuculus micropterus,0.9945,data/chunks_48k/Cuculus micropterus_12_c002.wav,data/chunks_16k/Cuculus micropterus_12_c002.wav
Cuculus micropterus_12_c003,Cuculus micropterus,Cuculus micropterus,0.9789,data/chunks_48k/Cuculus micropterus_12_c003.wav,data/chunks_16k/Cuculus micropterus_12_c003.wav
Cuculus micropterus_12_c004,Cuculus micropterus,Cuculus micropterus,0.9976,data/chunks_48k/Cuculus micropterus_12_c004.wav,data/chunks_16k/Cuculus micropterus_12_c004.wav
Cuculus micropterus_12_c005,Cuculus micropterus,Cuculus micropterus,0.9986,data/chunks_48k/Cuculus micropterus_12_c005.wav,data/chunks_16k/Cuculus micropterus_12_c005.wav
Cuculus micropterus_12_c006,Cuculus micropterus,Cuculus micropterus,0.9996,data/chunks_48k/Cuculus micropterus_12_c006.wav,data/chunks_16k/Cuculus micropterus_12_c006.wav
Cuculus micropterus_12_c007,Cuculus micropterus,Cuculus micropterus,0.9949,data/chunks_48k/Cuculus micropterus_12_c007.wav,data/chunks_16k/Cuculus micropterus_12_c007.wav
Cuculus micropterus_12_c008,Cuculus micropterus,Cuculus micropterus,0.9990,data/chunks_48k/Cuculus micropterus_12_c008.wav,data/chunks_16k/Cuculus micropterus_12_c008.wav
Cuculus micropterus_12_c009,Cuculus micropterus,Cuculus micropterus,0.9990,data/chunks_48k/Cuculus micropterus_12_c009.wav,data/chunks_16k/Cuculus micropterus_12_c009.wav
Cuculus micropterus_12_c010,Cuculus micropterus,Cuculus micropterus,0.9999,data/chunks_48k/Cuculus micropterus_12_c010.wav,data/chunks_16k/Cuculus micropterus_12_c010.wav
Cuculus micropterus_13_c000,Cuculus micropterus,Cuculus micropterus,0.9788,data/chunks_48k/Cuculus micropterus_13_c000.wav,data/chunks_16k/Cuculus micropterus_13_c000.wav
Cuculus micropterus_13_c001,Cuculus micropterus,Cuculus micropterus,0.8209,data/chunks_48k/Cuculus micropterus_13_c001.wav,data/chunks_16k/Cuculus micropterus_13_c001.wav
Cuculus micropterus_13_c002,Cuculus micropterus,Cuculus micropterus,0.9601,data/chunks_48k/Cuculus micropterus_13_c002.wav,data/chunks_16k/Cuculus micropterus_13_c002.wav
Cuculus micropterus_13_c003,Cuculus micropterus,Cuculus micropterus,0.6605,data/chunks_48k/Cuculus micropterus_13_c003.wav,data/chunks_16k/Cuculus micropterus_13_c003.wav
Cuculus micropterus_14_c000,Cuculus micropterus,Cuculus micropterus,0.5323,data/chunks_48k/Cuculus micropterus_14_c000.wav,data/chunks_16k/Cuculus micropterus_14_c000.wav
Cuculus micropterus_15_c000,Cuculus micropterus,Cuculus micropterus,0.9994,data/chunks_48k/Cuculus micropterus_15_c000.wav,data/chunks_16k/Cuculus micropterus_15_c000.wav
Cuculus micropterus_15_c001,Cuculus micropterus,Cuculus micropterus,0.9988,data/chunks_48k/Cuculus micropterus_15_c001.wav,data/chunks_16k/Cuculus micropterus_15_c001.wav
Cuculus micropterus_16_c000,Cuculus micropterus,Cuculus micropterus,0.9998,data/chunks_48k/Cuculus micropterus_16_c000.wav,data/chunks_16k/Cuculus micropterus_16_c000.wav
Cuculus micropterus_16_c001,Cuculus micropterus,Cuculus micropterus,0.9973,data/chunks_48k/Cuculus micropterus_16_c001.wav,data/chunks_16k/Cuculus micropterus_16_c001.wav
Cuculus micropterus_16_c002,Cuculus micropterus,Cuculus micropterus,0.9988,data/chunks_48k/Cuculus micropterus_16_c002.wav,data/chunks_16k/Cuculus micropterus_16_c002.wav
Cuculus micropterus_16_c003,Cuculus micropterus,Cuculus micropterus,0.9992,data/chunks_48k/Cuculus micropterus_16_c003.wav,data/chunks_16k/Cuculus micropterus_16_c003.wav
Cuculus micropterus_17_c000,Cuculus micropterus,Cuculus micropterus,0.9999,data/chunks_48k/Cuculus micropterus_17_c000.wav,data/chunks_16k/Cuculus micropterus_17_c000.wav
Cuculus micropterus_17_c001,Cuculus micropterus,Cuculus micropterus,0.9994,data/chunks_48k/Cuculus micropterus_17_c001.wav,data/chunks_16k/Cuculus micropterus_17_c001.wav
Cuculus micropterus_17_c002,Cuculus micropterus,Cuculus micropterus,0.9993,data/chunks_48k/Cuculus micropterus_17_c002.wav,data/chunks_16k/Cuculus micropterus_17_c002.wav
Cuculus micropterus_17_c003,Cuculus micropterus,Cuculus micropterus,0.9987,data/chunks_48k/Cuculus micropterus_17_c003.wav,data/chunks_16k/Cuculus micropterus_17_c003.wav
Cuculus micropterus_17_c004,Cuculus micropterus,Cuculus micropterus,0.9905,data/chunks_48k/Cuculus micropterus_17_c004.wav,data/chunks_16k/Cuculus micropterus_17_c004.wav
Cuculus micropterus_18_c000,Cuculus micropterus,Cuculus micropterus,0.9985,data/chunks_48k/Cuculus micropterus_18_c000.wav,data/chunks_16k/Cuculus micropterus_18_c000.wav
Cuculus micropterus_18_c001,Cuculus micropterus,Cuculus micropterus,0.9880,data/chunks_48k/Cuculus micropterus_18_c001.wav,data/chunks_16k/Cuculus micropterus_18_c001.wav
Cuculus micropterus_18_c002,Cuculus micropterus,Cuculus micropterus,0.9782,data/chunks_48k/Cuculus micropterus_18_c002.wav,data/chunks_16k/Cuculus micropterus_18_c002.wav
Cuculus micropterus_19_c003,Cuculus micropterus,Cuculus micropterus,0.9973,data/chunks_48k/Cuculus micropterus_19_c003.wav,data/chunks_16k/Cuculus micropterus_19_c003.wav
Cuculus micropterus_19_c004,Cuculus micropterus,Cuculus micropterus,0.9999,data/chunks_48k/Cuculus micropterus_19_c004.wav,data/chunks_16k/Cuculus micropterus_19_c004.wav
Cuculus micropterus_19_c005,Cuculus micropterus,Cuculus micropterus,0.9995,data/chunks_48k/Cuculus micropterus_19_c005.wav,data/chunks_16k/Cuculus micropterus_19_c005.wav
Cuculus micropterus_19_c007,Cuculus micropterus,Cuculus micropterus,0.9986,data/chunks_48k/Cuculus micropterus_19_c007.wav,data/chunks_16k/Cuculus micropterus_19_c007.wav
Cuculus micropterus_1_c000,Cuculus micropterus,Cuculus micropterus,0.7293,data/chunks_48k/Cuculus micropterus_1_c000.wav,data/chunks_16k/Cuculus micropterus_1_c000.wav
Cuculus micropterus_1_c001,Cuculus micropterus,Cuculus micropterus,0.9906,data/chunks_48k/Cuculus micropterus_1_c001.wav,data/chunks_16k/Cuculus micropterus_1_c001.wav
Cuculus micropterus_1_c002,Cuculus micropterus,Cuculus micropterus,0.8699,data/chunks_48k/Cuculus micropterus_1_c002.wav,data/chunks_16k/Cuculus micropterus_1_c002.wav
Cuculus micropterus_1_c003,Cuculus micropterus,Cuculus micropterus,0.8967,data/chunks_48k/Cuculus micropterus_1_c003.wav,data/chunks_16k/Cuculus micropterus_1_c003.wav
Cuculus micropterus_1_c005,Cuculus micropterus,Cuculus micropterus,0.8404,data/chunks_48k/Cuculus micropterus_1_c005.wav,data/chunks_16k/Cuculus micropterus_1_c005.wav
Cuculus micropterus_20_c000,Cuculus micropterus,Cuculus micropterus,0.9991,data/chunks_48k/Cuculus micropterus_20_c000.wav,data/chunks_16k/Cuculus micropterus_20_c000.wav
Cuculus micropterus_21_c000,Cuculus micropterus,Cuculus micropterus,0.9961,data/chunks_48k/Cuculus micropterus_21_c000.wav,data/chunks_16k/Cuculus micropterus_21_c000.wav
Cuculus micropterus_21_c001,Cuculus micropterus,Cuculus micropterus,0.9973,data/chunks_48k/Cuculus micropterus_21_c001.wav,data/chunks_16k/Cuculus micropterus_21_c001.wav
Cuculus micropterus_21_c002,Cuculus micropterus,Cuculus micropterus,0.9865,data/chunks_48k/Cuculus micropterus_21_c002.wav,data/chunks_16k/Cuculus micropterus_21_c002.wav
Cuculus micropterus_21_c003,Cuculus micropterus,Cuculus micropterus,0.9907,data/chunks_48k/Cuculus micropterus_21_c003.wav,data/chunks_16k/Cuculus micropterus_21_c003.wav
Cuculus micropterus_21_c004,Cuculus micropterus,Cuculus micropterus,0.9952,data/chunks_48k/Cuculus micropterus_21_c004.wav,data/chunks_16k/Cuculus micropterus_21_c004.wav
Cuculus micropterus_22_c000,Cuculus micropterus,Cuculus micropterus,0.9998,data/chunks_48k/Cuculus micropterus_22_c000.wav,data/chunks_16k/Cuculus micropterus_22_c000.wav
Cuculus micropterus_22_c001,Cuculus micropterus,Cuculus micropterus,0.9971,data/chunks_48k/Cuculus micropterus_22_c001.wav,data/chunks_16k/Cuculus micropterus_22_c001.wav
Cuculus micropterus_22_c002,Cuculus micropterus,Cuculus micropterus,0.9999,data/chunks_48k/Cuculus micropterus_22_c002.wav,data/chunks_16k/Cuculus micropterus_22_c002.wav
Cuculus micropterus_22_c003,Cuculus micropterus,Cuculus micropterus,0.9996,data/chunks_48k/Cuculus micropterus_22_c003.wav,data/chunks_16k/Cuculus micropterus_22_c003.wav
Cuculus micropterus_23_c000,Cuculus micropterus,Cuculus micropterus,0.9978,data/chunks_48k/Cuculus micropterus_23_c000.wav,data/chunks_16k/Cuculus micropterus_23_c000.wav
Cuculus micropterus_23_c001,Cuculus micropterus,Cuculus micropterus,0.9991,data/chunks_48k/Cuculus micropterus_23_c001.wav,data/chunks_16k/Cuculus micropterus_23_c001.wav
Cuculus micropterus_23_c002,Cuculus micropterus,Cuculus micropterus,0.9894,data/chunks_48k/Cuculus micropterus_23_c002.wav,data/chunks_16k/Cuculus micropterus_23_c002.wav
Cuculus micropterus_23_c003,Cuculus micropterus,Cuculus micropterus,0.9853,data/chunks_48k/Cuculus micropterus_23_c003.wav,data/chunks_16k/Cuculus micropterus_23_c003.wav
Cuculus micropterus_24_c000,Cuculus micropterus,Cuculus micropterus,0.9952,data/chunks_48k/Cuculus micropterus_24_c000.wav,data/chunks_16k/Cuculus micropterus_24_c000.wav
Cuculus micropterus_24_c001,Cuculus micropterus,Cuculus micropterus,0.9937,data/chunks_48k/Cuculus micropterus_24_c001.wav,data/chunks_16k/Cuculus micropterus_24_c001.wav
Cuculus micropterus_24_c002,Cuculus micropterus,Cuculus micropterus,0.9871,data/chunks_48k/Cuculus micropterus_24_c002.wav,data/chunks_16k/Cuculus micropterus_24_c002.wav
Cuculus micropterus_24_c003,Cuculus micropterus,Cuculus micropterus,0.9682,data/chunks_48k/Cuculus micropterus_24_c003.wav,data/chunks_16k/Cuculus micropterus_24_c003.wav
Cuculus micropterus_25_c000,Cuculus micropterus,Cuculus micropterus,0.9996,data/chunks_48k/Cuculus micropterus_25_c000.wav,data/chunks_16k/Cuculus micropterus_25_c000.wav
Cuculus micropterus_25_c001,Cuculus micropterus,Cuculus micropterus,0.9990,data/chunks_48k/Cuculus micropterus_25_c001.wav,data/chunks_16k/Cuculus micropterus_25_c001.wav
Cuculus micropterus_26_c000,Cuculus micropterus,Cuculus micropterus,0.9982,data/chunks_48k/Cuculus micropterus_26_c000.wav,data/chunks_16k/Cuculus micropterus_26_c000.wav
Cuculus micropterus_26_c001,Cuculus micropterus,Cuculus micropterus,0.9975,data/chunks_48k/Cuculus micropterus_26_c001.wav,data/chunks_16k/Cuculus micropterus_26_c001.wav
Cuculus micropterus_26_c002,Cuculus micropterus,Cuculus micropterus,0.9936,data/chunks_48k/Cuculus micropterus_26_c002.wav,data/chunks_16k/Cuculus micropterus_26_c002.wav
Cuculus micropterus_27_c000,Cuculus micropterus,Cuculus micropterus,0.9997,data/chunks_48k/Cuculus micropterus_27_c000.wav,data/chunks_16k/Cuculus micropterus_27_c000.wav
Cuculus micropterus_27_c001,Cuculus micropterus,Cuculus micropterus,0.9997,data/chunks_48k/Cuculus micropterus_27_c001.wav,data/chunks_16k/Cuculus micropterus_27_c001.wav
Cuculus micropterus_27_c002,Cuculus micropterus,Cuculus micropterus,0.9994,data/chunks_48k/Cuculus micropterus_27_c002.wav,data/chunks_16k/Cuculus micropterus_27_c002.wav
Cuculus micropterus_27_c003,Cuculus micropterus,Cuculus micropterus,1.0000,data/chunks_48k/Cuculus micropterus_27_c003.wav,data/chunks_16k/Cuculus micropterus_27_c003.wav
Cuculus micropterus_27_c004,Cuculus micropterus,Cuculus micropterus,0.9999,data/chunks_48k/Cuculus micropterus_27_c004.wav,data/chunks_16k/Cuculus micropterus_27_c004.wav
Cuculus micropterus_27_c005,Cuculus micropterus,Cuculus micropterus,0.9999,data/chunks_48k/Cuculus micropterus_27_c005.wav,data/chunks_16k/Cuculus micropterus_27_c005.wav
Cuculus micropterus_27_c006,Cuculus micropterus,Cuculus micropterus,0.9997,data/chunks_48k/Cuculus micropterus_27_c006.wav,data/chunks_16k/Cuculus micropterus_27_c006.wav
Cuculus micropterus_27_c007,Cuculus micropterus,Cuculus micropterus,0.9997,data/chunks_48k/Cuculus micropterus_27_c007.wav,data/chunks_16k/Cuculus micropterus_27_c007.wav
Cuculus micropterus_27_c008,Cuculus micropterus,Cuculus micropterus,0.9998,data/chunks_48k/Cuculus micropterus_27_c008.wav,data/chunks_16k/Cuculus micropterus_27_c008.wav
Cuculus micropterus_28_c000,Cuculus micropterus,Cuculus micropterus,0.9986,data/chunks_48k/Cuculus micropterus_28_c000.wav,data/chunks_16k/Cuculus micropterus_28_c000.wav
Cuculus micropterus_28_c001,Cuculus micropterus,Cuculus micropterus,0.9858,data/chunks_48k/Cuculus micropterus_28_c001.wav,data/chunks_16k/Cuculus micropterus_28_c001.wav
Cuculus micropterus_28_c002,Cuculus micropterus,Cuculus micropterus,0.9865,data/chunks_48k/Cuculus micropterus_28_c002.wav,data/chunks_16k/Cuculus micropterus_28_c002.wav
Cuculus micropterus_29_c000,Cuculus micropterus,Cuculus micropterus,0.9760,data/chunks_48k/Cuculus micropterus_29_c000.wav,data/chunks_16k/Cuculus micropterus_29_c000.wav
Cuculus micropterus_2_c000,Cuculus micropterus,Cuculus micropterus,0.9893,data/chunks_48k/Cuculus micropterus_2_c000.wav,data/chunks_16k/Cuculus micropterus_2_c000.wav
Cuculus micropterus_2_c001,Cuculus micropterus,Cuculus micropterus,0.6531,data/chunks_48k/Cuculus micropterus_2_c001.wav,data/chunks_16k/Cuculus micropterus_2_c001.wav
Cuculus micropterus_30_c000,Cuculus micropterus,Cuculus micropterus,0.9911,data/chunks_48k/Cuculus micropterus_30_c000.wav,data/chunks_16k/Cuculus micropterus_30_c000.wav
Cuculus micropterus_30_c001,Cuculus micropterus,Cuculus micropterus,0.9997,data/chunks_48k/Cuculus micropterus_30_c001.wav,data/chunks_16k/Cuculus micropterus_30_c001.wav
Cuculus micropterus_30_c002,Cuculus micropterus,Cuculus micropterus,0.9807,data/chunks_48k/Cuculus micropterus_30_c002.wav,data/chunks_16k/Cuculus micropterus_30_c002.wav
Cuculus micropterus_30_c003,Cuculus micropterus,Cuculus micropterus,0.9858,data/chunks_48k/Cuculus micropterus_30_c003.wav,data/chunks_16k/Cuculus micropterus_30_c003.wav
Cuculus micropterus_31_c000,Cuculus micropterus,Cuculus micropterus,0.8486,data/chunks_48k/Cuculus micropterus_31_c000.wav,data/chunks_16k/Cuculus micropterus_31_c000.wav
Cuculus micropterus_31_c001,Cuculus micropterus,Cuculus micropterus,0.9970,data/chunks_48k/Cuculus micropterus_31_c001.wav,data/chunks_16k/Cuculus micropterus_31_c001.wav
Cuculus micropterus_31_c002,Cuculus micropterus,Cuculus micropterus,0.9960,data/chunks_48k/Cuculus micropterus_31_c002.wav,data/chunks_16k/Cuculus micropterus_31_c002.wav
Cuculus micropterus_31_c003,Cuculus micropterus,Cuculus micropterus,0.8668,data/chunks_48k/Cuculus micropterus_31_c003.wav,data/chunks_16k/Cuculus micropterus_31_c003.wav
Cuculus micropterus_31_c004,Cuculus micropterus,Cuculus micropterus,0.9899,data/chunks_48k/Cuculus micropterus_31_c004.wav,data/chunks_16k/Cuculus micropterus_31_c004.wav
Cuculus micropterus_31_c005,Cuculus micropterus,Cuculus micropterus,0.9861,data/chunks_48k/Cuculus micropterus_31_c005.wav,data/chunks_16k/Cuculus micropterus_31_c005.wav
Cuculus micropterus_31_c006,Cuculus micropterus,Cuculus micropterus,0.7415,data/chunks_48k/Cuculus micropterus_31_c006.wav,data/chunks_16k/Cuculus micropterus_31_c006.wav
Cuculus micropterus_31_c007,Cuculus micropterus,Cuculus micropterus,0.9854,data/chunks_48k/Cuculus micropterus_31_c007.wav,data/chunks_16k/Cuculus micropterus_31_c007.wav
Cuculus micropterus_31_c008,Cuculus micropterus,Cuculus micropterus,0.9069,data/chunks_48k/Cuculus micropterus_31_c008.wav,data/chunks_16k/Cuculus micropterus_31_c008.wav
Cuculus micropterus_32_c000,Cuculus micropterus,Cuculus micropterus,0.9592,data/chunks_48k/Cuculus micropterus_32_c000.wav,data/chunks_16k/Cuculus micropterus_32_c000.wav
Cuculus micropterus_32_c001,Cuculus micropterus,Cuculus micropterus,0.9940,data/chunks_48k/Cuculus micropterus_32_c001.wav,data/chunks_16k/Cuculus micropterus_32_c001.wav
Cuculus micropterus_32_c002,Cuculus micropterus,Cuculus micropterus,0.9977,data/chunks_48k/Cuculus micropterus_32_c002.wav,data/chunks_16k/Cuculus micropterus_32_c002.wav
Cuculus micropterus_32_c003,Cuculus micropterus,Cuculus micropterus,0.9307,data/chunks_48k/Cuculus micropterus_32_c003.wav,data/chunks_16k/Cuculus micropterus_32_c003.wav
Cuculus micropterus_33_c000,Cuculus micropterus,Cuculus micropterus,0.8609,data/chunks_48k/Cuculus micropterus_33_c000.wav,data/chunks_16k/Cuculus micropterus_33_c000.wav
Cuculus micropterus_33_c001,Cuculus micropterus,Cuculus micropterus,0.9859,data/chunks_48k/Cuculus micropterus_33_c001.wav,data/chunks_16k/Cuculus micropterus_33_c001.wav
Cuculus micropterus_34_c000,Cuculus micropterus,Cuculus micropterus,0.8188,data/chunks_48k/Cuculus micropterus_34_c000.wav,data/chunks_16k/Cuculus micropterus_34_c000.wav
Cuculus micropterus_34_c001,Cuculus micropterus,Cuculus micropterus,0.9765,data/chunks_48k/Cuculus micropterus_34_c001.wav,data/chunks_16k/Cuculus micropterus_34_c001.wav
Cuculus micropterus_34_c002,Cuculus micropterus,Cuculus micropterus,0.8522,data/chunks_48k/Cuculus micropterus_34_c002.wav,data/chunks_16k/Cuculus micropterus_34_c002.wav
Cuculus micropterus_34_c003,Cuculus micropterus,Cuculus micropterus,0.9909,data/chunks_48k/Cuculus micropterus_34_c003.wav,data/chunks_16k/Cuculus micropterus_34_c003.wav
Cuculus micropterus_34_c004,Cuculus micropterus,Cuculus micropterus,0.9375,data/chunks_48k/Cuculus micropterus_34_c004.wav,data/chunks_16k/Cuculus micropterus_34_c004.wav
Cuculus micropterus_35_c000,Cuculus micropterus,Cuculus micropterus,0.9996,data/chunks_48k/Cuculus micropterus_35_c000.wav,data/chunks_16k/Cuculus micropterus_35_c000.wav
Cuculus micropterus_35_c001,Cuculus micropterus,Cuculus micropterus,0.9979,data/chunks_48k/Cuculus micropterus_35_c001.wav,data/chunks_16k/Cuculus micropterus_35_c001.wav
Cuculus micropterus_35_c002,Cuculus micropterus,Cuculus micropterus,0.9995,data/chunks_48k/Cuculus micropterus_35_c002.wav,data/chunks_16k/Cuculus micropterus_35_c002.wav
Cuculus micropterus_35_c003,Cuculus micropterus,Cuculus micropterus,0.9911,data/chunks_48k/Cuculus micropterus_35_c003.wav,data/chunks_16k/Cuculus micropterus_35_c003.wav
Cuculus micropterus_35_c004,Cuculus micropterus,Cuculus micropterus,0.9834,data/chunks_48k/Cuculus micropterus_35_c004.wav,data/chunks_16k/Cuculus micropterus_35_c004.wav
Cuculus micropterus_35_c005,Cuculus micropterus,Cuculus micropterus,0.9995,data/chunks_48k/Cuculus micropterus_35_c005.wav,data/chunks_16k/Cuculus micropterus_35_c005.wav
Cuculus micropterus_35_c006,Cuculus micropterus,Cuculus micropterus,0.9998,data/chunks_48k/Cuculus micropterus_35_c006.wav,data/chunks_16k/Cuculus micropterus_35_c006.wav
Cuculus micropterus_35_c007,Cuculus micropterus,Cuculus micropterus,0.9997,data/chunks_48k/Cuculus micropterus_35_c007.wav,data/chunks_16k/Cuculus micropterus_35_c007.wav
Cuculus micropterus_35_c008,Cuculus micropterus,Cuculus micropterus,0.9923,data/chunks_48k/Cuculus micropterus_35_c008.wav,data/chunks_16k/Cuculus micropterus_35_c008.wav
Cuculus micropterus_35_c010,Cuculus micropterus,Cuculus micropterus,0.9995,data/chunks_48k/Cuculus micropterus_35_c010.wav,data/chunks_16k/Cuculus micropterus_35_c010.wav
Cuculus micropterus_35_c012,Cuculus micropterus,Cuculus micropterus,0.9997,data/chunks_48k/Cuculus micropterus_35_c012.wav,data/chunks_16k/Cuculus micropterus_35_c012.wav
Cuculus micropterus_35_c013,Cuculus micropterus,Cuculus micropterus,0.9962,data/chunks_48k/Cuculus micropterus_35_c013.wav,data/chunks_16k/Cuculus micropterus_35_c013.wav
Cuculus micropterus_35_c014,Cuculus micropterus,Cuculus micropterus,0.9386,data/chunks_48k/Cuculus micropterus_35_c014.wav,data/chunks_16k/Cuculus micropterus_35_c014.wav
Cuculus micropterus_36_c000,Cuculus micropterus,Cuculus micropterus,0.9990,data/chunks_48k/Cuculus micropterus_36_c000.wav,data/chunks_16k/Cuculus micropterus_36_c000.wav
Cuculus micropterus_36_c001,Cuculus micropterus,Cuculus micropterus,0.9814,data/chunks_48k/Cuculus micropterus_36_c001.wav,data/chunks_16k/Cuculus micropterus_36_c001.wav
Cuculus micropterus_36_c002,Cuculus micropterus,Cuculus micropterus,0.9993,data/chunks_48k/Cuculus micropterus_36_c002.wav,data/chunks_16k/Cuculus micropterus_36_c002.wav
Cuculus micropterus_36_c003,Cuculus micropterus,Cuculus micropterus,0.9987,data/chunks_48k/Cuculus micropterus_36_c003.wav,data/chunks_16k/Cuculus micropterus_36_c003.wav
Cuculus micropterus_36_c004,Cuculus micropterus,Cuculus micropterus,0.9920,data/chunks_48k/Cuculus micropterus_36_c004.wav,data/chunks_16k/Cuculus micropterus_36_c004.wav
Cuculus micropterus_36_c005,Cuculus micropterus,Cuculus micropterus,0.9988,data/chunks_48k/Cuculus micropterus_36_c005.wav,data/chunks_16k/Cuculus micropterus_36_c005.wav
Cuculus micropterus_37_c000,Cuculus micropterus,Cuculus micropterus,0.9294,data/chunks_48k/Cuculus micropterus_37_c000.wav,data/chunks_16k/Cuculus micropterus_37_c000.wav
Cuculus micropterus_37_c001,Cuculus micropterus,Cuculus micropterus,0.6030,data/chunks_48k/Cuculus micropterus_37_c001.wav,data/chunks_16k/Cuculus micropterus_37_c001.wav
Cuculus micropterus_38_c000,Cuculus micropterus,Cuculus micropterus,0.9369,data/chunks_48k/Cuculus micropterus_38_c000.wav,data/chunks_16k/Cuculus micropterus_38_c000.wav
Cuculus micropterus_38_c001,Cuculus micropterus,Cuculus micropterus,0.7305,data/chunks_48k/Cuculus micropterus_38_c001.wav,data/chunks_16k/Cuculus micropterus_38_c001.wav
Cuculus micropterus_38_c003,Cuculus micropterus,Cuculus micropterus,0.9237,data/chunks_48k/Cuculus micropterus_38_c003.wav,data/chunks_16k/Cuculus micropterus_38_c003.wav
Cuculus micropterus_38_c004,Cuculus micropterus,Cuculus micropterus,0.7218,data/chunks_48k/Cuculus micropterus_38_c004.wav,data/chunks_16k/Cuculus micropterus_38_c004.wav
Cuculus micropterus_39_c000,Cuculus micropterus,Cuculus micropterus,0.9999,data/chunks_48k/Cuculus micropterus_39_c000.wav,data/chunks_16k/Cuculus micropterus_39_c000.wav
Cuculus micropterus_39_c001,Cuculus micropterus,Cuculus micropterus,0.9991,data/chunks_48k/Cuculus micropterus_39_c001.wav,data/chunks_16k/Cuculus micropterus_39_c001.wav
Cuculus micropterus_39_c002,Cuculus micropterus,Cuculus micropterus,1.0000,data/chunks_48k/Cuculus micropterus_39_c002.wav,data/chunks_16k/Cuculus micropterus_39_c002.wav
Cuculus micropterus_39_c003,Cuculus micropterus,Cuculus micropterus,0.9999,data/chunks_48k/Cuculus micropterus_39_c003.wav,data/chunks_16k/Cuculus micropterus_39_c003.wav
Cuculus micropterus_3_c000,Cuculus micropterus,Cuculus micropterus,0.9920,data/chunks_48k/Cuculus micropterus_3_c000.wav,data/chunks_16k/Cuculus micropterus_3_c000.wav
Cuculus micropterus_3_c001,Cuculus micropterus,Cuculus micropterus,0.8399,data/chunks_48k/Cuculus micropterus_3_c001.wav,data/chunks_16k/Cuculus micropterus_3_c001.wav
Cuculus micropterus_3_c002,Cuculus micropterus,Cuculus micropterus,0.9269,data/chunks_48k/Cuculus micropterus_3_c002.wav,data/chunks_16k/Cuculus micropterus_3_c002.wav
Cuculus micropterus_3_c003,Cuculus micropterus,Cuculus micropterus,0.9978,data/chunks_48k/Cuculus micropterus_3_c003.wav,data/chunks_16k/Cuculus micropterus_3_c003.wav
Cuculus micropterus_3_c004,Cuculus micropterus,Cuculus micropterus,0.9962,data/chunks_48k/Cuculus micropterus_3_c004.wav,data/chunks_16k/Cuculus micropterus_3_c004.wav
Cuculus micropterus_3_c005,Cuculus micropterus,Cuculus micropterus,0.8669,data/chunks_48k/Cuculus micropterus_3_c005.wav,data/chunks_16k/Cuculus micropterus_3_c005.wav
Cuculus micropterus_40_c000,Cuculus micropterus,Cuculus micropterus,0.8874,data/chunks_48k/Cuculus micropterus_40_c000.wav,data/chunks_16k/Cuculus micropterus_40_c000.wav
Cuculus micropterus_40_c001,Cuculus micropterus,Cuculus micropterus,0.9995,data/chunks_48k/Cuculus micropterus_40_c001.wav,data/chunks_16k/Cuculus micropterus_40_c001.wav
Cuculus micropterus_40_c002,Cuculus micropterus,Cuculus micropterus,0.9991,data/chunks_48k/Cuculus micropterus_40_c002.wav,data/chunks_16k/Cuculus micropterus_40_c002.wav
Cuculus micropterus_40_c003,Cuculus micropterus,Cuculus micropterus,0.9995,data/chunks_48k/Cuculus micropterus_40_c003.wav,data/chunks_16k/Cuculus micropterus_40_c003.wav
Cuculus micropterus_40_c004,Cuculus micropterus,Cuculus micropterus,0.9998,data/chunks_48k/Cuculus micropterus_40_c004.wav,data/chunks_16k/Cuculus micropterus_40_c004.wav
Cuculus micropterus_41_c000,Cuculus micropterus,Cuculus micropterus,0.9754,data/chunks_48k/Cuculus micropterus_41_c000.wav,data/chunks_16k/Cuculus micropterus_41_c000.wav
Cuculus micropterus_41_c001,Cuculus micropterus,Cuculus micropterus,0.9995,data/chunks_48k/Cuculus micropterus_41_c001.wav,data/chunks_16k/Cuculus micropterus_41_c001.wav
Cuculus micropterus_41_c002,Cuculus micropterus,Cuculus micropterus,0.9713,data/chunks_48k/Cuculus micropterus_41_c002.wav,data/chunks_16k/Cuculus micropterus_41_c002.wav
Cuculus micropterus_41_c003,Cuculus micropterus,Cuculus micropterus,0.9992,data/chunks_48k/Cuculus micropterus_41_c003.wav,data/chunks_16k/Cuculus micropterus_41_c003.wav
Cuculus micropterus_42_c000,Cuculus micropterus,Cuculus micropterus,0.7229,data/chunks_48k/Cuculus micropterus_42_c000.wav,data/chunks_16k/Cuculus micropterus_42_c000.wav
Cuculus micropterus_43_c000,Cuculus micropterus,Cuculus micropterus,0.9890,data/chunks_48k/Cuculus micropterus_43_c000.wav,data/chunks_16k/Cuculus micropterus_43_c000.wav
Cuculus micropterus_43_c001,Cuculus micropterus,Cuculus micropterus,0.9601,data/chunks_48k/Cuculus micropterus_43_c001.wav,data/chunks_16k/Cuculus micropterus_43_c001.wav
Cuculus micropterus_43_c002,Cuculus micropterus,Cuculus micropterus,0.9966,data/chunks_48k/Cuculus micropterus_43_c002.wav,data/chunks_16k/Cuculus micropterus_43_c002.wav
Cuculus micropterus_43_c003,Cuculus micropterus,Cuculus micropterus,0.9966,data/chunks_48k/Cuculus micropterus_43_c003.wav,data/chunks_16k/Cuculus micropterus_43_c003.wav
Cuculus micropterus_43_c004,Cuculus micropterus,Cuculus micropterus,0.9964,data/chunks_48k/Cuculus micropterus_43_c004.wav,data/chunks_16k/Cuculus micropterus_43_c004.wav
Cuculus micropterus_43_c005,Cuculus micropterus,Cuculus micropterus,0.9955,data/chunks_48k/Cuculus micropterus_43_c005.wav,data/chunks_16k/Cuculus micropterus_43_c005.wav
Cuculus micropterus_43_c006,Cuculus micropterus,Cuculus micropterus,0.9972,data/chunks_48k/Cuculus micropterus_43_c006.wav,data/chunks_16k/Cuculus micropterus_43_c006.wav
Cuculus micropterus_43_c007,Cuculus micropterus,Cuculus micropterus,0.9977,data/chunks_48k/Cuculus micropterus_43_c007.wav,data/chunks_16k/Cuculus micropterus_43_c007.wav
Cuculus micropterus_43_c008,Cuculus micropterus,Cuculus micropterus,0.9862,data/chunks_48k/Cuculus micropterus_43_c008.wav,data/chunks_16k/Cuculus micropterus_43_c008.wav
Cuculus micropterus_43_c009,Cuculus micropterus,Cuculus micropterus,0.9965,data/chunks_48k/Cuculus micropterus_43_c009.wav,data/chunks_16k/Cuculus micropterus_43_c009.wav
Cuculus micropterus_43_c010,Cuculus micropterus,Cuculus micropterus,0.9964,data/chunks_48k/Cuculus micropterus_43_c010.wav,data/chunks_16k/Cuculus micropterus_43_c010.wav
Cuculus micropterus_43_c011,Cuculus micropterus,Cuculus micropterus,0.9973,data/chunks_48k/Cuculus micropterus_43_c011.wav,data/chunks_16k/Cuculus micropterus_43_c011.wav
Cuculus micropterus_43_c012,Cuculus micropterus,Cuculus micropterus,0.7590,data/chunks_48k/Cuculus micropterus_43_c012.wav,data/chunks_16k/Cuculus micropterus_43_c012.wav
Cuculus micropterus_44_c000,Cuculus micropterus,Cuculus micropterus,0.9989,data/chunks_48k/Cuculus micropterus_44_c000.wav,data/chunks_16k/Cuculus micropterus_44_c000.wav
Cuculus micropterus_44_c001,Cuculus micropterus,Cuculus micropterus,0.9992,data/chunks_48k/Cuculus micropterus_44_c001.wav,data/chunks_16k/Cuculus micropterus_44_c001.wav
Cuculus micropterus_44_c002,Cuculus micropterus,Cuculus micropterus,0.9981,data/chunks_48k/Cuculus micropterus_44_c002.wav,data/chunks_16k/Cuculus micropterus_44_c002.wav
Cuculus micropterus_44_c003,Cuculus micropterus,Cuculus micropterus,0.9993,data/chunks_48k/Cuculus micropterus_44_c003.wav,data/chunks_16k/Cuculus micropterus_44_c003.wav
Cuculus micropterus_44_c004,Cuculus micropterus,Cuculus micropterus,0.9998,data/chunks_48k/Cuculus micropterus_44_c004.wav,data/chunks_16k/Cuculus micropterus_44_c004.wav
Cuculus micropterus_44_c005,Cuculus micropterus,Cuculus micropterus,0.9987,data/chunks_48k/Cuculus micropterus_44_c005.wav,data/chunks_16k/Cuculus micropterus_44_c005.wav
Cuculus micropterus_44_c006,Cuculus micropterus,Cuculus micropterus,0.9991,data/chunks_48k/Cuculus micropterus_44_c006.wav,data/chunks_16k/Cuculus micropterus_44_c006.wav
Cuculus micropterus_44_c007,Cuculus micropterus,Cuculus micropterus,0.9973,data/chunks_48k/Cuculus micropterus_44_c007.wav,data/chunks_16k/Cuculus micropterus_44_c007.wav
Cuculus micropterus_44_c009,Cuculus micropterus,Cuculus micropterus,0.9688,data/chunks_48k/Cuculus micropterus_44_c009.wav,data/chunks_16k/Cuculus micropterus_44_c009.wav
Cuculus micropterus_44_c010,Cuculus micropterus,Cuculus micropterus,0.9988,data/chunks_48k/Cuculus micropterus_44_c010.wav,data/chunks_16k/Cuculus micropterus_44_c010.wav
Cuculus micropterus_44_c011,Cuculus micropterus,Cuculus micropterus,0.9991,data/chunks_48k/Cuculus micropterus_44_c011.wav,data/chunks_16k/Cuculus micropterus_44_c011.wav
Cuculus micropterus_44_c012,Cuculus micropterus,Cuculus micropterus,0.9979,data/chunks_48k/Cuculus micropterus_44_c012.wav,data/chunks_16k/Cuculus micropterus_44_c012.wav
Cuculus micropterus_45_c000,Cuculus micropterus,Cuculus micropterus,0.9969,data/chunks_48k/Cuculus micropterus_45_c000.wav,data/chunks_16k/Cuculus micropterus_45_c000.wav
Cuculus micropterus_45_c001,Cuculus micropterus,Cuculus micropterus,0.9997,data/chunks_48k/Cuculus micropterus_45_c001.wav,data/chunks_16k/Cuculus micropterus_45_c001.wav
Cuculus micropterus_45_c002,Cuculus micropterus,Cuculus micropterus,0.9994,data/chunks_48k/Cuculus micropterus_45_c002.wav,data/chunks_16k/Cuculus micropterus_45_c002.wav
Cuculus micropterus_45_c003,Cuculus micropterus,Cuculus micropterus,0.9815,data/chunks_48k/Cuculus micropterus_45_c003.wav,data/chunks_16k/Cuculus micropterus_45_c003.wav
Cuculus micropterus_45_c006,Cuculus micropterus,Cuculus micropterus,0.9729,data/chunks_48k/Cuculus micropterus_45_c006.wav,data/chunks_16k/Cuculus micropterus_45_c006.wav
Cuculus micropterus_45_c007,Cuculus micropterus,Cuculus micropterus,0.9992,data/chunks_48k/Cuculus micropterus_45_c007.wav,data/chunks_16k/Cuculus micropterus_45_c007.wav
Cuculus micropterus_45_c008,Cuculus micropterus,Cuculus micropterus,0.9907,data/chunks_48k/Cuculus micropterus_45_c008.wav,data/chunks_16k/Cuculus micropterus_45_c008.wav
Cuculus micropterus_45_c009,Cuculus micropterus,Cuculus micropterus,0.9960,data/chunks_48k/Cuculus micropterus_45_c009.wav,data/chunks_16k/Cuculus micropterus_45_c009.wav
Cuculus micropterus_45_c010,Cuculus micropterus,Cuculus micropterus,0.9953,data/chunks_48k/Cuculus micropterus_45_c010.wav,data/chunks_16k/Cuculus micropterus_45_c010.wav
Cuculus micropterus_45_c011,Cuculus micropterus,Cuculus micropterus,0.9468,data/chunks_48k/Cuculus micropterus_45_c011.wav,data/chunks_16k/Cuculus micropterus_45_c011.wav
Cuculus micropterus_45_c012,Cuculus micropterus,Cuculus micropterus,0.9948,data/chunks_48k/Cuculus micropterus_45_c012.wav,data/chunks_16k/Cuculus micropterus_45_c012.wav
Cuculus micropterus_45_c013,Cuculus micropterus,Cuculus micropterus,0.9997,data/chunks_48k/Cuculus micropterus_45_c013.wav,data/chunks_16k/Cuculus micropterus_45_c013.wav
Cuculus micropterus_46_c000,Cuculus micropterus,Cuculus micropterus,0.9890,data/chunks_48k/Cuculus micropterus_46_c000.wav,data/chunks_16k/Cuculus micropterus_46_c000.wav
Cuculus micropterus_46_c001,Cuculus micropterus,Cuculus micropterus,0.9601,data/chunks_48k/Cuculus micropterus_46_c001.wav,data/chunks_16k/Cuculus micropterus_46_c001.wav
Cuculus micropterus_46_c002,Cuculus micropterus,Cuculus micropterus,0.9966,data/chunks_48k/Cuculus micropterus_46_c002.wav,data/chunks_16k/Cuculus micropterus_46_c002.wav
Cuculus micropterus_46_c003,Cuculus micropterus,Cuculus micropterus,0.9966,data/chunks_48k/Cuculus micropterus_46_c003.wav,data/chunks_16k/Cuculus micropterus_46_c003.wav
Cuculus micropterus_46_c004,Cuculus micropterus,Cuculus micropterus,0.9964,data/chunks_48k/Cuculus micropterus_46_c004.wav,data/chunks_16k/Cuculus micropterus_46_c004.wav
Cuculus micropterus_46_c005,Cuculus micropterus,Cuculus micropterus,0.9955,data/chunks_48k/Cuculus micropterus_46_c005.wav,data/chunks_16k/Cuculus micropterus_46_c005.wav
Cuculus micropterus_46_c006,Cuculus micropterus,Cuculus micropterus,0.9972,data/chunks_48k/Cuculus micropterus_46_c006.wav,data/chunks_16k/Cuculus micropterus_46_c006.wav
Cuculus micropterus_46_c007,Cuculus micropterus,Cuculus micropterus,0.9977,data/chunks_48k/Cuculus micropterus_46_c007.wav,data/chunks_16k/Cuculus micropterus_46_c007.wav
Cuculus micropterus_46_c008,Cuculus micropterus,Cuculus micropterus,0.9862,data/chunks_48k/Cuculus micropterus_46_c008.wav,data/chunks_16k/Cuculus micropterus_46_c008.wav
Cuculus micropterus_46_c009,Cuculus micropterus,Cuculus micropterus,0.9965,data/chunks_48k/Cuculus micropterus_46_c009.wav,data/chunks_16k/Cuculus micropterus_46_c009.wav
Cuculus micropterus_46_c010,Cuculus micropterus,Cuculus micropterus,0.9964,data/chunks_48k/Cuculus micropterus_46_c010.wav,data/chunks_16k/Cuculus micropterus_46_c010.wav
Cuculus micropterus_46_c011,Cuculus micropterus,Cuculus micropterus,0.9973,data/chunks_48k/Cuculus micropterus_46_c011.wav,data/chunks_16k/Cuculus micropterus_46_c011.wav
Cuculus micropterus_46_c012,Cuculus micropterus,Cuculus micropterus,0.7590,data/chunks_48k/Cuculus micropterus_46_c012.wav,data/chunks_16k/Cuculus micropterus_46_c012.wav
Cuculus micropterus_47_c000,Cuculus micropterus,Cuculus micropterus,0.9754,data/chunks_48k/Cuculus micropterus_47_c000.wav,data/chunks_16k/Cuculus micropterus_47_c000.wav
Cuculus micropterus_47_c001,Cuculus micropterus,Cuculus micropterus,0.9995,data/chunks_48k/Cuculus micropterus_47_c001.wav,data/chunks_16k/Cuculus micropterus_47_c001.wav
Cuculus micropterus_47_c002,Cuculus micropterus,Cuculus micropterus,0.9713,data/chunks_48k/Cuculus micropterus_47_c002.wav,data/chunks_16k/Cuculus micropterus_47_c002.wav
Cuculus micropterus_47_c003,Cuculus micropterus,Cuculus micropterus,0.9992,data/chunks_48k/Cuculus micropterus_47_c003.wav,data/chunks_16k/Cuculus micropterus_47_c003.wav
Cuculus micropterus_48_c000,Cuculus micropterus,Cuculus micropterus,0.9985,data/chunks_48k/Cuculus micropterus_48_c000.wav,data/chunks_16k/Cuculus micropterus_48_c000.wav
Cuculus micropterus_48_c001,Cuculus micropterus,Cuculus micropterus,0.9880,data/chunks_48k/Cuculus micropterus_48_c001.wav,data/chunks_16k/Cuculus micropterus_48_c001.wav
Cuculus micropterus_48_c002,Cuculus micropterus,Cuculus micropterus,0.9782,data/chunks_48k/Cuculus micropterus_48_c002.wav,data/chunks_16k/Cuculus micropterus_48_c002.wav
Cuculus micropterus_49_c000,Cuculus micropterus,Cuculus micropterus,0.9961,data/chunks_48k/Cuculus micropterus_49_c000.wav,data/chunks_16k/Cuculus micropterus_49_c000.wav
Cuculus micropterus_49_c001,Cuculus micropterus,Cuculus micropterus,0.9973,data/chunks_48k/Cuculus micropterus_49_c001.wav,data/chunks_16k/Cuculus micropterus_49_c001.wav
Cuculus micropterus_49_c002,Cuculus micropterus,Cuculus micropterus,0.9865,data/chunks_48k/Cuculus micropterus_49_c002.wav,data/chunks_16k/Cuculus micropterus_49_c002.wav
Cuculus micropterus_49_c003,Cuculus micropterus,Cuculus micropterus,0.9907,data/chunks_48k/Cuculus micropterus_49_c003.wav,data/chunks_16k/Cuculus micropterus_49_c003.wav
Cuculus micropterus_49_c004,Cuculus micropterus,Cuculus micropterus,0.9952,data/chunks_48k/Cuculus micropterus_49_c004.wav,data/chunks_16k/Cuculus micropterus_49_c004.wav
Cuculus micropterus_4_c000,Cuculus micropterus,Cuculus micropterus,0.9377,data/chunks_48k/Cuculus micropterus_4_c000.wav,data/chunks_16k/Cuculus micropterus_4_c000.wav
Cuculus micropterus_4_c001,Cuculus micropterus,Cuculus micropterus,0.9934,data/chunks_48k/Cuculus micropterus_4_c001.wav,data/chunks_16k/Cuculus micropterus_4_c001.wav
Cuculus micropterus_4_c002,Cuculus micropterus,Cuculus micropterus,0.9903,data/chunks_48k/Cuculus micropterus_4_c002.wav,data/chunks_16k/Cuculus micropterus_4_c002.wav
Cuculus micropterus_4_c003,Cuculus micropterus,Cuculus micropterus,0.9903,data/chunks_48k/Cuculus micropterus_4_c003.wav,data/chunks_16k/Cuculus micropterus_4_c003.wav
Cuculus micropterus_4_c004,Cuculus micropterus,Cuculus micropterus,0.9881,data/chunks_48k/Cuculus micropterus_4_c004.wav,data/chunks_16k/Cuculus micropterus_4_c004.wav
Cuculus micropterus_4_c005,Cuculus micropterus,Cuculus micropterus,0.9719,data/chunks_48k/Cuculus micropterus_4_c005.wav,data/chunks_16k/Cuculus micropterus_4_c005.wav
Cuculus micropterus_4_c006,Cuculus micropterus,Cuculus micropterus,0.9739,data/chunks_48k/Cuculus micropterus_4_c006.wav,data/chunks_16k/Cuculus micropterus_4_c006.wav
Cuculus micropterus_4_c007,Cuculus micropterus,Cuculus micropterus,0.9876,data/chunks_48k/Cuculus micropterus_4_c007.wav,data/chunks_16k/Cuculus micropterus_4_c007.wav
Cuculus micropterus_4_c008,Cuculus micropterus,Cuculus micropterus,0.9314,data/chunks_48k/Cuculus micropterus_4_c008.wav,data/chunks_16k/Cuculus micropterus_4_c008.wav
Cuculus micropterus_4_c009,Cuculus micropterus,Cuculus micropterus,0.9798,data/chunks_48k/Cuculus micropterus_4_c009.wav,data/chunks_16k/Cuculus micropterus_4_c009.wav
Cuculus micropterus_4_c010,Cuculus micropterus,Cuculus micropterus,0.7569,data/chunks_48k/Cuculus micropterus_4_c010.wav,data/chunks_16k/Cuculus micropterus_4_c010.wav
Cuculus micropterus_4_c011,Cuculus micropterus,Cuculus micropterus,0.9828,data/chunks_48k/Cuculus micropterus_4_c011.wav,data/chunks_16k/Cuculus micropterus_4_c011.wav
Cuculus micropterus_50_c000,Cuculus micropterus,Cuculus micropterus,0.9998,data/chunks_48k/Cuculus micropterus_50_c000.wav,data/chunks_16k/Cuculus micropterus_50_c000.wav
Cuculus micropterus_50_c001,Cuculus micropterus,Cuculus micropterus,0.9973,data/chunks_48k/Cuculus micropterus_50_c001.wav,data/chunks_16k/Cuculus micropterus_50_c001.wav
Cuculus micropterus_50_c002,Cuculus micropterus,Cuculus micropterus,0.9988,data/chunks_48k/Cuculus micropterus_50_c002.wav,data/chunks_16k/Cuculus micropterus_50_c002.wav
Cuculus micropterus_50_c003,Cuculus micropterus,Cuculus micropterus,0.9992,data/chunks_48k/Cuculus micropterus_50_c003.wav,data/chunks_16k/Cuculus micropterus_50_c003.wav
Cuculus micropterus_51_c000,Cuculus micropterus,Cuculus micropterus,0.9996,data/chunks_48k/Cuculus micropterus_51_c000.wav,data/chunks_16k/Cuculus micropterus_51_c000.wav
Cuculus micropterus_51_c001,Cuculus micropterus,Cuculus micropterus,0.9996,data/chunks_48k/Cuculus micropterus_51_c001.wav,data/chunks_16k/Cuculus micropterus_51_c001.wav
Cuculus micropterus_51_c002,Cuculus micropterus,Cuculus micropterus,0.9997,data/chunks_48k/Cuculus micropterus_51_c002.wav,data/chunks_16k/Cuculus micropterus_51_c002.wav
Cuculus micropterus_51_c003,Cuculus micropterus,Cuculus micropterus,0.9999,data/chunks_48k/Cuculus micropterus_51_c003.wav,data/chunks_16k/Cuculus micropterus_51_c003.wav
Cuculus micropterus_52_c000,Cuculus micropterus,Cuculus micropterus,0.9893,data/chunks_48k/Cuculus micropterus_52_c000.wav,data/chunks_16k/Cuculus micropterus_52_c000.wav
Cuculus micropterus_52_c001,Cuculus micropterus,Cuculus micropterus,0.6531,data/chunks_48k/Cuculus micropterus_52_c001.wav,data/chunks_16k/Cuculus micropterus_52_c001.wav
Cuculus micropterus_53_c000,Cuculus micropterus,Cuculus micropterus,0.8609,data/chunks_48k/Cuculus micropterus_53_c000.wav,data/chunks_16k/Cuculus micropterus_53_c000.wav
Cuculus micropterus_53_c001,Cuculus micropterus,Cuculus micropterus,0.9859,data/chunks_48k/Cuculus micropterus_53_c001.wav,data/chunks_16k/Cuculus micropterus_53_c001.wav
Cuculus micropterus_54_c000,Cuculus micropterus,Cuculus micropterus,0.9294,data/chunks_48k/Cuculus micropterus_54_c000.wav,data/chunks_16k/Cuculus micropterus_54_c000.wav
Cuculus micropterus_54_c001,Cuculus micropterus,Cuculus micropterus,0.6030,data/chunks_48k/Cuculus micropterus_54_c001.wav,data/chunks_16k/Cuculus micropterus_54_c001.wav
Cuculus micropterus_56_c000,Cuculus micropterus,Cuculus micropterus,0.9920,data/chunks_48k/Cuculus micropterus_56_c000.wav,data/chunks_16k/Cuculus micropterus_56_c000.wav
Cuculus micropterus_56_c001,Cuculus micropterus,Cuculus micropterus,0.8399,data/chunks_48k/Cuculus micropterus_56_c001.wav,data/chunks_16k/Cuculus micropterus_56_c001.wav
Cuculus micropterus_56_c002,Cuculus micropterus,Cuculus micropterus,0.9269,data/chunks_48k/Cuculus micropterus_56_c002.wav,data/chunks_16k/Cuculus micropterus_56_c002.wav
Cuculus micropterus_56_c003,Cuculus micropterus,Cuculus micropterus,0.9978,data/chunks_48k/Cuculus micropterus_56_c003.wav,data/chunks_16k/Cuculus micropterus_56_c003.wav
Cuculus micropterus_56_c004,Cuculus micropterus,Cuculus micropterus,0.9962,data/chunks_48k/Cuculus micropterus_56_c004.wav,data/chunks_16k/Cuculus micropterus_56_c004.wav
Cuculus micropterus_56_c005,Cuculus micropterus,Cuculus micropterus,0.8669,data/chunks_48k/Cuculus micropterus_56_c005.wav,data/chunks_16k/Cuculus micropterus_56_c005.wav
Cuculus micropterus_57_c000,Cuculus micropterus,Cuculus micropterus,0.9369,data/chunks_48k/Cuculus micropterus_57_c000.wav,data/chunks_16k/Cuculus micropterus_57_c000.wav
Cuculus micropterus_57_c001,Cuculus micropterus,Cuculus micropterus,0.7305,data/chunks_48k/Cuculus micropterus_57_c001.wav,data/chunks_16k/Cuculus micropterus_57_c001.wav
Cuculus micropterus_57_c003,Cuculus micropterus,Cuculus micropterus,0.9237,data/chunks_48k/Cuculus micropterus_57_c003.wav,data/chunks_16k/Cuculus micropterus_57_c003.wav
Cuculus micropterus_57_c004,Cuculus micropterus,Cuculus micropterus,0.7218,data/chunks_48k/Cuculus micropterus_57_c004.wav,data/chunks_16k/Cuculus micropterus_57_c004.wav
Cuculus micropterus_58_c000,Cuculus micropterus,Cuculus micropterus,0.9592,data/chunks_48k/Cuculus micropterus_58_c000.wav,data/chunks_16k/Cuculus micropterus_58_c000.wav
Cuculus micropterus_58_c001,Cuculus micropterus,Cuculus micropterus,0.9940,data/chunks_48k/Cuculus micropterus_58_c001.wav,data/chunks_16k/Cuculus micropterus_58_c001.wav
Cuculus micropterus_58_c002,Cuculus micropterus,Cuculus micropterus,0.9977,data/chunks_48k/Cuculus micropterus_58_c002.wav,data/chunks_16k/Cuculus micropterus_58_c002.wav
Cuculus micropterus_58_c003,Cuculus micropterus,Cuculus micropterus,0.9307,data/chunks_48k/Cuculus micropterus_58_c003.wav,data/chunks_16k/Cuculus micropterus_58_c003.wav
Cuculus micropterus_59_c000,Cuculus micropterus,Cuculus micropterus,0.9994,data/chunks_48k/Cuculus micropterus_59_c000.wav,data/chunks_16k/Cuculus micropterus_59_c000.wav
Cuculus micropterus_59_c001,Cuculus micropterus,Cuculus micropterus,0.9988,data/chunks_48k/Cuculus micropterus_59_c001.wav,data/chunks_16k/Cuculus micropterus_59_c001.wav
Cuculus micropterus_60_c000,Cuculus micropterus,Cuculus micropterus,0.9987,data/chunks_48k/Cuculus micropterus_60_c000.wav,data/chunks_16k/Cuculus micropterus_60_c000.wav
Cuculus micropterus_60_c001,Cuculus micropterus,Cuculus micropterus,0.9897,data/chunks_48k/Cuculus micropterus_60_c001.wav,data/chunks_16k/Cuculus micropterus_60_c001.wav
Cuculus micropterus_60_c002,Cuculus micropterus,Cuculus micropterus,0.9913,data/chunks_48k/Cuculus micropterus_60_c002.wav,data/chunks_16k/Cuculus micropterus_60_c002.wav
Cuculus micropterus_60_c003,Cuculus micropterus,Cuculus micropterus,0.9970,data/chunks_48k/Cuculus micropterus_60_c003.wav,data/chunks_16k/Cuculus micropterus_60_c003.wav
Cuculus micropterus_60_c004,Cuculus micropterus,Cuculus micropterus,0.9997,data/chunks_48k/Cuculus micropterus_60_c004.wav,data/chunks_16k/Cuculus micropterus_60_c004.wav
Cuculus micropterus_60_c005,Cuculus micropterus,Cuculus micropterus,0.9999,data/chunks_48k/Cuculus micropterus_60_c005.wav,data/chunks_16k/Cuculus micropterus_60_c005.wav
Cuculus micropterus_60_c006,Cuculus micropterus,Cuculus micropterus,0.9999,data/chunks_48k/Cuculus micropterus_60_c006.wav,data/chunks_16k/Cuculus micropterus_60_c006.wav
Cuculus micropterus_60_c007,Cuculus micropterus,Cuculus micropterus,0.9993,data/chunks_48k/Cuculus micropterus_60_c007.wav,data/chunks_16k/Cuculus micropterus_60_c007.wav
Cuculus micropterus_60_c008,Cuculus micropterus,Cuculus micropterus,0.9992,data/chunks_48k/Cuculus micropterus_60_c008.wav,data/chunks_16k/Cuculus micropterus_60_c008.wav
Cuculus micropterus_60_c009,Cuculus micropterus,Cuculus micropterus,0.9993,data/chunks_48k/Cuculus micropterus_60_c009.wav,data/chunks_16k/Cuculus micropterus_60_c009.wav
Cuculus micropterus_60_c010,Cuculus micropterus,Cuculus micropterus,0.9999,data/chunks_48k/Cuculus micropterus_60_c010.wav,data/chunks_16k/Cuculus micropterus_60_c010.wav
Cuculus micropterus_60_c011,Cuculus micropterus,Cuculus micropterus,0.9998,data/chunks_48k/Cuculus micropterus_60_c011.wav,data/chunks_16k/Cuculus micropterus_60_c011.wav
Cuculus micropterus_60_c012,Cuculus micropterus,Cuculus micropterus,0.9998,data/chunks_48k/Cuculus micropterus_60_c012.wav,data/chunks_16k/Cuculus micropterus_60_c012.wav
Cuculus micropterus_61_c000,Cuculus micropterus,Cuculus micropterus,0.9986,data/chunks_48k/Cuculus micropterus_61_c000.wav,data/chunks_16k/Cuculus micropterus_61_c000.wav
Cuculus micropterus_61_c001,Cuculus micropterus,Cuculus micropterus,0.9858,data/chunks_48k/Cuculus micropterus_61_c001.wav,data/chunks_16k/Cuculus micropterus_61_c001.wav
Cuculus micropterus_61_c002,Cuculus micropterus,Cuculus micropterus,0.9865,data/chunks_48k/Cuculus micropterus_61_c002.wav,data/chunks_16k/Cuculus micropterus_61_c002.wav
Cuculus micropterus_62_c000,Cuculus micropterus,Cuculus micropterus,0.9952,data/chunks_48k/Cuculus micropterus_62_c000.wav,data/chunks_16k/Cuculus micropterus_62_c000.wav
Cuculus micropterus_62_c001,Cuculus micropterus,Cuculus micropterus,0.9937,data/chunks_48k/Cuculus micropterus_62_c001.wav,data/chunks_16k/Cuculus micropterus_62_c001.wav
Cuculus micropterus_62_c002,Cuculus micropterus,Cuculus micropterus,0.9871,data/chunks_48k/Cuculus micropterus_62_c002.wav,data/chunks_16k/Cuculus micropterus_62_c002.wav
Cuculus micropterus_62_c003,Cuculus micropterus,Cuculus micropterus,0.9682,data/chunks_48k/Cuculus micropterus_62_c003.wav,data/chunks_16k/Cuculus micropterus_62_c003.wav
Cuculus micropterus_63_c000,Cuculus micropterus,Cuculus micropterus,0.9911,data/chunks_48k/Cuculus micropterus_63_c000.wav,data/chunks_16k/Cuculus micropterus_63_c000.wav
Cuculus micropterus_63_c001,Cuculus micropterus,Cuculus micropterus,0.9997,data/chunks_48k/Cuculus micropterus_63_c001.wav,data/chunks_16k/Cuculus micropterus_63_c001.wav
Cuculus micropterus_63_c002,Cuculus micropterus,Cuculus micropterus,0.9807,data/chunks_48k/Cuculus micropterus_63_c002.wav,data/chunks_16k/Cuculus micropterus_63_c002.wav
Cuculus micropterus_63_c003,Cuculus micropterus,Cuculus micropterus,0.9858,data/chunks_48k/Cuculus micropterus_63_c003.wav,data/chunks_16k/Cuculus micropterus_63_c003.wav
Cuculus micropterus_64_c000,Cuculus micropterus,Cuculus micropterus,0.9978,data/chunks_48k/Cuculus micropterus_64_c000.wav,data/chunks_16k/Cuculus micropterus_64_c000.wav
Cuculus micropterus_64_c001,Cuculus micropterus,Cuculus micropterus,0.9991,data/chunks_48k/Cuculus micropterus_64_c001.wav,data/chunks_16k/Cuculus micropterus_64_c001.wav
Cuculus micropterus_64_c002,Cuculus micropterus,Cuculus micropterus,0.9894,data/chunks_48k/Cuculus micropterus_64_c002.wav,data/chunks_16k/Cuculus micropterus_64_c002.wav
Cuculus micropterus_64_c003,Cuculus micropterus,Cuculus micropterus,0.9853,data/chunks_48k/Cuculus micropterus_64_c003.wav,data/chunks_16k/Cuculus micropterus_64_c003.wav
Cuculus micropterus_65_c000,Cuculus micropterus,Cuculus micropterus,0.9788,data/chunks_48k/Cuculus micropterus_65_c000.wav,data/chunks_16k/Cuculus micropterus_65_c000.wav
Cuculus micropterus_65_c001,Cuculus micropterus,Cuculus micropterus,0.8209,data/chunks_48k/Cuculus micropterus_65_c001.wav,data/chunks_16k/Cuculus micropterus_65_c001.wav
Cuculus micropterus_65_c002,Cuculus micropterus,Cuculus micropterus,0.9601,data/chunks_48k/Cuculus micropterus_65_c002.wav,data/chunks_16k/Cuculus micropterus_65_c002.wav
Cuculus micropterus_65_c003,Cuculus micropterus,Cuculus micropterus,0.6605,data/chunks_48k/Cuculus micropterus_65_c003.wav,data/chunks_16k/Cuculus micropterus_65_c003.wav
Cuculus micropterus_66_c000,Cuculus micropterus,Cuculus micropterus,0.6687,data/chunks_48k/Cuculus micropterus_66_c000.wav,data/chunks_16k/Cuculus micropterus_66_c000.wav
Cuculus micropterus_66_c001,Cuculus micropterus,Cuculus micropterus,0.8827,data/chunks_48k/Cuculus micropterus_66_c001.wav,data/chunks_16k/Cuculus micropterus_66_c001.wav
Cuculus micropterus_66_c002,Cuculus micropterus,Cuculus micropterus,0.9538,data/chunks_48k/Cuculus micropterus_66_c002.wav,data/chunks_16k/Cuculus micropterus_66_c002.wav
Cuculus micropterus_66_c004,Cuculus micropterus,Cuculus micropterus,0.9709,data/chunks_48k/Cuculus micropterus_66_c004.wav,data/chunks_16k/Cuculus micropterus_66_c004.wav
Cuculus micropterus_66_c005,Cuculus micropterus,Cuculus micropterus,0.9972,data/chunks_48k/Cuculus micropterus_66_c005.wav,data/chunks_16k/Cuculus micropterus_66_c005.wav
Cuculus micropterus_66_c006,Cuculus micropterus,Cuculus micropterus,0.9987,data/chunks_48k/Cuculus micropterus_66_c006.wav,data/chunks_16k/Cuculus micropterus_66_c006.wav
Cuculus micropterus_66_c007,Cuculus micropterus,Cuculus micropterus,0.9998,data/chunks_48k/Cuculus micropterus_66_c007.wav,data/chunks_16k/Cuculus micropterus_66_c007.wav
Cuculus micropterus_66_c008,Cuculus micropterus,Cuculus micropterus,0.9993,data/chunks_48k/Cuculus micropterus_66_c008.wav,data/chunks_16k/Cuculus micropterus_66_c008.wav
Cuculus micropterus_6_c000,Cuculus micropterus,Cuculus micropterus,0.9996,data/chunks_48k/Cuculus micropterus_6_c000.wav,data/chunks_16k/Cuculus micropterus_6_c000.wav
Cuculus micropterus_6_c001,Cuculus micropterus,Cuculus micropterus,0.9996,data/chunks_48k/Cuculus micropterus_6_c001.wav,data/chunks_16k/Cuculus micropterus_6_c001.wav
Cuculus micropterus_6_c002,Cuculus micropterus,Cuculus micropterus,0.9997,data/chunks_48k/Cuculus micropterus_6_c002.wav,data/chunks_16k/Cuculus micropterus_6_c002.wav
Cuculus micropterus_6_c003,Cuculus micropterus,Cuculus micropterus,0.9999,data/chunks_48k/Cuculus micropterus_6_c003.wav,data/chunks_16k/Cuculus micropterus_6_c003.wav
Cuculus micropterus_7_c000,Cuculus micropterus,Cuculus micropterus,0.6687,data/chunks_48k/Cuculus micropterus_7_c000.wav,data/chunks_16k/Cuculus micropterus_7_c000.wav
Cuculus micropterus_7_c001,Cuculus micropterus,Cuculus micropterus,0.8827,data/chunks_48k/Cuculus micropterus_7_c001.wav,data/chunks_16k/Cuculus micropterus_7_c001.wav
Cuculus micropterus_7_c002,Cuculus micropterus,Cuculus micropterus,0.9538,data/chunks_48k/Cuculus micropterus_7_c002.wav,data/chunks_16k/Cuculus micropterus_7_c002.wav
Cuculus micropterus_7_c004,Cuculus micropterus,Cuculus micropterus,0.9709,data/chunks_48k/Cuculus micropterus_7_c004.wav,data/chunks_16k/Cuculus micropterus_7_c004.wav
Cuculus micropterus_7_c005,Cuculus micropterus,Cuculus micropterus,0.9972,data/chunks_48k/Cuculus micropterus_7_c005.wav,data/chunks_16k/Cuculus micropterus_7_c005.wav
Cuculus micropterus_7_c006,Cuculus micropterus,Cuculus micropterus,0.9987,data/chunks_48k/Cuculus micropterus_7_c006.wav,data/chunks_16k/Cuculus micropterus_7_c006.wav
Cuculus micropterus_7_c007,Cuculus micropterus,Cuculus micropterus,0.9998,data/chunks_48k/Cuculus micropterus_7_c007.wav,data/chunks_16k/Cuculus micropterus_7_c007.wav
Cuculus micropterus_7_c008,Cuculus micropterus,Cuculus micropterus,0.9993,data/chunks_48k/Cuculus micropterus_7_c008.wav,data/chunks_16k/Cuculus micropterus_7_c008.wav
Cuculus micropterus_8_c000,Cuculus micropterus,Cuculus micropterus,0.9936,data/chunks_48k/Cuculus micropterus_8_c000.wav,data/chunks_16k/Cuculus micropterus_8_c000.wav
Cuculus micropterus_8_c001,Cuculus micropterus,Cuculus micropterus,0.9998,data/chunks_48k/Cuculus micropterus_8_c001.wav,data/chunks_16k/Cuculus micropterus_8_c001.wav
Cuculus micropterus_8_c002,Cuculus micropterus,Cuculus micropterus,0.9999,data/chunks_48k/Cuculus micropterus_8_c002.wav,data/chunks_16k/Cuculus micropterus_8_c002.wav
Cuculus micropterus_8_c003,Cuculus micropterus,Cuculus micropterus,0.9991,data/chunks_48k/Cuculus micropterus_8_c003.wav,data/chunks_16k/Cuculus micropterus_8_c003.wav
Cuculus micropterus_8_c004,Cuculus micropterus,Cuculus micropterus,0.9996,data/chunks_48k/Cuculus micropterus_8_c004.wav,data/chunks_16k/Cuculus micropterus_8_c004.wav
Cuculus micropterus_8_c005,Cuculus micropterus,Cuculus micropterus,0.9999,data/chunks_48k/Cuculus micropterus_8_c005.wav,data/chunks_16k/Cuculus micropterus_8_c005.wav
Cuculus micropterus_8_c006,Cuculus micropterus,Cuculus micropterus,0.9992,data/chunks_48k/Cuculus micropterus_8_c006.wav,data/chunks_16k/Cuculus micropterus_8_c006.wav
Cuculus micropterus_8_c007,Cuculus micropterus,Cuculus micropterus,0.9997,data/chunks_48k/Cuculus micropterus_8_c007.wav,data/chunks_16k/Cuculus micropterus_8_c007.wav
Cuculus micropterus_8_c008,Cuculus micropterus,Cuculus micropterus,0.9999,data/chunks_48k/Cuculus micropterus_8_c008.wav,data/chunks_16k/Cuculus micropterus_8_c008.wav
Cuculus micropterus_8_c009,Cuculus micropterus,Cuculus micropterus,0.9998,data/chunks_48k/Cuculus micropterus_8_c009.wav,data/chunks_16k/Cuculus micropterus_8_c009.wav
Cuculus micropterus_8_c010,Cuculus micropterus,Cuculus micropterus,0.9997,data/chunks_48k/Cuculus micropterus_8_c010.wav,data/chunks_16k/Cuculus micropterus_8_c010.wav
Cuculus micropterus_8_c011,Cuculus micropterus,Cuculus micropterus,0.9997,data/chunks_48k/Cuculus micropterus_8_c011.wav,data/chunks_16k/Cuculus micropterus_8_c011.wav
Cuculus micropterus_8_c012,Cuculus micropterus,Cuculus micropterus,0.9973,data/chunks_48k/Cuculus micropterus_8_c012.wav,data/chunks_16k/Cuculus micropterus_8_c012.wav
Cuculus micropterus_8_c013,Cuculus micropterus,Cuculus micropterus,0.9979,data/chunks_48k/Cuculus micropterus_8_c013.wav,data/chunks_16k/Cuculus micropterus_8_c013.wav
Cuculus micropterus_8_c014,Cuculus micropterus,Cuculus micropterus,0.9988,data/chunks_48k/Cuculus micropterus_8_c014.wav,data/chunks_16k/Cuculus micropterus_8_c014.wav
Cuculus micropterus_8_c015,Cuculus micropterus,Cuculus micropterus,0.9952,data/chunks_48k/Cuculus micropterus_8_c015.wav,data/chunks_16k/Cuculus micropterus_8_c015.wav
Cuculus micropterus_8_c016,Cuculus micropterus,Cuculus micropterus,0.9993,data/chunks_48k/Cuculus micropterus_8_c016.wav,data/chunks_16k/Cuculus micropterus_8_c016.wav
Cuculus micropterus_8_c017,Cuculus micropterus,Cuculus micropterus,0.9986,data/chunks_48k/Cuculus micropterus_8_c017.wav,data/chunks_16k/Cuculus micropterus_8_c017.wav
Cuculus micropterus_8_c018,Cuculus micropterus,Cuculus micropterus,0.9997,data/chunks_48k/Cuculus micropterus_8_c018.wav,data/chunks_16k/Cuculus micropterus_8_c018.wav
Cuculus micropterus_8_c019,Cuculus micropterus,Cuculus micropterus,0.9996,data/chunks_48k/Cuculus micropterus_8_c019.wav,data/chunks_16k/Cuculus micropterus_8_c019.wav
Cuculus micropterus_8_c020,Cuculus micropterus,Cuculus micropterus,0.9984,data/chunks_48k/Cuculus micropterus_8_c020.wav,data/chunks_16k/Cuculus micropterus_8_c020.wav
Cuculus micropterus_8_c021,Cuculus micropterus,Cuculus micropterus,0.9972,data/chunks_48k/Cuculus micropterus_8_c021.wav,data/chunks_16k/Cuculus micropterus_8_c021.wav
Cuculus micropterus_8_c022,Cuculus micropterus,Cuculus micropterus,0.9988,data/chunks_48k/Cuculus micropterus_8_c022.wav,data/chunks_16k/Cuculus micropterus_8_c022.wav
Cuculus micropterus_8_c023,Cuculus micropterus,Cuculus micropterus,0.9996,data/chunks_48k/Cuculus micropterus_8_c023.wav,data/chunks_16k/Cuculus micropterus_8_c023.wav
Cuculus micropterus_8_c024,Cuculus micropterus,Cuculus micropterus,0.9995,data/chunks_48k/Cuculus micropterus_8_c024.wav,data/chunks_16k/Cuculus micropterus_8_c024.wav
Cuculus micropterus_8_c025,Cuculus micropterus,Cuculus micropterus,0.9988,data/chunks_48k/Cuculus micropterus_8_c025.wav,data/chunks_16k/Cuculus micropterus_8_c025.wav
Cuculus micropterus_8_c026,Cuculus micropterus,Cuculus micropterus,0.9996,data/chunks_48k/Cuculus micropterus_8_c026.wav,data/chunks_16k/Cuculus micropterus_8_c026.wav
Cuculus micropterus_8_c027,Cuculus micropterus,Cuculus micropterus,0.9993,data/chunks_48k/Cuculus micropterus_8_c027.wav,data/chunks_16k/Cuculus micropterus_8_c027.wav
Cuculus micropterus_8_c028,Cuculus micropterus,Cuculus micropterus,0.9997,data/chunks_48k/Cuculus micropterus_8_c028.wav,data/chunks_16k/Cuculus micropterus_8_c028.wav
Cuculus micropterus_8_c029,Cuculus micropterus,Cuculus micropterus,0.9990,data/chunks_48k/Cuculus micropterus_8_c029.wav,data/chunks_16k/Cuculus micropterus_8_c029.wav
Cuculus micropterus_8_c030,Cuculus micropterus,Cuculus micropterus,0.9997,data/chunks_48k/Cuculus micropterus_8_c030.wav,data/chunks_16k/Cuculus micropterus_8_c030.wav
Cuculus micropterus_8_c031,Cuculus micropterus,Cuculus micropterus,0.9961,data/chunks_48k/Cuculus micropterus_8_c031.wav,data/chunks_16k/Cuculus micropterus_8_c031.wav
Cuculus micropterus_8_c032,Cuculus micropterus,Cuculus micropterus,0.9991,data/chunks_48k/Cuculus micropterus_8_c032.wav,data/chunks_16k/Cuculus micropterus_8_c032.wav
Cuculus micropterus_8_c033,Cuculus micropterus,Cuculus micropterus,0.9985,data/chunks_48k/Cuculus micropterus_8_c033.wav,data/chunks_16k/Cuculus micropterus_8_c033.wav
Cuculus micropterus_8_c034,Cuculus micropterus,Cuculus micropterus,0.9992,data/chunks_48k/Cuculus micropterus_8_c034.wav,data/chunks_16k/Cuculus micropterus_8_c034.wav
Cuculus micropterus_8_c035,Cuculus micropterus,Cuculus micropterus,0.9979,data/chunks_48k/Cuculus micropterus_8_c035.wav,data/chunks_16k/Cuculus micropterus_8_c035.wav
Cuculus micropterus_8_c036,Cuculus micropterus,Cuculus micropterus,0.9993,data/chunks_48k/Cuculus micropterus_8_c036.wav,data/chunks_16k/Cuculus micropterus_8_c036.wav
Cuculus micropterus_9_c000,Cuculus micropterus,Cuculus micropterus,0.9998,data/chunks_48k/Cuculus micropterus_9_c000.wav,data/chunks_16k/Cuculus micropterus_9_c000.wav
Cuculus micropterus_9_c001,Cuculus micropterus,Cuculus micropterus,0.9975,data/chunks_48k/Cuculus micropterus_9_c001.wav,data/chunks_16k/Cuculus micropterus_9_c001.wav
Cuculus micropterus_9_c002,Cuculus micropterus,Cuculus micropterus,0.9995,data/chunks_48k/Cuculus micropterus_9_c002.wav,data/chunks_16k/Cuculus micropterus_9_c002.wav
Cuculus micropterus_9_c003,Cuculus micropterus,Cuculus micropterus,0.9999,data/chunks_48k/Cuculus micropterus_9_c003.wav,data/chunks_16k/Cuculus micropterus_9_c003.wav
Cuculus micropterus_9_c004,Cuculus micropterus,Cuculus micropterus,0.9999,data/chunks_48k/Cuculus micropterus_9_c004.wav,data/chunks_16k/Cuculus micropterus_9_c004.wav
Cuculus micropterus_9_c005,Cuculus micropterus,Cuculus micropterus,0.9998,data/chunks_48k/Cuculus micropterus_9_c005.wav,data/chunks_16k/Cuculus micropterus_9_c005.wav
Cuculus micropterus_9_c006,Cuculus micropterus,Cuculus micropterus,1.0000,data/chunks_48k/Cuculus micropterus_9_c006.wav,data/chunks_16k/Cuculus micropterus_9_c006.wav
Cuculus micropterus_9_c007,Cuculus micropterus,Cuculus micropterus,0.9999,data/chunks_48k/Cuculus micropterus_9_c007.wav,data/chunks_16k/Cuculus micropterus_9_c007.wav
Cuculus micropterus_9_c008,Cuculus micropterus,Cuculus micropterus,0.9999,data/chunks_48k/Cuculus micropterus_9_c008.wav,data/chunks_16k/Cuculus micropterus_9_c008.wav
Cuculus micropterus_9_c009,Cuculus micropterus,Cuculus micropterus,1.0000,data/chunks_48k/Cuculus micropterus_9_c009.wav,data/chunks_16k/Cuculus micropterus_9_c009.wav
Cuculus micropterus_9_c010,Cuculus micropterus,Cuculus micropterus,1.0000,data/chunks_48k/Cuculus micropterus_9_c010.wav,data/chunks_16k/Cuculus micropterus_9_c010.wav
Cuculus micropterus_9_c011,Cuculus micropterus,Cuculus micropterus,0.9999,data/chunks_48k/Cuculus micropterus_9_c011.wav,data/chunks_16k/Cuculus micropterus_9_c011.wav
Cuculus micropterus_9_c012,Cuculus micropterus,Cuculus micropterus,0.9999,data/chunks_48k/Cuculus micropterus_9_c012.wav,data/chunks_16k/Cuculus micropterus_9_c012.wav
Cuculus micropterus_9_c013,Cuculus micropterus,Cuculus micropterus,1.0000,data/chunks_48k/Cuculus micropterus_9_c013.wav,data/chunks_16k/Cuculus micropterus_9_c013.wav
Cyornis concretus_1_c000,Cyornis concretus,Cyornis concretus,0.9596,data/chunks_48k/Cyornis concretus_1_c000.wav,data/chunks_16k/Cyornis concretus_1_c000.wav
Cyornis concretus_1_c002,Cyornis concretus,Cyornis concretus,0.8991,data/chunks_48k/Cyornis concretus_1_c002.wav,data/chunks_16k/Cyornis concretus_1_c002.wav
Cyornis concretus_1_c003,Cyornis concretus,Cyornis concretus,0.7498,data/chunks_48k/Cyornis concretus_1_c003.wav,data/chunks_16k/Cyornis concretus_1_c003.wav
Cyornis concretus_1_c004,Cyornis concretus,Cyornis concretus,0.7331,data/chunks_48k/Cyornis concretus_1_c004.wav,data/chunks_16k/Cyornis concretus_1_c004.wav
Cyornis concretus_1_c005,Cyornis concretus,Cyornis concretus,0.7123,data/chunks_48k/Cyornis concretus_1_c005.wav,data/chunks_16k/Cyornis concretus_1_c005.wav
Cyornis concretus_1_c006,Cyornis concretus,Cyornis concretus,0.9646,data/chunks_48k/Cyornis concretus_1_c006.wav,data/chunks_16k/Cyornis concretus_1_c006.wav
Cyornis concretus_1_c007,Cyornis concretus,Cyornis concretus,0.7776,data/chunks_48k/Cyornis concretus_1_c007.wav,data/chunks_16k/Cyornis concretus_1_c007.wav
Cyornis concretus_1_c008,Cyornis concretus,Cyornis concretus,0.5711,data/chunks_48k/Cyornis concretus_1_c008.wav,data/chunks_16k/Cyornis concretus_1_c008.wav
Cyornis concretus_1_c010,Cyornis concretus,Cyornis concretus,0.8583,data/chunks_48k/Cyornis concretus_1_c010.wav,data/chunks_16k/Cyornis concretus_1_c010.wav
Cyornis concretus_1_c011,Cyornis concretus,Cyornis concretus,0.9144,data/chunks_48k/Cyornis concretus_1_c011.wav,data/chunks_16k/Cyornis concretus_1_c011.wav
Cyornis concretus_1_c012,Cyornis concretus,Cyornis concretus,0.9426,data/chunks_48k/Cyornis concretus_1_c012.wav,data/chunks_16k/Cyornis concretus_1_c012.wav
Cyornis concretus_2_c000,Cyornis concretus,Cyornis concretus,0.6090,data/chunks_48k/Cyornis concretus_2_c000.wav,data/chunks_16k/Cyornis concretus_2_c000.wav
Cyornis concretus_2_c003,Cyornis concretus,Cyornis concretus,0.6338,data/chunks_48k/Cyornis concretus_2_c003.wav,data/chunks_16k/Cyornis concretus_2_c003.wav
Cyornis poliogenys_13_c002,Cyornis poliogenys,Cyornis poliogenys,0.8633,data/chunks_48k/Cyornis poliogenys_13_c002.wav,data/chunks_16k/Cyornis poliogenys_13_c002.wav
Cyornis poliogenys_13_c003,Cyornis poliogenys,Cyornis poliogenys,0.7157,data/chunks_48k/Cyornis poliogenys_13_c003.wav,data/chunks_16k/Cyornis poliogenys_13_c003.wav
Cyornis poliogenys_15_c003,Cyornis poliogenys,Cyornis poliogenys,0.7681,data/chunks_48k/Cyornis poliogenys_15_c003.wav,data/chunks_16k/Cyornis poliogenys_15_c003.wav
Cyornis poliogenys_16_c000,Cyornis poliogenys,Cyornis poliogenys,0.8304,data/chunks_48k/Cyornis poliogenys_16_c000.wav,data/chunks_16k/Cyornis poliogenys_16_c000.wav
Cyornis poliogenys_16_c001,Cyornis poliogenys,Cyornis poliogenys,0.9665,data/chunks_48k/Cyornis poliogenys_16_c001.wav,data/chunks_16k/Cyornis poliogenys_16_c001.wav
Cyornis poliogenys_16_c004,Cyornis poliogenys,Cyornis poliogenys,0.6837,data/chunks_48k/Cyornis poliogenys_16_c004.wav,data/chunks_16k/Cyornis poliogenys_16_c004.wav
Cyornis poliogenys_16_c005,Cyornis poliogenys,Cyornis poliogenys,0.8178,data/chunks_48k/Cyornis poliogenys_16_c005.wav,data/chunks_16k/Cyornis poliogenys_16_c005.wav
Cyornis poliogenys_17_c000,Cyornis poliogenys,Cyornis poliogenys,0.5001,data/chunks_48k/Cyornis poliogenys_17_c000.wav,data/chunks_16k/Cyornis poliogenys_17_c000.wav
Cyornis poliogenys_17_c003,Cyornis poliogenys,Cyornis poliogenys,0.5820,data/chunks_48k/Cyornis poliogenys_17_c003.wav,data/chunks_16k/Cyornis poliogenys_17_c003.wav
Cyornis poliogenys_17_c008,Cyornis poliogenys,Cyornis poliogenys,0.6004,data/chunks_48k/Cyornis poliogenys_17_c008.wav,data/chunks_16k/Cyornis poliogenys_17_c008.wav
Cyornis poliogenys_18_c004,Cyornis poliogenys,Cyornis poliogenys,0.8706,data/chunks_48k/Cyornis poliogenys_18_c004.wav,data/chunks_16k/Cyornis poliogenys_18_c004.wav
Cyornis poliogenys_18_c006,Cyornis poliogenys,Cyornis poliogenys,0.6082,data/chunks_48k/Cyornis poliogenys_18_c006.wav,data/chunks_16k/Cyornis poliogenys_18_c006.wav
Cyornis poliogenys_18_c007,Cyornis poliogenys,Cyornis poliogenys,0.8850,data/chunks_48k/Cyornis poliogenys_18_c007.wav,data/chunks_16k/Cyornis poliogenys_18_c007.wav
Cyornis poliogenys_19_c000,Cyornis poliogenys,Cyornis poliogenys,0.7995,data/chunks_48k/Cyornis poliogenys_19_c000.wav,data/chunks_16k/Cyornis poliogenys_19_c000.wav
Cyornis poliogenys_19_c001,Cyornis poliogenys,Cyornis poliogenys,0.8231,data/chunks_48k/Cyornis poliogenys_19_c001.wav,data/chunks_16k/Cyornis poliogenys_19_c001.wav
Cyornis poliogenys_19_c002,Cyornis poliogenys,Cyornis poliogenys,0.7278,data/chunks_48k/Cyornis poliogenys_19_c002.wav,data/chunks_16k/Cyornis poliogenys_19_c002.wav
Cyornis poliogenys_19_c004,Cyornis poliogenys,Cyornis poliogenys,0.9240,data/chunks_48k/Cyornis poliogenys_19_c004.wav,data/chunks_16k/Cyornis poliogenys_19_c004.wav
Cyornis poliogenys_19_c005,Cyornis poliogenys,Cyornis poliogenys,0.9791,data/chunks_48k/Cyornis poliogenys_19_c005.wav,data/chunks_16k/Cyornis poliogenys_19_c005.wav
Cyornis poliogenys_19_c008,Cyornis poliogenys,Cyornis poliogenys,0.7461,data/chunks_48k/Cyornis poliogenys_19_c008.wav,data/chunks_16k/Cyornis poliogenys_19_c008.wav
Cyornis poliogenys_19_c009,Cyornis poliogenys,Cyornis poliogenys,0.8432,data/chunks_48k/Cyornis poliogenys_19_c009.wav,data/chunks_16k/Cyornis poliogenys_19_c009.wav
Cyornis poliogenys_1_c001,Cyornis poliogenys,Cyornis poliogenys,0.5128,data/chunks_48k/Cyornis poliogenys_1_c001.wav,data/chunks_16k/Cyornis poliogenys_1_c001.wav
Cyornis poliogenys_1_c002,Cyornis poliogenys,Cyornis poliogenys,0.5397,data/chunks_48k/Cyornis poliogenys_1_c002.wav,data/chunks_16k/Cyornis poliogenys_1_c002.wav
Cyornis poliogenys_1_c003,Cyornis poliogenys,Cyornis poliogenys,0.7009,data/chunks_48k/Cyornis poliogenys_1_c003.wav,data/chunks_16k/Cyornis poliogenys_1_c003.wav
Cyornis poliogenys_1_c004,Cyornis poliogenys,Cyornis poliogenys,0.5074,data/chunks_48k/Cyornis poliogenys_1_c004.wav,data/chunks_16k/Cyornis poliogenys_1_c004.wav
Cyornis poliogenys_1_c008,Cyornis poliogenys,Cyornis poliogenys,0.5677,data/chunks_48k/Cyornis poliogenys_1_c008.wav,data/chunks_16k/Cyornis poliogenys_1_c008.wav
Cyornis poliogenys_1_c009,Cyornis poliogenys,Cyornis poliogenys,0.7002,data/chunks_48k/Cyornis poliogenys_1_c009.wav,data/chunks_16k/Cyornis poliogenys_1_c009.wav
Cyornis poliogenys_1_c011,Cyornis poliogenys,Cyornis poliogenys,0.8359,data/chunks_48k/Cyornis poliogenys_1_c011.wav,data/chunks_16k/Cyornis poliogenys_1_c011.wav
Cyornis poliogenys_20_c000,Cyornis poliogenys,Cyornis poliogenys,0.6214,data/chunks_48k/Cyornis poliogenys_20_c000.wav,data/chunks_16k/Cyornis poliogenys_20_c000.wav
Cyornis poliogenys_21_c000,Cyornis poliogenys,Cyornis poliogenys,0.9355,data/chunks_48k/Cyornis poliogenys_21_c000.wav,data/chunks_16k/Cyornis poliogenys_21_c000.wav
Cyornis poliogenys_21_c001,Cyornis poliogenys,Cyornis poliogenys,0.7302,data/chunks_48k/Cyornis poliogenys_21_c001.wav,data/chunks_16k/Cyornis poliogenys_21_c001.wav
Cyornis poliogenys_21_c002,Cyornis poliogenys,Cyornis poliogenys,0.8582,data/chunks_48k/Cyornis poliogenys_21_c002.wav,data/chunks_16k/Cyornis poliogenys_21_c002.wav
Cyornis poliogenys_22_c000,Cyornis poliogenys,Cyornis poliogenys,0.6008,data/chunks_48k/Cyornis poliogenys_22_c000.wav,data/chunks_16k/Cyornis poliogenys_22_c000.wav
Cyornis poliogenys_22_c001,Cyornis poliogenys,Cyornis poliogenys,0.9923,data/chunks_48k/Cyornis poliogenys_22_c001.wav,data/chunks_16k/Cyornis poliogenys_22_c001.wav
Cyornis poliogenys_22_c005,Cyornis poliogenys,Cyornis poliogenys,0.8513,data/chunks_48k/Cyornis poliogenys_22_c005.wav,data/chunks_16k/Cyornis poliogenys_22_c005.wav
Cyornis poliogenys_22_c006,Cyornis poliogenys,Cyornis poliogenys,0.9759,data/chunks_48k/Cyornis poliogenys_22_c006.wav,data/chunks_16k/Cyornis poliogenys_22_c006.wav
Cyornis poliogenys_23_c000,Cyornis poliogenys,Cyornis poliogenys,0.8683,data/chunks_48k/Cyornis poliogenys_23_c000.wav,data/chunks_16k/Cyornis poliogenys_23_c000.wav
Cyornis poliogenys_23_c003,Cyornis poliogenys,Cyornis poliogenys,0.8063,data/chunks_48k/Cyornis poliogenys_23_c003.wav,data/chunks_16k/Cyornis poliogenys_23_c003.wav
Cyornis poliogenys_23_c004,Cyornis poliogenys,Cyornis poliogenys,0.9491,data/chunks_48k/Cyornis poliogenys_23_c004.wav,data/chunks_16k/Cyornis poliogenys_23_c004.wav
Cyornis poliogenys_23_c008,Cyornis poliogenys,Cyornis poliogenys,0.7253,data/chunks_48k/Cyornis poliogenys_23_c008.wav,data/chunks_16k/Cyornis poliogenys_23_c008.wav
Cyornis poliogenys_24_c000,Cyornis poliogenys,Cyornis poliogenys,0.7793,data/chunks_48k/Cyornis poliogenys_24_c000.wav,data/chunks_16k/Cyornis poliogenys_24_c000.wav
Cyornis poliogenys_24_c001,Cyornis poliogenys,Cyornis poliogenys,0.8460,data/chunks_48k/Cyornis poliogenys_24_c001.wav,data/chunks_16k/Cyornis poliogenys_24_c001.wav
Cyornis poliogenys_24_c002,Cyornis poliogenys,Cyornis poliogenys,0.9122,data/chunks_48k/Cyornis poliogenys_24_c002.wav,data/chunks_16k/Cyornis poliogenys_24_c002.wav
Cyornis poliogenys_24_c004,Cyornis poliogenys,Cyornis poliogenys,0.9381,data/chunks_48k/Cyornis poliogenys_24_c004.wav,data/chunks_16k/Cyornis poliogenys_24_c004.wav
Cyornis poliogenys_24_c006,Cyornis poliogenys,Cyornis poliogenys,0.6007,data/chunks_48k/Cyornis poliogenys_24_c006.wav,data/chunks_16k/Cyornis poliogenys_24_c006.wav
Cyornis poliogenys_25_c000,Cyornis poliogenys,Cyornis poliogenys,0.8590,data/chunks_48k/Cyornis poliogenys_25_c000.wav,data/chunks_16k/Cyornis poliogenys_25_c000.wav
Cyornis poliogenys_25_c002,Cyornis poliogenys,Cyornis poliogenys,0.8093,data/chunks_48k/Cyornis poliogenys_25_c002.wav,data/chunks_16k/Cyornis poliogenys_25_c002.wav
Cyornis poliogenys_26_c000,Cyornis poliogenys,Cyornis poliogenys,0.8131,data/chunks_48k/Cyornis poliogenys_26_c000.wav,data/chunks_16k/Cyornis poliogenys_26_c000.wav
Cyornis poliogenys_26_c001,Cyornis poliogenys,Cyornis poliogenys,0.6908,data/chunks_48k/Cyornis poliogenys_26_c001.wav,data/chunks_16k/Cyornis poliogenys_26_c001.wav
Cyornis poliogenys_26_c004,Cyornis poliogenys,Cyornis poliogenys,0.9539,data/chunks_48k/Cyornis poliogenys_26_c004.wav,data/chunks_16k/Cyornis poliogenys_26_c004.wav
Cyornis poliogenys_26_c005,Cyornis poliogenys,Cyornis poliogenys,0.9334,data/chunks_48k/Cyornis poliogenys_26_c005.wav,data/chunks_16k/Cyornis poliogenys_26_c005.wav
Cyornis poliogenys_26_c007,Cyornis poliogenys,Cyornis poliogenys,0.9428,data/chunks_48k/Cyornis poliogenys_26_c007.wav,data/chunks_16k/Cyornis poliogenys_26_c007.wav
Cyornis poliogenys_26_c008,Cyornis poliogenys,Cyornis poliogenys,0.9627,data/chunks_48k/Cyornis poliogenys_26_c008.wav,data/chunks_16k/Cyornis poliogenys_26_c008.wav
Cyornis poliogenys_27_c001,Cyornis poliogenys,Cyornis poliogenys,0.5612,data/chunks_48k/Cyornis poliogenys_27_c001.wav,data/chunks_16k/Cyornis poliogenys_27_c001.wav
Cyornis poliogenys_27_c002,Cyornis poliogenys,Cyornis poliogenys,0.6302,data/chunks_48k/Cyornis poliogenys_27_c002.wav,data/chunks_16k/Cyornis poliogenys_27_c002.wav
Cyornis poliogenys_28_c000,Cyornis poliogenys,Cyornis poliogenys,0.7797,data/chunks_48k/Cyornis poliogenys_28_c000.wav,data/chunks_16k/Cyornis poliogenys_28_c000.wav
Cyornis poliogenys_28_c001,Cyornis poliogenys,Cyornis poliogenys,0.5256,data/chunks_48k/Cyornis poliogenys_28_c001.wav,data/chunks_16k/Cyornis poliogenys_28_c001.wav
Cyornis poliogenys_28_c002,Cyornis poliogenys,Cyornis poliogenys,0.7113,data/chunks_48k/Cyornis poliogenys_28_c002.wav,data/chunks_16k/Cyornis poliogenys_28_c002.wav
Cyornis poliogenys_29_c000,Cyornis poliogenys,Cyornis poliogenys,0.5022,data/chunks_48k/Cyornis poliogenys_29_c000.wav,data/chunks_16k/Cyornis poliogenys_29_c000.wav
Cyornis poliogenys_29_c003,Cyornis poliogenys,Cyornis poliogenys,0.5664,data/chunks_48k/Cyornis poliogenys_29_c003.wav,data/chunks_16k/Cyornis poliogenys_29_c003.wav
Cyornis poliogenys_29_c004,Cyornis poliogenys,Cyornis poliogenys,0.7101,data/chunks_48k/Cyornis poliogenys_29_c004.wav,data/chunks_16k/Cyornis poliogenys_29_c004.wav
Cyornis poliogenys_2_c001,Cyornis poliogenys,Cyornis poliogenys,0.7321,data/chunks_48k/Cyornis poliogenys_2_c001.wav,data/chunks_16k/Cyornis poliogenys_2_c001.wav
Cyornis poliogenys_2_c002,Cyornis poliogenys,Cyornis poliogenys,0.7787,data/chunks_48k/Cyornis poliogenys_2_c002.wav,data/chunks_16k/Cyornis poliogenys_2_c002.wav
Cyornis poliogenys_2_c004,Cyornis poliogenys,Cyornis poliogenys,0.9802,data/chunks_48k/Cyornis poliogenys_2_c004.wav,data/chunks_16k/Cyornis poliogenys_2_c004.wav
Cyornis poliogenys_3_c001,Cyornis poliogenys,Cyornis poliogenys,0.6110,data/chunks_48k/Cyornis poliogenys_3_c001.wav,data/chunks_16k/Cyornis poliogenys_3_c001.wav
Cyornis poliogenys_3_c005,Cyornis poliogenys,Cyornis poliogenys,0.6369,data/chunks_48k/Cyornis poliogenys_3_c005.wav,data/chunks_16k/Cyornis poliogenys_3_c005.wav
Cyornis poliogenys_3_c006,Cyornis poliogenys,Cyornis poliogenys,0.6649,data/chunks_48k/Cyornis poliogenys_3_c006.wav,data/chunks_16k/Cyornis poliogenys_3_c006.wav
Cyornis poliogenys_3_c008,Cyornis poliogenys,Cyornis poliogenys,0.6827,data/chunks_48k/Cyornis poliogenys_3_c008.wav,data/chunks_16k/Cyornis poliogenys_3_c008.wav
Cyornis poliogenys_4_c001,Cyornis poliogenys,Cyornis poliogenys,0.9232,data/chunks_48k/Cyornis poliogenys_4_c001.wav,data/chunks_16k/Cyornis poliogenys_4_c001.wav
Cyornis poliogenys_4_c007,Cyornis poliogenys,Cyornis poliogenys,0.8764,data/chunks_48k/Cyornis poliogenys_4_c007.wav,data/chunks_16k/Cyornis poliogenys_4_c007.wav
Cyornis poliogenys_5_c000,Cyornis poliogenys,Cyornis poliogenys,0.7198,data/chunks_48k/Cyornis poliogenys_5_c000.wav,data/chunks_16k/Cyornis poliogenys_5_c000.wav
Cyornis poliogenys_5_c004,Cyornis poliogenys,Cyornis poliogenys,0.9324,data/chunks_48k/Cyornis poliogenys_5_c004.wav,data/chunks_16k/Cyornis poliogenys_5_c004.wav
Cyornis poliogenys_5_c006,Cyornis poliogenys,Cyornis poliogenys,0.9393,data/chunks_48k/Cyornis poliogenys_5_c006.wav,data/chunks_16k/Cyornis poliogenys_5_c006.wav
Cyornis poliogenys_5_c007,Cyornis poliogenys,Cyornis poliogenys,0.7377,data/chunks_48k/Cyornis poliogenys_5_c007.wav,data/chunks_16k/Cyornis poliogenys_5_c007.wav
Cyornis poliogenys_6_c000,Cyornis poliogenys,Cyornis poliogenys,0.7198,data/chunks_48k/Cyornis poliogenys_6_c000.wav,data/chunks_16k/Cyornis poliogenys_6_c000.wav
Cyornis poliogenys_6_c004,Cyornis poliogenys,Cyornis poliogenys,0.9324,data/chunks_48k/Cyornis poliogenys_6_c004.wav,data/chunks_16k/Cyornis poliogenys_6_c004.wav
Cyornis poliogenys_6_c006,Cyornis poliogenys,Cyornis poliogenys,0.9393,data/chunks_48k/Cyornis poliogenys_6_c006.wav,data/chunks_16k/Cyornis poliogenys_6_c006.wav
Cyornis poliogenys_6_c007,Cyornis poliogenys,Cyornis poliogenys,0.7377,data/chunks_48k/Cyornis poliogenys_6_c007.wav,data/chunks_16k/Cyornis poliogenys_6_c007.wav
Cyornis poliogenys_7_c000,Cyornis poliogenys,Cyornis poliogenys,0.9200,data/chunks_48k/Cyornis poliogenys_7_c000.wav,data/chunks_16k/Cyornis poliogenys_7_c000.wav
Cyornis poliogenys_7_c001,Cyornis poliogenys,Cyornis poliogenys,0.7534,data/chunks_48k/Cyornis poliogenys_7_c001.wav,data/chunks_16k/Cyornis poliogenys_7_c001.wav
Cyornis unicolor_10_c000,Cyornis unicolor,Cyornis unicolor,0.9606,data/chunks_48k/Cyornis unicolor_10_c000.wav,data/chunks_16k/Cyornis unicolor_10_c000.wav
Cyornis unicolor_10_c001,Cyornis unicolor,Cyornis unicolor,0.9456,data/chunks_48k/Cyornis unicolor_10_c001.wav,data/chunks_16k/Cyornis unicolor_10_c001.wav
Cyornis unicolor_10_c002,Cyornis unicolor,Cyornis unicolor,0.9963,data/chunks_48k/Cyornis unicolor_10_c002.wav,data/chunks_16k/Cyornis unicolor_10_c002.wav
Cyornis unicolor_10_c003,Cyornis unicolor,Cyornis unicolor,0.9672,data/chunks_48k/Cyornis unicolor_10_c003.wav,data/chunks_16k/Cyornis unicolor_10_c003.wav
Cyornis unicolor_10_c004,Cyornis unicolor,Cyornis unicolor,0.9001,data/chunks_48k/Cyornis unicolor_10_c004.wav,data/chunks_16k/Cyornis unicolor_10_c004.wav
Cyornis unicolor_10_c005,Cyornis unicolor,Cyornis unicolor,0.9809,data/chunks_48k/Cyornis unicolor_10_c005.wav,data/chunks_16k/Cyornis unicolor_10_c005.wav
Cyornis unicolor_10_c006,Cyornis unicolor,Cyornis unicolor,0.9225,data/chunks_48k/Cyornis unicolor_10_c006.wav,data/chunks_16k/Cyornis unicolor_10_c006.wav
Cyornis unicolor_10_c009,Cyornis unicolor,Cyornis unicolor,0.7991,data/chunks_48k/Cyornis unicolor_10_c009.wav,data/chunks_16k/Cyornis unicolor_10_c009.wav
Cyornis unicolor_10_c010,Cyornis unicolor,Cyornis unicolor,0.9873,data/chunks_48k/Cyornis unicolor_10_c010.wav,data/chunks_16k/Cyornis unicolor_10_c010.wav
Cyornis unicolor_10_c011,Cyornis unicolor,Cyornis unicolor,0.9572,data/chunks_48k/Cyornis unicolor_10_c011.wav,data/chunks_16k/Cyornis unicolor_10_c011.wav
Cyornis unicolor_10_c012,Cyornis unicolor,Cyornis unicolor,0.9700,data/chunks_48k/Cyornis unicolor_10_c012.wav,data/chunks_16k/Cyornis unicolor_10_c012.wav
Cyornis unicolor_10_c013,Cyornis unicolor,Cyornis unicolor,0.9963,data/chunks_48k/Cyornis unicolor_10_c013.wav,data/chunks_16k/Cyornis unicolor_10_c013.wav
Cyornis unicolor_10_c014,Cyornis unicolor,Cyornis unicolor,0.9800,data/chunks_48k/Cyornis unicolor_10_c014.wav,data/chunks_16k/Cyornis unicolor_10_c014.wav
Cyornis unicolor_10_c015,Cyornis unicolor,Cyornis unicolor,0.9715,data/chunks_48k/Cyornis unicolor_10_c015.wav,data/chunks_16k/Cyornis unicolor_10_c015.wav
Cyornis unicolor_10_c016,Cyornis unicolor,Cyornis unicolor,0.9642,data/chunks_48k/Cyornis unicolor_10_c016.wav,data/chunks_16k/Cyornis unicolor_10_c016.wav
Cyornis unicolor_10_c017,Cyornis unicolor,Cyornis unicolor,0.6709,data/chunks_48k/Cyornis unicolor_10_c017.wav,data/chunks_16k/Cyornis unicolor_10_c017.wav
Cyornis unicolor_10_c018,Cyornis unicolor,Cyornis unicolor,0.9687,data/chunks_48k/Cyornis unicolor_10_c018.wav,data/chunks_16k/Cyornis unicolor_10_c018.wav
Cyornis unicolor_10_c019,Cyornis unicolor,Cyornis unicolor,0.9930,data/chunks_48k/Cyornis unicolor_10_c019.wav,data/chunks_16k/Cyornis unicolor_10_c019.wav
Cyornis unicolor_10_c020,Cyornis unicolor,Cyornis unicolor,0.9316,data/chunks_48k/Cyornis unicolor_10_c020.wav,data/chunks_16k/Cyornis unicolor_10_c020.wav
Cyornis unicolor_10_c021,Cyornis unicolor,Cyornis unicolor,0.8837,data/chunks_48k/Cyornis unicolor_10_c021.wav,data/chunks_16k/Cyornis unicolor_10_c021.wav
Cyornis unicolor_10_c022,Cyornis unicolor,Cyornis unicolor,0.9980,data/chunks_48k/Cyornis unicolor_10_c022.wav,data/chunks_16k/Cyornis unicolor_10_c022.wav
Cyornis unicolor_10_c023,Cyornis unicolor,Cyornis unicolor,0.9924,data/chunks_48k/Cyornis unicolor_10_c023.wav,data/chunks_16k/Cyornis unicolor_10_c023.wav
Cyornis unicolor_10_c024,Cyornis unicolor,Cyornis unicolor,0.9929,data/chunks_48k/Cyornis unicolor_10_c024.wav,data/chunks_16k/Cyornis unicolor_10_c024.wav
Cyornis unicolor_10_c025,Cyornis unicolor,Cyornis unicolor,0.7994,data/chunks_48k/Cyornis unicolor_10_c025.wav,data/chunks_16k/Cyornis unicolor_10_c025.wav
Cyornis unicolor_10_c026,Cyornis unicolor,Cyornis unicolor,0.9467,data/chunks_48k/Cyornis unicolor_10_c026.wav,data/chunks_16k/Cyornis unicolor_10_c026.wav
Cyornis unicolor_11_c000,Cyornis unicolor,Cyornis unicolor,0.8395,data/chunks_48k/Cyornis unicolor_11_c000.wav,data/chunks_16k/Cyornis unicolor_11_c000.wav
Cyornis unicolor_11_c001,Cyornis unicolor,Cyornis unicolor,0.9679,data/chunks_48k/Cyornis unicolor_11_c001.wav,data/chunks_16k/Cyornis unicolor_11_c001.wav
Cyornis unicolor_11_c002,Cyornis unicolor,Cyornis unicolor,0.9476,data/chunks_48k/Cyornis unicolor_11_c002.wav,data/chunks_16k/Cyornis unicolor_11_c002.wav
Cyornis unicolor_11_c003,Cyornis unicolor,Cyornis unicolor,0.8585,data/chunks_48k/Cyornis unicolor_11_c003.wav,data/chunks_16k/Cyornis unicolor_11_c003.wav
Cyornis unicolor_11_c004,Cyornis unicolor,Cyornis unicolor,0.9882,data/chunks_48k/Cyornis unicolor_11_c004.wav,data/chunks_16k/Cyornis unicolor_11_c004.wav
Cyornis unicolor_11_c005,Cyornis unicolor,Cyornis unicolor,0.7112,data/chunks_48k/Cyornis unicolor_11_c005.wav,data/chunks_16k/Cyornis unicolor_11_c005.wav
Cyornis unicolor_11_c006,Cyornis unicolor,Cyornis unicolor,0.6422,data/chunks_48k/Cyornis unicolor_11_c006.wav,data/chunks_16k/Cyornis unicolor_11_c006.wav
Cyornis unicolor_11_c007,Cyornis unicolor,Cyornis unicolor,0.9453,data/chunks_48k/Cyornis unicolor_11_c007.wav,data/chunks_16k/Cyornis unicolor_11_c007.wav
Cyornis unicolor_11_c008,Cyornis unicolor,Cyornis unicolor,0.6300,data/chunks_48k/Cyornis unicolor_11_c008.wav,data/chunks_16k/Cyornis unicolor_11_c008.wav
Cyornis unicolor_11_c009,Cyornis unicolor,Cyornis unicolor,0.5156,data/chunks_48k/Cyornis unicolor_11_c009.wav,data/chunks_16k/Cyornis unicolor_11_c009.wav
Cyornis unicolor_11_c011,Cyornis unicolor,Cyornis unicolor,0.8022,data/chunks_48k/Cyornis unicolor_11_c011.wav,data/chunks_16k/Cyornis unicolor_11_c011.wav
Cyornis unicolor_11_c012,Cyornis unicolor,Cyornis unicolor,0.8229,data/chunks_48k/Cyornis unicolor_11_c012.wav,data/chunks_16k/Cyornis unicolor_11_c012.wav
Cyornis unicolor_11_c013,Cyornis unicolor,Cyornis unicolor,0.9623,data/chunks_48k/Cyornis unicolor_11_c013.wav,data/chunks_16k/Cyornis unicolor_11_c013.wav
Cyornis unicolor_11_c014,Cyornis unicolor,Cyornis unicolor,0.8047,data/chunks_48k/Cyornis unicolor_11_c014.wav,data/chunks_16k/Cyornis unicolor_11_c014.wav
Cyornis unicolor_11_c015,Cyornis unicolor,Cyornis unicolor,0.9633,data/chunks_48k/Cyornis unicolor_11_c015.wav,data/chunks_16k/Cyornis unicolor_11_c015.wav
Cyornis unicolor_11_c016,Cyornis unicolor,Cyornis unicolor,0.7380,data/chunks_48k/Cyornis unicolor_11_c016.wav,data/chunks_16k/Cyornis unicolor_11_c016.wav
Cyornis unicolor_12_c000,Cyornis unicolor,Cyornis unicolor,0.7925,data/chunks_48k/Cyornis unicolor_12_c000.wav,data/chunks_16k/Cyornis unicolor_12_c000.wav
Cyornis unicolor_12_c001,Cyornis unicolor,Cyornis unicolor,0.8655,data/chunks_48k/Cyornis unicolor_12_c001.wav,data/chunks_16k/Cyornis unicolor_12_c001.wav
Cyornis unicolor_12_c002,Cyornis unicolor,Cyornis unicolor,0.9422,data/chunks_48k/Cyornis unicolor_12_c002.wav,data/chunks_16k/Cyornis unicolor_12_c002.wav
Cyornis unicolor_12_c003,Cyornis unicolor,Cyornis unicolor,0.8914,data/chunks_48k/Cyornis unicolor_12_c003.wav,data/chunks_16k/Cyornis unicolor_12_c003.wav
Cyornis unicolor_13_c000,Cyornis unicolor,Cyornis unicolor,0.8346,data/chunks_48k/Cyornis unicolor_13_c000.wav,data/chunks_16k/Cyornis unicolor_13_c000.wav
Cyornis unicolor_14_c000,Cyornis unicolor,Cyornis unicolor,0.8043,data/chunks_48k/Cyornis unicolor_14_c000.wav,data/chunks_16k/Cyornis unicolor_14_c000.wav
Cyornis unicolor_14_c005,Cyornis unicolor,Cyornis unicolor,0.8988,data/chunks_48k/Cyornis unicolor_14_c005.wav,data/chunks_16k/Cyornis unicolor_14_c005.wav
Cyornis unicolor_15_c001,Cyornis unicolor,Cyornis unicolor,0.9880,data/chunks_48k/Cyornis unicolor_15_c001.wav,data/chunks_16k/Cyornis unicolor_15_c001.wav
Cyornis unicolor_15_c002,Cyornis unicolor,Cyornis unicolor,0.9358,data/chunks_48k/Cyornis unicolor_15_c002.wav,data/chunks_16k/Cyornis unicolor_15_c002.wav
Cyornis unicolor_15_c004,Cyornis unicolor,Cyornis unicolor,0.9343,data/chunks_48k/Cyornis unicolor_15_c004.wav,data/chunks_16k/Cyornis unicolor_15_c004.wav
Cyornis unicolor_15_c005,Cyornis unicolor,Cyornis unicolor,0.7745,data/chunks_48k/Cyornis unicolor_15_c005.wav,data/chunks_16k/Cyornis unicolor_15_c005.wav
Cyornis unicolor_15_c006,Cyornis unicolor,Cyornis unicolor,0.9983,data/chunks_48k/Cyornis unicolor_15_c006.wav,data/chunks_16k/Cyornis unicolor_15_c006.wav
Cyornis unicolor_15_c009,Cyornis unicolor,Cyornis unicolor,0.6700,data/chunks_48k/Cyornis unicolor_15_c009.wav,data/chunks_16k/Cyornis unicolor_15_c009.wav
Cyornis unicolor_15_c010,Cyornis unicolor,Cyornis unicolor,0.9273,data/chunks_48k/Cyornis unicolor_15_c010.wav,data/chunks_16k/Cyornis unicolor_15_c010.wav
Cyornis unicolor_15_c011,Cyornis unicolor,Cyornis unicolor,0.9926,data/chunks_48k/Cyornis unicolor_15_c011.wav,data/chunks_16k/Cyornis unicolor_15_c011.wav
Cyornis unicolor_15_c012,Cyornis unicolor,Cyornis unicolor,0.9550,data/chunks_48k/Cyornis unicolor_15_c012.wav,data/chunks_16k/Cyornis unicolor_15_c012.wav
Cyornis unicolor_15_c015,Cyornis unicolor,Cyornis unicolor,0.9608,data/chunks_48k/Cyornis unicolor_15_c015.wav,data/chunks_16k/Cyornis unicolor_15_c015.wav
Cyornis unicolor_16_c000,Cyornis unicolor,Cyornis unicolor,0.9359,data/chunks_48k/Cyornis unicolor_16_c000.wav,data/chunks_16k/Cyornis unicolor_16_c000.wav
Cyornis unicolor_16_c003,Cyornis unicolor,Cyornis unicolor,0.7383,data/chunks_48k/Cyornis unicolor_16_c003.wav,data/chunks_16k/Cyornis unicolor_16_c003.wav
Cyornis unicolor_16_c005,Cyornis unicolor,Cyornis unicolor,0.8940,data/chunks_48k/Cyornis unicolor_16_c005.wav,data/chunks_16k/Cyornis unicolor_16_c005.wav
Cyornis unicolor_16_c007,Cyornis unicolor,Cyornis unicolor,0.7284,data/chunks_48k/Cyornis unicolor_16_c007.wav,data/chunks_16k/Cyornis unicolor_16_c007.wav
Cyornis unicolor_16_c009,Cyornis unicolor,Cyornis unicolor,0.8854,data/chunks_48k/Cyornis unicolor_16_c009.wav,data/chunks_16k/Cyornis unicolor_16_c009.wav
Cyornis unicolor_16_c011,Cyornis unicolor,Cyornis unicolor,0.5710,data/chunks_48k/Cyornis unicolor_16_c011.wav,data/chunks_16k/Cyornis unicolor_16_c011.wav
Cyornis unicolor_16_c012,Cyornis unicolor,Cyornis unicolor,0.9554,data/chunks_48k/Cyornis unicolor_16_c012.wav,data/chunks_16k/Cyornis unicolor_16_c012.wav
Cyornis unicolor_16_c013,Cyornis unicolor,Cyornis unicolor,0.8830,data/chunks_48k/Cyornis unicolor_16_c013.wav,data/chunks_16k/Cyornis unicolor_16_c013.wav
Cyornis unicolor_16_c014,Cyornis unicolor,Cyornis unicolor,0.7492,data/chunks_48k/Cyornis unicolor_16_c014.wav,data/chunks_16k/Cyornis unicolor_16_c014.wav
Cyornis unicolor_17_c000,Cyornis unicolor,Cyornis unicolor,0.9228,data/chunks_48k/Cyornis unicolor_17_c000.wav,data/chunks_16k/Cyornis unicolor_17_c000.wav
Cyornis unicolor_17_c001,Cyornis unicolor,Cyornis unicolor,0.6065,data/chunks_48k/Cyornis unicolor_17_c001.wav,data/chunks_16k/Cyornis unicolor_17_c001.wav
Cyornis unicolor_17_c003,Cyornis unicolor,Cyornis unicolor,0.9642,data/chunks_48k/Cyornis unicolor_17_c003.wav,data/chunks_16k/Cyornis unicolor_17_c003.wav
Cyornis unicolor_18_c000,Cyornis unicolor,Cyornis unicolor,0.9158,data/chunks_48k/Cyornis unicolor_18_c000.wav,data/chunks_16k/Cyornis unicolor_18_c000.wav
Cyornis unicolor_18_c001,Cyornis unicolor,Cyornis unicolor,0.9802,data/chunks_48k/Cyornis unicolor_18_c001.wav,data/chunks_16k/Cyornis unicolor_18_c001.wav
Cyornis unicolor_19_c000,Cyornis unicolor,Cyornis unicolor,0.8882,data/chunks_48k/Cyornis unicolor_19_c000.wav,data/chunks_16k/Cyornis unicolor_19_c000.wav
Cyornis unicolor_19_c001,Cyornis unicolor,Cyornis unicolor,0.9617,data/chunks_48k/Cyornis unicolor_19_c001.wav,data/chunks_16k/Cyornis unicolor_19_c001.wav
Cyornis unicolor_19_c002,Cyornis unicolor,Cyornis unicolor,0.5622,data/chunks_48k/Cyornis unicolor_19_c002.wav,data/chunks_16k/Cyornis unicolor_19_c002.wav
Cyornis unicolor_19_c004,Cyornis unicolor,Cyornis unicolor,0.9981,data/chunks_48k/Cyornis unicolor_19_c004.wav,data/chunks_16k/Cyornis unicolor_19_c004.wav
Cyornis unicolor_19_c009,Cyornis unicolor,Cyornis unicolor,0.9940,data/chunks_48k/Cyornis unicolor_19_c009.wav,data/chunks_16k/Cyornis unicolor_19_c009.wav
Cyornis unicolor_19_c010,Cyornis unicolor,Cyornis unicolor,0.6866,data/chunks_48k/Cyornis unicolor_19_c010.wav,data/chunks_16k/Cyornis unicolor_19_c010.wav
Cyornis unicolor_19_c012,Cyornis unicolor,Cyornis unicolor,0.8722,data/chunks_48k/Cyornis unicolor_19_c012.wav,data/chunks_16k/Cyornis unicolor_19_c012.wav
Cyornis unicolor_19_c013,Cyornis unicolor,Cyornis unicolor,0.9945,data/chunks_48k/Cyornis unicolor_19_c013.wav,data/chunks_16k/Cyornis unicolor_19_c013.wav
Cyornis unicolor_19_c015,Cyornis unicolor,Cyornis unicolor,0.9968,data/chunks_48k/Cyornis unicolor_19_c015.wav,data/chunks_16k/Cyornis unicolor_19_c015.wav
Cyornis unicolor_1_c004,Cyornis unicolor,Cyornis unicolor,0.7136,data/chunks_48k/Cyornis unicolor_1_c004.wav,data/chunks_16k/Cyornis unicolor_1_c004.wav
Cyornis unicolor_1_c007,Cyornis unicolor,Cyornis unicolor,0.5501,data/chunks_48k/Cyornis unicolor_1_c007.wav,data/chunks_16k/Cyornis unicolor_1_c007.wav
Cyornis unicolor_1_c009,Cyornis unicolor,Cyornis unicolor,0.6505,data/chunks_48k/Cyornis unicolor_1_c009.wav,data/chunks_16k/Cyornis unicolor_1_c009.wav
Cyornis unicolor_1_c011,Cyornis unicolor,Cyornis unicolor,0.6309,data/chunks_48k/Cyornis unicolor_1_c011.wav,data/chunks_16k/Cyornis unicolor_1_c011.wav
Cyornis unicolor_20_c000,Cyornis unicolor,Cyornis unicolor,0.9059,data/chunks_48k/Cyornis unicolor_20_c000.wav,data/chunks_16k/Cyornis unicolor_20_c000.wav
Cyornis unicolor_20_c001,Cyornis unicolor,Cyornis unicolor,0.9124,data/chunks_48k/Cyornis unicolor_20_c001.wav,data/chunks_16k/Cyornis unicolor_20_c001.wav
Cyornis unicolor_20_c002,Cyornis unicolor,Cyornis unicolor,0.8985,data/chunks_48k/Cyornis unicolor_20_c002.wav,data/chunks_16k/Cyornis unicolor_20_c002.wav
Cyornis unicolor_20_c004,Cyornis unicolor,Cyornis unicolor,0.8046,data/chunks_48k/Cyornis unicolor_20_c004.wav,data/chunks_16k/Cyornis unicolor_20_c004.wav
Cyornis unicolor_20_c006,Cyornis unicolor,Cyornis unicolor,0.9452,data/chunks_48k/Cyornis unicolor_20_c006.wav,data/chunks_16k/Cyornis unicolor_20_c006.wav
Cyornis unicolor_20_c007,Cyornis unicolor,Cyornis unicolor,0.9212,data/chunks_48k/Cyornis unicolor_20_c007.wav,data/chunks_16k/Cyornis unicolor_20_c007.wav
Cyornis unicolor_21_c000,Cyornis unicolor,Cyornis unicolor,0.6594,data/chunks_48k/Cyornis unicolor_21_c000.wav,data/chunks_16k/Cyornis unicolor_21_c000.wav
Cyornis unicolor_21_c001,Cyornis unicolor,Cyornis unicolor,0.7305,data/chunks_48k/Cyornis unicolor_21_c001.wav,data/chunks_16k/Cyornis unicolor_21_c001.wav
Cyornis unicolor_21_c002,Cyornis unicolor,Cyornis unicolor,0.8870,data/chunks_48k/Cyornis unicolor_21_c002.wav,data/chunks_16k/Cyornis unicolor_21_c002.wav
Cyornis unicolor_21_c004,Cyornis unicolor,Cyornis unicolor,0.7657,data/chunks_48k/Cyornis unicolor_21_c004.wav,data/chunks_16k/Cyornis unicolor_21_c004.wav
Cyornis unicolor_21_c007,Cyornis unicolor,Cyornis unicolor,0.9795,data/chunks_48k/Cyornis unicolor_21_c007.wav,data/chunks_16k/Cyornis unicolor_21_c007.wav
Cyornis unicolor_22_c000,Cyornis unicolor,Cyornis unicolor,0.9689,data/chunks_48k/Cyornis unicolor_22_c000.wav,data/chunks_16k/Cyornis unicolor_22_c000.wav
Cyornis unicolor_22_c002,Cyornis unicolor,Cyornis unicolor,0.9749,data/chunks_48k/Cyornis unicolor_22_c002.wav,data/chunks_16k/Cyornis unicolor_22_c002.wav
Cyornis unicolor_22_c003,Cyornis unicolor,Cyornis unicolor,0.9925,data/chunks_48k/Cyornis unicolor_22_c003.wav,data/chunks_16k/Cyornis unicolor_22_c003.wav
Cyornis unicolor_22_c004,Cyornis unicolor,Cyornis unicolor,0.9465,data/chunks_48k/Cyornis unicolor_22_c004.wav,data/chunks_16k/Cyornis unicolor_22_c004.wav
Cyornis unicolor_22_c006,Cyornis unicolor,Cyornis unicolor,0.9935,data/chunks_48k/Cyornis unicolor_22_c006.wav,data/chunks_16k/Cyornis unicolor_22_c006.wav
Cyornis unicolor_22_c009,Cyornis unicolor,Cyornis unicolor,0.9841,data/chunks_48k/Cyornis unicolor_22_c009.wav,data/chunks_16k/Cyornis unicolor_22_c009.wav
Cyornis unicolor_23_c000,Cyornis unicolor,Cyornis unicolor,0.5238,data/chunks_48k/Cyornis unicolor_23_c000.wav,data/chunks_16k/Cyornis unicolor_23_c000.wav
Cyornis unicolor_23_c003,Cyornis unicolor,Cyornis unicolor,0.9895,data/chunks_48k/Cyornis unicolor_23_c003.wav,data/chunks_16k/Cyornis unicolor_23_c003.wav
Cyornis unicolor_23_c004,Cyornis unicolor,Cyornis unicolor,0.8834,data/chunks_48k/Cyornis unicolor_23_c004.wav,data/chunks_16k/Cyornis unicolor_23_c004.wav
Cyornis unicolor_23_c006,Cyornis unicolor,Cyornis unicolor,0.9908,data/chunks_48k/Cyornis unicolor_23_c006.wav,data/chunks_16k/Cyornis unicolor_23_c006.wav
Cyornis unicolor_23_c008,Cyornis unicolor,Cyornis unicolor,0.9943,data/chunks_48k/Cyornis unicolor_23_c008.wav,data/chunks_16k/Cyornis unicolor_23_c008.wav
Cyornis unicolor_24_c000,Cyornis unicolor,Cyornis unicolor,0.9738,data/chunks_48k/Cyornis unicolor_24_c000.wav,data/chunks_16k/Cyornis unicolor_24_c000.wav
Cyornis unicolor_24_c001,Cyornis unicolor,Cyornis unicolor,0.7445,data/chunks_48k/Cyornis unicolor_24_c001.wav,data/chunks_16k/Cyornis unicolor_24_c001.wav
Cyornis unicolor_24_c003,Cyornis unicolor,Cyornis unicolor,0.9116,data/chunks_48k/Cyornis unicolor_24_c003.wav,data/chunks_16k/Cyornis unicolor_24_c003.wav
Cyornis unicolor_24_c005,Cyornis unicolor,Cyornis unicolor,0.7870,data/chunks_48k/Cyornis unicolor_24_c005.wav,data/chunks_16k/Cyornis unicolor_24_c005.wav
Cyornis unicolor_24_c006,Cyornis unicolor,Cyornis unicolor,0.9844,data/chunks_48k/Cyornis unicolor_24_c006.wav,data/chunks_16k/Cyornis unicolor_24_c006.wav
Cyornis unicolor_25_c000,Cyornis unicolor,Cyornis unicolor,0.8907,data/chunks_48k/Cyornis unicolor_25_c000.wav,data/chunks_16k/Cyornis unicolor_25_c000.wav
Cyornis unicolor_25_c002,Cyornis unicolor,Cyornis unicolor,0.9317,data/chunks_48k/Cyornis unicolor_25_c002.wav,data/chunks_16k/Cyornis unicolor_25_c002.wav
Cyornis unicolor_25_c003,Cyornis unicolor,Cyornis unicolor,0.6902,data/chunks_48k/Cyornis unicolor_25_c003.wav,data/chunks_16k/Cyornis unicolor_25_c003.wav
Cyornis unicolor_25_c004,Cyornis unicolor,Cyornis unicolor,0.5897,data/chunks_48k/Cyornis unicolor_25_c004.wav,data/chunks_16k/Cyornis unicolor_25_c004.wav
Cyornis unicolor_25_c006,Cyornis unicolor,Cyornis unicolor,0.9275,data/chunks_48k/Cyornis unicolor_25_c006.wav,data/chunks_16k/Cyornis unicolor_25_c006.wav
Cyornis unicolor_25_c007,Cyornis unicolor,Cyornis unicolor,0.7223,data/chunks_48k/Cyornis unicolor_25_c007.wav,data/chunks_16k/Cyornis unicolor_25_c007.wav
Cyornis unicolor_25_c008,Cyornis unicolor,Cyornis unicolor,0.9766,data/chunks_48k/Cyornis unicolor_25_c008.wav,data/chunks_16k/Cyornis unicolor_25_c008.wav
Cyornis unicolor_25_c013,Cyornis unicolor,Cyornis unicolor,0.9090,data/chunks_48k/Cyornis unicolor_25_c013.wav,data/chunks_16k/Cyornis unicolor_25_c013.wav
Cyornis unicolor_25_c014,Cyornis unicolor,Cyornis unicolor,0.8081,data/chunks_48k/Cyornis unicolor_25_c014.wav,data/chunks_16k/Cyornis unicolor_25_c014.wav
Cyornis unicolor_27_c000,Cyornis unicolor,Cyornis unicolor,0.7872,data/chunks_48k/Cyornis unicolor_27_c000.wav,data/chunks_16k/Cyornis unicolor_27_c000.wav
Cyornis unicolor_27_c001,Cyornis unicolor,Cyornis unicolor,0.8916,data/chunks_48k/Cyornis unicolor_27_c001.wav,data/chunks_16k/Cyornis unicolor_27_c001.wav
Cyornis unicolor_27_c002,Cyornis unicolor,Cyornis unicolor,0.7699,data/chunks_48k/Cyornis unicolor_27_c002.wav,data/chunks_16k/Cyornis unicolor_27_c002.wav
Cyornis unicolor_27_c003,Cyornis unicolor,Cyornis unicolor,0.9610,data/chunks_48k/Cyornis unicolor_27_c003.wav,data/chunks_16k/Cyornis unicolor_27_c003.wav
Cyornis unicolor_27_c006,Cyornis unicolor,Cyornis unicolor,0.8234,data/chunks_48k/Cyornis unicolor_27_c006.wav,data/chunks_16k/Cyornis unicolor_27_c006.wav
Cyornis unicolor_27_c007,Cyornis unicolor,Cyornis unicolor,0.9758,data/chunks_48k/Cyornis unicolor_27_c007.wav,data/chunks_16k/Cyornis unicolor_27_c007.wav
Cyornis unicolor_27_c009,Cyornis unicolor,Cyornis unicolor,0.9204,data/chunks_48k/Cyornis unicolor_27_c009.wav,data/chunks_16k/Cyornis unicolor_27_c009.wav
Cyornis unicolor_27_c010,Cyornis unicolor,Cyornis unicolor,0.6056,data/chunks_48k/Cyornis unicolor_27_c010.wav,data/chunks_16k/Cyornis unicolor_27_c010.wav
Cyornis unicolor_27_c011,Cyornis unicolor,Cyornis unicolor,0.9206,data/chunks_48k/Cyornis unicolor_27_c011.wav,data/chunks_16k/Cyornis unicolor_27_c011.wav
Cyornis unicolor_28_c000,Cyornis unicolor,Cyornis unicolor,0.8223,data/chunks_48k/Cyornis unicolor_28_c000.wav,data/chunks_16k/Cyornis unicolor_28_c000.wav
Cyornis unicolor_28_c001,Cyornis unicolor,Cyornis unicolor,0.9503,data/chunks_48k/Cyornis unicolor_28_c001.wav,data/chunks_16k/Cyornis unicolor_28_c001.wav
Cyornis unicolor_28_c002,Cyornis unicolor,Cyornis unicolor,0.9679,data/chunks_48k/Cyornis unicolor_28_c002.wav,data/chunks_16k/Cyornis unicolor_28_c002.wav
Cyornis unicolor_2_c000,Cyornis unicolor,Cyornis unicolor,0.9876,data/chunks_48k/Cyornis unicolor_2_c000.wav,data/chunks_16k/Cyornis unicolor_2_c000.wav
Cyornis unicolor_2_c001,Cyornis unicolor,Cyornis unicolor,0.8304,data/chunks_48k/Cyornis unicolor_2_c001.wav,data/chunks_16k/Cyornis unicolor_2_c001.wav
Cyornis unicolor_2_c002,Cyornis unicolor,Cyornis unicolor,0.9742,data/chunks_48k/Cyornis unicolor_2_c002.wav,data/chunks_16k/Cyornis unicolor_2_c002.wav
Cyornis unicolor_3_c000,Cyornis unicolor,Cyornis unicolor,0.6957,data/chunks_48k/Cyornis unicolor_3_c000.wav,data/chunks_16k/Cyornis unicolor_3_c000.wav
Cyornis unicolor_3_c002,Cyornis unicolor,Cyornis unicolor,0.9429,data/chunks_48k/Cyornis unicolor_3_c002.wav,data/chunks_16k/Cyornis unicolor_3_c002.wav
Cyornis unicolor_3_c004,Cyornis unicolor,Cyornis unicolor,0.6445,data/chunks_48k/Cyornis unicolor_3_c004.wav,data/chunks_16k/Cyornis unicolor_3_c004.wav
Cyornis unicolor_3_c005,Cyornis unicolor,Cyornis unicolor,0.7462,data/chunks_48k/Cyornis unicolor_3_c005.wav,data/chunks_16k/Cyornis unicolor_3_c005.wav
Cyornis unicolor_4_c000,Cyornis unicolor,Cyornis unicolor,0.9865,data/chunks_48k/Cyornis unicolor_4_c000.wav,data/chunks_16k/Cyornis unicolor_4_c000.wav
Cyornis unicolor_4_c001,Cyornis unicolor,Cyornis unicolor,0.8319,data/chunks_48k/Cyornis unicolor_4_c001.wav,data/chunks_16k/Cyornis unicolor_4_c001.wav
Cyornis unicolor_4_c002,Cyornis unicolor,Cyornis unicolor,0.6324,data/chunks_48k/Cyornis unicolor_4_c002.wav,data/chunks_16k/Cyornis unicolor_4_c002.wav
Cyornis unicolor_4_c003,Cyornis unicolor,Cyornis unicolor,0.8125,data/chunks_48k/Cyornis unicolor_4_c003.wav,data/chunks_16k/Cyornis unicolor_4_c003.wav
Cyornis unicolor_4_c004,Cyornis unicolor,Cyornis unicolor,0.7962,data/chunks_48k/Cyornis unicolor_4_c004.wav,data/chunks_16k/Cyornis unicolor_4_c004.wav
Cyornis unicolor_4_c005,Cyornis unicolor,Cyornis unicolor,0.9422,data/chunks_48k/Cyornis unicolor_4_c005.wav,data/chunks_16k/Cyornis unicolor_4_c005.wav
Cyornis unicolor_4_c006,Cyornis unicolor,Cyornis unicolor,0.8825,data/chunks_48k/Cyornis unicolor_4_c006.wav,data/chunks_16k/Cyornis unicolor_4_c006.wav
Cyornis unicolor_4_c007,Cyornis unicolor,Cyornis unicolor,0.9758,data/chunks_48k/Cyornis unicolor_4_c007.wav,data/chunks_16k/Cyornis unicolor_4_c007.wav
Cyornis unicolor_4_c009,Cyornis unicolor,Cyornis unicolor,0.8976,data/chunks_48k/Cyornis unicolor_4_c009.wav,data/chunks_16k/Cyornis unicolor_4_c009.wav
Cyornis unicolor_4_c010,Cyornis unicolor,Cyornis unicolor,0.8281,data/chunks_48k/Cyornis unicolor_4_c010.wav,data/chunks_16k/Cyornis unicolor_4_c010.wav
Cyornis unicolor_4_c011,Cyornis unicolor,Cyornis unicolor,0.5552,data/chunks_48k/Cyornis unicolor_4_c011.wav,data/chunks_16k/Cyornis unicolor_4_c011.wav
Cyornis unicolor_4_c012,Cyornis unicolor,Cyornis unicolor,0.9617,data/chunks_48k/Cyornis unicolor_4_c012.wav,data/chunks_16k/Cyornis unicolor_4_c012.wav
Cyornis unicolor_4_c013,Cyornis unicolor,Cyornis unicolor,0.9279,data/chunks_48k/Cyornis unicolor_4_c013.wav,data/chunks_16k/Cyornis unicolor_4_c013.wav
Cyornis unicolor_4_c014,Cyornis unicolor,Cyornis unicolor,0.5017,data/chunks_48k/Cyornis unicolor_4_c014.wav,data/chunks_16k/Cyornis unicolor_4_c014.wav
Cyornis unicolor_4_c016,Cyornis unicolor,Cyornis unicolor,0.9522,data/chunks_48k/Cyornis unicolor_4_c016.wav,data/chunks_16k/Cyornis unicolor_4_c016.wav
Cyornis unicolor_5_c000,Cyornis unicolor,Cyornis unicolor,0.9337,data/chunks_48k/Cyornis unicolor_5_c000.wav,data/chunks_16k/Cyornis unicolor_5_c000.wav
Cyornis unicolor_5_c005,Cyornis unicolor,Cyornis unicolor,0.9348,data/chunks_48k/Cyornis unicolor_5_c005.wav,data/chunks_16k/Cyornis unicolor_5_c005.wav
Cyornis unicolor_5_c006,Cyornis unicolor,Cyornis unicolor,0.5900,data/chunks_48k/Cyornis unicolor_5_c006.wav,data/chunks_16k/Cyornis unicolor_5_c006.wav
Cyornis unicolor_5_c008,Cyornis unicolor,Cyornis unicolor,0.7680,data/chunks_48k/Cyornis unicolor_5_c008.wav,data/chunks_16k/Cyornis unicolor_5_c008.wav
Cyornis unicolor_6_c000,Cyornis unicolor,Cyornis unicolor,0.9077,data/chunks_48k/Cyornis unicolor_6_c000.wav,data/chunks_16k/Cyornis unicolor_6_c000.wav
Cyornis unicolor_7_c000,Cyornis unicolor,Cyornis unicolor,0.9343,data/chunks_48k/Cyornis unicolor_7_c000.wav,data/chunks_16k/Cyornis unicolor_7_c000.wav
Cyornis unicolor_7_c001,Cyornis unicolor,Cyornis unicolor,0.6523,data/chunks_48k/Cyornis unicolor_7_c001.wav,data/chunks_16k/Cyornis unicolor_7_c001.wav
Cyornis unicolor_7_c002,Cyornis unicolor,Cyornis unicolor,0.8216,data/chunks_48k/Cyornis unicolor_7_c002.wav,data/chunks_16k/Cyornis unicolor_7_c002.wav
Cyornis unicolor_7_c004,Cyornis unicolor,Cyornis unicolor,0.8579,data/chunks_48k/Cyornis unicolor_7_c004.wav,data/chunks_16k/Cyornis unicolor_7_c004.wav
Cyornis unicolor_8_c000,Cyornis unicolor,Cyornis unicolor,0.7365,data/chunks_48k/Cyornis unicolor_8_c000.wav,data/chunks_16k/Cyornis unicolor_8_c000.wav
Cyornis unicolor_8_c001,Cyornis unicolor,Cyornis unicolor,0.7034,data/chunks_48k/Cyornis unicolor_8_c001.wav,data/chunks_16k/Cyornis unicolor_8_c001.wav
Cyornis unicolor_8_c002,Cyornis unicolor,Cyornis unicolor,0.5469,data/chunks_48k/Cyornis unicolor_8_c002.wav,data/chunks_16k/Cyornis unicolor_8_c002.wav
Cyornis unicolor_8_c003,Cyornis unicolor,Cyornis unicolor,0.8359,data/chunks_48k/Cyornis unicolor_8_c003.wav,data/chunks_16k/Cyornis unicolor_8_c003.wav
Cyornis unicolor_8_c004,Cyornis unicolor,Cyornis unicolor,0.9754,data/chunks_48k/Cyornis unicolor_8_c004.wav,data/chunks_16k/Cyornis unicolor_8_c004.wav
Cyornis unicolor_8_c007,Cyornis unicolor,Cyornis unicolor,0.8679,data/chunks_48k/Cyornis unicolor_8_c007.wav,data/chunks_16k/Cyornis unicolor_8_c007.wav
Cyornis unicolor_9_c001,Cyornis unicolor,Cyornis unicolor,0.9219,data/chunks_48k/Cyornis unicolor_9_c001.wav,data/chunks_16k/Cyornis unicolor_9_c001.wav
Cyornis unicolor_9_c002,Cyornis unicolor,Cyornis unicolor,0.5775,data/chunks_48k/Cyornis unicolor_9_c002.wav,data/chunks_16k/Cyornis unicolor_9_c002.wav
Cyornis unicolor_9_c004,Cyornis unicolor,Cyornis unicolor,0.9742,data/chunks_48k/Cyornis unicolor_9_c004.wav,data/chunks_16k/Cyornis unicolor_9_c004.wav
Cyornis unicolor_9_c005,Cyornis unicolor,Cyornis unicolor,0.9906,data/chunks_48k/Cyornis unicolor_9_c005.wav,data/chunks_16k/Cyornis unicolor_9_c005.wav
Cyornis unicolor_9_c006,Cyornis unicolor,Cyornis unicolor,0.8483,data/chunks_48k/Cyornis unicolor_9_c006.wav,data/chunks_16k/Cyornis unicolor_9_c006.wav
Cypsiurus balasiensis_3_c000,Cypsiurus balasiensis,Cypsiurus balasiensis,0.9963,data/chunks_48k/Cypsiurus balasiensis_3_c000.wav,data/chunks_16k/Cypsiurus balasiensis_3_c000.wav
Cypsiurus balasiensis_3_c001,Cypsiurus balasiensis,Cypsiurus balasiensis,0.9896,data/chunks_48k/Cypsiurus balasiensis_3_c001.wav,data/chunks_16k/Cypsiurus balasiensis_3_c001.wav
Cypsiurus balasiensis_3_c002,Cypsiurus balasiensis,Cypsiurus balasiensis,0.9959,data/chunks_48k/Cypsiurus balasiensis_3_c002.wav,data/chunks_16k/Cypsiurus balasiensis_3_c002.wav
Cypsiurus balasiensis_3_c003,Cypsiurus balasiensis,Cypsiurus balasiensis,0.9940,data/chunks_48k/Cypsiurus balasiensis_3_c003.wav,data/chunks_16k/Cypsiurus balasiensis_3_c003.wav
Cypsiurus balasiensis_4_c000,Cypsiurus balasiensis,Cypsiurus balasiensis,0.9976,data/chunks_48k/Cypsiurus balasiensis_4_c000.wav,data/chunks_16k/Cypsiurus balasiensis_4_c000.wav
Cypsiurus balasiensis_4_c001,Cypsiurus balasiensis,Cypsiurus balasiensis,0.7717,data/chunks_48k/Cypsiurus balasiensis_4_c001.wav,data/chunks_16k/Cypsiurus balasiensis_4_c001.wav
Cypsiurus balasiensis_4_c002,Cypsiurus balasiensis,Cypsiurus balasiensis,0.9175,data/chunks_48k/Cypsiurus balasiensis_4_c002.wav,data/chunks_16k/Cypsiurus balasiensis_4_c002.wav
Cypsiurus balasiensis_4_c003,Cypsiurus balasiensis,Cypsiurus balasiensis,0.8512,data/chunks_48k/Cypsiurus balasiensis_4_c003.wav,data/chunks_16k/Cypsiurus balasiensis_4_c003.wav
Cypsiurus balasiensis_5_c000,Cypsiurus balasiensis,Cypsiurus balasiensis,0.6161,data/chunks_48k/Cypsiurus balasiensis_5_c000.wav,data/chunks_16k/Cypsiurus balasiensis_5_c000.wav
Cypsiurus balasiensis_5_c001,Cypsiurus balasiensis,Cypsiurus balasiensis,0.8857,data/chunks_48k/Cypsiurus balasiensis_5_c001.wav,data/chunks_16k/Cypsiurus balasiensis_5_c001.wav
Cypsiurus balasiensis_5_c003,Cypsiurus balasiensis,Cypsiurus balasiensis,0.6187,data/chunks_48k/Cypsiurus balasiensis_5_c003.wav,data/chunks_16k/Cypsiurus balasiensis_5_c003.wav
Cypsiurus balasiensis_6_c000,Cypsiurus balasiensis,Cypsiurus balasiensis,0.9987,data/chunks_48k/Cypsiurus balasiensis_6_c000.wav,data/chunks_16k/Cypsiurus balasiensis_6_c000.wav
Cypsiurus balasiensis_6_c001,Cypsiurus balasiensis,Cypsiurus balasiensis,0.9991,data/chunks_48k/Cypsiurus balasiensis_6_c001.wav,data/chunks_16k/Cypsiurus balasiensis_6_c001.wav
Cypsiurus balasiensis_6_c002,Cypsiurus balasiensis,Cypsiurus balasiensis,0.9999,data/chunks_48k/Cypsiurus balasiensis_6_c002.wav,data/chunks_16k/Cypsiurus balasiensis_6_c002.wav
Cypsiurus balasiensis_6_c003,Cypsiurus balasiensis,Cypsiurus balasiensis,0.9997,data/chunks_48k/Cypsiurus balasiensis_6_c003.wav,data/chunks_16k/Cypsiurus balasiensis_6_c003.wav
Cypsiurus balasiensis_6_c004,Cypsiurus balasiensis,Cypsiurus balasiensis,0.9796,data/chunks_48k/Cypsiurus balasiensis_6_c004.wav,data/chunks_16k/Cypsiurus balasiensis_6_c004.wav
Cypsiurus balasiensis_6_c005,Cypsiurus balasiensis,Cypsiurus balasiensis,0.9805,data/chunks_48k/Cypsiurus balasiensis_6_c005.wav,data/chunks_16k/Cypsiurus balasiensis_6_c005.wav
Cypsiurus balasiensis_6_c006,Cypsiurus balasiensis,Cypsiurus balasiensis,0.9993,data/chunks_48k/Cypsiurus balasiensis_6_c006.wav,data/chunks_16k/Cypsiurus balasiensis_6_c006.wav
Cypsiurus balasiensis_6_c007,Cypsiurus balasiensis,Cypsiurus balasiensis,0.9997,data/chunks_48k/Cypsiurus balasiensis_6_c007.wav,data/chunks_16k/Cypsiurus balasiensis_6_c007.wav
Cypsiurus balasiensis_7_c000,Cypsiurus balasiensis,Cypsiurus balasiensis,0.9997,data/chunks_48k/Cypsiurus balasiensis_7_c000.wav,data/chunks_16k/Cypsiurus balasiensis_7_c000.wav
Cypsiurus balasiensis_7_c001,Cypsiurus balasiensis,Cypsiurus balasiensis,0.9998,data/chunks_48k/Cypsiurus balasiensis_7_c001.wav,data/chunks_16k/Cypsiurus balasiensis_7_c001.wav
Cypsiurus balasiensis_7_c002,Cypsiurus balasiensis,Cypsiurus balasiensis,0.9999,data/chunks_48k/Cypsiurus balasiensis_7_c002.wav,data/chunks_16k/Cypsiurus balasiensis_7_c002.wav
Cypsiurus balasiensis_7_c003,Cypsiurus balasiensis,Cypsiurus balasiensis,0.9999,data/chunks_48k/Cypsiurus balasiensis_7_c003.wav,data/chunks_16k/Cypsiurus balasiensis_7_c003.wav
Cypsiurus balasiensis_7_c006,Cypsiurus balasiensis,Cypsiurus balasiensis,0.7012,data/chunks_48k/Cypsiurus balasiensis_7_c006.wav,data/chunks_16k/Cypsiurus balasiensis_7_c006.wav
Cypsiurus balasiensis_7_c007,Cypsiurus balasiensis,Cypsiurus balasiensis,0.9998,data/chunks_48k/Cypsiurus balasiensis_7_c007.wav,data/chunks_16k/Cypsiurus balasiensis_7_c007.wav
Cypsiurus balasiensis_7_c008,Cypsiurus balasiensis,Cypsiurus balasiensis,0.9971,data/chunks_48k/Cypsiurus balasiensis_7_c008.wav,data/chunks_16k/Cypsiurus balasiensis_7_c008.wav
Cypsiurus balasiensis_7_c009,Cypsiurus balasiensis,Cypsiurus balasiensis,0.9993,data/chunks_48k/Cypsiurus balasiensis_7_c009.wav,data/chunks_16k/Cypsiurus balasiensis_7_c009.wav
Cypsiurus balasiensis_7_c010,Cypsiurus balasiensis,Cypsiurus balasiensis,0.9997,data/chunks_48k/Cypsiurus balasiensis_7_c010.wav,data/chunks_16k/Cypsiurus balasiensis_7_c010.wav
Cypsiurus balasiensis_7_c011,Cypsiurus balasiensis,Cypsiurus balasiensis,0.9956,data/chunks_48k/Cypsiurus balasiensis_7_c011.wav,data/chunks_16k/Cypsiurus balasiensis_7_c011.wav
Cypsiurus balasiensis_7_c012,Cypsiurus balasiensis,Cypsiurus balasiensis,0.9981,data/chunks_48k/Cypsiurus balasiensis_7_c012.wav,data/chunks_16k/Cypsiurus balasiensis_7_c012.wav
Cypsiurus balasiensis_7_c013,Cypsiurus balasiensis,Cypsiurus balasiensis,0.9981,data/chunks_48k/Cypsiurus balasiensis_7_c013.wav,data/chunks_16k/Cypsiurus balasiensis_7_c013.wav
Cypsiurus balasiensis_7_c014,Cypsiurus balasiensis,Cypsiurus balasiensis,0.9984,data/chunks_48k/Cypsiurus balasiensis_7_c014.wav,data/chunks_16k/Cypsiurus balasiensis_7_c014.wav
Cypsiurus balasiensis_7_c015,Cypsiurus balasiensis,Cypsiurus balasiensis,0.9999,data/chunks_48k/Cypsiurus balasiensis_7_c015.wav,data/chunks_16k/Cypsiurus balasiensis_7_c015.wav
Cypsiurus balasiensis_7_c016,Cypsiurus balasiensis,Cypsiurus balasiensis,1.0000,data/chunks_48k/Cypsiurus balasiensis_7_c016.wav,data/chunks_16k/Cypsiurus balasiensis_7_c016.wav
Cypsiurus balasiensis_7_c017,Cypsiurus balasiensis,Cypsiurus balasiensis,0.9974,data/chunks_48k/Cypsiurus balasiensis_7_c017.wav,data/chunks_16k/Cypsiurus balasiensis_7_c017.wav
Cypsiurus balasiensis_7_c018,Cypsiurus balasiensis,Cypsiurus balasiensis,0.9997,data/chunks_48k/Cypsiurus balasiensis_7_c018.wav,data/chunks_16k/Cypsiurus balasiensis_7_c018.wav
Cypsiurus balasiensis_7_c019,Cypsiurus balasiensis,Cypsiurus balasiensis,0.9962,data/chunks_48k/Cypsiurus balasiensis_7_c019.wav,data/chunks_16k/Cypsiurus balasiensis_7_c019.wav
Cypsiurus balasiensis_7_c020,Cypsiurus balasiensis,Cypsiurus balasiensis,0.7790,data/chunks_48k/Cypsiurus balasiensis_7_c020.wav,data/chunks_16k/Cypsiurus balasiensis_7_c020.wav
Cypsiurus balasiensis_7_c021,Cypsiurus balasiensis,Cypsiurus balasiensis,0.9997,data/chunks_48k/Cypsiurus balasiensis_7_c021.wav,data/chunks_16k/Cypsiurus balasiensis_7_c021.wav
Cypsiurus balasiensis_8_c000,Cypsiurus balasiensis,Cypsiurus balasiensis,0.9986,data/chunks_48k/Cypsiurus balasiensis_8_c000.wav,data/chunks_16k/Cypsiurus balasiensis_8_c000.wav
Cypsiurus balasiensis_8_c003,Cypsiurus balasiensis,Cypsiurus balasiensis,0.9988,data/chunks_48k/Cypsiurus balasiensis_8_c003.wav,data/chunks_16k/Cypsiurus balasiensis_8_c003.wav
Cypsiurus balasiensis_8_c004,Cypsiurus balasiensis,Cypsiurus balasiensis,0.9833,data/chunks_48k/Cypsiurus balasiensis_8_c004.wav,data/chunks_16k/Cypsiurus balasiensis_8_c004.wav
Cypsiurus balasiensis_9_c000,Cypsiurus balasiensis,Cypsiurus balasiensis,0.9937,data/chunks_48k/Cypsiurus balasiensis_9_c000.wav,data/chunks_16k/Cypsiurus balasiensis_9_c000.wav
Cypsiurus balasiensis_9_c001,Cypsiurus balasiensis,Cypsiurus balasiensis,0.9475,data/chunks_48k/Cypsiurus balasiensis_9_c001.wav,data/chunks_16k/Cypsiurus balasiensis_9_c001.wav
Dicaeum chrysorrheum_1_c003,Dicaeum chrysorrheum,Dicaeum chrysorrheum,0.7727,data/chunks_48k/Dicaeum chrysorrheum_1_c003.wav,data/chunks_16k/Dicaeum chrysorrheum_1_c003.wav
Dicaeum chrysorrheum_1_c004,Dicaeum chrysorrheum,Dicaeum chrysorrheum,0.9675,data/chunks_48k/Dicaeum chrysorrheum_1_c004.wav,data/chunks_16k/Dicaeum chrysorrheum_1_c004.wav
Dicaeum chrysorrheum_1_c005,Dicaeum chrysorrheum,Dicaeum chrysorrheum,0.9655,data/chunks_48k/Dicaeum chrysorrheum_1_c005.wav,data/chunks_16k/Dicaeum chrysorrheum_1_c005.wav
Dicaeum chrysorrheum_1_c006,Dicaeum chrysorrheum,Dicaeum chrysorrheum,0.9109,data/chunks_48k/Dicaeum chrysorrheum_1_c006.wav,data/chunks_16k/Dicaeum chrysorrheum_1_c006.wav
Dicaeum chrysorrheum_1_c007,Dicaeum chrysorrheum,Dicaeum chrysorrheum,0.8142,data/chunks_48k/Dicaeum chrysorrheum_1_c007.wav,data/chunks_16k/Dicaeum chrysorrheum_1_c007.wav
Dicaeum chrysorrheum_1_c008,Dicaeum chrysorrheum,Dicaeum chrysorrheum,0.8364,data/chunks_48k/Dicaeum chrysorrheum_1_c008.wav,data/chunks_16k/Dicaeum chrysorrheum_1_c008.wav
Dicaeum chrysorrheum_1_c009,Dicaeum chrysorrheum,Dicaeum chrysorrheum,0.9478,data/chunks_48k/Dicaeum chrysorrheum_1_c009.wav,data/chunks_16k/Dicaeum chrysorrheum_1_c009.wav
Dicaeum chrysorrheum_1_c010,Dicaeum chrysorrheum,Dicaeum chrysorrheum,0.8208,data/chunks_48k/Dicaeum chrysorrheum_1_c010.wav,data/chunks_16k/Dicaeum chrysorrheum_1_c010.wav
Dicaeum chrysorrheum_1_c011,Dicaeum chrysorrheum,Dicaeum chrysorrheum,0.9187,data/chunks_48k/Dicaeum chrysorrheum_1_c011.wav,data/chunks_16k/Dicaeum chrysorrheum_1_c011.wav
Dicaeum chrysorrheum_1_c012,Dicaeum chrysorrheum,Dicaeum chrysorrheum,0.9181,data/chunks_48k/Dicaeum chrysorrheum_1_c012.wav,data/chunks_16k/Dicaeum chrysorrheum_1_c012.wav
Dicaeum chrysorrheum_2_c000,Dicaeum chrysorrheum,Dicaeum chrysorrheum,0.8259,data/chunks_48k/Dicaeum chrysorrheum_2_c000.wav,data/chunks_16k/Dicaeum chrysorrheum_2_c000.wav
Dicaeum cruentatum_1_c004,Dicaeum cruentatum,Dicaeum cruentatum,0.8930,data/chunks_48k/Dicaeum cruentatum_1_c004.wav,data/chunks_16k/Dicaeum cruentatum_1_c004.wav
Dicaeum cruentatum_1_c006,Dicaeum cruentatum,Dicaeum cruentatum,0.5819,data/chunks_48k/Dicaeum cruentatum_1_c006.wav,data/chunks_16k/Dicaeum cruentatum_1_c006.wav
Dicaeum cruentatum_1_c011,Dicaeum cruentatum,Dicaeum cruentatum,0.8173,data/chunks_48k/Dicaeum cruentatum_1_c011.wav,data/chunks_16k/Dicaeum cruentatum_1_c011.wav
Dicaeum cruentatum_1_c012,Dicaeum cruentatum,Dicaeum cruentatum,0.6308,data/chunks_48k/Dicaeum cruentatum_1_c012.wav,data/chunks_16k/Dicaeum cruentatum_1_c012.wav
Dicaeum cruentatum_1_c013,Dicaeum cruentatum,Dicaeum cruentatum,0.7339,data/chunks_48k/Dicaeum cruentatum_1_c013.wav,data/chunks_16k/Dicaeum cruentatum_1_c013.wav
Dicaeum cruentatum_1_c014,Dicaeum cruentatum,Dicaeum cruentatum,0.9591,data/chunks_48k/Dicaeum cruentatum_1_c014.wav,data/chunks_16k/Dicaeum cruentatum_1_c014.wav
Dicaeum cruentatum_3_c002,Dicaeum cruentatum,Dicaeum cruentatum,0.7439,data/chunks_48k/Dicaeum cruentatum_3_c002.wav,data/chunks_16k/Dicaeum cruentatum_3_c002.wav
Dicaeum cruentatum_3_c003,Dicaeum cruentatum,Dicaeum cruentatum,0.7468,data/chunks_48k/Dicaeum cruentatum_3_c003.wav,data/chunks_16k/Dicaeum cruentatum_3_c003.wav
Dicaeum cruentatum_3_c005,Dicaeum cruentatum,Dicaeum cruentatum,0.6960,data/chunks_48k/Dicaeum cruentatum_3_c005.wav,data/chunks_16k/Dicaeum cruentatum_3_c005.wav
Dicaeum cruentatum_6_c000,Dicaeum cruentatum,Dicaeum cruentatum,0.6987,data/chunks_48k/Dicaeum cruentatum_6_c000.wav,data/chunks_16k/Dicaeum cruentatum_6_c000.wav
Dicaeum cruentatum_6_c002,Dicaeum cruentatum,Dicaeum cruentatum,0.8596,data/chunks_48k/Dicaeum cruentatum_6_c002.wav,data/chunks_16k/Dicaeum cruentatum_6_c002.wav
Dicaeum cruentatum_6_c003,Dicaeum cruentatum,Dicaeum cruentatum,0.9550,data/chunks_48k/Dicaeum cruentatum_6_c003.wav,data/chunks_16k/Dicaeum cruentatum_6_c003.wav
Dicaeum cruentatum_6_c004,Dicaeum cruentatum,Dicaeum cruentatum,0.9038,data/chunks_48k/Dicaeum cruentatum_6_c004.wav,data/chunks_16k/Dicaeum cruentatum_6_c004.wav
Dicaeum cruentatum_6_c005,Dicaeum cruentatum,Dicaeum cruentatum,0.6110,data/chunks_48k/Dicaeum cruentatum_6_c005.wav,data/chunks_16k/Dicaeum cruentatum_6_c005.wav
Dicaeum minullum_1_c001,Dicaeum minullum,Dicaeum minullum,0.7965,data/chunks_48k/Dicaeum minullum_1_c001.wav,data/chunks_16k/Dicaeum minullum_1_c001.wav
Dicaeum minullum_1_c002,Dicaeum minullum,Dicaeum minullum,0.9574,data/chunks_48k/Dicaeum minullum_1_c002.wav,data/chunks_16k/Dicaeum minullum_1_c002.wav
Dicaeum minullum_1_c003,Dicaeum minullum,Dicaeum minullum,0.7161,data/chunks_48k/Dicaeum minullum_1_c003.wav,data/chunks_16k/Dicaeum minullum_1_c003.wav
Dicaeum minullum_1_c004,Dicaeum minullum,Dicaeum minullum,0.9675,data/chunks_48k/Dicaeum minullum_1_c004.wav,data/chunks_16k/Dicaeum minullum_1_c004.wav
Dicaeum minullum_1_c005,Dicaeum minullum,Dicaeum minullum,0.9695,data/chunks_48k/Dicaeum minullum_1_c005.wav,data/chunks_16k/Dicaeum minullum_1_c005.wav
Dicaeum minullum_1_c006,Dicaeum minullum,Dicaeum minullum,0.8386,data/chunks_48k/Dicaeum minullum_1_c006.wav,data/chunks_16k/Dicaeum minullum_1_c006.wav
Dicaeum minullum_2_c000,Dicaeum minullum,Dicaeum minullum,0.7971,data/chunks_48k/Dicaeum minullum_2_c000.wav,data/chunks_16k/Dicaeum minullum_2_c000.wav
Dicaeum minullum_2_c001,Dicaeum minullum,Dicaeum minullum,0.6627,data/chunks_48k/Dicaeum minullum_2_c001.wav,data/chunks_16k/Dicaeum minullum_2_c001.wav
Dicaeum minullum_2_c003,Dicaeum minullum,Dicaeum minullum,0.5788,data/chunks_48k/Dicaeum minullum_2_c003.wav,data/chunks_16k/Dicaeum minullum_2_c003.wav
Dicaeum minullum_3_c000,Dicaeum minullum,Dicaeum minullum,0.9829,data/chunks_48k/Dicaeum minullum_3_c000.wav,data/chunks_16k/Dicaeum minullum_3_c000.wav
Dicaeum minullum_3_c001,Dicaeum minullum,Dicaeum minullum,0.9421,data/chunks_48k/Dicaeum minullum_3_c001.wav,data/chunks_16k/Dicaeum minullum_3_c001.wav
Dicaeum minullum_3_c002,Dicaeum minullum,Dicaeum minullum,0.8312,data/chunks_48k/Dicaeum minullum_3_c002.wav,data/chunks_16k/Dicaeum minullum_3_c002.wav
Dicaeum minullum_3_c003,Dicaeum minullum,Dicaeum minullum,0.8770,data/chunks_48k/Dicaeum minullum_3_c003.wav,data/chunks_16k/Dicaeum minullum_3_c003.wav
Dicaeum minullum_3_c004,Dicaeum minullum,Dicaeum minullum,0.9629,data/chunks_48k/Dicaeum minullum_3_c004.wav,data/chunks_16k/Dicaeum minullum_3_c004.wav
Dicaeum minullum_3_c005,Dicaeum minullum,Dicaeum minullum,0.5471,data/chunks_48k/Dicaeum minullum_3_c005.wav,data/chunks_16k/Dicaeum minullum_3_c005.wav
Dicaeum minullum_4_c000,Dicaeum minullum,Dicaeum minullum,0.6021,data/chunks_48k/Dicaeum minullum_4_c000.wav,data/chunks_16k/Dicaeum minullum_4_c000.wav
Dicaeum minullum_4_c001,Dicaeum minullum,Dicaeum minullum,0.5892,data/chunks_48k/Dicaeum minullum_4_c001.wav,data/chunks_16k/Dicaeum minullum_4_c001.wav
Dicaeum minullum_4_c002,Dicaeum minullum,Dicaeum minullum,0.6600,data/chunks_48k/Dicaeum minullum_4_c002.wav,data/chunks_16k/Dicaeum minullum_4_c002.wav
Dicaeum minullum_6_c000,Dicaeum minullum,Dicaeum minullum,0.6531,data/chunks_48k/Dicaeum minullum_6_c000.wav,data/chunks_16k/Dicaeum minullum_6_c000.wav
Dicrurus andamanensis_10_c000,Dicrurus andamanensis,Dicrurus andamanensis,0.9999,data/chunks_48k/Dicrurus andamanensis_10_c000.wav,data/chunks_16k/Dicrurus andamanensis_10_c000.wav
Dicrurus andamanensis_10_c001,Dicrurus andamanensis,Dicrurus andamanensis,0.9991,data/chunks_48k/Dicrurus andamanensis_10_c001.wav,data/chunks_16k/Dicrurus andamanensis_10_c001.wav
Dicrurus andamanensis_10_c002,Dicrurus andamanensis,Dicrurus andamanensis,1.0000,data/chunks_48k/Dicrurus andamanensis_10_c002.wav,data/chunks_16k/Dicrurus andamanensis_10_c002.wav
Dicrurus andamanensis_10_c003,Dicrurus andamanensis,Dicrurus andamanensis,0.9996,data/chunks_48k/Dicrurus andamanensis_10_c003.wav,data/chunks_16k/Dicrurus andamanensis_10_c003.wav
Dicrurus andamanensis_10_c004,Dicrurus andamanensis,Dicrurus andamanensis,0.9998,data/chunks_48k/Dicrurus andamanensis_10_c004.wav,data/chunks_16k/Dicrurus andamanensis_10_c004.wav
Dicrurus andamanensis_10_c005,Dicrurus andamanensis,Dicrurus andamanensis,1.0000,data/chunks_48k/Dicrurus andamanensis_10_c005.wav,data/chunks_16k/Dicrurus andamanensis_10_c005.wav
Dicrurus andamanensis_10_c006,Dicrurus andamanensis,Dicrurus andamanensis,0.9998,data/chunks_48k/Dicrurus andamanensis_10_c006.wav,data/chunks_16k/Dicrurus andamanensis_10_c006.wav
Dicrurus andamanensis_10_c007,Dicrurus andamanensis,Dicrurus andamanensis,0.9972,data/chunks_48k/Dicrurus andamanensis_10_c007.wav,data/chunks_16k/Dicrurus andamanensis_10_c007.wav
Dicrurus andamanensis_10_c008,Dicrurus andamanensis,Dicrurus andamanensis,0.9969,data/chunks_48k/Dicrurus andamanensis_10_c008.wav,data/chunks_16k/Dicrurus andamanensis_10_c008.wav
Dicrurus andamanensis_10_c009,Dicrurus andamanensis,Dicrurus andamanensis,0.9978,data/chunks_48k/Dicrurus andamanensis_10_c009.wav,data/chunks_16k/Dicrurus andamanensis_10_c009.wav
Dicrurus andamanensis_11_c000,Dicrurus andamanensis,Dicrurus andamanensis,0.9979,data/chunks_48k/Dicrurus andamanensis_11_c000.wav,data/chunks_16k/Dicrurus andamanensis_11_c000.wav
Dicrurus andamanensis_11_c001,Dicrurus andamanensis,Dicrurus andamanensis,0.9989,data/chunks_48k/Dicrurus andamanensis_11_c001.wav,data/chunks_16k/Dicrurus andamanensis_11_c001.wav
Dicrurus andamanensis_11_c002,Dicrurus andamanensis,Dicrurus andamanensis,0.9990,data/chunks_48k/Dicrurus andamanensis_11_c002.wav,data/chunks_16k/Dicrurus andamanensis_11_c002.wav
Dicrurus andamanensis_11_c003,Dicrurus andamanensis,Dicrurus andamanensis,0.9856,data/chunks_48k/Dicrurus andamanensis_11_c003.wav,data/chunks_16k/Dicrurus andamanensis_11_c003.wav
Dicrurus andamanensis_11_c004,Dicrurus andamanensis,Dicrurus andamanensis,0.9993,data/chunks_48k/Dicrurus andamanensis_11_c004.wav,data/chunks_16k/Dicrurus andamanensis_11_c004.wav
Dicrurus andamanensis_11_c005,Dicrurus andamanensis,Dicrurus andamanensis,0.9999,data/chunks_48k/Dicrurus andamanensis_11_c005.wav,data/chunks_16k/Dicrurus andamanensis_11_c005.wav
Dicrurus andamanensis_11_c006,Dicrurus andamanensis,Dicrurus andamanensis,0.9998,data/chunks_48k/Dicrurus andamanensis_11_c006.wav,data/chunks_16k/Dicrurus andamanensis_11_c006.wav
Dicrurus andamanensis_11_c007,Dicrurus andamanensis,Dicrurus andamanensis,0.9991,data/chunks_48k/Dicrurus andamanensis_11_c007.wav,data/chunks_16k/Dicrurus andamanensis_11_c007.wav
Dicrurus andamanensis_11_c008,Dicrurus andamanensis,Dicrurus andamanensis,0.9998,data/chunks_48k/Dicrurus andamanensis_11_c008.wav,data/chunks_16k/Dicrurus andamanensis_11_c008.wav
Dicrurus andamanensis_11_c009,Dicrurus andamanensis,Dicrurus andamanensis,0.9995,data/chunks_48k/Dicrurus andamanensis_11_c009.wav,data/chunks_16k/Dicrurus andamanensis_11_c009.wav
Dicrurus andamanensis_11_c010,Dicrurus andamanensis,Dicrurus andamanensis,0.9999,data/chunks_48k/Dicrurus andamanensis_11_c010.wav,data/chunks_16k/Dicrurus andamanensis_11_c010.wav
Dicrurus andamanensis_12_c000,Dicrurus andamanensis,Dicrurus andamanensis,0.9794,data/chunks_48k/Dicrurus andamanensis_12_c000.wav,data/chunks_16k/Dicrurus andamanensis_12_c000.wav
Dicrurus andamanensis_12_c001,Dicrurus andamanensis,Dicrurus andamanensis,0.9888,data/chunks_48k/Dicrurus andamanensis_12_c001.wav,data/chunks_16k/Dicrurus andamanensis_12_c001.wav
Dicrurus andamanensis_12_c002,Dicrurus andamanensis,Dicrurus andamanensis,0.9860,data/chunks_48k/Dicrurus andamanensis_12_c002.wav,data/chunks_16k/Dicrurus andamanensis_12_c002.wav
Dicrurus andamanensis_12_c003,Dicrurus andamanensis,Dicrurus andamanensis,0.9811,data/chunks_48k/Dicrurus andamanensis_12_c003.wav,data/chunks_16k/Dicrurus andamanensis_12_c003.wav
Dicrurus andamanensis_12_c005,Dicrurus andamanensis,Dicrurus andamanensis,0.9739,data/chunks_48k/Dicrurus andamanensis_12_c005.wav,data/chunks_16k/Dicrurus andamanensis_12_c005.wav
Dicrurus andamanensis_13_c000,Dicrurus andamanensis,Dicrurus andamanensis,0.9979,data/chunks_48k/Dicrurus andamanensis_13_c000.wav,data/chunks_16k/Dicrurus andamanensis_13_c000.wav
Dicrurus andamanensis_13_c001,Dicrurus andamanensis,Dicrurus andamanensis,0.9988,data/chunks_48k/Dicrurus andamanensis_13_c001.wav,data/chunks_16k/Dicrurus andamanensis_13_c001.wav
Dicrurus andamanensis_13_c002,Dicrurus andamanensis,Dicrurus andamanensis,0.9772,data/chunks_48k/Dicrurus andamanensis_13_c002.wav,data/chunks_16k/Dicrurus andamanensis_13_c002.wav
Dicrurus andamanensis_13_c003,Dicrurus andamanensis,Dicrurus andamanensis,0.9517,data/chunks_48k/Dicrurus andamanensis_13_c003.wav,data/chunks_16k/Dicrurus andamanensis_13_c003.wav
Dicrurus andamanensis_13_c004,Dicrurus andamanensis,Dicrurus andamanensis,0.9990,data/chunks_48k/Dicrurus andamanensis_13_c004.wav,data/chunks_16k/Dicrurus andamanensis_13_c004.wav
Dicrurus andamanensis_13_c005,Dicrurus andamanensis,Dicrurus andamanensis,0.9960,data/chunks_48k/Dicrurus andamanensis_13_c005.wav,data/chunks_16k/Dicrurus andamanensis_13_c005.wav
Dicrurus andamanensis_13_c006,Dicrurus andamanensis,Dicrurus andamanensis,0.9990,data/chunks_48k/Dicrurus andamanensis_13_c006.wav,data/chunks_16k/Dicrurus andamanensis_13_c006.wav
Dicrurus andamanensis_13_c007,Dicrurus andamanensis,Dicrurus andamanensis,0.9959,data/chunks_48k/Dicrurus andamanensis_13_c007.wav,data/chunks_16k/Dicrurus andamanensis_13_c007.wav
Dicrurus andamanensis_13_c008,Dicrurus andamanensis,Dicrurus andamanensis,0.9966,data/chunks_48k/Dicrurus andamanensis_13_c008.wav,data/chunks_16k/Dicrurus andamanensis_13_c008.wav
Dicrurus andamanensis_13_c009,Dicrurus andamanensis,Dicrurus andamanensis,0.9829,data/chunks_48k/Dicrurus andamanensis_13_c009.wav,data/chunks_16k/Dicrurus andamanensis_13_c009.wav
Dicrurus andamanensis_13_c010,Dicrurus andamanensis,Dicrurus andamanensis,0.9849,data/chunks_48k/Dicrurus andamanensis_13_c010.wav,data/chunks_16k/Dicrurus andamanensis_13_c010.wav
Dicrurus andamanensis_13_c011,Dicrurus andamanensis,Dicrurus andamanensis,0.9997,data/chunks_48k/Dicrurus andamanensis_13_c011.wav,data/chunks_16k/Dicrurus andamanensis_13_c011.wav
Dicrurus andamanensis_13_c012,Dicrurus andamanensis,Dicrurus andamanensis,0.9997,data/chunks_48k/Dicrurus andamanensis_13_c012.wav,data/chunks_16k/Dicrurus andamanensis_13_c012.wav
Dicrurus andamanensis_14_c000,Dicrurus andamanensis,Dicrurus andamanensis,0.9960,data/chunks_48k/Dicrurus andamanensis_14_c000.wav,data/chunks_16k/Dicrurus andamanensis_14_c000.wav
Dicrurus andamanensis_14_c001,Dicrurus andamanensis,Dicrurus andamanensis,0.9929,data/chunks_48k/Dicrurus andamanensis_14_c001.wav,data/chunks_16k/Dicrurus andamanensis_14_c001.wav
Dicrurus andamanensis_14_c002,Dicrurus andamanensis,Dicrurus andamanensis,0.9517,data/chunks_48k/Dicrurus andamanensis_14_c002.wav,data/chunks_16k/Dicrurus andamanensis_14_c002.wav
Dicrurus andamanensis_14_c003,Dicrurus andamanensis,Dicrurus andamanensis,0.8325,data/chunks_48k/Dicrurus andamanensis_14_c003.wav,data/chunks_16k/Dicrurus andamanensis_14_c003.wav
Dicrurus andamanensis_15_c000,Dicrurus andamanensis,Dicrurus andamanensis,0.9885,data/chunks_48k/Dicrurus andamanensis_15_c000.wav,data/chunks_16k/Dicrurus andamanensis_15_c000.wav
Dicrurus andamanensis_15_c001,Dicrurus andamanensis,Dicrurus andamanensis,0.9420,data/chunks_48k/Dicrurus andamanensis_15_c001.wav,data/chunks_16k/Dicrurus andamanensis_15_c001.wav
Dicrurus andamanensis_15_c003,Dicrurus andamanensis,Dicrurus andamanensis,0.7754,data/chunks_48k/Dicrurus andamanensis_15_c003.wav,data/chunks_16k/Dicrurus andamanensis_15_c003.wav
Dicrurus andamanensis_15_c005,Dicrurus andamanensis,Dicrurus andamanensis,0.9724,data/chunks_48k/Dicrurus andamanensis_15_c005.wav,data/chunks_16k/Dicrurus andamanensis_15_c005.wav
Dicrurus andamanensis_15_c007,Dicrurus andamanensis,Dicrurus andamanensis,0.8224,data/chunks_48k/Dicrurus andamanensis_15_c007.wav,data/chunks_16k/Dicrurus andamanensis_15_c007.wav
Dicrurus andamanensis_15_c011,Dicrurus andamanensis,Dicrurus andamanensis,0.9766,data/chunks_48k/Dicrurus andamanensis_15_c011.wav,data/chunks_16k/Dicrurus andamanensis_15_c011.wav
Dicrurus andamanensis_16_c000,Dicrurus andamanensis,Dicrurus andamanensis,0.8309,data/chunks_48k/Dicrurus andamanensis_16_c000.wav,data/chunks_16k/Dicrurus andamanensis_16_c000.wav
Dicrurus andamanensis_16_c001,Dicrurus andamanensis,Dicrurus andamanensis,0.8528,data/chunks_48k/Dicrurus andamanensis_16_c001.wav,data/chunks_16k/Dicrurus andamanensis_16_c001.wav
Dicrurus andamanensis_16_c002,Dicrurus andamanensis,Dicrurus andamanensis,0.8306,data/chunks_48k/Dicrurus andamanensis_16_c002.wav,data/chunks_16k/Dicrurus andamanensis_16_c002.wav
Dicrurus andamanensis_16_c006,Dicrurus andamanensis,Dicrurus andamanensis,0.9461,data/chunks_48k/Dicrurus andamanensis_16_c006.wav,data/chunks_16k/Dicrurus andamanensis_16_c006.wav
Dicrurus andamanensis_18_c000,Dicrurus andamanensis,Dicrurus andamanensis,0.9636,data/chunks_48k/Dicrurus andamanensis_18_c000.wav,data/chunks_16k/Dicrurus andamanensis_18_c000.wav
Dicrurus andamanensis_18_c004,Dicrurus andamanensis,Dicrurus andamanensis,0.9819,data/chunks_48k/Dicrurus andamanensis_18_c004.wav,data/chunks_16k/Dicrurus andamanensis_18_c004.wav
Dicrurus andamanensis_18_c006,Dicrurus andamanensis,Dicrurus andamanensis,0.9524,data/chunks_48k/Dicrurus andamanensis_18_c006.wav,data/chunks_16k/Dicrurus andamanensis_18_c006.wav
Dicrurus andamanensis_18_c009,Dicrurus andamanensis,Dicrurus andamanensis,0.7902,data/chunks_48k/Dicrurus andamanensis_18_c009.wav,data/chunks_16k/Dicrurus andamanensis_18_c009.wav
Dicrurus andamanensis_18_c011,Dicrurus andamanensis,Dicrurus andamanensis,0.9195,data/chunks_48k/Dicrurus andamanensis_18_c011.wav,data/chunks_16k/Dicrurus andamanensis_18_c011.wav
Dicrurus andamanensis_19_c000,Dicrurus andamanensis,Dicrurus andamanensis,0.7260,data/chunks_48k/Dicrurus andamanensis_19_c000.wav,data/chunks_16k/Dicrurus andamanensis_19_c000.wav
Dicrurus andamanensis_1_c000,Dicrurus andamanensis,Dicrurus andamanensis,0.9998,data/chunks_48k/Dicrurus andamanensis_1_c000.wav,data/chunks_16k/Dicrurus andamanensis_1_c000.wav
Dicrurus andamanensis_1_c001,Dicrurus andamanensis,Dicrurus andamanensis,0.9996,data/chunks_48k/Dicrurus andamanensis_1_c001.wav,data/chunks_16k/Dicrurus andamanensis_1_c001.wav
Dicrurus andamanensis_1_c002,Dicrurus andamanensis,Dicrurus andamanensis,0.9983,data/chunks_48k/Dicrurus andamanensis_1_c002.wav,data/chunks_16k/Dicrurus andamanensis_1_c002.wav
Dicrurus andamanensis_2_c000,Dicrurus andamanensis,Dicrurus andamanensis,0.9983,data/chunks_48k/Dicrurus andamanensis_2_c000.wav,data/chunks_16k/Dicrurus andamanensis_2_c000.wav
Dicrurus andamanensis_2_c001,Dicrurus andamanensis,Dicrurus andamanensis,0.9947,data/chunks_48k/Dicrurus andamanensis_2_c001.wav,data/chunks_16k/Dicrurus andamanensis_2_c001.wav
Dicrurus andamanensis_2_c002,Dicrurus andamanensis,Dicrurus andamanensis,0.9913,data/chunks_48k/Dicrurus andamanensis_2_c002.wav,data/chunks_16k/Dicrurus andamanensis_2_c002.wav
Dicrurus andamanensis_2_c003,Dicrurus andamanensis,Dicrurus andamanensis,0.9981,data/chunks_48k/Dicrurus andamanensis_2_c003.wav,data/chunks_16k/Dicrurus andamanensis_2_c003.wav
Dicrurus andamanensis_2_c004,Dicrurus andamanensis,Dicrurus andamanensis,0.9982,data/chunks_48k/Dicrurus andamanensis_2_c004.wav,data/chunks_16k/Dicrurus andamanensis_2_c004.wav
Dicrurus andamanensis_2_c005,Dicrurus andamanensis,Dicrurus andamanensis,0.9993,data/chunks_48k/Dicrurus andamanensis_2_c005.wav,data/chunks_16k/Dicrurus andamanensis_2_c005.wav
Dicrurus andamanensis_2_c006,Dicrurus andamanensis,Dicrurus andamanensis,0.9994,data/chunks_48k/Dicrurus andamanensis_2_c006.wav,data/chunks_16k/Dicrurus andamanensis_2_c006.wav
Dicrurus andamanensis_2_c007,Dicrurus andamanensis,Dicrurus andamanensis,0.9994,data/chunks_48k/Dicrurus andamanensis_2_c007.wav,data/chunks_16k/Dicrurus andamanensis_2_c007.wav
Dicrurus andamanensis_2_c008,Dicrurus andamanensis,Dicrurus andamanensis,0.9993,data/chunks_48k/Dicrurus andamanensis_2_c008.wav,data/chunks_16k/Dicrurus andamanensis_2_c008.wav
Dicrurus andamanensis_2_c009,Dicrurus andamanensis,Dicrurus andamanensis,0.9989,data/chunks_48k/Dicrurus andamanensis_2_c009.wav,data/chunks_16k/Dicrurus andamanensis_2_c009.wav
Dicrurus andamanensis_2_c010,Dicrurus andamanensis,Dicrurus andamanensis,0.9952,data/chunks_48k/Dicrurus andamanensis_2_c010.wav,data/chunks_16k/Dicrurus andamanensis_2_c010.wav
Dicrurus andamanensis_2_c011,Dicrurus andamanensis,Dicrurus andamanensis,0.9993,data/chunks_48k/Dicrurus andamanensis_2_c011.wav,data/chunks_16k/Dicrurus andamanensis_2_c011.wav
Dicrurus andamanensis_2_c012,Dicrurus andamanensis,Dicrurus andamanensis,0.9992,data/chunks_48k/Dicrurus andamanensis_2_c012.wav,data/chunks_16k/Dicrurus andamanensis_2_c012.wav
Dicrurus andamanensis_3_c000,Dicrurus andamanensis,Dicrurus andamanensis,0.9995,data/chunks_48k/Dicrurus andamanensis_3_c000.wav,data/chunks_16k/Dicrurus andamanensis_3_c000.wav
Dicrurus andamanensis_3_c001,Dicrurus andamanensis,Dicrurus andamanensis,0.9957,data/chunks_48k/Dicrurus andamanensis_3_c001.wav,data/chunks_16k/Dicrurus andamanensis_3_c001.wav
Dicrurus andamanensis_3_c002,Dicrurus andamanensis,Dicrurus andamanensis,0.9957,data/chunks_48k/Dicrurus andamanensis_3_c002.wav,data/chunks_16k/Dicrurus andamanensis_3_c002.wav
Dicrurus andamanensis_5_c000,Dicrurus andamanensis,Dicrurus andamanensis,0.9871,data/chunks_48k/Dicrurus andamanensis_5_c000.wav,data/chunks_16k/Dicrurus andamanensis_5_c000.wav
Dicrurus andamanensis_5_c002,Dicrurus andamanensis,Dicrurus andamanensis,0.9456,data/chunks_48k/Dicrurus andamanensis_5_c002.wav,data/chunks_16k/Dicrurus andamanensis_5_c002.wav
Dicrurus andamanensis_5_c004,Dicrurus andamanensis,Dicrurus andamanensis,0.9896,data/chunks_48k/Dicrurus andamanensis_5_c004.wav,data/chunks_16k/Dicrurus andamanensis_5_c004.wav
Dicrurus andamanensis_5_c005,Dicrurus andamanensis,Dicrurus andamanensis,0.5390,data/chunks_48k/Dicrurus andamanensis_5_c005.wav,data/chunks_16k/Dicrurus andamanensis_5_c005.wav
Dicrurus andamanensis_5_c006,Dicrurus andamanensis,Dicrurus andamanensis,0.5072,data/chunks_48k/Dicrurus andamanensis_5_c006.wav,data/chunks_16k/Dicrurus andamanensis_5_c006.wav
Dicrurus andamanensis_6_c000,Dicrurus andamanensis,Dicrurus andamanensis,0.5964,data/chunks_48k/Dicrurus andamanensis_6_c000.wav,data/chunks_16k/Dicrurus andamanensis_6_c000.wav
Dicrurus andamanensis_6_c002,Dicrurus andamanensis,Dicrurus andamanensis,0.9807,data/chunks_48k/Dicrurus andamanensis_6_c002.wav,data/chunks_16k/Dicrurus andamanensis_6_c002.wav
Dicrurus andamanensis_6_c003,Dicrurus andamanensis,Dicrurus andamanensis,0.7941,data/chunks_48k/Dicrurus andamanensis_6_c003.wav,data/chunks_16k/Dicrurus andamanensis_6_c003.wav
Dicrurus andamanensis_7_c001,Dicrurus andamanensis,Dicrurus andamanensis,0.7245,data/chunks_48k/Dicrurus andamanensis_7_c001.wav,data/chunks_16k/Dicrurus andamanensis_7_c001.wav
Dicrurus andamanensis_7_c002,Dicrurus andamanensis,Dicrurus andamanensis,0.8764,data/chunks_48k/Dicrurus andamanensis_7_c002.wav,data/chunks_16k/Dicrurus andamanensis_7_c002.wav
Dicrurus andamanensis_7_c004,Dicrurus andamanensis,Dicrurus andamanensis,0.9080,data/chunks_48k/Dicrurus andamanensis_7_c004.wav,data/chunks_16k/Dicrurus andamanensis_7_c004.wav
Dicrurus andamanensis_7_c006,Dicrurus andamanensis,Dicrurus andamanensis,0.5029,data/chunks_48k/Dicrurus andamanensis_7_c006.wav,data/chunks_16k/Dicrurus andamanensis_7_c006.wav
Dicrurus andamanensis_9_c000,Dicrurus andamanensis,Dicrurus andamanensis,0.5803,data/chunks_48k/Dicrurus andamanensis_9_c000.wav,data/chunks_16k/Dicrurus andamanensis_9_c000.wav
Eurystomus orientalis_1_c000,Eurystomus orientalis,Eurystomus orientalis,0.9985,data/chunks_48k/Eurystomus orientalis_1_c000.wav,data/chunks_16k/Eurystomus orientalis_1_c000.wav
Eurystomus orientalis_1_c001,Eurystomus orientalis,Eurystomus orientalis,0.9971,data/chunks_48k/Eurystomus orientalis_1_c001.wav,data/chunks_16k/Eurystomus orientalis_1_c001.wav
Eurystomus orientalis_1_c002,Eurystomus orientalis,Eurystomus orientalis,0.9865,data/chunks_48k/Eurystomus orientalis_1_c002.wav,data/chunks_16k/Eurystomus orientalis_1_c002.wav
Eurystomus orientalis_1_c005,Eurystomus orientalis,Eurystomus orientalis,0.9993,data/chunks_48k/Eurystomus orientalis_1_c005.wav,data/chunks_16k/Eurystomus orientalis_1_c005.wav
Eurystomus orientalis_1_c006,Eurystomus orientalis,Eurystomus orientalis,0.9878,data/chunks_48k/Eurystomus orientalis_1_c006.wav,data/chunks_16k/Eurystomus orientalis_1_c006.wav
Eurystomus orientalis_1_c007,Eurystomus orientalis,Eurystomus orientalis,0.9831,data/chunks_48k/Eurystomus orientalis_1_c007.wav,data/chunks_16k/Eurystomus orientalis_1_c007.wav
Eurystomus orientalis_2_c000,Eurystomus orientalis,Eurystomus orientalis,0.6767,data/chunks_48k/Eurystomus orientalis_2_c000.wav,data/chunks_16k/Eurystomus orientalis_2_c000.wav
Eurystomus orientalis_2_c001,Eurystomus orientalis,Eurystomus orientalis,0.5395,data/chunks_48k/Eurystomus orientalis_2_c001.wav,data/chunks_16k/Eurystomus orientalis_2_c001.wav
Eurystomus orientalis_2_c002,Eurystomus orientalis,Eurystomus orientalis,0.8447,data/chunks_48k/Eurystomus orientalis_2_c002.wav,data/chunks_16k/Eurystomus orientalis_2_c002.wav
Eurystomus orientalis_2_c003,Eurystomus orientalis,Eurystomus orientalis,0.7950,data/chunks_48k/Eurystomus orientalis_2_c003.wav,data/chunks_16k/Eurystomus orientalis_2_c003.wav
Eurystomus orientalis_2_c004,Eurystomus orientalis,Eurystomus orientalis,0.9710,data/chunks_48k/Eurystomus orientalis_2_c004.wav,data/chunks_16k/Eurystomus orientalis_2_c004.wav
Eurystomus orientalis_2_c005,Eurystomus orientalis,Eurystomus orientalis,0.8347,data/chunks_48k/Eurystomus orientalis_2_c005.wav,data/chunks_16k/Eurystomus orientalis_2_c005.wav
Eurystomus orientalis_3_c000,Eurystomus orientalis,Eurystomus orientalis,0.9026,data/chunks_48k/Eurystomus orientalis_3_c000.wav,data/chunks_16k/Eurystomus orientalis_3_c000.wav
Eurystomus orientalis_3_c001,Eurystomus orientalis,Eurystomus orientalis,0.7662,data/chunks_48k/Eurystomus orientalis_3_c001.wav,data/chunks_16k/Eurystomus orientalis_3_c001.wav
Eurystomus orientalis_4_c001,Eurystomus orientalis,Eurystomus orientalis,0.9217,data/chunks_48k/Eurystomus orientalis_4_c001.wav,data/chunks_16k/Eurystomus orientalis_4_c001.wav
Eurystomus orientalis_5_c000,Eurystomus orientalis,Eurystomus orientalis,0.6175,data/chunks_48k/Eurystomus orientalis_5_c000.wav,data/chunks_16k/Eurystomus orientalis_5_c000.wav
Eurystomus orientalis_5_c001,Eurystomus orientalis,Eurystomus orientalis,0.9129,data/chunks_48k/Eurystomus orientalis_5_c001.wav,data/chunks_16k/Eurystomus orientalis_5_c001.wav
Eurystomus orientalis_5_c002,Eurystomus orientalis,Eurystomus orientalis,0.9933,data/chunks_48k/Eurystomus orientalis_5_c002.wav,data/chunks_16k/Eurystomus orientalis_5_c002.wav
Eurystomus orientalis_5_c003,Eurystomus orientalis,Eurystomus orientalis,0.7705,data/chunks_48k/Eurystomus orientalis_5_c003.wav,data/chunks_16k/Eurystomus orientalis_5_c003.wav
Eurystomus orientalis_5_c004,Eurystomus orientalis,Eurystomus orientalis,0.9541,data/chunks_48k/Eurystomus orientalis_5_c004.wav,data/chunks_16k/Eurystomus orientalis_5_c004.wav
Eurystomus orientalis_5_c006,Eurystomus orientalis,Eurystomus orientalis,0.9765,data/chunks_48k/Eurystomus orientalis_5_c006.wav,data/chunks_16k/Eurystomus orientalis_5_c006.wav
Glaucidium cuculoides_10_c000,Glaucidium cuculoides,Glaucidium cuculoides,0.8637,data/chunks_48k/Glaucidium cuculoides_10_c000.wav,data/chunks_16k/Glaucidium cuculoides_10_c000.wav
Glaucidium cuculoides_13_c000,Glaucidium cuculoides,Glaucidium cuculoides,0.5027,data/chunks_48k/Glaucidium cuculoides_13_c000.wav,data/chunks_16k/Glaucidium cuculoides_13_c000.wav
Glaucidium cuculoides_14_c000,Glaucidium cuculoides,Glaucidium cuculoides,0.8754,data/chunks_48k/Glaucidium cuculoides_14_c000.wav,data/chunks_16k/Glaucidium cuculoides_14_c000.wav
Glaucidium cuculoides_14_c001,Glaucidium cuculoides,Glaucidium cuculoides,0.6840,data/chunks_48k/Glaucidium cuculoides_14_c001.wav,data/chunks_16k/Glaucidium cuculoides_14_c001.wav
Glaucidium cuculoides_15_c000,Glaucidium cuculoides,Glaucidium cuculoides,0.8754,data/chunks_48k/Glaucidium cuculoides_15_c000.wav,data/chunks_16k/Glaucidium cuculoides_15_c000.wav
Glaucidium cuculoides_15_c001,Glaucidium cuculoides,Glaucidium cuculoides,0.6840,data/chunks_48k/Glaucidium cuculoides_15_c001.wav,data/chunks_16k/Glaucidium cuculoides_15_c001.wav
Glaucidium cuculoides_16_c000,Glaucidium cuculoides,Glaucidium cuculoides,0.8349,data/chunks_48k/Glaucidium cuculoides_16_c000.wav,data/chunks_16k/Glaucidium cuculoides_16_c000.wav
Glaucidium cuculoides_17_c005,Glaucidium cuculoides,Glaucidium cuculoides,0.5491,data/chunks_48k/Glaucidium cuculoides_17_c005.wav,data/chunks_16k/Glaucidium cuculoides_17_c005.wav
Glaucidium cuculoides_17_c006,Glaucidium cuculoides,Glaucidium cuculoides,0.5761,data/chunks_48k/Glaucidium cuculoides_17_c006.wav,data/chunks_16k/Glaucidium cuculoides_17_c006.wav
Glaucidium cuculoides_19_c000,Glaucidium cuculoides,Glaucidium cuculoides,0.6640,data/chunks_48k/Glaucidium cuculoides_19_c000.wav,data/chunks_16k/Glaucidium cuculoides_19_c000.wav
Glaucidium cuculoides_19_c001,Glaucidium cuculoides,Glaucidium cuculoides,0.9492,data/chunks_48k/Glaucidium cuculoides_19_c001.wav,data/chunks_16k/Glaucidium cuculoides_19_c001.wav
Glaucidium cuculoides_1_c000,Glaucidium cuculoides,Glaucidium cuculoides,0.9682,data/chunks_48k/Glaucidium cuculoides_1_c000.wav,data/chunks_16k/Glaucidium cuculoides_1_c000.wav
Glaucidium cuculoides_1_c001,Glaucidium cuculoides,Glaucidium cuculoides,0.7775,data/chunks_48k/Glaucidium cuculoides_1_c001.wav,data/chunks_16k/Glaucidium cuculoides_1_c001.wav
Glaucidium cuculoides_1_c003,Glaucidium cuculoides,Glaucidium cuculoides,0.9874,data/chunks_48k/Glaucidium cuculoides_1_c003.wav,data/chunks_16k/Glaucidium cuculoides_1_c003.wav
Glaucidium cuculoides_20_c000,Glaucidium cuculoides,Glaucidium cuculoides,0.7603,data/chunks_48k/Glaucidium cuculoides_20_c000.wav,data/chunks_16k/Glaucidium cuculoides_20_c000.wav
Glaucidium cuculoides_21_c000,Glaucidium cuculoides,Glaucidium cuculoides,0.9691,data/chunks_48k/Glaucidium cuculoides_21_c000.wav,data/chunks_16k/Glaucidium cuculoides_21_c000.wav
Glaucidium cuculoides_21_c001,Glaucidium cuculoides,Glaucidium cuculoides,0.6126,data/chunks_48k/Glaucidium cuculoides_21_c001.wav,data/chunks_16k/Glaucidium cuculoides_21_c001.wav
Glaucidium cuculoides_21_c002,Glaucidium cuculoides,Glaucidium cuculoides,0.7153,data/chunks_48k/Glaucidium cuculoides_21_c002.wav,data/chunks_16k/Glaucidium cuculoides_21_c002.wav
Glaucidium cuculoides_21_c006,Glaucidium cuculoides,Glaucidium cuculoides,0.9845,data/chunks_48k/Glaucidium cuculoides_21_c006.wav,data/chunks_16k/Glaucidium cuculoides_21_c006.wav
Glaucidium cuculoides_21_c008,Glaucidium cuculoides,Glaucidium cuculoides,0.5595,data/chunks_48k/Glaucidium cuculoides_21_c008.wav,data/chunks_16k/Glaucidium cuculoides_21_c008.wav
Glaucidium cuculoides_22_c000,Glaucidium cuculoides,Glaucidium cuculoides,0.8866,data/chunks_48k/Glaucidium cuculoides_22_c000.wav,data/chunks_16k/Glaucidium cuculoides_22_c000.wav
Glaucidium cuculoides_22_c001,Glaucidium cuculoides,Glaucidium cuculoides,0.7064,data/chunks_48k/Glaucidium cuculoides_22_c001.wav,data/chunks_16k/Glaucidium cuculoides_22_c001.wav
Glaucidium cuculoides_23_c000,Glaucidium cuculoides,Glaucidium cuculoides,0.9953,data/chunks_48k/Glaucidium cuculoides_23_c000.wav,data/chunks_16k/Glaucidium cuculoides_23_c000.wav
Glaucidium cuculoides_23_c001,Glaucidium cuculoides,Glaucidium cuculoides,0.8737,data/chunks_48k/Glaucidium cuculoides_23_c001.wav,data/chunks_16k/Glaucidium cuculoides_23_c001.wav
Glaucidium cuculoides_24_c000,Glaucidium cuculoides,Glaucidium cuculoides,0.8573,data/chunks_48k/Glaucidium cuculoides_24_c000.wav,data/chunks_16k/Glaucidium cuculoides_24_c000.wav
Glaucidium cuculoides_24_c001,Glaucidium cuculoides,Glaucidium cuculoides,0.9381,data/chunks_48k/Glaucidium cuculoides_24_c001.wav,data/chunks_16k/Glaucidium cuculoides_24_c001.wav
Glaucidium cuculoides_25_c000,Glaucidium cuculoides,Glaucidium cuculoides,0.6352,data/chunks_48k/Glaucidium cuculoides_25_c000.wav,data/chunks_16k/Glaucidium cuculoides_25_c000.wav
Glaucidium cuculoides_25_c001,Glaucidium cuculoides,Glaucidium cuculoides,0.8790,data/chunks_48k/Glaucidium cuculoides_25_c001.wav,data/chunks_16k/Glaucidium cuculoides_25_c001.wav
Glaucidium cuculoides_25_c005,Glaucidium cuculoides,Glaucidium cuculoides,0.8178,data/chunks_48k/Glaucidium cuculoides_25_c005.wav,data/chunks_16k/Glaucidium cuculoides_25_c005.wav
Glaucidium cuculoides_25_c006,Glaucidium cuculoides,Glaucidium cuculoides,0.9459,data/chunks_48k/Glaucidium cuculoides_25_c006.wav,data/chunks_16k/Glaucidium cuculoides_25_c006.wav
Glaucidium cuculoides_25_c011,Glaucidium cuculoides,Glaucidium cuculoides,0.8677,data/chunks_48k/Glaucidium cuculoides_25_c011.wav,data/chunks_16k/Glaucidium cuculoides_25_c011.wav
Glaucidium cuculoides_26_c001,Glaucidium cuculoides,Glaucidium cuculoides,0.9490,data/chunks_48k/Glaucidium cuculoides_26_c001.wav,data/chunks_16k/Glaucidium cuculoides_26_c001.wav
Glaucidium cuculoides_26_c002,Glaucidium cuculoides,Glaucidium cuculoides,0.9437,data/chunks_48k/Glaucidium cuculoides_26_c002.wav,data/chunks_16k/Glaucidium cuculoides_26_c002.wav
Glaucidium cuculoides_27_c000,Glaucidium cuculoides,Glaucidium cuculoides,0.8570,data/chunks_48k/Glaucidium cuculoides_27_c000.wav,data/chunks_16k/Glaucidium cuculoides_27_c000.wav
Glaucidium cuculoides_27_c001,Glaucidium cuculoides,Glaucidium cuculoides,0.9763,data/chunks_48k/Glaucidium cuculoides_27_c001.wav,data/chunks_16k/Glaucidium cuculoides_27_c001.wav
Glaucidium cuculoides_27_c002,Glaucidium cuculoides,Glaucidium cuculoides,0.9696,data/chunks_48k/Glaucidium cuculoides_27_c002.wav,data/chunks_16k/Glaucidium cuculoides_27_c002.wav
Glaucidium cuculoides_29_c000,Glaucidium cuculoides,Glaucidium cuculoides,0.8050,data/chunks_48k/Glaucidium cuculoides_29_c000.wav,data/chunks_16k/Glaucidium cuculoides_29_c000.wav
Glaucidium cuculoides_29_c001,Glaucidium cuculoides,Glaucidium cuculoides,0.8811,data/chunks_48k/Glaucidium cuculoides_29_c001.wav,data/chunks_16k/Glaucidium cuculoides_29_c001.wav
Glaucidium cuculoides_29_c002,Glaucidium cuculoides,Glaucidium cuculoides,0.5922,data/chunks_48k/Glaucidium cuculoides_29_c002.wav,data/chunks_16k/Glaucidium cuculoides_29_c002.wav
Glaucidium cuculoides_29_c003,Glaucidium cuculoides,Glaucidium cuculoides,0.6418,data/chunks_48k/Glaucidium cuculoides_29_c003.wav,data/chunks_16k/Glaucidium cuculoides_29_c003.wav
Glaucidium cuculoides_29_c004,Glaucidium cuculoides,Glaucidium cuculoides,0.5590,data/chunks_48k/Glaucidium cuculoides_29_c004.wav,data/chunks_16k/Glaucidium cuculoides_29_c004.wav
Glaucidium cuculoides_29_c005,Glaucidium cuculoides,Glaucidium cuculoides,0.6124,data/chunks_48k/Glaucidium cuculoides_29_c005.wav,data/chunks_16k/Glaucidium cuculoides_29_c005.wav
Glaucidium cuculoides_29_c006,Glaucidium cuculoides,Glaucidium cuculoides,0.9730,data/chunks_48k/Glaucidium cuculoides_29_c006.wav,data/chunks_16k/Glaucidium cuculoides_29_c006.wav
Glaucidium cuculoides_29_c008,Glaucidium cuculoides,Glaucidium cuculoides,0.9838,data/chunks_48k/Glaucidium cuculoides_29_c008.wav,data/chunks_16k/Glaucidium cuculoides_29_c008.wav
Glaucidium cuculoides_29_c009,Glaucidium cuculoides,Glaucidium cuculoides,0.9343,data/chunks_48k/Glaucidium cuculoides_29_c009.wav,data/chunks_16k/Glaucidium cuculoides_29_c009.wav
Glaucidium cuculoides_29_c010,Glaucidium cuculoides,Glaucidium cuculoides,0.9272,data/chunks_48k/Glaucidium cuculoides_29_c010.wav,data/chunks_16k/Glaucidium cuculoides_29_c010.wav
Glaucidium cuculoides_29_c011,Glaucidium cuculoides,Glaucidium cuculoides,0.8903,data/chunks_48k/Glaucidium cuculoides_29_c011.wav,data/chunks_16k/Glaucidium cuculoides_29_c011.wav
Glaucidium cuculoides_29_c012,Glaucidium cuculoides,Glaucidium cuculoides,0.6899,data/chunks_48k/Glaucidium cuculoides_29_c012.wav,data/chunks_16k/Glaucidium cuculoides_29_c012.wav
Glaucidium cuculoides_29_c013,Glaucidium cuculoides,Glaucidium cuculoides,0.9839,data/chunks_48k/Glaucidium cuculoides_29_c013.wav,data/chunks_16k/Glaucidium cuculoides_29_c013.wav
Glaucidium cuculoides_29_c014,Glaucidium cuculoides,Glaucidium cuculoides,0.9298,data/chunks_48k/Glaucidium cuculoides_29_c014.wav,data/chunks_16k/Glaucidium cuculoides_29_c014.wav
Glaucidium cuculoides_29_c015,Glaucidium cuculoides,Glaucidium cuculoides,0.8923,data/chunks_48k/Glaucidium cuculoides_29_c015.wav,data/chunks_16k/Glaucidium cuculoides_29_c015.wav
Glaucidium cuculoides_29_c016,Glaucidium cuculoides,Glaucidium cuculoides,0.9246,data/chunks_48k/Glaucidium cuculoides_29_c016.wav,data/chunks_16k/Glaucidium cuculoides_29_c016.wav
Glaucidium cuculoides_2_c000,Glaucidium cuculoides,Glaucidium cuculoides,0.9265,data/chunks_48k/Glaucidium cuculoides_2_c000.wav,data/chunks_16k/Glaucidium cuculoides_2_c000.wav
Glaucidium cuculoides_2_c001,Glaucidium cuculoides,Glaucidium cuculoides,0.9705,data/chunks_48k/Glaucidium cuculoides_2_c001.wav,data/chunks_16k/Glaucidium cuculoides_2_c001.wav
Glaucidium cuculoides_2_c007,Glaucidium cuculoides,Glaucidium cuculoides,0.5831,data/chunks_48k/Glaucidium cuculoides_2_c007.wav,data/chunks_16k/Glaucidium cuculoides_2_c007.wav
Glaucidium cuculoides_2_c008,Glaucidium cuculoides,Glaucidium cuculoides,0.9945,data/chunks_48k/Glaucidium cuculoides_2_c008.wav,data/chunks_16k/Glaucidium cuculoides_2_c008.wav
Glaucidium cuculoides_2_c009,Glaucidium cuculoides,Glaucidium cuculoides,0.9161,data/chunks_48k/Glaucidium cuculoides_2_c009.wav,data/chunks_16k/Glaucidium cuculoides_2_c009.wav
Glaucidium cuculoides_30_c000,Glaucidium cuculoides,Glaucidium cuculoides,0.8212,data/chunks_48k/Glaucidium cuculoides_30_c000.wav,data/chunks_16k/Glaucidium cuculoides_30_c000.wav
Glaucidium cuculoides_30_c001,Glaucidium cuculoides,Glaucidium cuculoides,0.8033,data/chunks_48k/Glaucidium cuculoides_30_c001.wav,data/chunks_16k/Glaucidium cuculoides_30_c001.wav
Glaucidium cuculoides_30_c002,Glaucidium cuculoides,Glaucidium cuculoides,0.9874,data/chunks_48k/Glaucidium cuculoides_30_c002.wav,data/chunks_16k/Glaucidium cuculoides_30_c002.wav
Glaucidium cuculoides_30_c003,Glaucidium cuculoides,Glaucidium cuculoides,0.9739,data/chunks_48k/Glaucidium cuculoides_30_c003.wav,data/chunks_16k/Glaucidium cuculoides_30_c003.wav
Glaucidium cuculoides_30_c004,Glaucidium cuculoides,Glaucidium cuculoides,0.6604,data/chunks_48k/Glaucidium cuculoides_30_c004.wav,data/chunks_16k/Glaucidium cuculoides_30_c004.wav
Glaucidium cuculoides_30_c005,Glaucidium cuculoides,Glaucidium cuculoides,0.6203,data/chunks_48k/Glaucidium cuculoides_30_c005.wav,data/chunks_16k/Glaucidium cuculoides_30_c005.wav
Glaucidium cuculoides_30_c006,Glaucidium cuculoides,Glaucidium cuculoides,0.9669,data/chunks_48k/Glaucidium cuculoides_30_c006.wav,data/chunks_16k/Glaucidium cuculoides_30_c006.wav
Glaucidium cuculoides_30_c007,Glaucidium cuculoides,Glaucidium cuculoides,0.8807,data/chunks_48k/Glaucidium cuculoides_30_c007.wav,data/chunks_16k/Glaucidium cuculoides_30_c007.wav
Glaucidium cuculoides_30_c008,Glaucidium cuculoides,Glaucidium cuculoides,0.9897,data/chunks_48k/Glaucidium cuculoides_30_c008.wav,data/chunks_16k/Glaucidium cuculoides_30_c008.wav
Glaucidium cuculoides_30_c009,Glaucidium cuculoides,Glaucidium cuculoides,0.8668,data/chunks_48k/Glaucidium cuculoides_30_c009.wav,data/chunks_16k/Glaucidium cuculoides_30_c009.wav
Glaucidium cuculoides_30_c010,Glaucidium cuculoides,Glaucidium cuculoides,0.9054,data/chunks_48k/Glaucidium cuculoides_30_c010.wav,data/chunks_16k/Glaucidium cuculoides_30_c010.wav
Glaucidium cuculoides_30_c011,Glaucidium cuculoides,Glaucidium cuculoides,0.8084,data/chunks_48k/Glaucidium cuculoides_30_c011.wav,data/chunks_16k/Glaucidium cuculoides_30_c011.wav
Glaucidium cuculoides_30_c012,Glaucidium cuculoides,Glaucidium cuculoides,0.9844,data/chunks_48k/Glaucidium cuculoides_30_c012.wav,data/chunks_16k/Glaucidium cuculoides_30_c012.wav
Glaucidium cuculoides_30_c013,Glaucidium cuculoides,Glaucidium cuculoides,0.9818,data/chunks_48k/Glaucidium cuculoides_30_c013.wav,data/chunks_16k/Glaucidium cuculoides_30_c013.wav
Glaucidium cuculoides_30_c014,Glaucidium cuculoides,Glaucidium cuculoides,0.9485,data/chunks_48k/Glaucidium cuculoides_30_c014.wav,data/chunks_16k/Glaucidium cuculoides_30_c014.wav
Glaucidium cuculoides_30_c015,Glaucidium cuculoides,Glaucidium cuculoides,0.8260,data/chunks_48k/Glaucidium cuculoides_30_c015.wav,data/chunks_16k/Glaucidium cuculoides_30_c015.wav
Glaucidium cuculoides_30_c016,Glaucidium cuculoides,Glaucidium cuculoides,0.8073,data/chunks_48k/Glaucidium cuculoides_30_c016.wav,data/chunks_16k/Glaucidium cuculoides_30_c016.wav
Glaucidium cuculoides_30_c017,Glaucidium cuculoides,Glaucidium cuculoides,0.9810,data/chunks_48k/Glaucidium cuculoides_30_c017.wav,data/chunks_16k/Glaucidium cuculoides_30_c017.wav
Glaucidium cuculoides_31_c000,Glaucidium cuculoides,Glaucidium cuculoides,0.6511,data/chunks_48k/Glaucidium cuculoides_31_c000.wav,data/chunks_16k/Glaucidium cuculoides_31_c000.wav
Glaucidium cuculoides_31_c008,Glaucidium cuculoides,Glaucidium cuculoides,0.5567,data/chunks_48k/Glaucidium cuculoides_31_c008.wav,data/chunks_16k/Glaucidium cuculoides_31_c008.wav
Glaucidium cuculoides_31_c023,Glaucidium cuculoides,Glaucidium cuculoides,0.7082,data/chunks_48k/Glaucidium cuculoides_31_c023.wav,data/chunks_16k/Glaucidium cuculoides_31_c023.wav
Glaucidium cuculoides_31_c030,Glaucidium cuculoides,Glaucidium cuculoides,0.5768,data/chunks_48k/Glaucidium cuculoides_31_c030.wav,data/chunks_16k/Glaucidium cuculoides_31_c030.wav
Glaucidium cuculoides_31_c032,Glaucidium cuculoides,Glaucidium cuculoides,0.9068,data/chunks_48k/Glaucidium cuculoides_31_c032.wav,data/chunks_16k/Glaucidium cuculoides_31_c032.wav
Glaucidium cuculoides_31_c041,Glaucidium cuculoides,Glaucidium cuculoides,0.9800,data/chunks_48k/Glaucidium cuculoides_31_c041.wav,data/chunks_16k/Glaucidium cuculoides_31_c041.wav
Glaucidium cuculoides_31_c052,Glaucidium cuculoides,Glaucidium cuculoides,0.9050,data/chunks_48k/Glaucidium cuculoides_31_c052.wav,data/chunks_16k/Glaucidium cuculoides_31_c052.wav
Glaucidium cuculoides_32_c000,Glaucidium cuculoides,Glaucidium cuculoides,0.9396,data/chunks_48k/Glaucidium cuculoides_32_c000.wav,data/chunks_16k/Glaucidium cuculoides_32_c000.wav
Glaucidium cuculoides_32_c001,Glaucidium cuculoides,Glaucidium cuculoides,0.7249,data/chunks_48k/Glaucidium cuculoides_32_c001.wav,data/chunks_16k/Glaucidium cuculoides_32_c001.wav
Glaucidium cuculoides_32_c003,Glaucidium cuculoides,Glaucidium cuculoides,0.5605,data/chunks_48k/Glaucidium cuculoides_32_c003.wav,data/chunks_16k/Glaucidium cuculoides_32_c003.wav
Glaucidium cuculoides_32_c004,Glaucidium cuculoides,Glaucidium cuculoides,0.7922,data/chunks_48k/Glaucidium cuculoides_32_c004.wav,data/chunks_16k/Glaucidium cuculoides_32_c004.wav
Glaucidium cuculoides_33_c001,Glaucidium cuculoides,Glaucidium cuculoides,0.5975,data/chunks_48k/Glaucidium cuculoides_33_c001.wav,data/chunks_16k/Glaucidium cuculoides_33_c001.wav
Glaucidium cuculoides_34_c002,Glaucidium cuculoides,Glaucidium cuculoides,0.6683,data/chunks_48k/Glaucidium cuculoides_34_c002.wav,data/chunks_16k/Glaucidium cuculoides_34_c002.wav
Glaucidium cuculoides_37_c001,Glaucidium cuculoides,Glaucidium cuculoides,0.9682,data/chunks_48k/Glaucidium cuculoides_37_c001.wav,data/chunks_16k/Glaucidium cuculoides_37_c001.wav
Glaucidium cuculoides_37_c002,Glaucidium cuculoides,Glaucidium cuculoides,0.7277,data/chunks_48k/Glaucidium cuculoides_37_c002.wav,data/chunks_16k/Glaucidium cuculoides_37_c002.wav
Glaucidium cuculoides_39_c000,Glaucidium cuculoides,Glaucidium cuculoides,0.9701,data/chunks_48k/Glaucidium cuculoides_39_c000.wav,data/chunks_16k/Glaucidium cuculoides_39_c000.wav
Glaucidium cuculoides_39_c001,Glaucidium cuculoides,Glaucidium cuculoides,0.8467,data/chunks_48k/Glaucidium cuculoides_39_c001.wav,data/chunks_16k/Glaucidium cuculoides_39_c001.wav
Glaucidium cuculoides_39_c002,Glaucidium cuculoides,Glaucidium cuculoides,0.8559,data/chunks_48k/Glaucidium cuculoides_39_c002.wav,data/chunks_16k/Glaucidium cuculoides_39_c002.wav
Glaucidium cuculoides_3_c000,Glaucidium cuculoides,Glaucidium cuculoides,0.8121,data/chunks_48k/Glaucidium cuculoides_3_c000.wav,data/chunks_16k/Glaucidium cuculoides_3_c000.wav
Glaucidium cuculoides_40_c000,Glaucidium cuculoides,Glaucidium cuculoides,0.5537,data/chunks_48k/Glaucidium cuculoides_40_c000.wav,data/chunks_16k/Glaucidium cuculoides_40_c000.wav
Glaucidium cuculoides_6_c002,Glaucidium cuculoides,Glaucidium cuculoides,0.6292,data/chunks_48k/Glaucidium cuculoides_6_c002.wav,data/chunks_16k/Glaucidium cuculoides_6_c002.wav
Glaucidium cuculoides_6_c003,Glaucidium cuculoides,Glaucidium cuculoides,0.7955,data/chunks_48k/Glaucidium cuculoides_6_c003.wav,data/chunks_16k/Glaucidium cuculoides_6_c003.wav
Glaucidium cuculoides_6_c004,Glaucidium cuculoides,Glaucidium cuculoides,0.7978,data/chunks_48k/Glaucidium cuculoides_6_c004.wav,data/chunks_16k/Glaucidium cuculoides_6_c004.wav
Glaucidium cuculoides_7_c000,Glaucidium cuculoides,Glaucidium cuculoides,0.9477,data/chunks_48k/Glaucidium cuculoides_7_c000.wav,data/chunks_16k/Glaucidium cuculoides_7_c000.wav
Glaucidium cuculoides_7_c001,Glaucidium cuculoides,Glaucidium cuculoides,0.6586,data/chunks_48k/Glaucidium cuculoides_7_c001.wav,data/chunks_16k/Glaucidium cuculoides_7_c001.wav
Glaucidium cuculoides_8_c001,Glaucidium cuculoides,Glaucidium cuculoides,0.8117,data/chunks_48k/Glaucidium cuculoides_8_c001.wav,data/chunks_16k/Glaucidium cuculoides_8_c001.wav
Glaucidium cuculoides_8_c002,Glaucidium cuculoides,Glaucidium cuculoides,0.7645,data/chunks_48k/Glaucidium cuculoides_8_c002.wav,data/chunks_16k/Glaucidium cuculoides_8_c002.wav
Glaucidium cuculoides_8_c005,Glaucidium cuculoides,Glaucidium cuculoides,0.8453,data/chunks_48k/Glaucidium cuculoides_8_c005.wav,data/chunks_16k/Glaucidium cuculoides_8_c005.wav
Halcyon coromanda_1_c000,Halcyon coromanda,Halcyon coromanda,0.9941,data/chunks_48k/Halcyon coromanda_1_c000.wav,data/chunks_16k/Halcyon coromanda_1_c000.wav
Halcyon coromanda_1_c001,Halcyon coromanda,Halcyon coromanda,0.9777,data/chunks_48k/Halcyon coromanda_1_c001.wav,data/chunks_16k/Halcyon coromanda_1_c001.wav
Halcyon coromanda_1_c002,Halcyon coromanda,Halcyon coromanda,0.8566,data/chunks_48k/Halcyon coromanda_1_c002.wav,data/chunks_16k/Halcyon coromanda_1_c002.wav
Halcyon coromanda_4_c000,Halcyon coromanda,Halcyon coromanda,0.9990,data/chunks_48k/Halcyon coromanda_4_c000.wav,data/chunks_16k/Halcyon coromanda_4_c000.wav
Halcyon coromanda_4_c001,Halcyon coromanda,Halcyon coromanda,0.9961,data/chunks_48k/Halcyon coromanda_4_c001.wav,data/chunks_16k/Halcyon coromanda_4_c001.wav
Halcyon coromanda_4_c002,Halcyon coromanda,Halcyon coromanda,0.9827,data/chunks_48k/Halcyon coromanda_4_c002.wav,data/chunks_16k/Halcyon coromanda_4_c002.wav
Halcyon coromanda_5_c000,Halcyon coromanda,Halcyon coromanda,0.9411,data/chunks_48k/Halcyon coromanda_5_c000.wav,data/chunks_16k/Halcyon coromanda_5_c000.wav
Halcyon coromanda_6_c000,Halcyon coromanda,Halcyon coromanda,0.9964,data/chunks_48k/Halcyon coromanda_6_c000.wav,data/chunks_16k/Halcyon coromanda_6_c000.wav
Halcyon coromanda_6_c001,Halcyon coromanda,Halcyon coromanda,0.9398,data/chunks_48k/Halcyon coromanda_6_c001.wav,data/chunks_16k/Halcyon coromanda_6_c001.wav
Halcyon coromanda_6_c002,Halcyon coromanda,Halcyon coromanda,0.9521,data/chunks_48k/Halcyon coromanda_6_c002.wav,data/chunks_16k/Halcyon coromanda_6_c002.wav
Halcyon coromanda_6_c003,Halcyon coromanda,Halcyon coromanda,0.9604,data/chunks_48k/Halcyon coromanda_6_c003.wav,data/chunks_16k/Halcyon coromanda_6_c003.wav
Halcyon coromanda_7_c000,Halcyon coromanda,Halcyon coromanda,0.9725,data/chunks_48k/Halcyon coromanda_7_c000.wav,data/chunks_16k/Halcyon coromanda_7_c000.wav
Halcyon coromanda_7_c001,Halcyon coromanda,Halcyon coromanda,0.8487,data/chunks_48k/Halcyon coromanda_7_c001.wav,data/chunks_16k/Halcyon coromanda_7_c001.wav
Halcyon coromanda_7_c002,Halcyon coromanda,Halcyon coromanda,0.5869,data/chunks_48k/Halcyon coromanda_7_c002.wav,data/chunks_16k/Halcyon coromanda_7_c002.wav
Halcyon coromanda_8_c000,Halcyon coromanda,Halcyon coromanda,0.7846,data/chunks_48k/Halcyon coromanda_8_c000.wav,data/chunks_16k/Halcyon coromanda_8_c000.wav
Halcyon coromanda_8_c001,Halcyon coromanda,Halcyon coromanda,0.7488,data/chunks_48k/Halcyon coromanda_8_c001.wav,data/chunks_16k/Halcyon coromanda_8_c001.wav
Lanius tephronotus_1_c000,Lanius tephronotus,Lanius tephronotus,0.9905,data/chunks_48k/Lanius tephronotus_1_c000.wav,data/chunks_16k/Lanius tephronotus_1_c000.wav
Lanius tephronotus_1_c001,Lanius tephronotus,Lanius tephronotus,0.8533,data/chunks_48k/Lanius tephronotus_1_c001.wav,data/chunks_16k/Lanius tephronotus_1_c001.wav
Lanius tephronotus_1_c002,Lanius tephronotus,Lanius tephronotus,0.8888,data/chunks_48k/Lanius tephronotus_1_c002.wav,data/chunks_16k/Lanius tephronotus_1_c002.wav
Lanius tephronotus_1_c003,Lanius tephronotus,Lanius tephronotus,0.9234,data/chunks_48k/Lanius tephronotus_1_c003.wav,data/chunks_16k/Lanius tephronotus_1_c003.wav
Lanius tephronotus_2_c000,Lanius tephronotus,Lanius tephronotus,0.9961,data/chunks_48k/Lanius tephronotus_2_c000.wav,data/chunks_16k/Lanius tephronotus_2_c000.wav
Lanius tephronotus_2_c001,Lanius tephronotus,Lanius tephronotus,0.9939,data/chunks_48k/Lanius tephronotus_2_c001.wav,data/chunks_16k/Lanius tephronotus_2_c001.wav
Lanius tephronotus_2_c002,Lanius tephronotus,Lanius tephronotus,0.9981,data/chunks_48k/Lanius tephronotus_2_c002.wav,data/chunks_16k/Lanius tephronotus_2_c002.wav
Lanius tephronotus_2_c003,Lanius tephronotus,Lanius tephronotus,0.9967,data/chunks_48k/Lanius tephronotus_2_c003.wav,data/chunks_16k/Lanius tephronotus_2_c003.wav
Lanius tephronotus_5_c000,Lanius tephronotus,Lanius tephronotus,0.8320,data/chunks_48k/Lanius tephronotus_5_c000.wav,data/chunks_16k/Lanius tephronotus_5_c000.wav
Lanius tephronotus_5_c002,Lanius tephronotus,Lanius tephronotus,0.6249,data/chunks_48k/Lanius tephronotus_5_c002.wav,data/chunks_16k/Lanius tephronotus_5_c002.wav
Lanius tephronotus_5_c005,Lanius tephronotus,Lanius tephronotus,0.9045,data/chunks_48k/Lanius tephronotus_5_c005.wav,data/chunks_16k/Lanius tephronotus_5_c005.wav
Lanius tephronotus_5_c008,Lanius tephronotus,Lanius tephronotus,0.5695,data/chunks_48k/Lanius tephronotus_5_c008.wav,data/chunks_16k/Lanius tephronotus_5_c008.wav
Lanius tephronotus_5_c011,Lanius tephronotus,Lanius tephronotus,0.6496,data/chunks_48k/Lanius tephronotus_5_c011.wav,data/chunks_16k/Lanius tephronotus_5_c011.wav
Lanius tephronotus_5_c012,Lanius tephronotus,Lanius tephronotus,0.9264,data/chunks_48k/Lanius tephronotus_5_c012.wav,data/chunks_16k/Lanius tephronotus_5_c012.wav
Lanius tephronotus_5_c013,Lanius tephronotus,Lanius tephronotus,0.9506,data/chunks_48k/Lanius tephronotus_5_c013.wav,data/chunks_16k/Lanius tephronotus_5_c013.wav
Lanius tephronotus_5_c014,Lanius tephronotus,Lanius tephronotus,0.6732,data/chunks_48k/Lanius tephronotus_5_c014.wav,data/chunks_16k/Lanius tephronotus_5_c014.wav
Lanius tephronotus_5_c015,Lanius tephronotus,Lanius tephronotus,0.6331,data/chunks_48k/Lanius tephronotus_5_c015.wav,data/chunks_16k/Lanius tephronotus_5_c015.wav
Liocichla phoenicea_10_c002,Liocichla phoenicea,Liocichla phoenicea,0.9321,data/chunks_48k/Liocichla phoenicea_10_c002.wav,data/chunks_16k/Liocichla phoenicea_10_c002.wav
Liocichla phoenicea_10_c003,Liocichla phoenicea,Liocichla phoenicea,0.9801,data/chunks_48k/Liocichla phoenicea_10_c003.wav,data/chunks_16k/Liocichla phoenicea_10_c003.wav
Liocichla phoenicea_10_c004,Liocichla phoenicea,Liocichla phoenicea,0.9915,data/chunks_48k/Liocichla phoenicea_10_c004.wav,data/chunks_16k/Liocichla phoenicea_10_c004.wav
Liocichla phoenicea_10_c005,Liocichla phoenicea,Liocichla phoenicea,0.9505,data/chunks_48k/Liocichla phoenicea_10_c005.wav,data/chunks_16k/Liocichla phoenicea_10_c005.wav
Liocichla phoenicea_10_c006,Liocichla phoenicea,Liocichla phoenicea,0.9551,data/chunks_48k/Liocichla phoenicea_10_c006.wav,data/chunks_16k/Liocichla phoenicea_10_c006.wav
Liocichla phoenicea_11_c000,Liocichla phoenicea,Liocichla phoenicea,0.9908,data/chunks_48k/Liocichla phoenicea_11_c000.wav,data/chunks_16k/Liocichla phoenicea_11_c000.wav
Liocichla phoenicea_11_c001,Liocichla phoenicea,Liocichla phoenicea,0.9914,data/chunks_48k/Liocichla phoenicea_11_c001.wav,data/chunks_16k/Liocichla phoenicea_11_c001.wav
Liocichla phoenicea_11_c002,Liocichla phoenicea,Liocichla phoenicea,0.9577,data/chunks_48k/Liocichla phoenicea_11_c002.wav,data/chunks_16k/Liocichla phoenicea_11_c002.wav
Liocichla phoenicea_11_c004,Liocichla phoenicea,Liocichla phoenicea,0.9326,data/chunks_48k/Liocichla phoenicea_11_c004.wav,data/chunks_16k/Liocichla phoenicea_11_c004.wav
Liocichla phoenicea_11_c005,Liocichla phoenicea,Liocichla phoenicea,0.9166,data/chunks_48k/Liocichla phoenicea_11_c005.wav,data/chunks_16k/Liocichla phoenicea_11_c005.wav
Liocichla phoenicea_12_c001,Liocichla phoenicea,Liocichla phoenicea,0.6453,data/chunks_48k/Liocichla phoenicea_12_c001.wav,data/chunks_16k/Liocichla phoenicea_12_c001.wav
Liocichla phoenicea_12_c003,Liocichla phoenicea,Liocichla phoenicea,0.6018,data/chunks_48k/Liocichla phoenicea_12_c003.wav,data/chunks_16k/Liocichla phoenicea_12_c003.wav
Liocichla phoenicea_12_c004,Liocichla phoenicea,Liocichla phoenicea,0.8451,data/chunks_48k/Liocichla phoenicea_12_c004.wav,data/chunks_16k/Liocichla phoenicea_12_c004.wav
Liocichla phoenicea_12_c007,Liocichla phoenicea,Liocichla phoenicea,0.7711,data/chunks_48k/Liocichla phoenicea_12_c007.wav,data/chunks_16k/Liocichla phoenicea_12_c007.wav
Liocichla phoenicea_12_c009,Liocichla phoenicea,Liocichla phoenicea,0.8932,data/chunks_48k/Liocichla phoenicea_12_c009.wav,data/chunks_16k/Liocichla phoenicea_12_c009.wav
Liocichla phoenicea_12_c011,Liocichla phoenicea,Liocichla phoenicea,0.8292,data/chunks_48k/Liocichla phoenicea_12_c011.wav,data/chunks_16k/Liocichla phoenicea_12_c011.wav
Liocichla phoenicea_12_c012,Liocichla phoenicea,Liocichla phoenicea,0.5021,data/chunks_48k/Liocichla phoenicea_12_c012.wav,data/chunks_16k/Liocichla phoenicea_12_c012.wav
Liocichla phoenicea_13_c000,Liocichla phoenicea,Liocichla phoenicea,0.9604,data/chunks_48k/Liocichla phoenicea_13_c000.wav,data/chunks_16k/Liocichla phoenicea_13_c000.wav
Liocichla phoenicea_13_c001,Liocichla phoenicea,Liocichla phoenicea,0.8516,data/chunks_48k/Liocichla phoenicea_13_c001.wav,data/chunks_16k/Liocichla phoenicea_13_c001.wav
Liocichla phoenicea_13_c005,Liocichla phoenicea,Liocichla phoenicea,0.9448,data/chunks_48k/Liocichla phoenicea_13_c005.wav,data/chunks_16k/Liocichla phoenicea_13_c005.wav
Liocichla phoenicea_13_c006,Liocichla phoenicea,Liocichla phoenicea,0.9888,data/chunks_48k/Liocichla phoenicea_13_c006.wav,data/chunks_16k/Liocichla phoenicea_13_c006.wav
Liocichla phoenicea_13_c007,Liocichla phoenicea,Liocichla phoenicea,0.9961,data/chunks_48k/Liocichla phoenicea_13_c007.wav,data/chunks_16k/Liocichla phoenicea_13_c007.wav
Liocichla phoenicea_13_c009,Liocichla phoenicea,Liocichla phoenicea,0.9752,data/chunks_48k/Liocichla phoenicea_13_c009.wav,data/chunks_16k/Liocichla phoenicea_13_c009.wav
Liocichla phoenicea_13_c013,Liocichla phoenicea,Liocichla phoenicea,0.8207,data/chunks_48k/Liocichla phoenicea_13_c013.wav,data/chunks_16k/Liocichla phoenicea_13_c013.wav
Liocichla phoenicea_13_c014,Liocichla phoenicea,Liocichla phoenicea,0.8039,data/chunks_48k/Liocichla phoenicea_13_c014.wav,data/chunks_16k/Liocichla phoenicea_13_c014.wav
Liocichla phoenicea_13_c016,Liocichla phoenicea,Liocichla phoenicea,0.9376,data/chunks_48k/Liocichla phoenicea_13_c016.wav,data/chunks_16k/Liocichla phoenicea_13_c016.wav
Liocichla phoenicea_13_c017,Liocichla phoenicea,Liocichla phoenicea,0.9669,data/chunks_48k/Liocichla phoenicea_13_c017.wav,data/chunks_16k/Liocichla phoenicea_13_c017.wav
Liocichla phoenicea_13_c018,Liocichla phoenicea,Liocichla phoenicea,0.6296,data/chunks_48k/Liocichla phoenicea_13_c018.wav,data/chunks_16k/Liocichla phoenicea_13_c018.wav
Liocichla phoenicea_13_c019,Liocichla phoenicea,Liocichla phoenicea,0.9041,data/chunks_48k/Liocichla phoenicea_13_c019.wav,data/chunks_16k/Liocichla phoenicea_13_c019.wav
Liocichla phoenicea_13_c020,Liocichla phoenicea,Liocichla phoenicea,0.9948,data/chunks_48k/Liocichla phoenicea_13_c020.wav,data/chunks_16k/Liocichla phoenicea_13_c020.wav
Liocichla phoenicea_13_c021,Liocichla phoenicea,Liocichla phoenicea,0.8894,data/chunks_48k/Liocichla phoenicea_13_c021.wav,data/chunks_16k/Liocichla phoenicea_13_c021.wav
Liocichla phoenicea_13_c022,Liocichla phoenicea,Liocichla phoenicea,0.9560,data/chunks_48k/Liocichla phoenicea_13_c022.wav,data/chunks_16k/Liocichla phoenicea_13_c022.wav
Liocichla phoenicea_13_c023,Liocichla phoenicea,Liocichla phoenicea,0.9946,data/chunks_48k/Liocichla phoenicea_13_c023.wav,data/chunks_16k/Liocichla phoenicea_13_c023.wav
Liocichla phoenicea_13_c024,Liocichla phoenicea,Liocichla phoenicea,0.9571,data/chunks_48k/Liocichla phoenicea_13_c024.wav,data/chunks_16k/Liocichla phoenicea_13_c024.wav
Liocichla phoenicea_13_c025,Liocichla phoenicea,Liocichla phoenicea,0.9244,data/chunks_48k/Liocichla phoenicea_13_c025.wav,data/chunks_16k/Liocichla phoenicea_13_c025.wav
Liocichla phoenicea_13_c026,Liocichla phoenicea,Liocichla phoenicea,0.9835,data/chunks_48k/Liocichla phoenicea_13_c026.wav,data/chunks_16k/Liocichla phoenicea_13_c026.wav
Liocichla phoenicea_13_c027,Liocichla phoenicea,Liocichla phoenicea,0.9893,data/chunks_48k/Liocichla phoenicea_13_c027.wav,data/chunks_16k/Liocichla phoenicea_13_c027.wav
Liocichla phoenicea_13_c028,Liocichla phoenicea,Liocichla phoenicea,0.7861,data/chunks_48k/Liocichla phoenicea_13_c028.wav,data/chunks_16k/Liocichla phoenicea_13_c028.wav
Liocichla phoenicea_13_c029,Liocichla phoenicea,Liocichla phoenicea,0.8763,data/chunks_48k/Liocichla phoenicea_13_c029.wav,data/chunks_16k/Liocichla phoenicea_13_c029.wav
Liocichla phoenicea_13_c030,Liocichla phoenicea,Liocichla phoenicea,0.9946,data/chunks_48k/Liocichla phoenicea_13_c030.wav,data/chunks_16k/Liocichla phoenicea_13_c030.wav
Liocichla phoenicea_13_c031,Liocichla phoenicea,Liocichla phoenicea,0.9907,data/chunks_48k/Liocichla phoenicea_13_c031.wav,data/chunks_16k/Liocichla phoenicea_13_c031.wav
Liocichla phoenicea_13_c032,Liocichla phoenicea,Liocichla phoenicea,0.9851,data/chunks_48k/Liocichla phoenicea_13_c032.wav,data/chunks_16k/Liocichla phoenicea_13_c032.wav
Liocichla phoenicea_13_c033,Liocichla phoenicea,Liocichla phoenicea,0.6392,data/chunks_48k/Liocichla phoenicea_13_c033.wav,data/chunks_16k/Liocichla phoenicea_13_c033.wav
Liocichla phoenicea_13_c034,Liocichla phoenicea,Liocichla phoenicea,0.9320,data/chunks_48k/Liocichla phoenicea_13_c034.wav,data/chunks_16k/Liocichla phoenicea_13_c034.wav
Liocichla phoenicea_14_c000,Liocichla phoenicea,Liocichla phoenicea,0.9900,data/chunks_48k/Liocichla phoenicea_14_c000.wav,data/chunks_16k/Liocichla phoenicea_14_c000.wav
Liocichla phoenicea_14_c001,Liocichla phoenicea,Liocichla phoenicea,0.9873,data/chunks_48k/Liocichla phoenicea_14_c001.wav,data/chunks_16k/Liocichla phoenicea_14_c001.wav
Liocichla phoenicea_14_c002,Liocichla phoenicea,Liocichla phoenicea,0.9460,data/chunks_48k/Liocichla phoenicea_14_c002.wav,data/chunks_16k/Liocichla phoenicea_14_c002.wav
Liocichla phoenicea_14_c004,Liocichla phoenicea,Liocichla phoenicea,0.9364,data/chunks_48k/Liocichla phoenicea_14_c004.wav,data/chunks_16k/Liocichla phoenicea_14_c004.wav
Liocichla phoenicea_14_c005,Liocichla phoenicea,Liocichla phoenicea,0.9329,data/chunks_48k/Liocichla phoenicea_14_c005.wav,data/chunks_16k/Liocichla phoenicea_14_c005.wav
Liocichla phoenicea_16_c000,Liocichla phoenicea,Liocichla phoenicea,0.6395,data/chunks_48k/Liocichla phoenicea_16_c000.wav,data/chunks_16k/Liocichla phoenicea_16_c000.wav
Liocichla phoenicea_16_c003,Liocichla phoenicea,Liocichla phoenicea,0.8315,data/chunks_48k/Liocichla phoenicea_16_c003.wav,data/chunks_16k/Liocichla phoenicea_16_c003.wav
Liocichla phoenicea_17_c000,Liocichla phoenicea,Liocichla phoenicea,0.9962,data/chunks_48k/Liocichla phoenicea_17_c000.wav,data/chunks_16k/Liocichla phoenicea_17_c000.wav
Liocichla phoenicea_17_c001,Liocichla phoenicea,Liocichla phoenicea,0.9846,data/chunks_48k/Liocichla phoenicea_17_c001.wav,data/chunks_16k/Liocichla phoenicea_17_c001.wav
Liocichla phoenicea_17_c002,Liocichla phoenicea,Liocichla phoenicea,0.9857,data/chunks_48k/Liocichla phoenicea_17_c002.wav,data/chunks_16k/Liocichla phoenicea_17_c002.wav
Liocichla phoenicea_17_c003,Liocichla phoenicea,Liocichla phoenicea,0.8103,data/chunks_48k/Liocichla phoenicea_17_c003.wav,data/chunks_16k/Liocichla phoenicea_17_c003.wav
Liocichla phoenicea_17_c004,Liocichla phoenicea,Liocichla phoenicea,0.9930,data/chunks_48k/Liocichla phoenicea_17_c004.wav,data/chunks_16k/Liocichla phoenicea_17_c004.wav
Liocichla phoenicea_18_c000,Liocichla phoenicea,Liocichla phoenicea,0.9898,data/chunks_48k/Liocichla phoenicea_18_c000.wav,data/chunks_16k/Liocichla phoenicea_18_c000.wav
Liocichla phoenicea_18_c001,Liocichla phoenicea,Liocichla phoenicea,0.9968,data/chunks_48k/Liocichla phoenicea_18_c001.wav,data/chunks_16k/Liocichla phoenicea_18_c001.wav
Liocichla phoenicea_18_c002,Liocichla phoenicea,Liocichla phoenicea,0.9878,data/chunks_48k/Liocichla phoenicea_18_c002.wav,data/chunks_16k/Liocichla phoenicea_18_c002.wav
Liocichla phoenicea_19_c000,Liocichla phoenicea,Liocichla phoenicea,0.9843,data/chunks_48k/Liocichla phoenicea_19_c000.wav,data/chunks_16k/Liocichla phoenicea_19_c000.wav
Liocichla phoenicea_19_c001,Liocichla phoenicea,Liocichla phoenicea,0.9479,data/chunks_48k/Liocichla phoenicea_19_c001.wav,data/chunks_16k/Liocichla phoenicea_19_c001.wav
Liocichla phoenicea_19_c002,Liocichla phoenicea,Liocichla phoenicea,0.8969,data/chunks_48k/Liocichla phoenicea_19_c002.wav,data/chunks_16k/Liocichla phoenicea_19_c002.wav
Liocichla phoenicea_19_c003,Liocichla phoenicea,Liocichla phoenicea,0.9822,data/chunks_48k/Liocichla phoenicea_19_c003.wav,data/chunks_16k/Liocichla phoenicea_19_c003.wav
Liocichla phoenicea_20_c000,Liocichla phoenicea,Liocichla phoenicea,0.8279,data/chunks_48k/Liocichla phoenicea_20_c000.wav,data/chunks_16k/Liocichla phoenicea_20_c000.wav
Liocichla phoenicea_21_c000,Liocichla phoenicea,Liocichla phoenicea,0.6556,data/chunks_48k/Liocichla phoenicea_21_c000.wav,data/chunks_16k/Liocichla phoenicea_21_c000.wav
Liocichla phoenicea_21_c001,Liocichla phoenicea,Liocichla phoenicea,0.8033,data/chunks_48k/Liocichla phoenicea_21_c001.wav,data/chunks_16k/Liocichla phoenicea_21_c001.wav
Liocichla phoenicea_21_c002,Liocichla phoenicea,Liocichla phoenicea,0.6285,data/chunks_48k/Liocichla phoenicea_21_c002.wav,data/chunks_16k/Liocichla phoenicea_21_c002.wav
Liocichla phoenicea_21_c004,Liocichla phoenicea,Liocichla phoenicea,0.9271,data/chunks_48k/Liocichla phoenicea_21_c004.wav,data/chunks_16k/Liocichla phoenicea_21_c004.wav
Liocichla phoenicea_21_c005,Liocichla phoenicea,Liocichla phoenicea,0.8888,data/chunks_48k/Liocichla phoenicea_21_c005.wav,data/chunks_16k/Liocichla phoenicea_21_c005.wav
Liocichla phoenicea_21_c006,Liocichla phoenicea,Liocichla phoenicea,0.9039,data/chunks_48k/Liocichla phoenicea_21_c006.wav,data/chunks_16k/Liocichla phoenicea_21_c006.wav
Liocichla phoenicea_21_c007,Liocichla phoenicea,Liocichla phoenicea,0.9192,data/chunks_48k/Liocichla phoenicea_21_c007.wav,data/chunks_16k/Liocichla phoenicea_21_c007.wav
Liocichla phoenicea_21_c008,Liocichla phoenicea,Liocichla phoenicea,0.8741,data/chunks_48k/Liocichla phoenicea_21_c008.wav,data/chunks_16k/Liocichla phoenicea_21_c008.wav
Liocichla phoenicea_21_c010,Liocichla phoenicea,Liocichla phoenicea,0.7907,data/chunks_48k/Liocichla phoenicea_21_c010.wav,data/chunks_16k/Liocichla phoenicea_21_c010.wav
Liocichla phoenicea_21_c012,Liocichla phoenicea,Liocichla phoenicea,0.8436,data/chunks_48k/Liocichla phoenicea_21_c012.wav,data/chunks_16k/Liocichla phoenicea_21_c012.wav
Liocichla phoenicea_22_c001,Liocichla phoenicea,Liocichla phoenicea,0.6003,data/chunks_48k/Liocichla phoenicea_22_c001.wav,data/chunks_16k/Liocichla phoenicea_22_c001.wav
Liocichla phoenicea_23_c000,Liocichla phoenicea,Liocichla phoenicea,0.9657,data/chunks_48k/Liocichla phoenicea_23_c000.wav,data/chunks_16k/Liocichla phoenicea_23_c000.wav
Liocichla phoenicea_23_c001,Liocichla phoenicea,Liocichla phoenicea,0.8372,data/chunks_48k/Liocichla phoenicea_23_c001.wav,data/chunks_16k/Liocichla phoenicea_23_c001.wav
Liocichla phoenicea_23_c002,Liocichla phoenicea,Liocichla phoenicea,0.9687,data/chunks_48k/Liocichla phoenicea_23_c002.wav,data/chunks_16k/Liocichla phoenicea_23_c002.wav
Liocichla phoenicea_23_c003,Liocichla phoenicea,Liocichla phoenicea,0.8748,data/chunks_48k/Liocichla phoenicea_23_c003.wav,data/chunks_16k/Liocichla phoenicea_23_c003.wav
Liocichla phoenicea_23_c004,Liocichla phoenicea,Liocichla phoenicea,0.9814,data/chunks_48k/Liocichla phoenicea_23_c004.wav,data/chunks_16k/Liocichla phoenicea_23_c004.wav
Liocichla phoenicea_23_c005,Liocichla phoenicea,Liocichla phoenicea,0.9720,data/chunks_48k/Liocichla phoenicea_23_c005.wav,data/chunks_16k/Liocichla phoenicea_23_c005.wav
Liocichla phoenicea_23_c006,Liocichla phoenicea,Liocichla phoenicea,0.9947,data/chunks_48k/Liocichla phoenicea_23_c006.wav,data/chunks_16k/Liocichla phoenicea_23_c006.wav
Liocichla phoenicea_2_c000,Liocichla phoenicea,Liocichla phoenicea,0.9607,data/chunks_48k/Liocichla phoenicea_2_c000.wav,data/chunks_16k/Liocichla phoenicea_2_c000.wav
Liocichla phoenicea_2_c001,Liocichla phoenicea,Liocichla phoenicea,0.9717,data/chunks_48k/Liocichla phoenicea_2_c001.wav,data/chunks_16k/Liocichla phoenicea_2_c001.wav
Liocichla phoenicea_2_c002,Liocichla phoenicea,Liocichla phoenicea,0.9763,data/chunks_48k/Liocichla phoenicea_2_c002.wav,data/chunks_16k/Liocichla phoenicea_2_c002.wav
Liocichla phoenicea_2_c003,Liocichla phoenicea,Liocichla phoenicea,0.9255,data/chunks_48k/Liocichla phoenicea_2_c003.wav,data/chunks_16k/Liocichla phoenicea_2_c003.wav
Liocichla phoenicea_2_c004,Liocichla phoenicea,Liocichla phoenicea,0.9740,data/chunks_48k/Liocichla phoenicea_2_c004.wav,data/chunks_16k/Liocichla phoenicea_2_c004.wav
Liocichla phoenicea_2_c005,Liocichla phoenicea,Liocichla phoenicea,0.9800,data/chunks_48k/Liocichla phoenicea_2_c005.wav,data/chunks_16k/Liocichla phoenicea_2_c005.wav
Liocichla phoenicea_2_c006,Liocichla phoenicea,Liocichla phoenicea,0.9835,data/chunks_48k/Liocichla phoenicea_2_c006.wav,data/chunks_16k/Liocichla phoenicea_2_c006.wav
Liocichla phoenicea_2_c007,Liocichla phoenicea,Liocichla phoenicea,0.9196,data/chunks_48k/Liocichla phoenicea_2_c007.wav,data/chunks_16k/Liocichla phoenicea_2_c007.wav
Liocichla phoenicea_2_c008,Liocichla phoenicea,Liocichla phoenicea,0.9063,data/chunks_48k/Liocichla phoenicea_2_c008.wav,data/chunks_16k/Liocichla phoenicea_2_c008.wav
Liocichla phoenicea_2_c009,Liocichla phoenicea,Liocichla phoenicea,0.9685,data/chunks_48k/Liocichla phoenicea_2_c009.wav,data/chunks_16k/Liocichla phoenicea_2_c009.wav
Liocichla phoenicea_2_c010,Liocichla phoenicea,Liocichla phoenicea,0.9559,data/chunks_48k/Liocichla phoenicea_2_c010.wav,data/chunks_16k/Liocichla phoenicea_2_c010.wav
Liocichla phoenicea_2_c011,Liocichla phoenicea,Liocichla phoenicea,0.8984,data/chunks_48k/Liocichla phoenicea_2_c011.wav,data/chunks_16k/Liocichla phoenicea_2_c011.wav
Liocichla phoenicea_3_c000,Liocichla phoenicea,Liocichla phoenicea,0.5646,data/chunks_48k/Liocichla phoenicea_3_c000.wav,data/chunks_16k/Liocichla phoenicea_3_c000.wav
Liocichla phoenicea_4_c000,Liocichla phoenicea,Liocichla phoenicea,0.8557,data/chunks_48k/Liocichla phoenicea_4_c000.wav,data/chunks_16k/Liocichla phoenicea_4_c000.wav
Liocichla phoenicea_4_c001,Liocichla phoenicea,Liocichla phoenicea,0.6421,data/chunks_48k/Liocichla phoenicea_4_c001.wav,data/chunks_16k/Liocichla phoenicea_4_c001.wav
Liocichla phoenicea_4_c002,Liocichla phoenicea,Liocichla phoenicea,0.8302,data/chunks_48k/Liocichla phoenicea_4_c002.wav,data/chunks_16k/Liocichla phoenicea_4_c002.wav
Liocichla phoenicea_4_c003,Liocichla phoenicea,Liocichla phoenicea,0.5088,data/chunks_48k/Liocichla phoenicea_4_c003.wav,data/chunks_16k/Liocichla phoenicea_4_c003.wav
Liocichla phoenicea_4_c004,Liocichla phoenicea,Liocichla phoenicea,0.5785,data/chunks_48k/Liocichla phoenicea_4_c004.wav,data/chunks_16k/Liocichla phoenicea_4_c004.wav
Liocichla phoenicea_4_c005,Liocichla phoenicea,Liocichla phoenicea,0.6243,data/chunks_48k/Liocichla phoenicea_4_c005.wav,data/chunks_16k/Liocichla phoenicea_4_c005.wav
Liocichla phoenicea_4_c007,Liocichla phoenicea,Liocichla phoenicea,0.6857,data/chunks_48k/Liocichla phoenicea_4_c007.wav,data/chunks_16k/Liocichla phoenicea_4_c007.wav
Liocichla phoenicea_5_c000,Liocichla phoenicea,Liocichla phoenicea,0.9880,data/chunks_48k/Liocichla phoenicea_5_c000.wav,data/chunks_16k/Liocichla phoenicea_5_c000.wav
Liocichla phoenicea_5_c001,Liocichla phoenicea,Liocichla phoenicea,0.9749,data/chunks_48k/Liocichla phoenicea_5_c001.wav,data/chunks_16k/Liocichla phoenicea_5_c001.wav
Liocichla phoenicea_5_c002,Liocichla phoenicea,Liocichla phoenicea,0.9390,data/chunks_48k/Liocichla phoenicea_5_c002.wav,data/chunks_16k/Liocichla phoenicea_5_c002.wav
Liocichla phoenicea_5_c003,Liocichla phoenicea,Liocichla phoenicea,0.9381,data/chunks_48k/Liocichla phoenicea_5_c003.wav,data/chunks_16k/Liocichla phoenicea_5_c003.wav
Liocichla phoenicea_5_c004,Liocichla phoenicea,Liocichla phoenicea,0.9661,data/chunks_48k/Liocichla phoenicea_5_c004.wav,data/chunks_16k/Liocichla phoenicea_5_c004.wav
Liocichla phoenicea_5_c005,Liocichla phoenicea,Liocichla phoenicea,0.9059,data/chunks_48k/Liocichla phoenicea_5_c005.wav,data/chunks_16k/Liocichla phoenicea_5_c005.wav
Liocichla phoenicea_5_c006,Liocichla phoenicea,Liocichla phoenicea,0.9943,data/chunks_48k/Liocichla phoenicea_5_c006.wav,data/chunks_16k/Liocichla phoenicea_5_c006.wav
Liocichla phoenicea_6_c000,Liocichla phoenicea,Liocichla phoenicea,0.9364,data/chunks_48k/Liocichla phoenicea_6_c000.wav,data/chunks_16k/Liocichla phoenicea_6_c000.wav
Liocichla phoenicea_6_c001,Liocichla phoenicea,Liocichla phoenicea,0.9200,data/chunks_48k/Liocichla phoenicea_6_c001.wav,data/chunks_16k/Liocichla phoenicea_6_c001.wav
Liocichla phoenicea_6_c002,Liocichla phoenicea,Liocichla phoenicea,0.6034,data/chunks_48k/Liocichla phoenicea_6_c002.wav,data/chunks_16k/Liocichla phoenicea_6_c002.wav
Liocichla phoenicea_6_c003,Liocichla phoenicea,Liocichla phoenicea,0.9429,data/chunks_48k/Liocichla phoenicea_6_c003.wav,data/chunks_16k/Liocichla phoenicea_6_c003.wav
Liocichla phoenicea_6_c004,Liocichla phoenicea,Liocichla phoenicea,0.9938,data/chunks_48k/Liocichla phoenicea_6_c004.wav,data/chunks_16k/Liocichla phoenicea_6_c004.wav
Liocichla phoenicea_6_c006,Liocichla phoenicea,Liocichla phoenicea,0.8593,data/chunks_48k/Liocichla phoenicea_6_c006.wav,data/chunks_16k/Liocichla phoenicea_6_c006.wav
Liocichla phoenicea_6_c007,Liocichla phoenicea,Liocichla phoenicea,0.9871,data/chunks_48k/Liocichla phoenicea_6_c007.wav,data/chunks_16k/Liocichla phoenicea_6_c007.wav
Liocichla phoenicea_6_c009,Liocichla phoenicea,Liocichla phoenicea,0.9798,data/chunks_48k/Liocichla phoenicea_6_c009.wav,data/chunks_16k/Liocichla phoenicea_6_c009.wav
Liocichla phoenicea_6_c010,Liocichla phoenicea,Liocichla phoenicea,0.9941,data/chunks_48k/Liocichla phoenicea_6_c010.wav,data/chunks_16k/Liocichla phoenicea_6_c010.wav
Liocichla phoenicea_7_c000,Liocichla phoenicea,Liocichla phoenicea,0.8401,data/chunks_48k/Liocichla phoenicea_7_c000.wav,data/chunks_16k/Liocichla phoenicea_7_c000.wav
Liocichla phoenicea_8_c000,Liocichla phoenicea,Liocichla phoenicea,0.9502,data/chunks_48k/Liocichla phoenicea_8_c000.wav,data/chunks_16k/Liocichla phoenicea_8_c000.wav
Liocichla phoenicea_8_c001,Liocichla phoenicea,Liocichla phoenicea,0.5078,data/chunks_48k/Liocichla phoenicea_8_c001.wav,data/chunks_16k/Liocichla phoenicea_8_c001.wav
Liocichla phoenicea_8_c006,Liocichla phoenicea,Liocichla phoenicea,0.9273,data/chunks_48k/Liocichla phoenicea_8_c006.wav,data/chunks_16k/Liocichla phoenicea_8_c006.wav
Liocichla phoenicea_9_c001,Liocichla phoenicea,Liocichla phoenicea,0.5154,data/chunks_48k/Liocichla phoenicea_9_c001.wav,data/chunks_16k/Liocichla phoenicea_9_c001.wav
Liocichla phoenicea_9_c003,Liocichla phoenicea,Liocichla phoenicea,0.9910,data/chunks_48k/Liocichla phoenicea_9_c003.wav,data/chunks_16k/Liocichla phoenicea_9_c003.wav
Liocichla phoenicea_9_c004,Liocichla phoenicea,Liocichla phoenicea,0.8592,data/chunks_48k/Liocichla phoenicea_9_c004.wav,data/chunks_16k/Liocichla phoenicea_9_c004.wav
Liocichla phoenicea_9_c006,Liocichla phoenicea,Liocichla phoenicea,0.9911,data/chunks_48k/Liocichla phoenicea_9_c006.wav,data/chunks_16k/Liocichla phoenicea_9_c006.wav
Liocichla phoenicea_9_c007,Liocichla phoenicea,Liocichla phoenicea,0.9860,data/chunks_48k/Liocichla phoenicea_9_c007.wav,data/chunks_16k/Liocichla phoenicea_9_c007.wav
Liocichla phoenicea_9_c008,Liocichla phoenicea,Liocichla phoenicea,0.9842,data/chunks_48k/Liocichla phoenicea_9_c008.wav,data/chunks_16k/Liocichla phoenicea_9_c008.wav
Liocichla phoenicea_9_c010,Liocichla phoenicea,Liocichla phoenicea,0.9353,data/chunks_48k/Liocichla phoenicea_9_c010.wav,data/chunks_16k/Liocichla phoenicea_9_c010.wav
Liocichla phoenicea_9_c011,Liocichla phoenicea,Liocichla phoenicea,0.6996,data/chunks_48k/Liocichla phoenicea_9_c011.wav,data/chunks_16k/Liocichla phoenicea_9_c011.wav
Locustella davidi_1_c002,Locustella davidi,Locustella davidi,0.9726,data/chunks_48k/Locustella davidi_1_c002.wav,data/chunks_16k/Locustella davidi_1_c002.wav
Locustella davidi_1_c005,Locustella davidi,Locustella davidi,0.9483,data/chunks_48k/Locustella davidi_1_c005.wav,data/chunks_16k/Locustella davidi_1_c005.wav
Locustella davidi_1_c006,Locustella davidi,Locustella davidi,0.9983,data/chunks_48k/Locustella davidi_1_c006.wav,data/chunks_16k/Locustella davidi_1_c006.wav
Locustella davidi_2_c000,Locustella davidi,Locustella davidi,0.7774,data/chunks_48k/Locustella davidi_2_c000.wav,data/chunks_16k/Locustella davidi_2_c000.wav
Locustella davidi_2_c001,Locustella davidi,Locustella davidi,0.9268,data/chunks_48k/Locustella davidi_2_c001.wav,data/chunks_16k/Locustella davidi_2_c001.wav
Locustella davidi_2_c002,Locustella davidi,Locustella davidi,0.9774,data/chunks_48k/Locustella davidi_2_c002.wav,data/chunks_16k/Locustella davidi_2_c002.wav
Locustella davidi_2_c003,Locustella davidi,Locustella davidi,0.9372,data/chunks_48k/Locustella davidi_2_c003.wav,data/chunks_16k/Locustella davidi_2_c003.wav
Locustella davidi_3_c004,Locustella davidi,Locustella davidi,0.9881,data/chunks_48k/Locustella davidi_3_c004.wav,data/chunks_16k/Locustella davidi_3_c004.wav
Locustella davidi_3_c005,Locustella davidi,Locustella davidi,0.9844,data/chunks_48k/Locustella davidi_3_c005.wav,data/chunks_16k/Locustella davidi_3_c005.wav
Locustella davidi_4_c000,Locustella davidi,Locustella davidi,0.9983,data/chunks_48k/Locustella davidi_4_c000.wav,data/chunks_16k/Locustella davidi_4_c000.wav
Locustella davidi_4_c001,Locustella davidi,Locustella davidi,0.9926,data/chunks_48k/Locustella davidi_4_c001.wav,data/chunks_16k/Locustella davidi_4_c001.wav
Locustella davidi_4_c002,Locustella davidi,Locustella davidi,0.6790,data/chunks_48k/Locustella davidi_4_c002.wav,data/chunks_16k/Locustella davidi_4_c002.wav
Locustella davidi_4_c003,Locustella davidi,Locustella davidi,0.9735,data/chunks_48k/Locustella davidi_4_c003.wav,data/chunks_16k/Locustella davidi_4_c003.wav
Locustella davidi_4_c004,Locustella davidi,Locustella davidi,0.9892,data/chunks_48k/Locustella davidi_4_c004.wav,data/chunks_16k/Locustella davidi_4_c004.wav
Locustella davidi_4_c005,Locustella davidi,Locustella davidi,0.9897,data/chunks_48k/Locustella davidi_4_c005.wav,data/chunks_16k/Locustella davidi_4_c005.wav
Locustella davidi_4_c006,Locustella davidi,Locustella davidi,0.9967,data/chunks_48k/Locustella davidi_4_c006.wav,data/chunks_16k/Locustella davidi_4_c006.wav
Locustella davidi_4_c007,Locustella davidi,Locustella davidi,0.9903,data/chunks_48k/Locustella davidi_4_c007.wav,data/chunks_16k/Locustella davidi_4_c007.wav
Locustella davidi_5_c001,Locustella davidi,Locustella davidi,0.8093,data/chunks_48k/Locustella davidi_5_c001.wav,data/chunks_16k/Locustella davidi_5_c001.wav
Locustella davidi_5_c002,Locustella davidi,Locustella davidi,0.8643,data/chunks_48k/Locustella davidi_5_c002.wav,data/chunks_16k/Locustella davidi_5_c002.wav
Locustella davidi_5_c003,Locustella davidi,Locustella davidi,0.5720,data/chunks_48k/Locustella davidi_5_c003.wav,data/chunks_16k/Locustella davidi_5_c003.wav
Locustella davidi_5_c004,Locustella davidi,Locustella davidi,0.6125,data/chunks_48k/Locustella davidi_5_c004.wav,data/chunks_16k/Locustella davidi_5_c004.wav
Locustella davidi_5_c005,Locustella davidi,Locustella davidi,0.5851,data/chunks_48k/Locustella davidi_5_c005.wav,data/chunks_16k/Locustella davidi_5_c005.wav
Locustella davidi_6_c000,Locustella davidi,Locustella davidi,0.7265,data/chunks_48k/Locustella davidi_6_c000.wav,data/chunks_16k/Locustella davidi_6_c000.wav
Locustella davidi_6_c001,Locustella davidi,Locustella davidi,0.9841,data/chunks_48k/Locustella davidi_6_c001.wav,data/chunks_16k/Locustella davidi_6_c001.wav
Locustella davidi_6_c002,Locustella davidi,Locustella davidi,0.9853,data/chunks_48k/Locustella davidi_6_c002.wav,data/chunks_16k/Locustella davidi_6_c002.wav
Locustella davidi_6_c003,Locustella davidi,Locustella davidi,0.9794,data/chunks_48k/Locustella davidi_6_c003.wav,data/chunks_16k/Locustella davidi_6_c003.wav
Locustella davidi_6_c004,Locustella davidi,Locustella davidi,0.9517,data/chunks_48k/Locustella davidi_6_c004.wav,data/chunks_16k/Locustella davidi_6_c004.wav
Locustella davidi_6_c005,Locustella davidi,Locustella davidi,0.7519,data/chunks_48k/Locustella davidi_6_c005.wav,data/chunks_16k/Locustella davidi_6_c005.wav
Locustella davidi_6_c006,Locustella davidi,Locustella davidi,0.8591,data/chunks_48k/Locustella davidi_6_c006.wav,data/chunks_16k/Locustella davidi_6_c006.wav
Locustella davidi_6_c007,Locustella davidi,Locustella davidi,0.8438,data/chunks_48k/Locustella davidi_6_c007.wav,data/chunks_16k/Locustella davidi_6_c007.wav
Locustella davidi_7_c000,Locustella davidi,Locustella davidi,0.9679,data/chunks_48k/Locustella davidi_7_c000.wav,data/chunks_16k/Locustella davidi_7_c000.wav
Locustella davidi_7_c001,Locustella davidi,Locustella davidi,0.9858,data/chunks_48k/Locustella davidi_7_c001.wav,data/chunks_16k/Locustella davidi_7_c001.wav
Locustella davidi_7_c002,Locustella davidi,Locustella davidi,0.9801,data/chunks_48k/Locustella davidi_7_c002.wav,data/chunks_16k/Locustella davidi_7_c002.wav
Locustella davidi_7_c003,Locustella davidi,Locustella davidi,0.9749,data/chunks_48k/Locustella davidi_7_c003.wav,data/chunks_16k/Locustella davidi_7_c003.wav
Locustella davidi_8_c000,Locustella davidi,Locustella davidi,0.9751,data/chunks_48k/Locustella davidi_8_c000.wav,data/chunks_16k/Locustella davidi_8_c000.wav
Loriculus vernalis_10_c002,Loriculus vernalis,Loriculus vernalis,0.6318,data/chunks_48k/Loriculus vernalis_10_c002.wav,data/chunks_16k/Loriculus vernalis_10_c002.wav
Loriculus vernalis_10_c006,Loriculus vernalis,Loriculus vernalis,0.9943,data/chunks_48k/Loriculus vernalis_10_c006.wav,data/chunks_16k/Loriculus vernalis_10_c006.wav
Loriculus vernalis_10_c008,Loriculus vernalis,Loriculus vernalis,0.9945,data/chunks_48k/Loriculus vernalis_10_c008.wav,data/chunks_16k/Loriculus vernalis_10_c008.wav
Loriculus vernalis_10_c009,Loriculus vernalis,Loriculus vernalis,0.9740,data/chunks_48k/Loriculus vernalis_10_c009.wav,data/chunks_16k/Loriculus vernalis_10_c009.wav
Loriculus vernalis_10_c010,Loriculus vernalis,Loriculus vernalis,0.9841,data/chunks_48k/Loriculus vernalis_10_c010.wav,data/chunks_16k/Loriculus vernalis_10_c010.wav
Loriculus vernalis_10_c011,Loriculus vernalis,Loriculus vernalis,0.9824,data/chunks_48k/Loriculus vernalis_10_c011.wav,data/chunks_16k/Loriculus vernalis_10_c011.wav
Loriculus vernalis_10_c012,Loriculus vernalis,Loriculus vernalis,0.6254,data/chunks_48k/Loriculus vernalis_10_c012.wav,data/chunks_16k/Loriculus vernalis_10_c012.wav
Loriculus vernalis_11_c000,Loriculus vernalis,Loriculus vernalis,0.9966,data/chunks_48k/Loriculus vernalis_11_c000.wav,data/chunks_16k/Loriculus vernalis_11_c000.wav
Loriculus vernalis_14_c000,Loriculus vernalis,Loriculus vernalis,0.6260,data/chunks_48k/Loriculus vernalis_14_c000.wav,data/chunks_16k/Loriculus vernalis_14_c000.wav
Loriculus vernalis_14_c001,Loriculus vernalis,Loriculus vernalis,0.8003,data/chunks_48k/Loriculus vernalis_14_c001.wav,data/chunks_16k/Loriculus vernalis_14_c001.wav
Loriculus vernalis_15_c000,Loriculus vernalis,Loriculus vernalis,0.7674,data/chunks_48k/Loriculus vernalis_15_c000.wav,data/chunks_16k/Loriculus vernalis_15_c000.wav
Loriculus vernalis_16_c000,Loriculus vernalis,Loriculus vernalis,0.9902,data/chunks_48k/Loriculus vernalis_16_c000.wav,data/chunks_16k/Loriculus vernalis_16_c000.wav
Loriculus vernalis_16_c001,Loriculus vernalis,Loriculus vernalis,0.9460,data/chunks_48k/Loriculus vernalis_16_c001.wav,data/chunks_16k/Loriculus vernalis_16_c001.wav
Loriculus vernalis_16_c002,Loriculus vernalis,Loriculus vernalis,0.9917,data/chunks_48k/Loriculus vernalis_16_c002.wav,data/chunks_16k/Loriculus vernalis_16_c002.wav
Loriculus vernalis_16_c003,Loriculus vernalis,Loriculus vernalis,0.9577,data/chunks_48k/Loriculus vernalis_16_c003.wav,data/chunks_16k/Loriculus vernalis_16_c003.wav
Loriculus vernalis_16_c004,Loriculus vernalis,Loriculus vernalis,0.9340,data/chunks_48k/Loriculus vernalis_16_c004.wav,data/chunks_16k/Loriculus vernalis_16_c004.wav
Loriculus vernalis_16_c005,Loriculus vernalis,Loriculus vernalis,0.6727,data/chunks_48k/Loriculus vernalis_16_c005.wav,data/chunks_16k/Loriculus vernalis_16_c005.wav
Loriculus vernalis_17_c000,Loriculus vernalis,Loriculus vernalis,0.8649,data/chunks_48k/Loriculus vernalis_17_c000.wav,data/chunks_16k/Loriculus vernalis_17_c000.wav
Loriculus vernalis_17_c001,Loriculus vernalis,Loriculus vernalis,0.9811,data/chunks_48k/Loriculus vernalis_17_c001.wav,data/chunks_16k/Loriculus vernalis_17_c001.wav
Loriculus vernalis_1_c000,Loriculus vernalis,Loriculus vernalis,0.9717,data/chunks_48k/Loriculus vernalis_1_c000.wav,data/chunks_16k/Loriculus vernalis_1_c000.wav
Loriculus vernalis_1_c001,Loriculus vernalis,Loriculus vernalis,0.9490,data/chunks_48k/Loriculus vernalis_1_c001.wav,data/chunks_16k/Loriculus vernalis_1_c001.wav
Loriculus vernalis_1_c002,Loriculus vernalis,Loriculus vernalis,0.6318,data/chunks_48k/Loriculus vernalis_1_c002.wav,data/chunks_16k/Loriculus vernalis_1_c002.wav
Loriculus vernalis_1_c004,Loriculus vernalis,Loriculus vernalis,0.7064,data/chunks_48k/Loriculus vernalis_1_c004.wav,data/chunks_16k/Loriculus vernalis_1_c004.wav
Loriculus vernalis_1_c006,Loriculus vernalis,Loriculus vernalis,0.9081,data/chunks_48k/Loriculus vernalis_1_c006.wav,data/chunks_16k/Loriculus vernalis_1_c006.wav
Loriculus vernalis_1_c007,Loriculus vernalis,Loriculus vernalis,0.9289,data/chunks_48k/Loriculus vernalis_1_c007.wav,data/chunks_16k/Loriculus vernalis_1_c007.wav
Loriculus vernalis_1_c008,Loriculus vernalis,Loriculus vernalis,0.9870,data/chunks_48k/Loriculus vernalis_1_c008.wav,data/chunks_16k/Loriculus vernalis_1_c008.wav
Loriculus vernalis_20_c000,Loriculus vernalis,Loriculus vernalis,0.9194,data/chunks_48k/Loriculus vernalis_20_c000.wav,data/chunks_16k/Loriculus vernalis_20_c000.wav
Loriculus vernalis_20_c001,Loriculus vernalis,Loriculus vernalis,0.9874,data/chunks_48k/Loriculus vernalis_20_c001.wav,data/chunks_16k/Loriculus vernalis_20_c001.wav
Loriculus vernalis_21_c000,Loriculus vernalis,Loriculus vernalis,0.9308,data/chunks_48k/Loriculus vernalis_21_c000.wav,data/chunks_16k/Loriculus vernalis_21_c000.wav
Loriculus vernalis_21_c001,Loriculus vernalis,Loriculus vernalis,0.9230,data/chunks_48k/Loriculus vernalis_21_c001.wav,data/chunks_16k/Loriculus vernalis_21_c001.wav
Loriculus vernalis_21_c003,Loriculus vernalis,Loriculus vernalis,0.9025,data/chunks_48k/Loriculus vernalis_21_c003.wav,data/chunks_16k/Loriculus vernalis_21_c003.wav
Loriculus vernalis_22_c000,Loriculus vernalis,Loriculus vernalis,0.7537,data/chunks_48k/Loriculus vernalis_22_c000.wav,data/chunks_16k/Loriculus vernalis_22_c000.wav
Loriculus vernalis_22_c002,Loriculus vernalis,Loriculus vernalis,0.7859,data/chunks_48k/Loriculus vernalis_22_c002.wav,data/chunks_16k/Loriculus vernalis_22_c002.wav
Loriculus vernalis_23_c000,Loriculus vernalis,Loriculus vernalis,0.5447,data/chunks_48k/Loriculus vernalis_23_c000.wav,data/chunks_16k/Loriculus vernalis_23_c000.wav
Loriculus vernalis_24_c001,Loriculus vernalis,Loriculus vernalis,0.8872,data/chunks_48k/Loriculus vernalis_24_c001.wav,data/chunks_16k/Loriculus vernalis_24_c001.wav
Loriculus vernalis_24_c002,Loriculus vernalis,Loriculus vernalis,0.8418,data/chunks_48k/Loriculus vernalis_24_c002.wav,data/chunks_16k/Loriculus vernalis_24_c002.wav
Loriculus vernalis_25_c002,Loriculus vernalis,Loriculus vernalis,0.9125,data/chunks_48k/Loriculus vernalis_25_c002.wav,data/chunks_16k/Loriculus vernalis_25_c002.wav
Loriculus vernalis_25_c003,Loriculus vernalis,Loriculus vernalis,0.9955,data/chunks_48k/Loriculus vernalis_25_c003.wav,data/chunks_16k/Loriculus vernalis_25_c003.wav
Loriculus vernalis_25_c005,Loriculus vernalis,Loriculus vernalis,0.9767,data/chunks_48k/Loriculus vernalis_25_c005.wav,data/chunks_16k/Loriculus vernalis_25_c005.wav
Loriculus vernalis_25_c006,Loriculus vernalis,Loriculus vernalis,0.9945,data/chunks_48k/Loriculus vernalis_25_c006.wav,data/chunks_16k/Loriculus vernalis_25_c006.wav
Loriculus vernalis_25_c007,Loriculus vernalis,Loriculus vernalis,0.9893,data/chunks_48k/Loriculus vernalis_25_c007.wav,data/chunks_16k/Loriculus vernalis_25_c007.wav
Loriculus vernalis_25_c008,Loriculus vernalis,Loriculus vernalis,0.9988,data/chunks_48k/Loriculus vernalis_25_c008.wav,data/chunks_16k/Loriculus vernalis_25_c008.wav
Loriculus vernalis_25_c009,Loriculus vernalis,Loriculus vernalis,0.9910,data/chunks_48k/Loriculus vernalis_25_c009.wav,data/chunks_16k/Loriculus vernalis_25_c009.wav
Loriculus vernalis_26_c000,Loriculus vernalis,Loriculus vernalis,0.5249,data/chunks_48k/Loriculus vernalis_26_c000.wav,data/chunks_16k/Loriculus vernalis_26_c000.wav
Loriculus vernalis_27_c004,Loriculus vernalis,Loriculus vernalis,0.9071,data/chunks_48k/Loriculus vernalis_27_c004.wav,data/chunks_16k/Loriculus vernalis_27_c004.wav
Loriculus vernalis_27_c005,Loriculus vernalis,Loriculus vernalis,0.9246,data/chunks_48k/Loriculus vernalis_27_c005.wav,data/chunks_16k/Loriculus vernalis_27_c005.wav
Loriculus vernalis_27_c007,Loriculus vernalis,Loriculus vernalis,0.6147,data/chunks_48k/Loriculus vernalis_27_c007.wav,data/chunks_16k/Loriculus vernalis_27_c007.wav
Loriculus vernalis_27_c008,Loriculus vernalis,Loriculus vernalis,0.5255,data/chunks_48k/Loriculus vernalis_27_c008.wav,data/chunks_16k/Loriculus vernalis_27_c008.wav
Loriculus vernalis_27_c009,Loriculus vernalis,Loriculus vernalis,0.9937,data/chunks_48k/Loriculus vernalis_27_c009.wav,data/chunks_16k/Loriculus vernalis_27_c009.wav
Loriculus vernalis_27_c010,Loriculus vernalis,Loriculus vernalis,0.9981,data/chunks_48k/Loriculus vernalis_27_c010.wav,data/chunks_16k/Loriculus vernalis_27_c010.wav
Loriculus vernalis_27_c011,Loriculus vernalis,Loriculus vernalis,0.9888,data/chunks_48k/Loriculus vernalis_27_c011.wav,data/chunks_16k/Loriculus vernalis_27_c011.wav
Loriculus vernalis_27_c012,Loriculus vernalis,Loriculus vernalis,0.9999,data/chunks_48k/Loriculus vernalis_27_c012.wav,data/chunks_16k/Loriculus vernalis_27_c012.wav
Loriculus vernalis_27_c013,Loriculus vernalis,Loriculus vernalis,0.9999,data/chunks_48k/Loriculus vernalis_27_c013.wav,data/chunks_16k/Loriculus vernalis_27_c013.wav
Loriculus vernalis_27_c014,Loriculus vernalis,Loriculus vernalis,0.9959,data/chunks_48k/Loriculus vernalis_27_c014.wav,data/chunks_16k/Loriculus vernalis_27_c014.wav
Loriculus vernalis_27_c015,Loriculus vernalis,Loriculus vernalis,0.9961,data/chunks_48k/Loriculus vernalis_27_c015.wav,data/chunks_16k/Loriculus vernalis_27_c015.wav
Loriculus vernalis_27_c016,Loriculus vernalis,Loriculus vernalis,0.9990,data/chunks_48k/Loriculus vernalis_27_c016.wav,data/chunks_16k/Loriculus vernalis_27_c016.wav
Loriculus vernalis_27_c017,Loriculus vernalis,Loriculus vernalis,0.9955,data/chunks_48k/Loriculus vernalis_27_c017.wav,data/chunks_16k/Loriculus vernalis_27_c017.wav
Loriculus vernalis_27_c018,Loriculus vernalis,Loriculus vernalis,0.9983,data/chunks_48k/Loriculus vernalis_27_c018.wav,data/chunks_16k/Loriculus vernalis_27_c018.wav
Loriculus vernalis_28_c000,Loriculus vernalis,Loriculus vernalis,0.9225,data/chunks_48k/Loriculus vernalis_28_c000.wav,data/chunks_16k/Loriculus vernalis_28_c000.wav
Loriculus vernalis_28_c001,Loriculus vernalis,Loriculus vernalis,0.6690,data/chunks_48k/Loriculus vernalis_28_c001.wav,data/chunks_16k/Loriculus vernalis_28_c001.wav
Loriculus vernalis_28_c002,Loriculus vernalis,Loriculus vernalis,0.9292,data/chunks_48k/Loriculus vernalis_28_c002.wav,data/chunks_16k/Loriculus vernalis_28_c002.wav
Loriculus vernalis_28_c003,Loriculus vernalis,Loriculus vernalis,0.9072,data/chunks_48k/Loriculus vernalis_28_c003.wav,data/chunks_16k/Loriculus vernalis_28_c003.wav
Loriculus vernalis_28_c004,Loriculus vernalis,Loriculus vernalis,0.6169,data/chunks_48k/Loriculus vernalis_28_c004.wav,data/chunks_16k/Loriculus vernalis_28_c004.wav
Loriculus vernalis_28_c005,Loriculus vernalis,Loriculus vernalis,0.7903,data/chunks_48k/Loriculus vernalis_28_c005.wav,data/chunks_16k/Loriculus vernalis_28_c005.wav
Loriculus vernalis_28_c006,Loriculus vernalis,Loriculus vernalis,0.5050,data/chunks_48k/Loriculus vernalis_28_c006.wav,data/chunks_16k/Loriculus vernalis_28_c006.wav
Loriculus vernalis_28_c007,Loriculus vernalis,Loriculus vernalis,0.9476,data/chunks_48k/Loriculus vernalis_28_c007.wav,data/chunks_16k/Loriculus vernalis_28_c007.wav
Loriculus vernalis_28_c008,Loriculus vernalis,Loriculus vernalis,0.8861,data/chunks_48k/Loriculus vernalis_28_c008.wav,data/chunks_16k/Loriculus vernalis_28_c008.wav
Loriculus vernalis_28_c009,Loriculus vernalis,Loriculus vernalis,0.7708,data/chunks_48k/Loriculus vernalis_28_c009.wav,data/chunks_16k/Loriculus vernalis_28_c009.wav
Loriculus vernalis_28_c010,Loriculus vernalis,Loriculus vernalis,0.8594,data/chunks_48k/Loriculus vernalis_28_c010.wav,data/chunks_16k/Loriculus vernalis_28_c010.wav
Loriculus vernalis_28_c011,Loriculus vernalis,Loriculus vernalis,0.7013,data/chunks_48k/Loriculus vernalis_28_c011.wav,data/chunks_16k/Loriculus vernalis_28_c011.wav
Loriculus vernalis_29_c000,Loriculus vernalis,Loriculus vernalis,0.7248,data/chunks_48k/Loriculus vernalis_29_c000.wav,data/chunks_16k/Loriculus vernalis_29_c000.wav
Loriculus vernalis_29_c001,Loriculus vernalis,Loriculus vernalis,0.5557,data/chunks_48k/Loriculus vernalis_29_c001.wav,data/chunks_16k/Loriculus vernalis_29_c001.wav
Loriculus vernalis_29_c003,Loriculus vernalis,Loriculus vernalis,0.7641,data/chunks_48k/Loriculus vernalis_29_c003.wav,data/chunks_16k/Loriculus vernalis_29_c003.wav
Loriculus vernalis_29_c004,Loriculus vernalis,Loriculus vernalis,0.9936,data/chunks_48k/Loriculus vernalis_29_c004.wav,data/chunks_16k/Loriculus vernalis_29_c004.wav
Loriculus vernalis_2_c000,Loriculus vernalis,Loriculus vernalis,0.9795,data/chunks_48k/Loriculus vernalis_2_c000.wav,data/chunks_16k/Loriculus vernalis_2_c000.wav
Loriculus vernalis_33_c000,Loriculus vernalis,Loriculus vernalis,0.6243,data/chunks_48k/Loriculus vernalis_33_c000.wav,data/chunks_16k/Loriculus vernalis_33_c000.wav
Loriculus vernalis_5_c000,Loriculus vernalis,Loriculus vernalis,0.6755,data/chunks_48k/Loriculus vernalis_5_c000.wav,data/chunks_16k/Loriculus vernalis_5_c000.wav
Loriculus vernalis_5_c001,Loriculus vernalis,Loriculus vernalis,0.9471,data/chunks_48k/Loriculus vernalis_5_c001.wav,data/chunks_16k/Loriculus vernalis_5_c001.wav
Loriculus vernalis_5_c002,Loriculus vernalis,Loriculus vernalis,0.8138,data/chunks_48k/Loriculus vernalis_5_c002.wav,data/chunks_16k/Loriculus vernalis_5_c002.wav
Loriculus vernalis_5_c003,Loriculus vernalis,Loriculus vernalis,0.8193,data/chunks_48k/Loriculus vernalis_5_c003.wav,data/chunks_16k/Loriculus vernalis_5_c003.wav
Loriculus vernalis_8_c000,Loriculus vernalis,Loriculus vernalis,0.9159,data/chunks_48k/Loriculus vernalis_8_c000.wav,data/chunks_16k/Loriculus vernalis_8_c000.wav
Loriculus vernalis_8_c001,Loriculus vernalis,Loriculus vernalis,0.9183,data/chunks_48k/Loriculus vernalis_8_c001.wav,data/chunks_16k/Loriculus vernalis_8_c001.wav
Loriculus vernalis_8_c002,Loriculus vernalis,Loriculus vernalis,0.9011,data/chunks_48k/Loriculus vernalis_8_c002.wav,data/chunks_16k/Loriculus vernalis_8_c002.wav
Loriculus vernalis_8_c003,Loriculus vernalis,Loriculus vernalis,0.7880,data/chunks_48k/Loriculus vernalis_8_c003.wav,data/chunks_16k/Loriculus vernalis_8_c003.wav
Loriculus vernalis_8_c004,Loriculus vernalis,Loriculus vernalis,0.9712,data/chunks_48k/Loriculus vernalis_8_c004.wav,data/chunks_16k/Loriculus vernalis_8_c004.wav
Loriculus vernalis_8_c005,Loriculus vernalis,Loriculus vernalis,0.9607,data/chunks_48k/Loriculus vernalis_8_c005.wav,data/chunks_16k/Loriculus vernalis_8_c005.wav
Loriculus vernalis_8_c006,Loriculus vernalis,Loriculus vernalis,0.9814,data/chunks_48k/Loriculus vernalis_8_c006.wav,data/chunks_16k/Loriculus vernalis_8_c006.wav
Loriculus vernalis_8_c007,Loriculus vernalis,Loriculus vernalis,0.9615,data/chunks_48k/Loriculus vernalis_8_c007.wav,data/chunks_16k/Loriculus vernalis_8_c007.wav
Loriculus vernalis_8_c008,Loriculus vernalis,Loriculus vernalis,0.7687,data/chunks_48k/Loriculus vernalis_8_c008.wav,data/chunks_16k/Loriculus vernalis_8_c008.wav
Loriculus vernalis_9_c000,Loriculus vernalis,Loriculus vernalis,0.9826,data/chunks_48k/Loriculus vernalis_9_c000.wav,data/chunks_16k/Loriculus vernalis_9_c000.wav
Loriculus vernalis_9_c001,Loriculus vernalis,Loriculus vernalis,0.9753,data/chunks_48k/Loriculus vernalis_9_c001.wav,data/chunks_16k/Loriculus vernalis_9_c001.wav
Macronus gularis_10_c000,Macronus gularis,Macronus gularis,0.5571,data/chunks_48k/Macronus gularis_10_c000.wav,data/chunks_16k/Macronus gularis_10_c000.wav
Macronus gularis_10_c001,Macronus gularis,Macronus gularis,0.6206,data/chunks_48k/Macronus gularis_10_c001.wav,data/chunks_16k/Macronus gularis_10_c001.wav
Macronus gularis_12_c001,Macronus gularis,Macronus gularis,0.6222,data/chunks_48k/Macronus gularis_12_c001.wav,data/chunks_16k/Macronus gularis_12_c001.wav
Macronus gularis_12_c002,Macronus gularis,Macronus gularis,0.8711,data/chunks_48k/Macronus gularis_12_c002.wav,data/chunks_16k/Macronus gularis_12_c002.wav
Macronus gularis_13_c000,Macronus gularis,Macronus gularis,0.7575,data/chunks_48k/Macronus gularis_13_c000.wav,data/chunks_16k/Macronus gularis_13_c000.wav
Macronus gularis_13_c001,Macronus gularis,Macronus gularis,0.6711,data/chunks_48k/Macronus gularis_13_c001.wav,data/chunks_16k/Macronus gularis_13_c001.wav
Macronus gularis_13_c002,Macronus gularis,Macronus gularis,0.9649,data/chunks_48k/Macronus gularis_13_c002.wav,data/chunks_16k/Macronus gularis_13_c002.wav
Macronus gularis_13_c003,Macronus gularis,Macronus gularis,0.9475,data/chunks_48k/Macronus gularis_13_c003.wav,data/chunks_16k/Macronus gularis_13_c003.wav
Macronus gularis_14_c000,Macronus gularis,Macronus gularis,0.9662,data/chunks_48k/Macronus gularis_14_c000.wav,data/chunks_16k/Macronus gularis_14_c000.wav
Macronus gularis_14_c001,Macronus gularis,Macronus gularis,0.9887,data/chunks_48k/Macronus gularis_14_c001.wav,data/chunks_16k/Macronus gularis_14_c001.wav
Macronus gularis_15_c000,Macronus gularis,Macronus gularis,0.9983,data/chunks_48k/Macronus gularis_15_c000.wav,data/chunks_16k/Macronus gularis_15_c000.wav
Macronus gularis_15_c001,Macronus gularis,Macronus gularis,0.9984,data/chunks_48k/Macronus gularis_15_c001.wav,data/chunks_16k/Macronus gularis_15_c001.wav
Macronus gularis_15_c002,Macronus gularis,Macronus gularis,0.9410,data/chunks_48k/Macronus gularis_15_c002.wav,data/chunks_16k/Macronus gularis_15_c002.wav
Macronus gularis_15_c003,Macronus gularis,Macronus gularis,0.9705,data/chunks_48k/Macronus gularis_15_c003.wav,data/chunks_16k/Macronus gularis_15_c003.wav
Macronus gularis_15_c004,Macronus gularis,Macronus gularis,0.9660,data/chunks_48k/Macronus gularis_15_c004.wav,data/chunks_16k/Macronus gularis_15_c004.wav
Macronus gularis_16_c000,Macronus gularis,Macronus gularis,0.9993,data/chunks_48k/Macronus gularis_16_c000.wav,data/chunks_16k/Macronus gularis_16_c000.wav
Macronus gularis_16_c001,Macronus gularis,Macronus gularis,0.9990,data/chunks_48k/Macronus gularis_16_c001.wav,data/chunks_16k/Macronus gularis_16_c001.wav
Macronus gularis_16_c002,Macronus gularis,Macronus gularis,0.9995,data/chunks_48k/Macronus gularis_16_c002.wav,data/chunks_16k/Macronus gularis_16_c002.wav
Macronus gularis_16_c003,Macronus gularis,Macronus gularis,0.9999,data/chunks_48k/Macronus gularis_16_c003.wav,data/chunks_16k/Macronus gularis_16_c003.wav
Macronus gularis_16_c004,Macronus gularis,Macronus gularis,0.9987,data/chunks_48k/Macronus gularis_16_c004.wav,data/chunks_16k/Macronus gularis_16_c004.wav
Macronus gularis_16_c005,Macronus gularis,Macronus gularis,0.9996,data/chunks_48k/Macronus gularis_16_c005.wav,data/chunks_16k/Macronus gularis_16_c005.wav
Macronus gularis_16_c006,Macronus gularis,Macronus gularis,0.9996,data/chunks_48k/Macronus gularis_16_c006.wav,data/chunks_16k/Macronus gularis_16_c006.wav
Macronus gularis_17_c000,Macronus gularis,Macronus gularis,0.9991,data/chunks_48k/Macronus gularis_17_c000.wav,data/chunks_16k/Macronus gularis_17_c000.wav
Macronus gularis_17_c001,Macronus gularis,Macronus gularis,0.9982,data/chunks_48k/Macronus gularis_17_c001.wav,data/chunks_16k/Macronus gularis_17_c001.wav
Macronus gularis_17_c002,Macronus gularis,Macronus gularis,0.9983,data/chunks_48k/Macronus gularis_17_c002.wav,data/chunks_16k/Macronus gularis_17_c002.wav
Macronus gularis_17_c003,Macronus gularis,Macronus gularis,0.9978,data/chunks_48k/Macronus gularis_17_c003.wav,data/chunks_16k/Macronus gularis_17_c003.wav
Macronus gularis_17_c004,Macronus gularis,Macronus gularis,0.9990,data/chunks_48k/Macronus gularis_17_c004.wav,data/chunks_16k/Macronus gularis_17_c004.wav
Macronus gularis_17_c005,Macronus gularis,Macronus gularis,0.9990,data/chunks_48k/Macronus gularis_17_c005.wav,data/chunks_16k/Macronus gularis_17_c005.wav
Macronus gularis_17_c006,Macronus gularis,Macronus gularis,0.9994,data/chunks_48k/Macronus gularis_17_c006.wav,data/chunks_16k/Macronus gularis_17_c006.wav
Macronus gularis_17_c007,Macronus gularis,Macronus gularis,0.9991,data/chunks_48k/Macronus gularis_17_c007.wav,data/chunks_16k/Macronus gularis_17_c007.wav
Macronus gularis_17_c008,Macronus gularis,Macronus gularis,0.9992,data/chunks_48k/Macronus gularis_17_c008.wav,data/chunks_16k/Macronus gularis_17_c008.wav
Macronus gularis_17_c009,Macronus gularis,Macronus gularis,0.9992,data/chunks_48k/Macronus gularis_17_c009.wav,data/chunks_16k/Macronus gularis_17_c009.wav
Macronus gularis_17_c010,Macronus gularis,Macronus gularis,0.9993,data/chunks_48k/Macronus gularis_17_c010.wav,data/chunks_16k/Macronus gularis_17_c010.wav
Macronus gularis_17_c011,Macronus gularis,Macronus gularis,0.9996,data/chunks_48k/Macronus gularis_17_c011.wav,data/chunks_16k/Macronus gularis_17_c011.wav
Macronus gularis_17_c012,Macronus gularis,Macronus gularis,0.9979,data/chunks_48k/Macronus gularis_17_c012.wav,data/chunks_16k/Macronus gularis_17_c012.wav
Macronus gularis_17_c013,Macronus gularis,Macronus gularis,0.9995,data/chunks_48k/Macronus gularis_17_c013.wav,data/chunks_16k/Macronus gularis_17_c013.wav
Macronus gularis_17_c014,Macronus gularis,Macronus gularis,0.9988,data/chunks_48k/Macronus gularis_17_c014.wav,data/chunks_16k/Macronus gularis_17_c014.wav
Macronus gularis_17_c015,Macronus gularis,Macronus gularis,0.9977,data/chunks_48k/Macronus gularis_17_c015.wav,data/chunks_16k/Macronus gularis_17_c015.wav
Macronus gularis_17_c016,Macronus gularis,Macronus gularis,0.9993,data/chunks_48k/Macronus gularis_17_c016.wav,data/chunks_16k/Macronus gularis_17_c016.wav
Macronus gularis_17_c017,Macronus gularis,Macronus gularis,0.9986,data/chunks_48k/Macronus gularis_17_c017.wav,data/chunks_16k/Macronus gularis_17_c017.wav
Macronus gularis_17_c018,Macronus gularis,Macronus gularis,0.9969,data/chunks_48k/Macronus gularis_17_c018.wav,data/chunks_16k/Macronus gularis_17_c018.wav
Macronus gularis_18_c000,Macronus gularis,Macronus gularis,0.9999,data/chunks_48k/Macronus gularis_18_c000.wav,data/chunks_16k/Macronus gularis_18_c000.wav
Macronus gularis_18_c001,Macronus gularis,Macronus gularis,0.9984,data/chunks_48k/Macronus gularis_18_c001.wav,data/chunks_16k/Macronus gularis_18_c001.wav
Macronus gularis_19_c000,Macronus gularis,Macronus gularis,0.9637,data/chunks_48k/Macronus gularis_19_c000.wav,data/chunks_16k/Macronus gularis_19_c000.wav
Macronus gularis_19_c001,Macronus gularis,Macronus gularis,0.6256,data/chunks_48k/Macronus gularis_19_c001.wav,data/chunks_16k/Macronus gularis_19_c001.wav
Macronus gularis_19_c002,Macronus gularis,Macronus gularis,0.7687,data/chunks_48k/Macronus gularis_19_c002.wav,data/chunks_16k/Macronus gularis_19_c002.wav
Macronus gularis_19_c003,Macronus gularis,Macronus gularis,0.8020,data/chunks_48k/Macronus gularis_19_c003.wav,data/chunks_16k/Macronus gularis_19_c003.wav
Macronus gularis_1_c000,Macronus gularis,Macronus gularis,0.9969,data/chunks_48k/Macronus gularis_1_c000.wav,data/chunks_16k/Macronus gularis_1_c000.wav
Macronus gularis_1_c001,Macronus gularis,Macronus gularis,0.9977,data/chunks_48k/Macronus gularis_1_c001.wav,data/chunks_16k/Macronus gularis_1_c001.wav
Macronus gularis_1_c002,Macronus gularis,Macronus gularis,0.9978,data/chunks_48k/Macronus gularis_1_c002.wav,data/chunks_16k/Macronus gularis_1_c002.wav
Macronus gularis_1_c003,Macronus gularis,Macronus gularis,0.9951,data/chunks_48k/Macronus gularis_1_c003.wav,data/chunks_16k/Macronus gularis_1_c003.wav
Macronus gularis_20_c000,Macronus gularis,Macronus gularis,0.9220,data/chunks_48k/Macronus gularis_20_c000.wav,data/chunks_16k/Macronus gularis_20_c000.wav
Macronus gularis_20_c001,Macronus gularis,Macronus gularis,0.6703,data/chunks_48k/Macronus gularis_20_c001.wav,data/chunks_16k/Macronus gularis_20_c001.wav
Macronus gularis_20_c002,Macronus gularis,Macronus gularis,0.8331,data/chunks_48k/Macronus gularis_20_c002.wav,data/chunks_16k/Macronus gularis_20_c002.wav
Macronus gularis_21_c000,Macronus gularis,Macronus gularis,0.9893,data/chunks_48k/Macronus gularis_21_c000.wav,data/chunks_16k/Macronus gularis_21_c000.wav
Macronus gularis_21_c001,Macronus gularis,Macronus gularis,0.9394,data/chunks_48k/Macronus gularis_21_c001.wav,data/chunks_16k/Macronus gularis_21_c001.wav
Macronus gularis_21_c002,Macronus gularis,Macronus gularis,0.9755,data/chunks_48k/Macronus gularis_21_c002.wav,data/chunks_16k/Macronus gularis_21_c002.wav
Macronus gularis_21_c003,Macronus gularis,Macronus gularis,0.9933,data/chunks_48k/Macronus gularis_21_c003.wav,data/chunks_16k/Macronus gularis_21_c003.wav
Macronus gularis_21_c004,Macronus gularis,Macronus gularis,0.9795,data/chunks_48k/Macronus gularis_21_c004.wav,data/chunks_16k/Macronus gularis_21_c004.wav
Macronus gularis_21_c005,Macronus gularis,Macronus gularis,0.9921,data/chunks_48k/Macronus gularis_21_c005.wav,data/chunks_16k/Macronus gularis_21_c005.wav
Macronus gularis_21_c006,Macronus gularis,Macronus gularis,0.9506,data/chunks_48k/Macronus gularis_21_c006.wav,data/chunks_16k/Macronus gularis_21_c006.wav
Macronus gularis_21_c007,Macronus gularis,Macronus gularis,0.9454,data/chunks_48k/Macronus gularis_21_c007.wav,data/chunks_16k/Macronus gularis_21_c007.wav
Macronus gularis_21_c008,Macronus gularis,Macronus gularis,0.9738,data/chunks_48k/Macronus gularis_21_c008.wav,data/chunks_16k/Macronus gularis_21_c008.wav
Macronus gularis_21_c009,Macronus gularis,Macronus gularis,0.9770,data/chunks_48k/Macronus gularis_21_c009.wav,data/chunks_16k/Macronus gularis_21_c009.wav
Macronus gularis_21_c011,Macronus gularis,Macronus gularis,0.9953,data/chunks_48k/Macronus gularis_21_c011.wav,data/chunks_16k/Macronus gularis_21_c011.wav
Macronus gularis_21_c012,Macronus gularis,Macronus gularis,0.9928,data/chunks_48k/Macronus gularis_21_c012.wav,data/chunks_16k/Macronus gularis_21_c012.wav
Macronus gularis_21_c014,Macronus gularis,Macronus gularis,0.9957,data/chunks_48k/Macronus gularis_21_c014.wav,data/chunks_16k/Macronus gularis_21_c014.wav
Macronus gularis_21_c015,Macronus gularis,Macronus gularis,0.9803,data/chunks_48k/Macronus gularis_21_c015.wav,data/chunks_16k/Macronus gularis_21_c015.wav
Macronus gularis_21_c016,Macronus gularis,Macronus gularis,0.9106,data/chunks_48k/Macronus gularis_21_c016.wav,data/chunks_16k/Macronus gularis_21_c016.wav
Macronus gularis_21_c017,Macronus gularis,Macronus gularis,0.9972,data/chunks_48k/Macronus gularis_21_c017.wav,data/chunks_16k/Macronus gularis_21_c017.wav
Macronus gularis_22_c000,Macronus gularis,Macronus gularis,0.8571,data/chunks_48k/Macronus gularis_22_c000.wav,data/chunks_16k/Macronus gularis_22_c000.wav
Macronus gularis_22_c001,Macronus gularis,Macronus gularis,0.8239,data/chunks_48k/Macronus gularis_22_c001.wav,data/chunks_16k/Macronus gularis_22_c001.wav
Macronus gularis_22_c002,Macronus gularis,Macronus gularis,0.9683,data/chunks_48k/Macronus gularis_22_c002.wav,data/chunks_16k/Macronus gularis_22_c002.wav
Macronus gularis_22_c003,Macronus gularis,Macronus gularis,0.8420,data/chunks_48k/Macronus gularis_22_c003.wav,data/chunks_16k/Macronus gularis_22_c003.wav
Macronus gularis_22_c004,Macronus gularis,Macronus gularis,0.6311,data/chunks_48k/Macronus gularis_22_c004.wav,data/chunks_16k/Macronus gularis_22_c004.wav
Macronus gularis_23_c000,Macronus gularis,Macronus gularis,0.9985,data/chunks_48k/Macronus gularis_23_c000.wav,data/chunks_16k/Macronus gularis_23_c000.wav
Macronus gularis_23_c001,Macronus gularis,Macronus gularis,0.9996,data/chunks_48k/Macronus gularis_23_c001.wav,data/chunks_16k/Macronus gularis_23_c001.wav
Macronus gularis_23_c002,Macronus gularis,Macronus gularis,0.9966,data/chunks_48k/Macronus gularis_23_c002.wav,data/chunks_16k/Macronus gularis_23_c002.wav
Macronus gularis_23_c003,Macronus gularis,Macronus gularis,0.9988,data/chunks_48k/Macronus gularis_23_c003.wav,data/chunks_16k/Macronus gularis_23_c003.wav
Macronus gularis_23_c004,Macronus gularis,Macronus gularis,0.9960,data/chunks_48k/Macronus gularis_23_c004.wav,data/chunks_16k/Macronus gularis_23_c004.wav
Macronus gularis_23_c005,Macronus gularis,Macronus gularis,0.9996,data/chunks_48k/Macronus gularis_23_c005.wav,data/chunks_16k/Macronus gularis_23_c005.wav
Macronus gularis_23_c006,Macronus gularis,Macronus gularis,0.9993,data/chunks_48k/Macronus gularis_23_c006.wav,data/chunks_16k/Macronus gularis_23_c006.wav
Macronus gularis_24_c000,Macronus gularis,Macronus gularis,0.9982,data/chunks_48k/Macronus gularis_24_c000.wav,data/chunks_16k/Macronus gularis_24_c000.wav
Macronus gularis_24_c001,Macronus gularis,Macronus gularis,0.9983,data/chunks_48k/Macronus gularis_24_c001.wav,data/chunks_16k/Macronus gularis_24_c001.wav
Macronus gularis_24_c002,Macronus gularis,Macronus gularis,0.9996,data/chunks_48k/Macronus gularis_24_c002.wav,data/chunks_16k/Macronus gularis_24_c002.wav
Macronus gularis_24_c003,Macronus gularis,Macronus gularis,0.9982,data/chunks_48k/Macronus gularis_24_c003.wav,data/chunks_16k/Macronus gularis_24_c003.wav
Macronus gularis_2_c000,Macronus gularis,Macronus gularis,0.9616,data/chunks_48k/Macronus gularis_2_c000.wav,data/chunks_16k/Macronus gularis_2_c000.wav
Macronus gularis_2_c001,Macronus gularis,Macronus gularis,0.9971,data/chunks_48k/Macronus gularis_2_c001.wav,data/chunks_16k/Macronus gularis_2_c001.wav
Macronus gularis_3_c000,Macronus gularis,Macronus gularis,0.8387,data/chunks_48k/Macronus gularis_3_c000.wav,data/chunks_16k/Macronus gularis_3_c000.wav
Macronus gularis_3_c001,Macronus gularis,Macronus gularis,0.9852,data/chunks_48k/Macronus gularis_3_c001.wav,data/chunks_16k/Macronus gularis_3_c001.wav
Macronus gularis_3_c002,Macronus gularis,Macronus gularis,0.9576,data/chunks_48k/Macronus gularis_3_c002.wav,data/chunks_16k/Macronus gularis_3_c002.wav
Macronus gularis_3_c003,Macronus gularis,Macronus gularis,0.9874,data/chunks_48k/Macronus gularis_3_c003.wav,data/chunks_16k/Macronus gularis_3_c003.wav
Macronus gularis_3_c004,Macronus gularis,Macronus gularis,0.5322,data/chunks_48k/Macronus gularis_3_c004.wav,data/chunks_16k/Macronus gularis_3_c004.wav
Macronus gularis_3_c005,Macronus gularis,Macronus gularis,0.9911,data/chunks_48k/Macronus gularis_3_c005.wav,data/chunks_16k/Macronus gularis_3_c005.wav
Macronus gularis_3_c006,Macronus gularis,Macronus gularis,0.9981,data/chunks_48k/Macronus gularis_3_c006.wav,data/chunks_16k/Macronus gularis_3_c006.wav
Macronus gularis_3_c007,Macronus gularis,Macronus gularis,0.9987,data/chunks_48k/Macronus gularis_3_c007.wav,data/chunks_16k/Macronus gularis_3_c007.wav
Macronus gularis_4_c001,Macronus gularis,Macronus gularis,0.9610,data/chunks_48k/Macronus gularis_4_c001.wav,data/chunks_16k/Macronus gularis_4_c001.wav
Macronus gularis_4_c002,Macronus gularis,Macronus gularis,0.6157,data/chunks_48k/Macronus gularis_4_c002.wav,data/chunks_16k/Macronus gularis_4_c002.wav
Macronus gularis_4_c003,Macronus gularis,Macronus gularis,0.9476,data/chunks_48k/Macronus gularis_4_c003.wav,data/chunks_16k/Macronus gularis_4_c003.wav
Macronus gularis_4_c004,Macronus gularis,Macronus gularis,0.8198,data/chunks_48k/Macronus gularis_4_c004.wav,data/chunks_16k/Macronus gularis_4_c004.wav
Macronus gularis_4_c005,Macronus gularis,Macronus gularis,0.9218,data/chunks_48k/Macronus gularis_4_c005.wav,data/chunks_16k/Macronus gularis_4_c005.wav
Macronus gularis_4_c006,Macronus gularis,Macronus gularis,0.7914,data/chunks_48k/Macronus gularis_4_c006.wav,data/chunks_16k/Macronus gularis_4_c006.wav
Macronus gularis_4_c007,Macronus gularis,Macronus gularis,0.6126,data/chunks_48k/Macronus gularis_4_c007.wav,data/chunks_16k/Macronus gularis_4_c007.wav
Macronus gularis_5_c000,Macronus gularis,Macronus gularis,0.9700,data/chunks_48k/Macronus gularis_5_c000.wav,data/chunks_16k/Macronus gularis_5_c000.wav
Macronus gularis_5_c001,Macronus gularis,Macronus gularis,0.9504,data/chunks_48k/Macronus gularis_5_c001.wav,data/chunks_16k/Macronus gularis_5_c001.wav
Macronus gularis_5_c002,Macronus gularis,Macronus gularis,0.8097,data/chunks_48k/Macronus gularis_5_c002.wav,data/chunks_16k/Macronus gularis_5_c002.wav
Macronus gularis_5_c003,Macronus gularis,Macronus gularis,0.9909,data/chunks_48k/Macronus gularis_5_c003.wav,data/chunks_16k/Macronus gularis_5_c003.wav
Macronus gularis_5_c004,Macronus gularis,Macronus gularis,0.9970,data/chunks_48k/Macronus gularis_5_c004.wav,data/chunks_16k/Macronus gularis_5_c004.wav
Macronus gularis_6_c001,Macronus gularis,Macronus gularis,0.5463,data/chunks_48k/Macronus gularis_6_c001.wav,data/chunks_16k/Macronus gularis_6_c001.wav
Macronus gularis_6_c002,Macronus gularis,Macronus gularis,0.6177,data/chunks_48k/Macronus gularis_6_c002.wav,data/chunks_16k/Macronus gularis_6_c002.wav
Macronus gularis_6_c003,Macronus gularis,Macronus gularis,0.8826,data/chunks_48k/Macronus gularis_6_c003.wav,data/chunks_16k/Macronus gularis_6_c003.wav
Macronus gularis_6_c004,Macronus gularis,Macronus gularis,0.9556,data/chunks_48k/Macronus gularis_6_c004.wav,data/chunks_16k/Macronus gularis_6_c004.wav
Macronus gularis_6_c005,Macronus gularis,Macronus gularis,0.5327,data/chunks_48k/Macronus gularis_6_c005.wav,data/chunks_16k/Macronus gularis_6_c005.wav
Macronus gularis_7_c003,Macronus gularis,Macronus gularis,0.8265,data/chunks_48k/Macronus gularis_7_c003.wav,data/chunks_16k/Macronus gularis_7_c003.wav
Macronus gularis_8_c000,Macronus gularis,Macronus gularis,0.9546,data/chunks_48k/Macronus gularis_8_c000.wav,data/chunks_16k/Macronus gularis_8_c000.wav
Macronus gularis_8_c001,Macronus gularis,Macronus gularis,0.7436,data/chunks_48k/Macronus gularis_8_c001.wav,data/chunks_16k/Macronus gularis_8_c001.wav
Macronus gularis_8_c002,Macronus gularis,Macronus gularis,0.9565,data/chunks_48k/Macronus gularis_8_c002.wav,data/chunks_16k/Macronus gularis_8_c002.wav
Macronus gularis_8_c003,Macronus gularis,Macronus gularis,0.7932,data/chunks_48k/Macronus gularis_8_c003.wav,data/chunks_16k/Macronus gularis_8_c003.wav
Macronus gularis_8_c004,Macronus gularis,Macronus gularis,0.9352,data/chunks_48k/Macronus gularis_8_c004.wav,data/chunks_16k/Macronus gularis_8_c004.wav
Macronus gularis_8_c005,Macronus gularis,Macronus gularis,0.5674,data/chunks_48k/Macronus gularis_8_c005.wav,data/chunks_16k/Macronus gularis_8_c005.wav
Macronus gularis_8_c006,Macronus gularis,Macronus gularis,0.7621,data/chunks_48k/Macronus gularis_8_c006.wav,data/chunks_16k/Macronus gularis_8_c006.wav
Macronus gularis_9_c000,Macronus gularis,Macronus gularis,0.5537,data/chunks_48k/Macronus gularis_9_c000.wav,data/chunks_16k/Macronus gularis_9_c000.wav
Macronus gularis_9_c001,Macronus gularis,Macronus gularis,0.6602,data/chunks_48k/Macronus gularis_9_c001.wav,data/chunks_16k/Macronus gularis_9_c001.wav
Motacilla citreola_10_c000,Motacilla citreola,Motacilla citreola,0.9958,data/chunks_48k/Motacilla citreola_10_c000.wav,data/chunks_16k/Motacilla citreola_10_c000.wav
Motacilla citreola_10_c003,Motacilla citreola,Motacilla citreola,0.9007,data/chunks_48k/Motacilla citreola_10_c003.wav,data/chunks_16k/Motacilla citreola_10_c003.wav
Motacilla citreola_10_c004,Motacilla citreola,Motacilla citreola,0.9309,data/chunks_48k/Motacilla citreola_10_c004.wav,data/chunks_16k/Motacilla citreola_10_c004.wav
Motacilla citreola_10_c005,Motacilla citreola,Motacilla citreola,0.9809,data/chunks_48k/Motacilla citreola_10_c005.wav,data/chunks_16k/Motacilla citreola_10_c005.wav
Motacilla citreola_12_c000,Motacilla citreola,Motacilla citreola,0.9918,data/chunks_48k/Motacilla citreola_12_c000.wav,data/chunks_16k/Motacilla citreola_12_c000.wav
Motacilla citreola_13_c000,Motacilla citreola,Motacilla citreola,0.9843,data/chunks_48k/Motacilla citreola_13_c000.wav,data/chunks_16k/Motacilla citreola_13_c000.wav
Motacilla citreola_13_c001,Motacilla citreola,Motacilla citreola,0.9851,data/chunks_48k/Motacilla citreola_13_c001.wav,data/chunks_16k/Motacilla citreola_13_c001.wav
Motacilla citreola_13_c002,Motacilla citreola,Motacilla citreola,0.8409,data/chunks_48k/Motacilla citreola_13_c002.wav,data/chunks_16k/Motacilla citreola_13_c002.wav
Motacilla citreola_13_c003,Motacilla citreola,Motacilla citreola,0.9767,data/chunks_48k/Motacilla citreola_13_c003.wav,data/chunks_16k/Motacilla citreola_13_c003.wav
Motacilla citreola_13_c004,Motacilla citreola,Motacilla citreola,0.9727,data/chunks_48k/Motacilla citreola_13_c004.wav,data/chunks_16k/Motacilla citreola_13_c004.wav
Motacilla citreola_14_c000,Motacilla citreola,Motacilla citreola,0.9938,data/chunks_48k/Motacilla citreola_14_c000.wav,data/chunks_16k/Motacilla citreola_14_c000.wav
Motacilla citreola_14_c001,Motacilla citreola,Motacilla citreola,0.9927,data/chunks_48k/Motacilla citreola_14_c001.wav,data/chunks_16k/Motacilla citreola_14_c001.wav
Motacilla citreola_14_c002,Motacilla citreola,Motacilla citreola,0.9901,data/chunks_48k/Motacilla citreola_14_c002.wav,data/chunks_16k/Motacilla citreola_14_c002.wav
Motacilla citreola_14_c003,Motacilla citreola,Motacilla citreola,0.9912,data/chunks_48k/Motacilla citreola_14_c003.wav,data/chunks_16k/Motacilla citreola_14_c003.wav
Motacilla citreola_14_c004,Motacilla citreola,Motacilla citreola,0.9806,data/chunks_48k/Motacilla citreola_14_c004.wav,data/chunks_16k/Motacilla citreola_14_c004.wav
Motacilla citreola_14_c005,Motacilla citreola,Motacilla citreola,0.8561,data/chunks_48k/Motacilla citreola_14_c005.wav,data/chunks_16k/Motacilla citreola_14_c005.wav
Motacilla citreola_14_c006,Motacilla citreola,Motacilla citreola,0.9874,data/chunks_48k/Motacilla citreola_14_c006.wav,data/chunks_16k/Motacilla citreola_14_c006.wav
Motacilla citreola_14_c007,Motacilla citreola,Motacilla citreola,0.9884,data/chunks_48k/Motacilla citreola_14_c007.wav,data/chunks_16k/Motacilla citreola_14_c007.wav
Motacilla citreola_14_c008,Motacilla citreola,Motacilla citreola,0.9965,data/chunks_48k/Motacilla citreola_14_c008.wav,data/chunks_16k/Motacilla citreola_14_c008.wav
Motacilla citreola_14_c009,Motacilla citreola,Motacilla citreola,0.9896,data/chunks_48k/Motacilla citreola_14_c009.wav,data/chunks_16k/Motacilla citreola_14_c009.wav
Motacilla citreola_14_c010,Motacilla citreola,Motacilla citreola,0.7715,data/chunks_48k/Motacilla citreola_14_c010.wav,data/chunks_16k/Motacilla citreola_14_c010.wav
Motacilla citreola_14_c011,Motacilla citreola,Motacilla citreola,0.9988,data/chunks_48k/Motacilla citreola_14_c011.wav,data/chunks_16k/Motacilla citreola_14_c011.wav
Motacilla citreola_14_c012,Motacilla citreola,Motacilla citreola,0.9934,data/chunks_48k/Motacilla citreola_14_c012.wav,data/chunks_16k/Motacilla citreola_14_c012.wav
Motacilla citreola_14_c013,Motacilla citreola,Motacilla citreola,0.9880,data/chunks_48k/Motacilla citreola_14_c013.wav,data/chunks_16k/Motacilla citreola_14_c013.wav
Motacilla citreola_14_c014,Motacilla citreola,Motacilla citreola,0.9883,data/chunks_48k/Motacilla citreola_14_c014.wav,data/chunks_16k/Motacilla citreola_14_c014.wav
Motacilla citreola_14_c015,Motacilla citreola,Motacilla citreola,0.9867,data/chunks_48k/Motacilla citreola_14_c015.wav,data/chunks_16k/Motacilla citreola_14_c015.wav
Motacilla citreola_14_c016,Motacilla citreola,Motacilla citreola,0.9957,data/chunks_48k/Motacilla citreola_14_c016.wav,data/chunks_16k/Motacilla citreola_14_c016.wav
Motacilla citreola_14_c017,Motacilla citreola,Motacilla citreola,0.9800,data/chunks_48k/Motacilla citreola_14_c017.wav,data/chunks_16k/Motacilla citreola_14_c017.wav
Motacilla citreola_15_c000,Motacilla citreola,Motacilla citreola,0.8029,data/chunks_48k/Motacilla citreola_15_c000.wav,data/chunks_16k/Motacilla citreola_15_c000.wav
Motacilla citreola_16_c000,Motacilla citreola,Motacilla citreola,0.9659,data/chunks_48k/Motacilla citreola_16_c000.wav,data/chunks_16k/Motacilla citreola_16_c000.wav
Motacilla citreola_16_c001,Motacilla citreola,Motacilla citreola,0.8251,data/chunks_48k/Motacilla citreola_16_c001.wav,data/chunks_16k/Motacilla citreola_16_c001.wav
Motacilla citreola_16_c002,Motacilla citreola,Motacilla citreola,0.5275,data/chunks_48k/Motacilla citreola_16_c002.wav,data/chunks_16k/Motacilla citreola_16_c002.wav
Motacilla citreola_17_c000,Motacilla citreola,Motacilla citreola,0.9145,data/chunks_48k/Motacilla citreola_17_c000.wav,data/chunks_16k/Motacilla citreola_17_c000.wav
Motacilla citreola_17_c001,Motacilla citreola,Motacilla citreola,0.9077,data/chunks_48k/Motacilla citreola_17_c001.wav,data/chunks_16k/Motacilla citreola_17_c001.wav
Motacilla citreola_17_c002,Motacilla citreola,Motacilla citreola,0.9863,data/chunks_48k/Motacilla citreola_17_c002.wav,data/chunks_16k/Motacilla citreola_17_c002.wav
Motacilla citreola_18_c002,Motacilla citreola,Motacilla citreola,0.9316,data/chunks_48k/Motacilla citreola_18_c002.wav,data/chunks_16k/Motacilla citreola_18_c002.wav
Motacilla citreola_18_c005,Motacilla citreola,Motacilla citreola,0.8115,data/chunks_48k/Motacilla citreola_18_c005.wav,data/chunks_16k/Motacilla citreola_18_c005.wav
Motacilla citreola_19_c000,Motacilla citreola,Motacilla citreola,0.9925,data/chunks_48k/Motacilla citreola_19_c000.wav,data/chunks_16k/Motacilla citreola_19_c000.wav
Motacilla citreola_1_c000,Motacilla citreola,Motacilla citreola,0.9981,data/chunks_48k/Motacilla citreola_1_c000.wav,data/chunks_16k/Motacilla citreola_1_c000.wav
Motacilla citreola_1_c001,Motacilla citreola,Motacilla citreola,0.9898,data/chunks_48k/Motacilla citreola_1_c001.wav,data/chunks_16k/Motacilla citreola_1_c001.wav
Motacilla citreola_1_c002,Motacilla citreola,Motacilla citreola,0.9970,data/chunks_48k/Motacilla citreola_1_c002.wav,data/chunks_16k/Motacilla citreola_1_c002.wav
Motacilla citreola_1_c003,Motacilla citreola,Motacilla citreola,0.9965,data/chunks_48k/Motacilla citreola_1_c003.wav,data/chunks_16k/Motacilla citreola_1_c003.wav
Motacilla citreola_2_c000,Motacilla citreola,Motacilla citreola,0.9937,data/chunks_48k/Motacilla citreola_2_c000.wav,data/chunks_16k/Motacilla citreola_2_c000.wav
Motacilla citreola_3_c000,Motacilla citreola,Motacilla citreola,0.9399,data/chunks_48k/Motacilla citreola_3_c000.wav,data/chunks_16k/Motacilla citreola_3_c000.wav
Motacilla citreola_3_c001,Motacilla citreola,Motacilla citreola,0.9892,data/chunks_48k/Motacilla citreola_3_c001.wav,data/chunks_16k/Motacilla citreola_3_c001.wav
Motacilla citreola_4_c000,Motacilla citreola,Motacilla citreola,0.9259,data/chunks_48k/Motacilla citreola_4_c000.wav,data/chunks_16k/Motacilla citreola_4_c000.wav
Motacilla citreola_5_c000,Motacilla citreola,Motacilla citreola,0.9908,data/chunks_48k/Motacilla citreola_5_c000.wav,data/chunks_16k/Motacilla citreola_5_c000.wav
Motacilla citreola_5_c001,Motacilla citreola,Motacilla citreola,0.9798,data/chunks_48k/Motacilla citreola_5_c001.wav,data/chunks_16k/Motacilla citreola_5_c001.wav
Motacilla citreola_6_c000,Motacilla citreola,Motacilla citreola,0.7223,data/chunks_48k/Motacilla citreola_6_c000.wav,data/chunks_16k/Motacilla citreola_6_c000.wav
Motacilla citreola_6_c001,Motacilla citreola,Motacilla citreola,0.9963,data/chunks_48k/Motacilla citreola_6_c001.wav,data/chunks_16k/Motacilla citreola_6_c001.wav
Motacilla citreola_7_c001,Motacilla citreola,Motacilla citreola,0.8706,data/chunks_48k/Motacilla citreola_7_c001.wav,data/chunks_16k/Motacilla citreola_7_c001.wav
Motacilla citreola_7_c002,Motacilla citreola,Motacilla citreola,0.7127,data/chunks_48k/Motacilla citreola_7_c002.wav,data/chunks_16k/Motacilla citreola_7_c002.wav
Paradoxornis guttaticollis_1_c000,Paradoxornis guttaticollis,Paradoxornis guttaticollis,0.9998,data/chunks_48k/Paradoxornis guttaticollis_1_c000.wav,data/chunks_16k/Paradoxornis guttaticollis_1_c000.wav
Paradoxornis guttaticollis_1_c001,Paradoxornis guttaticollis,Paradoxornis guttaticollis,1.0000,data/chunks_48k/Paradoxornis guttaticollis_1_c001.wav,data/chunks_16k/Paradoxornis guttaticollis_1_c001.wav
Paradoxornis guttaticollis_1_c002,Paradoxornis guttaticollis,Paradoxornis guttaticollis,1.0000,data/chunks_48k/Paradoxornis guttaticollis_1_c002.wav,data/chunks_16k/Paradoxornis guttaticollis_1_c002.wav
Paradoxornis guttaticollis_1_c003,Paradoxornis guttaticollis,Paradoxornis guttaticollis,1.0000,data/chunks_48k/Paradoxornis guttaticollis_1_c003.wav,data/chunks_16k/Paradoxornis guttaticollis_1_c003.wav
Paradoxornis guttaticollis_1_c004,Paradoxornis guttaticollis,Paradoxornis guttaticollis,1.0000,data/chunks_48k/Paradoxornis guttaticollis_1_c004.wav,data/chunks_16k/Paradoxornis guttaticollis_1_c004.wav
Paradoxornis guttaticollis_1_c005,Paradoxornis guttaticollis,Paradoxornis guttaticollis,1.0000,data/chunks_48k/Paradoxornis guttaticollis_1_c005.wav,data/chunks_16k/Paradoxornis guttaticollis_1_c005.wav
Paradoxornis guttaticollis_1_c006,Paradoxornis guttaticollis,Paradoxornis guttaticollis,0.9999,data/chunks_48k/Paradoxornis guttaticollis_1_c006.wav,data/chunks_16k/Paradoxornis guttaticollis_1_c006.wav
Paradoxornis guttaticollis_1_c007,Paradoxornis guttaticollis,Paradoxornis guttaticollis,1.0000,data/chunks_48k/Paradoxornis guttaticollis_1_c007.wav,data/chunks_16k/Paradoxornis guttaticollis_1_c007.wav
Paradoxornis guttaticollis_1_c008,Paradoxornis guttaticollis,Paradoxornis guttaticollis,1.0000,data/chunks_48k/Paradoxornis guttaticollis_1_c008.wav,data/chunks_16k/Paradoxornis guttaticollis_1_c008.wav
Paradoxornis guttaticollis_1_c009,Paradoxornis guttaticollis,Paradoxornis guttaticollis,1.0000,data/chunks_48k/Paradoxornis guttaticollis_1_c009.wav,data/chunks_16k/Paradoxornis guttaticollis_1_c009.wav
Paradoxornis guttaticollis_1_c010,Paradoxornis guttaticollis,Paradoxornis guttaticollis,0.9999,data/chunks_48k/Paradoxornis guttaticollis_1_c010.wav,data/chunks_16k/Paradoxornis guttaticollis_1_c010.wav
Paradoxornis guttaticollis_1_c011,Paradoxornis guttaticollis,Paradoxornis guttaticollis,1.0000,data/chunks_48k/Paradoxornis guttaticollis_1_c011.wav,data/chunks_16k/Paradoxornis guttaticollis_1_c011.wav
Paradoxornis guttaticollis_2_c000,Paradoxornis guttaticollis,Paradoxornis guttaticollis,0.9402,data/chunks_48k/Paradoxornis guttaticollis_2_c000.wav,data/chunks_16k/Paradoxornis guttaticollis_2_c000.wav
Paradoxornis guttaticollis_2_c001,Paradoxornis guttaticollis,Paradoxornis guttaticollis,0.9445,data/chunks_48k/Paradoxornis guttaticollis_2_c001.wav,data/chunks_16k/Paradoxornis guttaticollis_2_c001.wav
Paradoxornis guttaticollis_2_c003,Paradoxornis guttaticollis,Paradoxornis guttaticollis,0.9972,data/chunks_48k/Paradoxornis guttaticollis_2_c003.wav,data/chunks_16k/Paradoxornis guttaticollis_2_c003.wav
Paradoxornis guttaticollis_2_c004,Paradoxornis guttaticollis,Paradoxornis guttaticollis,0.9963,data/chunks_48k/Paradoxornis guttaticollis_2_c004.wav,data/chunks_16k/Paradoxornis guttaticollis_2_c004.wav
Paradoxornis guttaticollis_2_c005,Paradoxornis guttaticollis,Paradoxornis guttaticollis,0.9945,data/chunks_48k/Paradoxornis guttaticollis_2_c005.wav,data/chunks_16k/Paradoxornis guttaticollis_2_c005.wav
Paradoxornis guttaticollis_2_c006,Paradoxornis guttaticollis,Paradoxornis guttaticollis,0.9780,data/chunks_48k/Paradoxornis guttaticollis_2_c006.wav,data/chunks_16k/Paradoxornis guttaticollis_2_c006.wav
Paradoxornis guttaticollis_2_c007,Paradoxornis guttaticollis,Paradoxornis guttaticollis,0.9895,data/chunks_48k/Paradoxornis guttaticollis_2_c007.wav,data/chunks_16k/Paradoxornis guttaticollis_2_c007.wav
Paradoxornis guttaticollis_2_c008,Paradoxornis guttaticollis,Paradoxornis guttaticollis,0.9798,data/chunks_48k/Paradoxornis guttaticollis_2_c008.wav,data/chunks_16k/Paradoxornis guttaticollis_2_c008.wav
Paradoxornis guttaticollis_2_c010,Paradoxornis guttaticollis,Paradoxornis guttaticollis,0.9965,data/chunks_48k/Paradoxornis guttaticollis_2_c010.wav,data/chunks_16k/Paradoxornis guttaticollis_2_c010.wav
Paradoxornis guttaticollis_3_c000,Paradoxornis guttaticollis,Paradoxornis guttaticollis,0.7904,data/chunks_48k/Paradoxornis guttaticollis_3_c000.wav,data/chunks_16k/Paradoxornis guttaticollis_3_c000.wav
Paradoxornis guttaticollis_4_c000,Paradoxornis guttaticollis,Paradoxornis guttaticollis,0.9997,data/chunks_48k/Paradoxornis guttaticollis_4_c000.wav,data/chunks_16k/Paradoxornis guttaticollis_4_c000.wav
Paradoxornis guttaticollis_4_c002,Paradoxornis guttaticollis,Paradoxornis guttaticollis,0.9986,data/chunks_48k/Paradoxornis guttaticollis_4_c002.wav,data/chunks_16k/Paradoxornis guttaticollis_4_c002.wav
Paradoxornis guttaticollis_4_c004,Paradoxornis guttaticollis,Paradoxornis guttaticollis,0.9771,data/chunks_48k/Paradoxornis guttaticollis_4_c004.wav,data/chunks_16k/Paradoxornis guttaticollis_4_c004.wav
Pellorneum ruficeps_100_c000,Pellorneum ruficeps,Pellorneum ruficeps,0.9684,data/chunks_48k/Pellorneum ruficeps_100_c000.wav,data/chunks_16k/Pellorneum ruficeps_100_c000.wav
Pellorneum ruficeps_100_c001,Pellorneum ruficeps,Pellorneum ruficeps,0.9565,data/chunks_48k/Pellorneum ruficeps_100_c001.wav,data/chunks_16k/Pellorneum ruficeps_100_c001.wav
Pellorneum ruficeps_100_c003,Pellorneum ruficeps,Pellorneum ruficeps,0.9427,data/chunks_48k/Pellorneum ruficeps_100_c003.wav,data/chunks_16k/Pellorneum ruficeps_100_c003.wav
Pellorneum ruficeps_100_c004,Pellorneum ruficeps,Pellorneum ruficeps,0.9517,data/chunks_48k/Pellorneum ruficeps_100_c004.wav,data/chunks_16k/Pellorneum ruficeps_100_c004.wav
Pellorneum ruficeps_100_c005,Pellorneum ruficeps,Pellorneum ruficeps,0.9865,data/chunks_48k/Pellorneum ruficeps_100_c005.wav,data/chunks_16k/Pellorneum ruficeps_100_c005.wav
Pellorneum ruficeps_100_c006,Pellorneum ruficeps,Pellorneum ruficeps,0.9043,data/chunks_48k/Pellorneum ruficeps_100_c006.wav,data/chunks_16k/Pellorneum ruficeps_100_c006.wav
Pellorneum ruficeps_100_c007,Pellorneum ruficeps,Pellorneum ruficeps,0.9253,data/chunks_48k/Pellorneum ruficeps_100_c007.wav,data/chunks_16k/Pellorneum ruficeps_100_c007.wav
Pellorneum ruficeps_100_c008,Pellorneum ruficeps,Pellorneum ruficeps,0.9700,data/chunks_48k/Pellorneum ruficeps_100_c008.wav,data/chunks_16k/Pellorneum ruficeps_100_c008.wav
Pellorneum ruficeps_101_c000,Pellorneum ruficeps,Pellorneum ruficeps,0.6474,data/chunks_48k/Pellorneum ruficeps_101_c000.wav,data/chunks_16k/Pellorneum ruficeps_101_c000.wav
Pellorneum ruficeps_101_c001,Pellorneum ruficeps,Pellorneum ruficeps,0.9561,data/chunks_48k/Pellorneum ruficeps_101_c001.wav,data/chunks_16k/Pellorneum ruficeps_101_c001.wav
Pellorneum ruficeps_101_c002,Pellorneum ruficeps,Pellorneum ruficeps,0.9305,data/chunks_48k/Pellorneum ruficeps_101_c002.wav,data/chunks_16k/Pellorneum ruficeps_101_c002.wav
Pellorneum ruficeps_101_c003,Pellorneum ruficeps,Pellorneum ruficeps,0.9123,data/chunks_48k/Pellorneum ruficeps_101_c003.wav,data/chunks_16k/Pellorneum ruficeps_101_c003.wav
Pellorneum ruficeps_101_c004,Pellorneum ruficeps,Pellorneum ruficeps,0.8306,data/chunks_48k/Pellorneum ruficeps_101_c004.wav,data/chunks_16k/Pellorneum ruficeps_101_c004.wav
Pellorneum ruficeps_101_c005,Pellorneum ruficeps,Pellorneum ruficeps,0.9227,data/chunks_48k/Pellorneum ruficeps_101_c005.wav,data/chunks_16k/Pellorneum ruficeps_101_c005.wav
Pellorneum ruficeps_101_c006,Pellorneum ruficeps,Pellorneum ruficeps,0.7845,data/chunks_48k/Pellorneum ruficeps_101_c006.wav,data/chunks_16k/Pellorneum ruficeps_101_c006.wav
Pellorneum ruficeps_102_c000,Pellorneum ruficeps,Pellorneum ruficeps,0.9293,data/chunks_48k/Pellorneum ruficeps_102_c000.wav,data/chunks_16k/Pellorneum ruficeps_102_c000.wav
Pellorneum ruficeps_102_c001,Pellorneum ruficeps,Pellorneum ruficeps,0.7855,data/chunks_48k/Pellorneum ruficeps_102_c001.wav,data/chunks_16k/Pellorneum ruficeps_102_c001.wav
Pellorneum ruficeps_102_c002,Pellorneum ruficeps,Pellorneum ruficeps,0.9770,data/chunks_48k/Pellorneum ruficeps_102_c002.wav,data/chunks_16k/Pellorneum ruficeps_102_c002.wav
Pellorneum ruficeps_102_c003,Pellorneum ruficeps,Pellorneum ruficeps,0.9478,data/chunks_48k/Pellorneum ruficeps_102_c003.wav,data/chunks_16k/Pellorneum ruficeps_102_c003.wav
Pellorneum ruficeps_102_c004,Pellorneum ruficeps,Pellorneum ruficeps,0.8573,data/chunks_48k/Pellorneum ruficeps_102_c004.wav,data/chunks_16k/Pellorneum ruficeps_102_c004.wav
Pellorneum ruficeps_102_c005,Pellorneum ruficeps,Pellorneum ruficeps,0.9529,data/chunks_48k/Pellorneum ruficeps_102_c005.wav,data/chunks_16k/Pellorneum ruficeps_102_c005.wav
Pellorneum ruficeps_102_c006,Pellorneum ruficeps,Pellorneum ruficeps,0.9712,data/chunks_48k/Pellorneum ruficeps_102_c006.wav,data/chunks_16k/Pellorneum ruficeps_102_c006.wav
Pellorneum ruficeps_102_c008,Pellorneum ruficeps,Pellorneum ruficeps,0.6308,data/chunks_48k/Pellorneum ruficeps_102_c008.wav,data/chunks_16k/Pellorneum ruficeps_102_c008.wav
Pellorneum ruficeps_102_c009,Pellorneum ruficeps,Pellorneum ruficeps,0.9640,data/chunks_48k/Pellorneum ruficeps_102_c009.wav,data/chunks_16k/Pellorneum ruficeps_102_c009.wav
Pellorneum ruficeps_102_c010,Pellorneum ruficeps,Pellorneum ruficeps,0.9659,data/chunks_48k/Pellorneum ruficeps_102_c010.wav,data/chunks_16k/Pellorneum ruficeps_102_c010.wav
Pellorneum ruficeps_102_c011,Pellorneum ruficeps,Pellorneum ruficeps,0.9531,data/chunks_48k/Pellorneum ruficeps_102_c011.wav,data/chunks_16k/Pellorneum ruficeps_102_c011.wav
Pellorneum ruficeps_102_c012,Pellorneum ruficeps,Pellorneum ruficeps,0.9473,data/chunks_48k/Pellorneum ruficeps_102_c012.wav,data/chunks_16k/Pellorneum ruficeps_102_c012.wav
Pellorneum ruficeps_102_c013,Pellorneum ruficeps,Pellorneum ruficeps,0.9025,data/chunks_48k/Pellorneum ruficeps_102_c013.wav,data/chunks_16k/Pellorneum ruficeps_102_c013.wav
Pellorneum ruficeps_102_c014,Pellorneum ruficeps,Pellorneum ruficeps,0.9290,data/chunks_48k/Pellorneum ruficeps_102_c014.wav,data/chunks_16k/Pellorneum ruficeps_102_c014.wav
Pellorneum ruficeps_102_c015,Pellorneum ruficeps,Pellorneum ruficeps,0.8890,data/chunks_48k/Pellorneum ruficeps_102_c015.wav,data/chunks_16k/Pellorneum ruficeps_102_c015.wav
Pellorneum ruficeps_10_c000,Pellorneum ruficeps,Pellorneum ruficeps,0.6625,data/chunks_48k/Pellorneum ruficeps_10_c000.wav,data/chunks_16k/Pellorneum ruficeps_10_c000.wav
Pellorneum ruficeps_10_c001,Pellorneum ruficeps,Pellorneum ruficeps,0.9641,data/chunks_48k/Pellorneum ruficeps_10_c001.wav,data/chunks_16k/Pellorneum ruficeps_10_c001.wav
Pellorneum ruficeps_10_c002,Pellorneum ruficeps,Pellorneum ruficeps,0.5546,data/chunks_48k/Pellorneum ruficeps_10_c002.wav,data/chunks_16k/Pellorneum ruficeps_10_c002.wav
Pellorneum ruficeps_11_c000,Pellorneum ruficeps,Pellorneum ruficeps,0.9887,data/chunks_48k/Pellorneum ruficeps_11_c000.wav,data/chunks_16k/Pellorneum ruficeps_11_c000.wav
Pellorneum ruficeps_11_c001,Pellorneum ruficeps,Pellorneum ruficeps,0.9750,data/chunks_48k/Pellorneum ruficeps_11_c001.wav,data/chunks_16k/Pellorneum ruficeps_11_c001.wav
Pellorneum ruficeps_11_c002,Pellorneum ruficeps,Pellorneum ruficeps,0.9709,data/chunks_48k/Pellorneum ruficeps_11_c002.wav,data/chunks_16k/Pellorneum ruficeps_11_c002.wav
Pellorneum ruficeps_11_c003,Pellorneum ruficeps,Pellorneum ruficeps,0.9933,data/chunks_48k/Pellorneum ruficeps_11_c003.wav,data/chunks_16k/Pellorneum ruficeps_11_c003.wav
Pellorneum ruficeps_11_c004,Pellorneum ruficeps,Pellorneum ruficeps,0.9783,data/chunks_48k/Pellorneum ruficeps_11_c004.wav,data/chunks_16k/Pellorneum ruficeps_11_c004.wav
Pellorneum ruficeps_11_c005,Pellorneum ruficeps,Pellorneum ruficeps,0.9773,data/chunks_48k/Pellorneum ruficeps_11_c005.wav,data/chunks_16k/Pellorneum ruficeps_11_c005.wav
Pellorneum ruficeps_11_c006,Pellorneum ruficeps,Pellorneum ruficeps,0.9451,data/chunks_48k/Pellorneum ruficeps_11_c006.wav,data/chunks_16k/Pellorneum ruficeps_11_c006.wav
Pellorneum ruficeps_11_c007,Pellorneum ruficeps,Pellorneum ruficeps,0.9859,data/chunks_48k/Pellorneum ruficeps_11_c007.wav,data/chunks_16k/Pellorneum ruficeps_11_c007.wav
Pellorneum ruficeps_11_c008,Pellorneum ruficeps,Pellorneum ruficeps,0.9873,data/chunks_48k/Pellorneum ruficeps_11_c008.wav,data/chunks_16k/Pellorneum ruficeps_11_c008.wav
Pellorneum ruficeps_11_c009,Pellorneum ruficeps,Pellorneum ruficeps,0.9757,data/chunks_48k/Pellorneum ruficeps_11_c009.wav,data/chunks_16k/Pellorneum ruficeps_11_c009.wav
Pellorneum ruficeps_13_c000,Pellorneum ruficeps,Pellorneum ruficeps,0.9667,data/chunks_48k/Pellorneum ruficeps_13_c000.wav,data/chunks_16k/Pellorneum ruficeps_13_c000.wav
Pellorneum ruficeps_13_c001,Pellorneum ruficeps,Pellorneum ruficeps,0.9890,data/chunks_48k/Pellorneum ruficeps_13_c001.wav,data/chunks_16k/Pellorneum ruficeps_13_c001.wav
Pellorneum ruficeps_13_c002,Pellorneum ruficeps,Pellorneum ruficeps,0.9411,data/chunks_48k/Pellorneum ruficeps_13_c002.wav,data/chunks_16k/Pellorneum ruficeps_13_c002.wav
Pellorneum ruficeps_13_c003,Pellorneum ruficeps,Pellorneum ruficeps,0.9508,data/chunks_48k/Pellorneum ruficeps_13_c003.wav,data/chunks_16k/Pellorneum ruficeps_13_c003.wav
Pellorneum ruficeps_14_c000,Pellorneum ruficeps,Pellorneum ruficeps,0.9823,data/chunks_48k/Pellorneum ruficeps_14_c000.wav,data/chunks_16k/Pellorneum ruficeps_14_c000.wav
Pellorneum ruficeps_14_c001,Pellorneum ruficeps,Pellorneum ruficeps,0.8475,data/chunks_48k/Pellorneum ruficeps_14_c001.wav,data/chunks_16k/Pellorneum ruficeps_14_c001.wav
Pellorneum ruficeps_14_c002,Pellorneum ruficeps,Pellorneum ruficeps,0.9854,data/chunks_48k/Pellorneum ruficeps_14_c002.wav,data/chunks_16k/Pellorneum ruficeps_14_c002.wav
Pellorneum ruficeps_14_c003,Pellorneum ruficeps,Pellorneum ruficeps,0.9937,data/chunks_48k/Pellorneum ruficeps_14_c003.wav,data/chunks_16k/Pellorneum ruficeps_14_c003.wav
Pellorneum ruficeps_14_c004,Pellorneum ruficeps,Pellorneum ruficeps,0.9108,data/chunks_48k/Pellorneum ruficeps_14_c004.wav,data/chunks_16k/Pellorneum ruficeps_14_c004.wav
Pellorneum ruficeps_14_c005,Pellorneum ruficeps,Pellorneum ruficeps,0.9560,data/chunks_48k/Pellorneum ruficeps_14_c005.wav,data/chunks_16k/Pellorneum ruficeps_14_c005.wav
Pellorneum ruficeps_14_c006,Pellorneum ruficeps,Pellorneum ruficeps,0.9336,data/chunks_48k/Pellorneum ruficeps_14_c006.wav,data/chunks_16k/Pellorneum ruficeps_14_c006.wav
Pellorneum ruficeps_14_c007,Pellorneum ruficeps,Pellorneum ruficeps,0.9860,data/chunks_48k/Pellorneum ruficeps_14_c007.wav,data/chunks_16k/Pellorneum ruficeps_14_c007.wav
Pellorneum ruficeps_14_c008,Pellorneum ruficeps,Pellorneum ruficeps,0.7052,data/chunks_48k/Pellorneum ruficeps_14_c008.wav,data/chunks_16k/Pellorneum ruficeps_14_c008.wav
Pellorneum ruficeps_14_c009,Pellorneum ruficeps,Pellorneum ruficeps,0.9372,data/chunks_48k/Pellorneum ruficeps_14_c009.wav,data/chunks_16k/Pellorneum ruficeps_14_c009.wav
Pellorneum ruficeps_14_c010,Pellorneum ruficeps,Pellorneum ruficeps,0.9877,data/chunks_48k/Pellorneum ruficeps_14_c010.wav,data/chunks_16k/Pellorneum ruficeps_14_c010.wav
Pellorneum ruficeps_14_c011,Pellorneum ruficeps,Pellorneum ruficeps,0.7863,data/chunks_48k/Pellorneum ruficeps_14_c011.wav,data/chunks_16k/Pellorneum ruficeps_14_c011.wav
Pellorneum ruficeps_14_c012,Pellorneum ruficeps,Pellorneum ruficeps,0.9720,data/chunks_48k/Pellorneum ruficeps_14_c012.wav,data/chunks_16k/Pellorneum ruficeps_14_c012.wav
Pellorneum ruficeps_14_c013,Pellorneum ruficeps,Pellorneum ruficeps,0.9961,data/chunks_48k/Pellorneum ruficeps_14_c013.wav,data/chunks_16k/Pellorneum ruficeps_14_c013.wav
Pellorneum ruficeps_14_c014,Pellorneum ruficeps,Pellorneum ruficeps,0.9984,data/chunks_48k/Pellorneum ruficeps_14_c014.wav,data/chunks_16k/Pellorneum ruficeps_14_c014.wav
Pellorneum ruficeps_15_c000,Pellorneum ruficeps,Pellorneum ruficeps,0.9162,data/chunks_48k/Pellorneum ruficeps_15_c000.wav,data/chunks_16k/Pellorneum ruficeps_15_c000.wav
Pellorneum ruficeps_15_c001,Pellorneum ruficeps,Pellorneum ruficeps,0.7063,data/chunks_48k/Pellorneum ruficeps_15_c001.wav,data/chunks_16k/Pellorneum ruficeps_15_c001.wav
Pellorneum ruficeps_15_c002,Pellorneum ruficeps,Pellorneum ruficeps,0.8866,data/chunks_48k/Pellorneum ruficeps_15_c002.wav,data/chunks_16k/Pellorneum ruficeps_15_c002.wav
Pellorneum ruficeps_15_c003,Pellorneum ruficeps,Pellorneum ruficeps,0.6321,data/chunks_48k/Pellorneum ruficeps_15_c003.wav,data/chunks_16k/Pellorneum ruficeps_15_c003.wav
Pellorneum ruficeps_15_c004,Pellorneum ruficeps,Pellorneum ruficeps,0.7918,data/chunks_48k/Pellorneum ruficeps_15_c004.wav,data/chunks_16k/Pellorneum ruficeps_15_c004.wav
Pellorneum ruficeps_15_c005,Pellorneum ruficeps,Pellorneum ruficeps,0.8867,data/chunks_48k/Pellorneum ruficeps_15_c005.wav,data/chunks_16k/Pellorneum ruficeps_15_c005.wav
Pellorneum ruficeps_16_c000,Pellorneum ruficeps,Pellorneum ruficeps,0.9399,data/chunks_48k/Pellorneum ruficeps_16_c000.wav,data/chunks_16k/Pellorneum ruficeps_16_c000.wav
Pellorneum ruficeps_16_c001,Pellorneum ruficeps,Pellorneum ruficeps,0.5965,data/chunks_48k/Pellorneum ruficeps_16_c001.wav,data/chunks_16k/Pellorneum ruficeps_16_c001.wav
Pellorneum ruficeps_16_c002,Pellorneum ruficeps,Pellorneum ruficeps,0.9594,data/chunks_48k/Pellorneum ruficeps_16_c002.wav,data/chunks_16k/Pellorneum ruficeps_16_c002.wav
Pellorneum ruficeps_16_c003,Pellorneum ruficeps,Pellorneum ruficeps,0.7879,data/chunks_48k/Pellorneum ruficeps_16_c003.wav,data/chunks_16k/Pellorneum ruficeps_16_c003.wav
Pellorneum ruficeps_16_c005,Pellorneum ruficeps,Pellorneum ruficeps,0.7823,data/chunks_48k/Pellorneum ruficeps_16_c005.wav,data/chunks_16k/Pellorneum ruficeps_16_c005.wav
Pellorneum ruficeps_16_c008,Pellorneum ruficeps,Pellorneum ruficeps,0.7948,data/chunks_48k/Pellorneum ruficeps_16_c008.wav,data/chunks_16k/Pellorneum ruficeps_16_c008.wav
Pellorneum ruficeps_16_c009,Pellorneum ruficeps,Pellorneum ruficeps,0.9308,data/chunks_48k/Pellorneum ruficeps_16_c009.wav,data/chunks_16k/Pellorneum ruficeps_16_c009.wav
Pellorneum ruficeps_16_c010,Pellorneum ruficeps,Pellorneum ruficeps,0.9616,data/chunks_48k/Pellorneum ruficeps_16_c010.wav,data/chunks_16k/Pellorneum ruficeps_16_c010.wav
Pellorneum ruficeps_16_c011,Pellorneum ruficeps,Pellorneum ruficeps,0.8603,data/chunks_48k/Pellorneum ruficeps_16_c011.wav,data/chunks_16k/Pellorneum ruficeps_16_c011.wav
Pellorneum ruficeps_16_c012,Pellorneum ruficeps,Pellorneum ruficeps,0.9711,data/chunks_48k/Pellorneum ruficeps_16_c012.wav,data/chunks_16k/Pellorneum ruficeps_16_c012.wav
Pellorneum ruficeps_16_c013,Pellorneum ruficeps,Pellorneum ruficeps,0.8317,data/chunks_48k/Pellorneum ruficeps_16_c013.wav,data/chunks_16k/Pellorneum ruficeps_16_c013.wav
Pellorneum ruficeps_16_c014,Pellorneum ruficeps,Pellorneum ruficeps,0.8530,data/chunks_48k/Pellorneum ruficeps_16_c014.wav,data/chunks_16k/Pellorneum ruficeps_16_c014.wav
Pellorneum ruficeps_16_c015,Pellorneum ruficeps,Pellorneum ruficeps,0.9259,data/chunks_48k/Pellorneum ruficeps_16_c015.wav,data/chunks_16k/Pellorneum ruficeps_16_c015.wav
Pellorneum ruficeps_16_c016,Pellorneum ruficeps,Pellorneum ruficeps,0.7989,data/chunks_48k/Pellorneum ruficeps_16_c016.wav,data/chunks_16k/Pellorneum ruficeps_16_c016.wav
Pellorneum ruficeps_16_c017,Pellorneum ruficeps,Pellorneum ruficeps,0.9075,data/chunks_48k/Pellorneum ruficeps_16_c017.wav,data/chunks_16k/Pellorneum ruficeps_16_c017.wav
Pellorneum ruficeps_16_c018,Pellorneum ruficeps,Pellorneum ruficeps,0.9687,data/chunks_48k/Pellorneum ruficeps_16_c018.wav,data/chunks_16k/Pellorneum ruficeps_16_c018.wav
Pellorneum ruficeps_16_c019,Pellorneum ruficeps,Pellorneum ruficeps,0.9203,data/chunks_48k/Pellorneum ruficeps_16_c019.wav,data/chunks_16k/Pellorneum ruficeps_16_c019.wav
Pellorneum ruficeps_16_c021,Pellorneum ruficeps,Pellorneum ruficeps,0.8050,data/chunks_48k/Pellorneum ruficeps_16_c021.wav,data/chunks_16k/Pellorneum ruficeps_16_c021.wav
Pellorneum ruficeps_16_c022,Pellorneum ruficeps,Pellorneum ruficeps,0.8313,data/chunks_48k/Pellorneum ruficeps_16_c022.wav,data/chunks_16k/Pellorneum ruficeps_16_c022.wav
Pellorneum ruficeps_16_c023,Pellorneum ruficeps,Pellorneum ruficeps,0.9309,data/chunks_48k/Pellorneum ruficeps_16_c023.wav,data/chunks_16k/Pellorneum ruficeps_16_c023.wav
Pellorneum ruficeps_16_c024,Pellorneum ruficeps,Pellorneum ruficeps,0.7963,data/chunks_48k/Pellorneum ruficeps_16_c024.wav,data/chunks_16k/Pellorneum ruficeps_16_c024.wav
Pellorneum ruficeps_16_c025,Pellorneum ruficeps,Pellorneum ruficeps,0.9806,data/chunks_48k/Pellorneum ruficeps_16_c025.wav,data/chunks_16k/Pellorneum ruficeps_16_c025.wav
Pellorneum ruficeps_17_c001,Pellorneum ruficeps,Pellorneum ruficeps,0.9085,data/chunks_48k/Pellorneum ruficeps_17_c001.wav,data/chunks_16k/Pellorneum ruficeps_17_c001.wav
Pellorneum ruficeps_17_c005,Pellorneum ruficeps,Pellorneum ruficeps,0.9351,data/chunks_48k/Pellorneum ruficeps_17_c005.wav,data/chunks_16k/Pellorneum ruficeps_17_c005.wav
Pellorneum ruficeps_17_c007,Pellorneum ruficeps,Pellorneum ruficeps,0.8084,data/chunks_48k/Pellorneum ruficeps_17_c007.wav,data/chunks_16k/Pellorneum ruficeps_17_c007.wav
Pellorneum ruficeps_17_c011,Pellorneum ruficeps,Pellorneum ruficeps,0.9707,data/chunks_48k/Pellorneum ruficeps_17_c011.wav,data/chunks_16k/Pellorneum ruficeps_17_c011.wav
Pellorneum ruficeps_17_c012,Pellorneum ruficeps,Pellorneum ruficeps,0.9519,data/chunks_48k/Pellorneum ruficeps_17_c012.wav,data/chunks_16k/Pellorneum ruficeps_17_c012.wav
Pellorneum ruficeps_17_c015,Pellorneum ruficeps,Pellorneum ruficeps,0.8480,data/chunks_48k/Pellorneum ruficeps_17_c015.wav,data/chunks_16k/Pellorneum ruficeps_17_c015.wav
Pellorneum ruficeps_17_c016,Pellorneum ruficeps,Pellorneum ruficeps,0.7907,data/chunks_48k/Pellorneum ruficeps_17_c016.wav,data/chunks_16k/Pellorneum ruficeps_17_c016.wav
Pellorneum ruficeps_17_c017,Pellorneum ruficeps,Pellorneum ruficeps,0.6747,data/chunks_48k/Pellorneum ruficeps_17_c017.wav,data/chunks_16k/Pellorneum ruficeps_17_c017.wav
Pellorneum ruficeps_18_c001,Pellorneum ruficeps,Pellorneum ruficeps,0.5634,data/chunks_48k/Pellorneum ruficeps_18_c001.wav,data/chunks_16k/Pellorneum ruficeps_18_c001.wav
Pellorneum ruficeps_19_c000,Pellorneum ruficeps,Pellorneum ruficeps,0.8519,data/chunks_48k/Pellorneum ruficeps_19_c000.wav,data/chunks_16k/Pellorneum ruficeps_19_c000.wav
Pellorneum ruficeps_19_c001,Pellorneum ruficeps,Pellorneum ruficeps,0.9072,data/chunks_48k/Pellorneum ruficeps_19_c001.wav,data/chunks_16k/Pellorneum ruficeps_19_c001.wav
Pellorneum ruficeps_1_c000,Pellorneum ruficeps,Pellorneum ruficeps,0.9680,data/chunks_48k/Pellorneum ruficeps_1_c000.wav,data/chunks_16k/Pellorneum ruficeps_1_c000.wav
Pellorneum ruficeps_1_c001,Pellorneum ruficeps,Pellorneum ruficeps,0.9871,data/chunks_48k/Pellorneum ruficeps_1_c001.wav,data/chunks_16k/Pellorneum ruficeps_1_c001.wav
Pellorneum ruficeps_1_c002,Pellorneum ruficeps,Pellorneum ruficeps,0.9323,data/chunks_48k/Pellorneum ruficeps_1_c002.wav,data/chunks_16k/Pellorneum ruficeps_1_c002.wav
Pellorneum ruficeps_1_c003,Pellorneum ruficeps,Pellorneum ruficeps,0.9790,data/chunks_48k/Pellorneum ruficeps_1_c003.wav,data/chunks_16k/Pellorneum ruficeps_1_c003.wav
Pellorneum ruficeps_20_c000,Pellorneum ruficeps,Pellorneum ruficeps,0.9744,data/chunks_48k/Pellorneum ruficeps_20_c000.wav,data/chunks_16k/Pellorneum ruficeps_20_c000.wav
Pellorneum ruficeps_20_c001,Pellorneum ruficeps,Pellorneum ruficeps,0.9545,data/chunks_48k/Pellorneum ruficeps_20_c001.wav,data/chunks_16k/Pellorneum ruficeps_20_c001.wav
Pellorneum ruficeps_20_c002,Pellorneum ruficeps,Pellorneum ruficeps,0.9502,data/chunks_48k/Pellorneum ruficeps_20_c002.wav,data/chunks_16k/Pellorneum ruficeps_20_c002.wav
Pellorneum ruficeps_20_c003,Pellorneum ruficeps,Pellorneum ruficeps,0.9150,data/chunks_48k/Pellorneum ruficeps_20_c003.wav,data/chunks_16k/Pellorneum ruficeps_20_c003.wav
Pellorneum ruficeps_21_c000,Pellorneum ruficeps,Pellorneum ruficeps,0.9920,data/chunks_48k/Pellorneum ruficeps_21_c000.wav,data/chunks_16k/Pellorneum ruficeps_21_c000.wav
Pellorneum ruficeps_21_c001,Pellorneum ruficeps,Pellorneum ruficeps,0.9839,data/chunks_48k/Pellorneum ruficeps_21_c001.wav,data/chunks_16k/Pellorneum ruficeps_21_c001.wav
Pellorneum ruficeps_21_c002,Pellorneum ruficeps,Pellorneum ruficeps,0.9583,data/chunks_48k/Pellorneum ruficeps_21_c002.wav,data/chunks_16k/Pellorneum ruficeps_21_c002.wav
Pellorneum ruficeps_21_c003,Pellorneum ruficeps,Pellorneum ruficeps,0.9572,data/chunks_48k/Pellorneum ruficeps_21_c003.wav,data/chunks_16k/Pellorneum ruficeps_21_c003.wav
Pellorneum ruficeps_22_c000,Pellorneum ruficeps,Pellorneum ruficeps,0.9864,data/chunks_48k/Pellorneum ruficeps_22_c000.wav,data/chunks_16k/Pellorneum ruficeps_22_c000.wav
Pellorneum ruficeps_22_c001,Pellorneum ruficeps,Pellorneum ruficeps,0.9776,data/chunks_48k/Pellorneum ruficeps_22_c001.wav,data/chunks_16k/Pellorneum ruficeps_22_c001.wav
Pellorneum ruficeps_22_c002,Pellorneum ruficeps,Pellorneum ruficeps,0.9914,data/chunks_48k/Pellorneum ruficeps_22_c002.wav,data/chunks_16k/Pellorneum ruficeps_22_c002.wav
Pellorneum ruficeps_23_c000,Pellorneum ruficeps,Pellorneum ruficeps,0.9073,data/chunks_48k/Pellorneum ruficeps_23_c000.wav,data/chunks_16k/Pellorneum ruficeps_23_c000.wav
Pellorneum ruficeps_23_c001,Pellorneum ruficeps,Pellorneum ruficeps,0.9461,data/chunks_48k/Pellorneum ruficeps_23_c001.wav,data/chunks_16k/Pellorneum ruficeps_23_c001.wav
Pellorneum ruficeps_23_c002,Pellorneum ruficeps,Pellorneum ruficeps,0.8794,data/chunks_48k/Pellorneum ruficeps_23_c002.wav,data/chunks_16k/Pellorneum ruficeps_23_c002.wav
Pellorneum ruficeps_23_c003,Pellorneum ruficeps,Pellorneum ruficeps,0.8326,data/chunks_48k/Pellorneum ruficeps_23_c003.wav,data/chunks_16k/Pellorneum ruficeps_23_c003.wav
Pellorneum ruficeps_23_c004,Pellorneum ruficeps,Pellorneum ruficeps,0.9716,data/chunks_48k/Pellorneum ruficeps_23_c004.wav,data/chunks_16k/Pellorneum ruficeps_23_c004.wav
Pellorneum ruficeps_23_c005,Pellorneum ruficeps,Pellorneum ruficeps,0.9555,data/chunks_48k/Pellorneum ruficeps_23_c005.wav,data/chunks_16k/Pellorneum ruficeps_23_c005.wav
Pellorneum ruficeps_23_c006,Pellorneum ruficeps,Pellorneum ruficeps,0.9432,data/chunks_48k/Pellorneum ruficeps_23_c006.wav,data/chunks_16k/Pellorneum ruficeps_23_c006.wav
Pellorneum ruficeps_23_c007,Pellorneum ruficeps,Pellorneum ruficeps,0.8208,data/chunks_48k/Pellorneum ruficeps_23_c007.wav,data/chunks_16k/Pellorneum ruficeps_23_c007.wav
Pellorneum ruficeps_23_c008,Pellorneum ruficeps,Pellorneum ruficeps,0.9227,data/chunks_48k/Pellorneum ruficeps_23_c008.wav,data/chunks_16k/Pellorneum ruficeps_23_c008.wav
Pellorneum ruficeps_23_c009,Pellorneum ruficeps,Pellorneum ruficeps,0.9222,data/chunks_48k/Pellorneum ruficeps_23_c009.wav,data/chunks_16k/Pellorneum ruficeps_23_c009.wav
Pellorneum ruficeps_23_c010,Pellorneum ruficeps,Pellorneum ruficeps,0.9768,data/chunks_48k/Pellorneum ruficeps_23_c010.wav,data/chunks_16k/Pellorneum ruficeps_23_c010.wav
Pellorneum ruficeps_23_c011,Pellorneum ruficeps,Pellorneum ruficeps,0.9359,data/chunks_48k/Pellorneum ruficeps_23_c011.wav,data/chunks_16k/Pellorneum ruficeps_23_c011.wav
Pellorneum ruficeps_23_c012,Pellorneum ruficeps,Pellorneum ruficeps,0.9072,data/chunks_48k/Pellorneum ruficeps_23_c012.wav,data/chunks_16k/Pellorneum ruficeps_23_c012.wav
Pellorneum ruficeps_23_c013,Pellorneum ruficeps,Pellorneum ruficeps,0.9670,data/chunks_48k/Pellorneum ruficeps_23_c013.wav,data/chunks_16k/Pellorneum ruficeps_23_c013.wav
Pellorneum ruficeps_23_c014,Pellorneum ruficeps,Pellorneum ruficeps,0.9840,data/chunks_48k/Pellorneum ruficeps_23_c014.wav,data/chunks_16k/Pellorneum ruficeps_23_c014.wav
Pellorneum ruficeps_23_c015,Pellorneum ruficeps,Pellorneum ruficeps,0.9167,data/chunks_48k/Pellorneum ruficeps_23_c015.wav,data/chunks_16k/Pellorneum ruficeps_23_c015.wav
Pellorneum ruficeps_24_c000,Pellorneum ruficeps,Pellorneum ruficeps,0.9528,data/chunks_48k/Pellorneum ruficeps_24_c000.wav,data/chunks_16k/Pellorneum ruficeps_24_c000.wav
Pellorneum ruficeps_25_c000,Pellorneum ruficeps,Pellorneum ruficeps,0.9965,data/chunks_48k/Pellorneum ruficeps_25_c000.wav,data/chunks_16k/Pellorneum ruficeps_25_c000.wav
Pellorneum ruficeps_25_c001,Pellorneum ruficeps,Pellorneum ruficeps,0.9859,data/chunks_48k/Pellorneum ruficeps_25_c001.wav,data/chunks_16k/Pellorneum ruficeps_25_c001.wav
Pellorneum ruficeps_25_c002,Pellorneum ruficeps,Pellorneum ruficeps,0.9807,data/chunks_48k/Pellorneum ruficeps_25_c002.wav,data/chunks_16k/Pellorneum ruficeps_25_c002.wav
Pellorneum ruficeps_25_c003,Pellorneum ruficeps,Pellorneum ruficeps,0.9907,data/chunks_48k/Pellorneum ruficeps_25_c003.wav,data/chunks_16k/Pellorneum ruficeps_25_c003.wav
Pellorneum ruficeps_25_c004,Pellorneum ruficeps,Pellorneum ruficeps,0.9893,data/chunks_48k/Pellorneum ruficeps_25_c004.wav,data/chunks_16k/Pellorneum ruficeps_25_c004.wav
Pellorneum ruficeps_25_c005,Pellorneum ruficeps,Pellorneum ruficeps,0.9923,data/chunks_48k/Pellorneum ruficeps_25_c005.wav,data/chunks_16k/Pellorneum ruficeps_25_c005.wav
Pellorneum ruficeps_26_c000,Pellorneum ruficeps,Pellorneum ruficeps,0.9875,data/chunks_48k/Pellorneum ruficeps_26_c000.wav,data/chunks_16k/Pellorneum ruficeps_26_c000.wav
Pellorneum ruficeps_26_c001,Pellorneum ruficeps,Pellorneum ruficeps,0.9752,data/chunks_48k/Pellorneum ruficeps_26_c001.wav,data/chunks_16k/Pellorneum ruficeps_26_c001.wav
Pellorneum ruficeps_26_c002,Pellorneum ruficeps,Pellorneum ruficeps,0.9657,data/chunks_48k/Pellorneum ruficeps_26_c002.wav,data/chunks_16k/Pellorneum ruficeps_26_c002.wav
Pellorneum ruficeps_26_c003,Pellorneum ruficeps,Pellorneum ruficeps,0.8714,data/chunks_48k/Pellorneum ruficeps_26_c003.wav,data/chunks_16k/Pellorneum ruficeps_26_c003.wav
Pellorneum ruficeps_26_c004,Pellorneum ruficeps,Pellorneum ruficeps,0.9821,data/chunks_48k/Pellorneum ruficeps_26_c004.wav,data/chunks_16k/Pellorneum ruficeps_26_c004.wav
Pellorneum ruficeps_26_c005,Pellorneum ruficeps,Pellorneum ruficeps,0.9664,data/chunks_48k/Pellorneum ruficeps_26_c005.wav,data/chunks_16k/Pellorneum ruficeps_26_c005.wav
Pellorneum ruficeps_26_c006,Pellorneum ruficeps,Pellorneum ruficeps,0.9705,data/chunks_48k/Pellorneum ruficeps_26_c006.wav,data/chunks_16k/Pellorneum ruficeps_26_c006.wav
Pellorneum ruficeps_26_c007,Pellorneum ruficeps,Pellorneum ruficeps,0.9798,data/chunks_48k/Pellorneum ruficeps_26_c007.wav,data/chunks_16k/Pellorneum ruficeps_26_c007.wav
Pellorneum ruficeps_26_c008,Pellorneum ruficeps,Pellorneum ruficeps,0.9061,data/chunks_48k/Pellorneum ruficeps_26_c008.wav,data/chunks_16k/Pellorneum ruficeps_26_c008.wav
Pellorneum ruficeps_26_c009,Pellorneum ruficeps,Pellorneum ruficeps,0.9869,data/chunks_48k/Pellorneum ruficeps_26_c009.wav,data/chunks_16k/Pellorneum ruficeps_26_c009.wav
Pellorneum ruficeps_26_c010,Pellorneum ruficeps,Pellorneum ruficeps,0.9661,data/chunks_48k/Pellorneum ruficeps_26_c010.wav,data/chunks_16k/Pellorneum ruficeps_26_c010.wav
Pellorneum ruficeps_26_c011,Pellorneum ruficeps,Pellorneum ruficeps,0.9766,data/chunks_48k/Pellorneum ruficeps_26_c011.wav,data/chunks_16k/Pellorneum ruficeps_26_c011.wav
Pellorneum ruficeps_26_c012,Pellorneum ruficeps,Pellorneum ruficeps,0.9561,data/chunks_48k/Pellorneum ruficeps_26_c012.wav,data/chunks_16k/Pellorneum ruficeps_26_c012.wav
Pellorneum ruficeps_26_c013,Pellorneum ruficeps,Pellorneum ruficeps,0.9691,data/chunks_48k/Pellorneum ruficeps_26_c013.wav,data/chunks_16k/Pellorneum ruficeps_26_c013.wav
Pellorneum ruficeps_26_c014,Pellorneum ruficeps,Pellorneum ruficeps,0.9558,data/chunks_48k/Pellorneum ruficeps_26_c014.wav,data/chunks_16k/Pellorneum ruficeps_26_c014.wav
Pellorneum ruficeps_26_c015,Pellorneum ruficeps,Pellorneum ruficeps,0.9755,data/chunks_48k/Pellorneum ruficeps_26_c015.wav,data/chunks_16k/Pellorneum ruficeps_26_c015.wav
Pellorneum ruficeps_26_c016,Pellorneum ruficeps,Pellorneum ruficeps,0.9693,data/chunks_48k/Pellorneum ruficeps_26_c016.wav,data/chunks_16k/Pellorneum ruficeps_26_c016.wav
Pellorneum ruficeps_26_c017,Pellorneum ruficeps,Pellorneum ruficeps,0.9788,data/chunks_48k/Pellorneum ruficeps_26_c017.wav,data/chunks_16k/Pellorneum ruficeps_26_c017.wav
Pellorneum ruficeps_26_c018,Pellorneum ruficeps,Pellorneum ruficeps,0.9382,data/chunks_48k/Pellorneum ruficeps_26_c018.wav,data/chunks_16k/Pellorneum ruficeps_26_c018.wav
Pellorneum ruficeps_27_c000,Pellorneum ruficeps,Pellorneum ruficeps,0.9695,data/chunks_48k/Pellorneum ruficeps_27_c000.wav,data/chunks_16k/Pellorneum ruficeps_27_c000.wav
Pellorneum ruficeps_27_c001,Pellorneum ruficeps,Pellorneum ruficeps,0.9913,data/chunks_48k/Pellorneum ruficeps_27_c001.wav,data/chunks_16k/Pellorneum ruficeps_27_c001.wav
Pellorneum ruficeps_27_c002,Pellorneum ruficeps,Pellorneum ruficeps,0.9796,data/chunks_48k/Pellorneum ruficeps_27_c002.wav,data/chunks_16k/Pellorneum ruficeps_27_c002.wav
Pellorneum ruficeps_27_c003,Pellorneum ruficeps,Pellorneum ruficeps,0.9692,data/chunks_48k/Pellorneum ruficeps_27_c003.wav,data/chunks_16k/Pellorneum ruficeps_27_c003.wav
Pellorneum ruficeps_27_c004,Pellorneum ruficeps,Pellorneum ruficeps,0.9813,data/chunks_48k/Pellorneum ruficeps_27_c004.wav,data/chunks_16k/Pellorneum ruficeps_27_c004.wav
Pellorneum ruficeps_28_c000,Pellorneum ruficeps,Pellorneum ruficeps,0.9056,data/chunks_48k/Pellorneum ruficeps_28_c000.wav,data/chunks_16k/Pellorneum ruficeps_28_c000.wav
Pellorneum ruficeps_28_c001,Pellorneum ruficeps,Pellorneum ruficeps,0.9637,data/chunks_48k/Pellorneum ruficeps_28_c001.wav,data/chunks_16k/Pellorneum ruficeps_28_c001.wav
Pellorneum ruficeps_28_c002,Pellorneum ruficeps,Pellorneum ruficeps,0.9820,data/chunks_48k/Pellorneum ruficeps_28_c002.wav,data/chunks_16k/Pellorneum ruficeps_28_c002.wav
Pellorneum ruficeps_28_c003,Pellorneum ruficeps,Pellorneum ruficeps,0.9609,data/chunks_48k/Pellorneum ruficeps_28_c003.wav,data/chunks_16k/Pellorneum ruficeps_28_c003.wav
Pellorneum ruficeps_29_c000,Pellorneum ruficeps,Pellorneum ruficeps,0.9679,data/chunks_48k/Pellorneum ruficeps_29_c000.wav,data/chunks_16k/Pellorneum ruficeps_29_c000.wav
Pellorneum ruficeps_2_c000,Pellorneum ruficeps,Pellorneum ruficeps,0.9858,data/chunks_48k/Pellorneum ruficeps_2_c000.wav,data/chunks_16k/Pellorneum ruficeps_2_c000.wav
Pellorneum ruficeps_2_c002,Pellorneum ruficeps,Pellorneum ruficeps,0.9928,data/chunks_48k/Pellorneum ruficeps_2_c002.wav,data/chunks_16k/Pellorneum ruficeps_2_c002.wav
Pellorneum ruficeps_2_c003,Pellorneum ruficeps,Pellorneum ruficeps,0.9641,data/chunks_48k/Pellorneum ruficeps_2_c003.wav,data/chunks_16k/Pellorneum ruficeps_2_c003.wav
Pellorneum ruficeps_30_c000,Pellorneum ruficeps,Pellorneum ruficeps,0.9322,data/chunks_48k/Pellorneum ruficeps_30_c000.wav,data/chunks_16k/Pellorneum ruficeps_30_c000.wav
Pellorneum ruficeps_31_c000,Pellorneum ruficeps,Pellorneum ruficeps,0.9974,data/chunks_48k/Pellorneum ruficeps_31_c000.wav,data/chunks_16k/Pellorneum ruficeps_31_c000.wav
Pellorneum ruficeps_32_c000,Pellorneum ruficeps,Pellorneum ruficeps,0.8313,data/chunks_48k/Pellorneum ruficeps_32_c000.wav,data/chunks_16k/Pellorneum ruficeps_32_c000.wav
Pellorneum ruficeps_32_c002,Pellorneum ruficeps,Pellorneum ruficeps,0.8475,data/chunks_48k/Pellorneum ruficeps_32_c002.wav,data/chunks_16k/Pellorneum ruficeps_32_c002.wav
Pellorneum ruficeps_32_c003,Pellorneum ruficeps,Pellorneum ruficeps,0.8187,data/chunks_48k/Pellorneum ruficeps_32_c003.wav,data/chunks_16k/Pellorneum ruficeps_32_c003.wav
Pellorneum ruficeps_32_c004,Pellorneum ruficeps,Pellorneum ruficeps,0.9363,data/chunks_48k/Pellorneum ruficeps_32_c004.wav,data/chunks_16k/Pellorneum ruficeps_32_c004.wav
Pellorneum ruficeps_32_c005,Pellorneum ruficeps,Pellorneum ruficeps,0.9154,data/chunks_48k/Pellorneum ruficeps_32_c005.wav,data/chunks_16k/Pellorneum ruficeps_32_c005.wav
Pellorneum ruficeps_32_c013,Pellorneum ruficeps,Pellorneum ruficeps,0.5768,data/chunks_48k/Pellorneum ruficeps_32_c013.wav,data/chunks_16k/Pellorneum ruficeps_32_c013.wav
Pellorneum ruficeps_32_c014,Pellorneum ruficeps,Pellorneum ruficeps,0.9093,data/chunks_48k/Pellorneum ruficeps_32_c014.wav,data/chunks_16k/Pellorneum ruficeps_32_c014.wav
Pellorneum ruficeps_32_c015,Pellorneum ruficeps,Pellorneum ruficeps,0.8600,data/chunks_48k/Pellorneum ruficeps_32_c015.wav,data/chunks_16k/Pellorneum ruficeps_32_c015.wav
Pellorneum ruficeps_32_c017,Pellorneum ruficeps,Pellorneum ruficeps,0.7452,data/chunks_48k/Pellorneum ruficeps_32_c017.wav,data/chunks_16k/Pellorneum ruficeps_32_c017.wav
Pellorneum ruficeps_32_c019,Pellorneum ruficeps,Pellorneum ruficeps,0.9671,data/chunks_48k/Pellorneum ruficeps_32_c019.wav,data/chunks_16k/Pellorneum ruficeps_32_c019.wav
Pellorneum ruficeps_32_c020,Pellorneum ruficeps,Pellorneum ruficeps,0.6915,data/chunks_48k/Pellorneum ruficeps_32_c020.wav,data/chunks_16k/Pellorneum ruficeps_32_c020.wav
Pellorneum ruficeps_32_c021,Pellorneum ruficeps,Pellorneum ruficeps,0.8705,data/chunks_48k/Pellorneum ruficeps_32_c021.wav,data/chunks_16k/Pellorneum ruficeps_32_c021.wav
Pellorneum ruficeps_32_c025,Pellorneum ruficeps,Pellorneum ruficeps,0.9524,data/chunks_48k/Pellorneum ruficeps_32_c025.wav,data/chunks_16k/Pellorneum ruficeps_32_c025.wav
Pellorneum ruficeps_32_c026,Pellorneum ruficeps,Pellorneum ruficeps,0.8413,data/chunks_48k/Pellorneum ruficeps_32_c026.wav,data/chunks_16k/Pellorneum ruficeps_32_c026.wav
Pellorneum ruficeps_32_c027,Pellorneum ruficeps,Pellorneum ruficeps,0.8975,data/chunks_48k/Pellorneum ruficeps_32_c027.wav,data/chunks_16k/Pellorneum ruficeps_32_c027.wav
Pellorneum ruficeps_32_c028,Pellorneum ruficeps,Pellorneum ruficeps,0.9216,data/chunks_48k/Pellorneum ruficeps_32_c028.wav,data/chunks_16k/Pellorneum ruficeps_32_c028.wav
Pellorneum ruficeps_32_c029,Pellorneum ruficeps,Pellorneum ruficeps,0.9159,data/chunks_48k/Pellorneum ruficeps_32_c029.wav,data/chunks_16k/Pellorneum ruficeps_32_c029.wav
Pellorneum ruficeps_32_c030,Pellorneum ruficeps,Pellorneum ruficeps,0.7537,data/chunks_48k/Pellorneum ruficeps_32_c030.wav,data/chunks_16k/Pellorneum ruficeps_32_c030.wav
Pellorneum ruficeps_32_c033,Pellorneum ruficeps,Pellorneum ruficeps,0.8808,data/chunks_48k/Pellorneum ruficeps_32_c033.wav,data/chunks_16k/Pellorneum ruficeps_32_c033.wav
Pellorneum ruficeps_32_c034,Pellorneum ruficeps,Pellorneum ruficeps,0.8762,data/chunks_48k/Pellorneum ruficeps_32_c034.wav,data/chunks_16k/Pellorneum ruficeps_32_c034.wav
Pellorneum ruficeps_32_c035,Pellorneum ruficeps,Pellorneum ruficeps,0.8741,data/chunks_48k/Pellorneum ruficeps_32_c035.wav,data/chunks_16k/Pellorneum ruficeps_32_c035.wav
Pellorneum ruficeps_32_c036,Pellorneum ruficeps,Pellorneum ruficeps,0.9753,data/chunks_48k/Pellorneum ruficeps_32_c036.wav,data/chunks_16k/Pellorneum ruficeps_32_c036.wav
Pellorneum ruficeps_32_c039,Pellorneum ruficeps,Pellorneum ruficeps,0.9184,data/chunks_48k/Pellorneum ruficeps_32_c039.wav,data/chunks_16k/Pellorneum ruficeps_32_c039.wav
Pellorneum ruficeps_32_c040,Pellorneum ruficeps,Pellorneum ruficeps,0.9331,data/chunks_48k/Pellorneum ruficeps_32_c040.wav,data/chunks_16k/Pellorneum ruficeps_32_c040.wav
Pellorneum ruficeps_33_c000,Pellorneum ruficeps,Pellorneum ruficeps,0.9766,data/chunks_48k/Pellorneum ruficeps_33_c000.wav,data/chunks_16k/Pellorneum ruficeps_33_c000.wav
Pellorneum ruficeps_33_c001,Pellorneum ruficeps,Pellorneum ruficeps,0.9630,data/chunks_48k/Pellorneum ruficeps_33_c001.wav,data/chunks_16k/Pellorneum ruficeps_33_c001.wav
Pellorneum ruficeps_33_c002,Pellorneum ruficeps,Pellorneum ruficeps,0.9190,data/chunks_48k/Pellorneum ruficeps_33_c002.wav,data/chunks_16k/Pellorneum ruficeps_33_c002.wav
Pellorneum ruficeps_33_c003,Pellorneum ruficeps,Pellorneum ruficeps,0.9398,data/chunks_48k/Pellorneum ruficeps_33_c003.wav,data/chunks_16k/Pellorneum ruficeps_33_c003.wav
Pellorneum ruficeps_34_c000,Pellorneum ruficeps,Pellorneum ruficeps,0.9146,data/chunks_48k/Pellorneum ruficeps_34_c000.wav,data/chunks_16k/Pellorneum ruficeps_34_c000.wav
Pellorneum ruficeps_34_c001,Pellorneum ruficeps,Pellorneum ruficeps,0.6578,data/chunks_48k/Pellorneum ruficeps_34_c001.wav,data/chunks_16k/Pellorneum ruficeps_34_c001.wav
Pellorneum ruficeps_35_c001,Pellorneum ruficeps,Pellorneum ruficeps,0.7445,data/chunks_48k/Pellorneum ruficeps_35_c001.wav,data/chunks_16k/Pellorneum ruficeps_35_c001.wav
Pellorneum ruficeps_36_c000,Pellorneum ruficeps,Pellorneum ruficeps,0.9758,data/chunks_48k/Pellorneum ruficeps_36_c000.wav,data/chunks_16k/Pellorneum ruficeps_36_c000.wav
Pellorneum ruficeps_36_c001,Pellorneum ruficeps,Pellorneum ruficeps,0.9672,data/chunks_48k/Pellorneum ruficeps_36_c001.wav,data/chunks_16k/Pellorneum ruficeps_36_c001.wav
Pellorneum ruficeps_36_c002,Pellorneum ruficeps,Pellorneum ruficeps,0.8539,data/chunks_48k/Pellorneum ruficeps_36_c002.wav,data/chunks_16k/Pellorneum ruficeps_36_c002.wav
Pellorneum ruficeps_37_c002,Pellorneum ruficeps,Pellorneum ruficeps,0.6735,data/chunks_48k/Pellorneum ruficeps_37_c002.wav,data/chunks_16k/Pellorneum ruficeps_37_c002.wav
Pellorneum ruficeps_37_c003,Pellorneum ruficeps,Pellorneum ruficeps,0.9786,data/chunks_48k/Pellorneum ruficeps_37_c003.wav,data/chunks_16k/Pellorneum ruficeps_37_c003.wav
Pellorneum ruficeps_38_c001,Pellorneum ruficeps,Pellorneum ruficeps,0.7814,data/chunks_48k/Pellorneum ruficeps_38_c001.wav,data/chunks_16k/Pellorneum ruficeps_38_c001.wav
Pellorneum ruficeps_38_c002,Pellorneum ruficeps,Pellorneum ruficeps,0.7128,data/chunks_48k/Pellorneum ruficeps_38_c002.wav,data/chunks_16k/Pellorneum ruficeps_38_c002.wav
Pellorneum ruficeps_39_c000,Pellorneum ruficeps,Pellorneum ruficeps,0.9856,data/chunks_48k/Pellorneum ruficeps_39_c000.wav,data/chunks_16k/Pellorneum ruficeps_39_c000.wav
Pellorneum ruficeps_39_c001,Pellorneum ruficeps,Pellorneum ruficeps,0.9752,data/chunks_48k/Pellorneum ruficeps_39_c001.wav,data/chunks_16k/Pellorneum ruficeps_39_c001.wav
Pellorneum ruficeps_39_c002,Pellorneum ruficeps,Pellorneum ruficeps,0.9563,data/chunks_48k/Pellorneum ruficeps_39_c002.wav,data/chunks_16k/Pellorneum ruficeps_39_c002.wav
Pellorneum ruficeps_39_c003,Pellorneum ruficeps,Pellorneum ruficeps,0.9731,data/chunks_48k/Pellorneum ruficeps_39_c003.wav,data/chunks_16k/Pellorneum ruficeps_39_c003.wav
Pellorneum ruficeps_39_c004,Pellorneum ruficeps,Pellorneum ruficeps,0.6402,data/chunks_48k/Pellorneum ruficeps_39_c004.wav,data/chunks_16k/Pellorneum ruficeps_39_c004.wav
Pellorneum ruficeps_39_c005,Pellorneum ruficeps,Pellorneum ruficeps,0.9944,data/chunks_48k/Pellorneum ruficeps_39_c005.wav,data/chunks_16k/Pellorneum ruficeps_39_c005.wav
Pellorneum ruficeps_3_c000,Pellorneum ruficeps,Pellorneum ruficeps,0.8951,data/chunks_48k/Pellorneum ruficeps_3_c000.wav,data/chunks_16k/Pellorneum ruficeps_3_c000.wav
Pellorneum ruficeps_3_c001,Pellorneum ruficeps,Pellorneum ruficeps,0.8708,data/chunks_48k/Pellorneum ruficeps_3_c001.wav,data/chunks_16k/Pellorneum ruficeps_3_c001.wav
Pellorneum ruficeps_3_c002,Pellorneum ruficeps,Pellorneum ruficeps,0.9363,data/chunks_48k/Pellorneum ruficeps_3_c002.wav,data/chunks_16k/Pellorneum ruficeps_3_c002.wav
Pellorneum ruficeps_3_c003,Pellorneum ruficeps,Pellorneum ruficeps,0.9759,data/chunks_48k/Pellorneum ruficeps_3_c003.wav,data/chunks_16k/Pellorneum ruficeps_3_c003.wav
Pellorneum ruficeps_3_c004,Pellorneum ruficeps,Pellorneum ruficeps,0.8613,data/chunks_48k/Pellorneum ruficeps_3_c004.wav,data/chunks_16k/Pellorneum ruficeps_3_c004.wav
Pellorneum ruficeps_40_c000,Pellorneum ruficeps,Pellorneum ruficeps,0.7671,data/chunks_48k/Pellorneum ruficeps_40_c000.wav,data/chunks_16k/Pellorneum ruficeps_40_c000.wav
Pellorneum ruficeps_40_c001,Pellorneum ruficeps,Pellorneum ruficeps,0.9203,data/chunks_48k/Pellorneum ruficeps_40_c001.wav,data/chunks_16k/Pellorneum ruficeps_40_c001.wav
Pellorneum ruficeps_40_c002,Pellorneum ruficeps,Pellorneum ruficeps,0.7190,data/chunks_48k/Pellorneum ruficeps_40_c002.wav,data/chunks_16k/Pellorneum ruficeps_40_c002.wav
Pellorneum ruficeps_40_c003,Pellorneum ruficeps,Pellorneum ruficeps,0.7262,data/chunks_48k/Pellorneum ruficeps_40_c003.wav,data/chunks_16k/Pellorneum ruficeps_40_c003.wav
Pellorneum ruficeps_40_c004,Pellorneum ruficeps,Pellorneum ruficeps,0.5044,data/chunks_48k/Pellorneum ruficeps_40_c004.wav,data/chunks_16k/Pellorneum ruficeps_40_c004.wav
Pellorneum ruficeps_40_c009,Pellorneum ruficeps,Pellorneum ruficeps,0.9574,data/chunks_48k/Pellorneum ruficeps_40_c009.wav,data/chunks_16k/Pellorneum ruficeps_40_c009.wav
Pellorneum ruficeps_40_c011,Pellorneum ruficeps,Pellorneum ruficeps,0.7907,data/chunks_48k/Pellorneum ruficeps_40_c011.wav,data/chunks_16k/Pellorneum ruficeps_40_c011.wav
Pellorneum ruficeps_40_c012,Pellorneum ruficeps,Pellorneum ruficeps,0.7201,data/chunks_48k/Pellorneum ruficeps_40_c012.wav,data/chunks_16k/Pellorneum ruficeps_40_c012.wav
Pellorneum ruficeps_40_c013,Pellorneum ruficeps,Pellorneum ruficeps,0.6819,data/chunks_48k/Pellorneum ruficeps_40_c013.wav,data/chunks_16k/Pellorneum ruficeps_40_c013.wav
Pellorneum ruficeps_41_c000,Pellorneum ruficeps,Pellorneum ruficeps,0.7612,data/chunks_48k/Pellorneum ruficeps_41_c000.wav,data/chunks_16k/Pellorneum ruficeps_41_c000.wav
Pellorneum ruficeps_41_c001,Pellorneum ruficeps,Pellorneum ruficeps,0.9022,data/chunks_48k/Pellorneum ruficeps_41_c001.wav,data/chunks_16k/Pellorneum ruficeps_41_c001.wav
Pellorneum ruficeps_41_c003,Pellorneum ruficeps,Pellorneum ruficeps,0.9230,data/chunks_48k/Pellorneum ruficeps_41_c003.wav,data/chunks_16k/Pellorneum ruficeps_41_c003.wav
Pellorneum ruficeps_41_c004,Pellorneum ruficeps,Pellorneum ruficeps,0.9621,data/chunks_48k/Pellorneum ruficeps_41_c004.wav,data/chunks_16k/Pellorneum ruficeps_41_c004.wav
Pellorneum ruficeps_42_c000,Pellorneum ruficeps,Pellorneum ruficeps,0.8731,data/chunks_48k/Pellorneum ruficeps_42_c000.wav,data/chunks_16k/Pellorneum ruficeps_42_c000.wav
Pellorneum ruficeps_42_c001,Pellorneum ruficeps,Pellorneum ruficeps,0.8361,data/chunks_48k/Pellorneum ruficeps_42_c001.wav,data/chunks_16k/Pellorneum ruficeps_42_c001.wav
Pellorneum ruficeps_42_c002,Pellorneum ruficeps,Pellorneum ruficeps,0.8485,data/chunks_48k/Pellorneum ruficeps_42_c002.wav,data/chunks_16k/Pellorneum ruficeps_42_c002.wav
Pellorneum ruficeps_42_c003,Pellorneum ruficeps,Pellorneum ruficeps,0.8241,data/chunks_48k/Pellorneum ruficeps_42_c003.wav,data/chunks_16k/Pellorneum ruficeps_42_c003.wav
Pellorneum ruficeps_43_c000,Pellorneum ruficeps,Pellorneum ruficeps,0.9542,data/chunks_48k/Pellorneum ruficeps_43_c000.wav,data/chunks_16k/Pellorneum ruficeps_43_c000.wav
Pellorneum ruficeps_43_c001,Pellorneum ruficeps,Pellorneum ruficeps,0.9642,data/chunks_48k/Pellorneum ruficeps_43_c001.wav,data/chunks_16k/Pellorneum ruficeps_43_c001.wav
Pellorneum ruficeps_43_c002,Pellorneum ruficeps,Pellorneum ruficeps,0.9756,data/chunks_48k/Pellorneum ruficeps_43_c002.wav,data/chunks_16k/Pellorneum ruficeps_43_c002.wav
Pellorneum ruficeps_43_c003,Pellorneum ruficeps,Pellorneum ruficeps,0.9869,data/chunks_48k/Pellorneum ruficeps_43_c003.wav,data/chunks_16k/Pellorneum ruficeps_43_c003.wav
Pellorneum ruficeps_43_c004,Pellorneum ruficeps,Pellorneum ruficeps,0.9829,data/chunks_48k/Pellorneum ruficeps_43_c004.wav,data/chunks_16k/Pellorneum ruficeps_43_c004.wav
Pellorneum ruficeps_44_c000,Pellorneum ruficeps,Pellorneum ruficeps,0.8816,data/chunks_48k/Pellorneum ruficeps_44_c000.wav,data/chunks_16k/Pellorneum ruficeps_44_c000.wav
Pellorneum ruficeps_46_c000,Pellorneum ruficeps,Pellorneum ruficeps,0.9702,data/chunks_48k/Pellorneum ruficeps_46_c000.wav,data/chunks_16k/Pellorneum ruficeps_46_c000.wav
Pellorneum ruficeps_46_c001,Pellorneum ruficeps,Pellorneum ruficeps,0.6432,data/chunks_48k/Pellorneum ruficeps_46_c001.wav,data/chunks_16k/Pellorneum ruficeps_46_c001.wav
Pellorneum ruficeps_46_c002,Pellorneum ruficeps,Pellorneum ruficeps,0.9564,data/chunks_48k/Pellorneum ruficeps_46_c002.wav,data/chunks_16k/Pellorneum ruficeps_46_c002.wav
Pellorneum ruficeps_47_c000,Pellorneum ruficeps,Pellorneum ruficeps,0.9465,data/chunks_48k/Pellorneum ruficeps_47_c000.wav,data/chunks_16k/Pellorneum ruficeps_47_c000.wav
Pellorneum ruficeps_47_c001,Pellorneum ruficeps,Pellorneum ruficeps,0.9307,data/chunks_48k/Pellorneum ruficeps_47_c001.wav,data/chunks_16k/Pellorneum ruficeps_47_c001.wav
Pellorneum ruficeps_49_c000,Pellorneum ruficeps,Pellorneum ruficeps,0.7856,data/chunks_48k/Pellorneum ruficeps_49_c000.wav,data/chunks_16k/Pellorneum ruficeps_49_c000.wav
Pellorneum ruficeps_49_c001,Pellorneum ruficeps,Pellorneum ruficeps,0.9955,data/chunks_48k/Pellorneum ruficeps_49_c001.wav,data/chunks_16k/Pellorneum ruficeps_49_c001.wav
Pellorneum ruficeps_49_c002,Pellorneum ruficeps,Pellorneum ruficeps,0.9809,data/chunks_48k/Pellorneum ruficeps_49_c002.wav,data/chunks_16k/Pellorneum ruficeps_49_c002.wav
Pellorneum ruficeps_49_c004,Pellorneum ruficeps,Pellorneum ruficeps,0.9975,data/chunks_48k/Pellorneum ruficeps_49_c004.wav,data/chunks_16k/Pellorneum ruficeps_49_c004.wav
Pellorneum ruficeps_49_c005,Pellorneum ruficeps,Pellorneum ruficeps,0.9703,data/chunks_48k/Pellorneum ruficeps_49_c005.wav,data/chunks_16k/Pellorneum ruficeps_49_c005.wav
Pellorneum ruficeps_4_c000,Pellorneum ruficeps,Pellorneum ruficeps,0.9704,data/chunks_48k/Pellorneum ruficeps_4_c000.wav,data/chunks_16k/Pellorneum ruficeps_4_c000.wav
Pellorneum ruficeps_4_c001,Pellorneum ruficeps,Pellorneum ruficeps,0.9755,data/chunks_48k/Pellorneum ruficeps_4_c001.wav,data/chunks_16k/Pellorneum ruficeps_4_c001.wav
Pellorneum ruficeps_50_c000,Pellorneum ruficeps,Pellorneum ruficeps,0.9687,data/chunks_48k/Pellorneum ruficeps_50_c000.wav,data/chunks_16k/Pellorneum ruficeps_50_c000.wav
Pellorneum ruficeps_50_c001,Pellorneum ruficeps,Pellorneum ruficeps,0.7176,data/chunks_48k/Pellorneum ruficeps_50_c001.wav,data/chunks_16k/Pellorneum ruficeps_50_c001.wav
Pellorneum ruficeps_50_c003,Pellorneum ruficeps,Pellorneum ruficeps,0.6337,data/chunks_48k/Pellorneum ruficeps_50_c003.wav,data/chunks_16k/Pellorneum ruficeps_50_c003.wav
Pellorneum ruficeps_50_c004,Pellorneum ruficeps,Pellorneum ruficeps,0.8647,data/chunks_48k/Pellorneum ruficeps_50_c004.wav,data/chunks_16k/Pellorneum ruficeps_50_c004.wav
Pellorneum ruficeps_50_c005,Pellorneum ruficeps,Pellorneum ruficeps,0.9737,data/chunks_48k/Pellorneum ruficeps_50_c005.wav,data/chunks_16k/Pellorneum ruficeps_50_c005.wav
Pellorneum ruficeps_50_c008,Pellorneum ruficeps,Pellorneum ruficeps,0.9327,data/chunks_48k/Pellorneum ruficeps_50_c008.wav,data/chunks_16k/Pellorneum ruficeps_50_c008.wav
Pellorneum ruficeps_50_c009,Pellorneum ruficeps,Pellorneum ruficeps,0.9317,data/chunks_48k/Pellorneum ruficeps_50_c009.wav,data/chunks_16k/Pellorneum ruficeps_50_c009.wav
Pellorneum ruficeps_50_c010,Pellorneum ruficeps,Pellorneum ruficeps,0.7197,data/chunks_48k/Pellorneum ruficeps_50_c010.wav,data/chunks_16k/Pellorneum ruficeps_50_c010.wav
Pellorneum ruficeps_50_c011,Pellorneum ruficeps,Pellorneum ruficeps,0.7598,data/chunks_48k/Pellorneum ruficeps_50_c011.wav,data/chunks_16k/Pellorneum ruficeps_50_c011.wav
Pellorneum ruficeps_50_c012,Pellorneum ruficeps,Pellorneum ruficeps,0.8441,data/chunks_48k/Pellorneum ruficeps_50_c012.wav,data/chunks_16k/Pellorneum ruficeps_50_c012.wav
Pellorneum ruficeps_51_c000,Pellorneum ruficeps,Pellorneum ruficeps,0.9978,data/chunks_48k/Pellorneum ruficeps_51_c000.wav,data/chunks_16k/Pellorneum ruficeps_51_c000.wav
Pellorneum ruficeps_51_c001,Pellorneum ruficeps,Pellorneum ruficeps,0.9932,data/chunks_48k/Pellorneum ruficeps_51_c001.wav,data/chunks_16k/Pellorneum ruficeps_51_c001.wav
Pellorneum ruficeps_51_c002,Pellorneum ruficeps,Pellorneum ruficeps,0.9965,data/chunks_48k/Pellorneum ruficeps_51_c002.wav,data/chunks_16k/Pellorneum ruficeps_51_c002.wav
Pellorneum ruficeps_51_c003,Pellorneum ruficeps,Pellorneum ruficeps,0.9778,data/chunks_48k/Pellorneum ruficeps_51_c003.wav,data/chunks_16k/Pellorneum ruficeps_51_c003.wav
Pellorneum ruficeps_51_c004,Pellorneum ruficeps,Pellorneum ruficeps,0.9959,data/chunks_48k/Pellorneum ruficeps_51_c004.wav,data/chunks_16k/Pellorneum ruficeps_51_c004.wav
Pellorneum ruficeps_52_c000,Pellorneum ruficeps,Pellorneum ruficeps,0.9744,data/chunks_48k/Pellorneum ruficeps_52_c000.wav,data/chunks_16k/Pellorneum ruficeps_52_c000.wav
Pellorneum ruficeps_52_c001,Pellorneum ruficeps,Pellorneum ruficeps,0.9893,data/chunks_48k/Pellorneum ruficeps_52_c001.wav,data/chunks_16k/Pellorneum ruficeps_52_c001.wav
Pellorneum ruficeps_52_c002,Pellorneum ruficeps,Pellorneum ruficeps,0.9740,data/chunks_48k/Pellorneum ruficeps_52_c002.wav,data/chunks_16k/Pellorneum ruficeps_52_c002.wav
Pellorneum ruficeps_52_c003,Pellorneum ruficeps,Pellorneum ruficeps,0.9883,data/chunks_48k/Pellorneum ruficeps_52_c003.wav,data/chunks_16k/Pellorneum ruficeps_52_c003.wav
Pellorneum ruficeps_52_c004,Pellorneum ruficeps,Pellorneum ruficeps,0.9789,data/chunks_48k/Pellorneum ruficeps_52_c004.wav,data/chunks_16k/Pellorneum ruficeps_52_c004.wav
Pellorneum ruficeps_52_c005,Pellorneum ruficeps,Pellorneum ruficeps,0.9662,data/chunks_48k/Pellorneum ruficeps_52_c005.wav,data/chunks_16k/Pellorneum ruficeps_52_c005.wav
Pellorneum ruficeps_52_c006,Pellorneum ruficeps,Pellorneum ruficeps,0.9953,data/chunks_48k/Pellorneum ruficeps_52_c006.wav,data/chunks_16k/Pellorneum ruficeps_52_c006.wav
Pellorneum ruficeps_52_c007,Pellorneum ruficeps,Pellorneum ruficeps,0.9761,data/chunks_48k/Pellorneum ruficeps_52_c007.wav,data/chunks_16k/Pellorneum ruficeps_52_c007.wav
Pellorneum ruficeps_52_c008,Pellorneum ruficeps,Pellorneum ruficeps,0.9862,data/chunks_48k/Pellorneum ruficeps_52_c008.wav,data/chunks_16k/Pellorneum ruficeps_52_c008.wav
Pellorneum ruficeps_52_c009,Pellorneum ruficeps,Pellorneum ruficeps,0.9864,data/chunks_48k/Pellorneum ruficeps_52_c009.wav,data/chunks_16k/Pellorneum ruficeps_52_c009.wav
Pellorneum ruficeps_52_c010,Pellorneum ruficeps,Pellorneum ruficeps,0.9865,data/chunks_48k/Pellorneum ruficeps_52_c010.wav,data/chunks_16k/Pellorneum ruficeps_52_c010.wav
Pellorneum ruficeps_52_c011,Pellorneum ruficeps,Pellorneum ruficeps,0.9725,data/chunks_48k/Pellorneum ruficeps_52_c011.wav,data/chunks_16k/Pellorneum ruficeps_52_c011.wav
Pellorneum ruficeps_52_c012,Pellorneum ruficeps,Pellorneum ruficeps,0.9701,data/chunks_48k/Pellorneum ruficeps_52_c012.wav,data/chunks_16k/Pellorneum ruficeps_52_c012.wav
Pellorneum ruficeps_53_c000,Pellorneum ruficeps,Pellorneum ruficeps,0.9331,data/chunks_48k/Pellorneum ruficeps_53_c000.wav,data/chunks_16k/Pellorneum ruficeps_53_c000.wav
Pellorneum ruficeps_53_c001,Pellorneum ruficeps,Pellorneum ruficeps,0.8058,data/chunks_48k/Pellorneum ruficeps_53_c001.wav,data/chunks_16k/Pellorneum ruficeps_53_c001.wav
Pellorneum ruficeps_53_c002,Pellorneum ruficeps,Pellorneum ruficeps,0.8877,data/chunks_48k/Pellorneum ruficeps_53_c002.wav,data/chunks_16k/Pellorneum ruficeps_53_c002.wav
Pellorneum ruficeps_53_c003,Pellorneum ruficeps,Pellorneum ruficeps,0.8966,data/chunks_48k/Pellorneum ruficeps_53_c003.wav,data/chunks_16k/Pellorneum ruficeps_53_c003.wav
Pellorneum ruficeps_53_c004,Pellorneum ruficeps,Pellorneum ruficeps,0.9327,data/chunks_48k/Pellorneum ruficeps_53_c004.wav,data/chunks_16k/Pellorneum ruficeps_53_c004.wav
Pellorneum ruficeps_53_c005,Pellorneum ruficeps,Pellorneum ruficeps,0.8674,data/chunks_48k/Pellorneum ruficeps_53_c005.wav,data/chunks_16k/Pellorneum ruficeps_53_c005.wav
Pellorneum ruficeps_54_c002,Pellorneum ruficeps,Pellorneum ruficeps,0.9612,data/chunks_48k/Pellorneum ruficeps_54_c002.wav,data/chunks_16k/Pellorneum ruficeps_54_c002.wav
Pellorneum ruficeps_54_c004,Pellorneum ruficeps,Pellorneum ruficeps,0.9383,data/chunks_48k/Pellorneum ruficeps_54_c004.wav,data/chunks_16k/Pellorneum ruficeps_54_c004.wav
Pellorneum ruficeps_54_c005,Pellorneum ruficeps,Pellorneum ruficeps,0.6098,data/chunks_48k/Pellorneum ruficeps_54_c005.wav,data/chunks_16k/Pellorneum ruficeps_54_c005.wav
Pellorneum ruficeps_54_c007,Pellorneum ruficeps,Pellorneum ruficeps,0.9945,data/chunks_48k/Pellorneum ruficeps_54_c007.wav,data/chunks_16k/Pellorneum ruficeps_54_c007.wav
Pellorneum ruficeps_55_c000,Pellorneum ruficeps,Pellorneum ruficeps,0.7932,data/chunks_48k/Pellorneum ruficeps_55_c000.wav,data/chunks_16k/Pellorneum ruficeps_55_c000.wav
Pellorneum ruficeps_56_c001,Pellorneum ruficeps,Pellorneum ruficeps,0.8176,data/chunks_48k/Pellorneum ruficeps_56_c001.wav,data/chunks_16k/Pellorneum ruficeps_56_c001.wav
Pellorneum ruficeps_56_c002,Pellorneum ruficeps,Pellorneum ruficeps,0.7645,data/chunks_48k/Pellorneum ruficeps_56_c002.wav,data/chunks_16k/Pellorneum ruficeps_56_c002.wav
Pellorneum ruficeps_56_c003,Pellorneum ruficeps,Pellorneum ruficeps,0.6731,data/chunks_48k/Pellorneum ruficeps_56_c003.wav,data/chunks_16k/Pellorneum ruficeps_56_c003.wav
Pellorneum ruficeps_57_c000,Pellorneum ruficeps,Pellorneum ruficeps,0.9577,data/chunks_48k/Pellorneum ruficeps_57_c000.wav,data/chunks_16k/Pellorneum ruficeps_57_c000.wav
Pellorneum ruficeps_57_c001,Pellorneum ruficeps,Pellorneum ruficeps,0.9831,data/chunks_48k/Pellorneum ruficeps_57_c001.wav,data/chunks_16k/Pellorneum ruficeps_57_c001.wav
Pellorneum ruficeps_58_c000,Pellorneum ruficeps,Pellorneum ruficeps,0.9906,data/chunks_48k/Pellorneum ruficeps_58_c000.wav,data/chunks_16k/Pellorneum ruficeps_58_c000.wav
Pellorneum ruficeps_58_c001,Pellorneum ruficeps,Pellorneum ruficeps,0.9673,data/chunks_48k/Pellorneum ruficeps_58_c001.wav,data/chunks_16k/Pellorneum ruficeps_58_c001.wav
Pellorneum ruficeps_58_c002,Pellorneum ruficeps,Pellorneum ruficeps,0.9792,data/chunks_48k/Pellorneum ruficeps_58_c002.wav,data/chunks_16k/Pellorneum ruficeps_58_c002.wav
Pellorneum ruficeps_58_c003,Pellorneum ruficeps,Pellorneum ruficeps,0.9828,data/chunks_48k/Pellorneum ruficeps_58_c003.wav,data/chunks_16k/Pellorneum ruficeps_58_c003.wav
Pellorneum ruficeps_58_c004,Pellorneum ruficeps,Pellorneum ruficeps,0.9797,data/chunks_48k/Pellorneum ruficeps_58_c004.wav,data/chunks_16k/Pellorneum ruficeps_58_c004.wav
Pellorneum ruficeps_59_c000,Pellorneum ruficeps,Pellorneum ruficeps,0.9146,data/chunks_48k/Pellorneum ruficeps_59_c000.wav,data/chunks_16k/Pellorneum ruficeps_59_c000.wav
Pellorneum ruficeps_59_c001,Pellorneum ruficeps,Pellorneum ruficeps,0.9512,data/chunks_48k/Pellorneum ruficeps_59_c001.wav,data/chunks_16k/Pellorneum ruficeps_59_c001.wav
Pellorneum ruficeps_59_c002,Pellorneum ruficeps,Pellorneum ruficeps,0.9668,data/chunks_48k/Pellorneum ruficeps_59_c002.wav,data/chunks_16k/Pellorneum ruficeps_59_c002.wav
Pellorneum ruficeps_59_c003,Pellorneum ruficeps,Pellorneum ruficeps,0.8308,data/chunks_48k/Pellorneum ruficeps_59_c003.wav,data/chunks_16k/Pellorneum ruficeps_59_c003.wav
Pellorneum ruficeps_60_c000,Pellorneum ruficeps,Pellorneum ruficeps,0.9524,data/chunks_48k/Pellorneum ruficeps_60_c000.wav,data/chunks_16k/Pellorneum ruficeps_60_c000.wav
Pellorneum ruficeps_60_c001,Pellorneum ruficeps,Pellorneum ruficeps,0.9372,data/chunks_48k/Pellorneum ruficeps_60_c001.wav,data/chunks_16k/Pellorneum ruficeps_60_c001.wav
Pellorneum ruficeps_60_c002,Pellorneum ruficeps,Pellorneum ruficeps,0.8365,data/chunks_48k/Pellorneum ruficeps_60_c002.wav,data/chunks_16k/Pellorneum ruficeps_60_c002.wav
Pellorneum ruficeps_60_c003,Pellorneum ruficeps,Pellorneum ruficeps,0.7683,data/chunks_48k/Pellorneum ruficeps_60_c003.wav,data/chunks_16k/Pellorneum ruficeps_60_c003.wav
Pellorneum ruficeps_61_c000,Pellorneum ruficeps,Pellorneum ruficeps,0.9749,data/chunks_48k/Pellorneum ruficeps_61_c000.wav,data/chunks_16k/Pellorneum ruficeps_61_c000.wav
Pellorneum ruficeps_61_c001,Pellorneum ruficeps,Pellorneum ruficeps,0.8197,data/chunks_48k/Pellorneum ruficeps_61_c001.wav,data/chunks_16k/Pellorneum ruficeps_61_c001.wav
Pellorneum ruficeps_61_c002,Pellorneum ruficeps,Pellorneum ruficeps,0.9586,data/chunks_48k/Pellorneum ruficeps_61_c002.wav,data/chunks_16k/Pellorneum ruficeps_61_c002.wav
Pellorneum ruficeps_62_c000,Pellorneum ruficeps,Pellorneum ruficeps,0.5361,data/chunks_48k/Pellorneum ruficeps_62_c000.wav,data/chunks_16k/Pellorneum ruficeps_62_c000.wav
Pellorneum ruficeps_63_c000,Pellorneum ruficeps,Pellorneum ruficeps,0.9899,data/chunks_48k/Pellorneum ruficeps_63_c000.wav,data/chunks_16k/Pellorneum ruficeps_63_c000.wav
Pellorneum ruficeps_63_c001,Pellorneum ruficeps,Pellorneum ruficeps,0.9581,data/chunks_48k/Pellorneum ruficeps_63_c001.wav,data/chunks_16k/Pellorneum ruficeps_63_c001.wav
Pellorneum ruficeps_63_c002,Pellorneum ruficeps,Pellorneum ruficeps,0.8844,data/chunks_48k/Pellorneum ruficeps_63_c002.wav,data/chunks_16k/Pellorneum ruficeps_63_c002.wav
Pellorneum ruficeps_64_c000,Pellorneum ruficeps,Pellorneum ruficeps,0.7391,data/chunks_48k/Pellorneum ruficeps_64_c000.wav,data/chunks_16k/Pellorneum ruficeps_64_c000.wav
Pellorneum ruficeps_64_c001,Pellorneum ruficeps,Pellorneum ruficeps,0.9633,data/chunks_48k/Pellorneum ruficeps_64_c001.wav,data/chunks_16k/Pellorneum ruficeps_64_c001.wav
Pellorneum ruficeps_64_c002,Pellorneum ruficeps,Pellorneum ruficeps,0.9562,data/chunks_48k/Pellorneum ruficeps_64_c002.wav,data/chunks_16k/Pellorneum ruficeps_64_c002.wav
Pellorneum ruficeps_64_c003,Pellorneum ruficeps,Pellorneum ruficeps,0.9528,data/chunks_48k/Pellorneum ruficeps_64_c003.wav,data/chunks_16k/Pellorneum ruficeps_64_c003.wav
Pellorneum ruficeps_64_c004,Pellorneum ruficeps,Pellorneum ruficeps,0.9687,data/chunks_48k/Pellorneum ruficeps_64_c004.wav,data/chunks_16k/Pellorneum ruficeps_64_c004.wav
Pellorneum ruficeps_64_c005,Pellorneum ruficeps,Pellorneum ruficeps,0.9890,data/chunks_48k/Pellorneum ruficeps_64_c005.wav,data/chunks_16k/Pellorneum ruficeps_64_c005.wav
Pellorneum ruficeps_64_c006,Pellorneum ruficeps,Pellorneum ruficeps,0.9974,data/chunks_48k/Pellorneum ruficeps_64_c006.wav,data/chunks_16k/Pellorneum ruficeps_64_c006.wav
Pellorneum ruficeps_64_c007,Pellorneum ruficeps,Pellorneum ruficeps,0.6270,data/chunks_48k/Pellorneum ruficeps_64_c007.wav,data/chunks_16k/Pellorneum ruficeps_64_c007.wav
Pellorneum ruficeps_64_c008,Pellorneum ruficeps,Pellorneum ruficeps,0.7093,data/chunks_48k/Pellorneum ruficeps_64_c008.wav,data/chunks_16k/Pellorneum ruficeps_64_c008.wav
Pellorneum ruficeps_64_c009,Pellorneum ruficeps,Pellorneum ruficeps,0.9046,data/chunks_48k/Pellorneum ruficeps_64_c009.wav,data/chunks_16k/Pellorneum ruficeps_64_c009.wav
Pellorneum ruficeps_65_c001,Pellorneum ruficeps,Pellorneum ruficeps,0.5079,data/chunks_48k/Pellorneum ruficeps_65_c001.wav,data/chunks_16k/Pellorneum ruficeps_65_c001.wav
Pellorneum ruficeps_65_c004,Pellorneum ruficeps,Pellorneum ruficeps,0.6567,data/chunks_48k/Pellorneum ruficeps_65_c004.wav,data/chunks_16k/Pellorneum ruficeps_65_c004.wav
Pellorneum ruficeps_65_c007,Pellorneum ruficeps,Pellorneum ruficeps,0.8447,data/chunks_48k/Pellorneum ruficeps_65_c007.wav,data/chunks_16k/Pellorneum ruficeps_65_c007.wav
Pellorneum ruficeps_65_c008,Pellorneum ruficeps,Pellorneum ruficeps,0.6086,data/chunks_48k/Pellorneum ruficeps_65_c008.wav,data/chunks_16k/Pellorneum ruficeps_65_c008.wav
Pellorneum ruficeps_66_c000,Pellorneum ruficeps,Pellorneum ruficeps,0.9766,data/chunks_48k/Pellorneum ruficeps_66_c000.wav,data/chunks_16k/Pellorneum ruficeps_66_c000.wav
Pellorneum ruficeps_66_c001,Pellorneum ruficeps,Pellorneum ruficeps,0.9380,data/chunks_48k/Pellorneum ruficeps_66_c001.wav,data/chunks_16k/Pellorneum ruficeps_66_c001.wav
Pellorneum ruficeps_66_c002,Pellorneum ruficeps,Pellorneum ruficeps,0.9780,data/chunks_48k/Pellorneum ruficeps_66_c002.wav,data/chunks_16k/Pellorneum ruficeps_66_c002.wav
Pellorneum ruficeps_66_c003,Pellorneum ruficeps,Pellorneum ruficeps,0.6740,data/chunks_48k/Pellorneum ruficeps_66_c003.wav,data/chunks_16k/Pellorneum ruficeps_66_c003.wav
Pellorneum ruficeps_67_c000,Pellorneum ruficeps,Pellorneum ruficeps,0.8525,data/chunks_48k/Pellorneum ruficeps_67_c000.wav,data/chunks_16k/Pellorneum ruficeps_67_c000.wav
Pellorneum ruficeps_67_c001,Pellorneum ruficeps,Pellorneum ruficeps,0.7725,data/chunks_48k/Pellorneum ruficeps_67_c001.wav,data/chunks_16k/Pellorneum ruficeps_67_c001.wav
Pellorneum ruficeps_67_c005,Pellorneum ruficeps,Pellorneum ruficeps,0.5207,data/chunks_48k/Pellorneum ruficeps_67_c005.wav,data/chunks_16k/Pellorneum ruficeps_67_c005.wav
Pellorneum ruficeps_67_c006,Pellorneum ruficeps,Pellorneum ruficeps,0.7278,data/chunks_48k/Pellorneum ruficeps_67_c006.wav,data/chunks_16k/Pellorneum ruficeps_67_c006.wav
Pellorneum ruficeps_67_c007,Pellorneum ruficeps,Pellorneum ruficeps,0.6715,data/chunks_48k/Pellorneum ruficeps_67_c007.wav,data/chunks_16k/Pellorneum ruficeps_67_c007.wav
Pellorneum ruficeps_68_c000,Pellorneum ruficeps,Pellorneum ruficeps,0.7947,data/chunks_48k/Pellorneum ruficeps_68_c000.wav,data/chunks_16k/Pellorneum ruficeps_68_c000.wav
Pellorneum ruficeps_68_c001,Pellorneum ruficeps,Pellorneum ruficeps,0.9675,data/chunks_48k/Pellorneum ruficeps_68_c001.wav,data/chunks_16k/Pellorneum ruficeps_68_c001.wav
Pellorneum ruficeps_68_c002,Pellorneum ruficeps,Pellorneum ruficeps,0.8392,data/chunks_48k/Pellorneum ruficeps_68_c002.wav,data/chunks_16k/Pellorneum ruficeps_68_c002.wav
Pellorneum ruficeps_68_c003,Pellorneum ruficeps,Pellorneum ruficeps,0.8455,data/chunks_48k/Pellorneum ruficeps_68_c003.wav,data/chunks_16k/Pellorneum ruficeps_68_c003.wav
Pellorneum ruficeps_68_c004,Pellorneum ruficeps,Pellorneum ruficeps,0.9546,data/chunks_48k/Pellorneum ruficeps_68_c004.wav,data/chunks_16k/Pellorneum ruficeps_68_c004.wav
Pellorneum ruficeps_68_c005,Pellorneum ruficeps,Pellorneum ruficeps,0.9317,data/chunks_48k/Pellorneum ruficeps_68_c005.wav,data/chunks_16k/Pellorneum ruficeps_68_c005.wav
Pellorneum ruficeps_68_c006,Pellorneum ruficeps,Pellorneum ruficeps,0.8752,data/chunks_48k/Pellorneum ruficeps_68_c006.wav,data/chunks_16k/Pellorneum ruficeps_68_c006.wav
Pellorneum ruficeps_69_c000,Pellorneum ruficeps,Pellorneum ruficeps,0.9513,data/chunks_48k/Pellorneum ruficeps_69_c000.wav,data/chunks_16k/Pellorneum ruficeps_69_c000.wav
Pellorneum ruficeps_69_c001,Pellorneum ruficeps,Pellorneum ruficeps,0.9534,data/chunks_48k/Pellorneum ruficeps_69_c001.wav,data/chunks_16k/Pellorneum ruficeps_69_c001.wav
Pellorneum ruficeps_69_c002,Pellorneum ruficeps,Pellorneum ruficeps,0.9514,data/chunks_48k/Pellorneum ruficeps_69_c002.wav,data/chunks_16k/Pellorneum ruficeps_69_c002.wav
Pellorneum ruficeps_69_c003,Pellorneum ruficeps,Pellorneum ruficeps,0.7829,data/chunks_48k/Pellorneum ruficeps_69_c003.wav,data/chunks_16k/Pellorneum ruficeps_69_c003.wav
Pellorneum ruficeps_69_c004,Pellorneum ruficeps,Pellorneum ruficeps,0.9787,data/chunks_48k/Pellorneum ruficeps_69_c004.wav,data/chunks_16k/Pellorneum ruficeps_69_c004.wav
Pellorneum ruficeps_69_c005,Pellorneum ruficeps,Pellorneum ruficeps,0.6573,data/chunks_48k/Pellorneum ruficeps_69_c005.wav,data/chunks_16k/Pellorneum ruficeps_69_c005.wav
Pellorneum ruficeps_69_c007,Pellorneum ruficeps,Pellorneum ruficeps,0.9174,data/chunks_48k/Pellorneum ruficeps_69_c007.wav,data/chunks_16k/Pellorneum ruficeps_69_c007.wav
Pellorneum ruficeps_69_c008,Pellorneum ruficeps,Pellorneum ruficeps,0.9632,data/chunks_48k/Pellorneum ruficeps_69_c008.wav,data/chunks_16k/Pellorneum ruficeps_69_c008.wav
Pellorneum ruficeps_69_c009,Pellorneum ruficeps,Pellorneum ruficeps,0.9524,data/chunks_48k/Pellorneum ruficeps_69_c009.wav,data/chunks_16k/Pellorneum ruficeps_69_c009.wav
Pellorneum ruficeps_69_c010,Pellorneum ruficeps,Pellorneum ruficeps,0.8299,data/chunks_48k/Pellorneum ruficeps_69_c010.wav,data/chunks_16k/Pellorneum ruficeps_69_c010.wav
Pellorneum ruficeps_69_c011,Pellorneum ruficeps,Pellorneum ruficeps,0.7766,data/chunks_48k/Pellorneum ruficeps_69_c011.wav,data/chunks_16k/Pellorneum ruficeps_69_c011.wav
Pellorneum ruficeps_69_c012,Pellorneum ruficeps,Pellorneum ruficeps,0.7513,data/chunks_48k/Pellorneum ruficeps_69_c012.wav,data/chunks_16k/Pellorneum ruficeps_69_c012.wav
Pellorneum ruficeps_69_c013,Pellorneum ruficeps,Pellorneum ruficeps,0.9669,data/chunks_48k/Pellorneum ruficeps_69_c013.wav,data/chunks_16k/Pellorneum ruficeps_69_c013.wav
Pellorneum ruficeps_69_c014,Pellorneum ruficeps,Pellorneum ruficeps,0.7631,data/chunks_48k/Pellorneum ruficeps_69_c014.wav,data/chunks_16k/Pellorneum ruficeps_69_c014.wav
Pellorneum ruficeps_69_c015,Pellorneum ruficeps,Pellorneum ruficeps,0.9192,data/chunks_48k/Pellorneum ruficeps_69_c015.wav,data/chunks_16k/Pellorneum ruficeps_69_c015.wav
Pellorneum ruficeps_69_c016,Pellorneum ruficeps,Pellorneum ruficeps,0.9409,data/chunks_48k/Pellorneum ruficeps_69_c016.wav,data/chunks_16k/Pellorneum ruficeps_69_c016.wav
Pellorneum ruficeps_69_c017,Pellorneum ruficeps,Pellorneum ruficeps,0.7452,data/chunks_48k/Pellorneum ruficeps_69_c017.wav,data/chunks_16k/Pellorneum ruficeps_69_c017.wav
Pellorneum ruficeps_70_c000,Pellorneum ruficeps,Pellorneum ruficeps,0.6781,data/chunks_48k/Pellorneum ruficeps_70_c000.wav,data/chunks_16k/Pellorneum ruficeps_70_c000.wav
Pellorneum ruficeps_70_c001,Pellorneum ruficeps,Pellorneum ruficeps,0.8194,data/chunks_48k/Pellorneum ruficeps_70_c001.wav,data/chunks_16k/Pellorneum ruficeps_70_c001.wav
Pellorneum ruficeps_70_c002,Pellorneum ruficeps,Pellorneum ruficeps,0.8449,data/chunks_48k/Pellorneum ruficeps_70_c002.wav,data/chunks_16k/Pellorneum ruficeps_70_c002.wav
Pellorneum ruficeps_70_c003,Pellorneum ruficeps,Pellorneum ruficeps,0.9647,data/chunks_48k/Pellorneum ruficeps_70_c003.wav,data/chunks_16k/Pellorneum ruficeps_70_c003.wav
Pellorneum ruficeps_70_c004,Pellorneum ruficeps,Pellorneum ruficeps,0.9607,data/chunks_48k/Pellorneum ruficeps_70_c004.wav,data/chunks_16k/Pellorneum ruficeps_70_c004.wav
Pellorneum ruficeps_70_c005,Pellorneum ruficeps,Pellorneum ruficeps,0.9794,data/chunks_48k/Pellorneum ruficeps_70_c005.wav,data/chunks_16k/Pellorneum ruficeps_70_c005.wav
Pellorneum ruficeps_70_c007,Pellorneum ruficeps,Pellorneum ruficeps,0.9488,data/chunks_48k/Pellorneum ruficeps_70_c007.wav,data/chunks_16k/Pellorneum ruficeps_70_c007.wav
Pellorneum ruficeps_71_c000,Pellorneum ruficeps,Pellorneum ruficeps,0.9227,data/chunks_48k/Pellorneum ruficeps_71_c000.wav,data/chunks_16k/Pellorneum ruficeps_71_c000.wav
Pellorneum ruficeps_71_c002,Pellorneum ruficeps,Pellorneum ruficeps,0.6930,data/chunks_48k/Pellorneum ruficeps_71_c002.wav,data/chunks_16k/Pellorneum ruficeps_71_c002.wav
Pellorneum ruficeps_71_c003,Pellorneum ruficeps,Pellorneum ruficeps,0.6734,data/chunks_48k/Pellorneum ruficeps_71_c003.wav,data/chunks_16k/Pellorneum ruficeps_71_c003.wav
Pellorneum ruficeps_72_c003,Pellorneum ruficeps,Pellorneum ruficeps,0.7109,data/chunks_48k/Pellorneum ruficeps_72_c003.wav,data/chunks_16k/Pellorneum ruficeps_72_c003.wav
Pellorneum ruficeps_73_c005,Pellorneum ruficeps,Pellorneum ruficeps,0.9788,data/chunks_48k/Pellorneum ruficeps_73_c005.wav,data/chunks_16k/Pellorneum ruficeps_73_c005.wav
Pellorneum ruficeps_73_c007,Pellorneum ruficeps,Pellorneum ruficeps,0.7445,data/chunks_48k/Pellorneum ruficeps_73_c007.wav,data/chunks_16k/Pellorneum ruficeps_73_c007.wav
Pellorneum ruficeps_73_c008,Pellorneum ruficeps,Pellorneum ruficeps,0.5592,data/chunks_48k/Pellorneum ruficeps_73_c008.wav,data/chunks_16k/Pellorneum ruficeps_73_c008.wav
Pellorneum ruficeps_73_c009,Pellorneum ruficeps,Pellorneum ruficeps,0.8445,data/chunks_48k/Pellorneum ruficeps_73_c009.wav,data/chunks_16k/Pellorneum ruficeps_73_c009.wav
Pellorneum ruficeps_73_c010,Pellorneum ruficeps,Pellorneum ruficeps,0.9591,data/chunks_48k/Pellorneum ruficeps_73_c010.wav,data/chunks_16k/Pellorneum ruficeps_73_c010.wav
Pellorneum ruficeps_73_c011,Pellorneum ruficeps,Pellorneum ruficeps,0.7728,data/chunks_48k/Pellorneum ruficeps_73_c011.wav,data/chunks_16k/Pellorneum ruficeps_73_c011.wav
Pellorneum ruficeps_74_c000,Pellorneum ruficeps,Pellorneum ruficeps,0.9870,data/chunks_48k/Pellorneum ruficeps_74_c000.wav,data/chunks_16k/Pellorneum ruficeps_74_c000.wav
Pellorneum ruficeps_74_c001,Pellorneum ruficeps,Pellorneum ruficeps,0.9721,data/chunks_48k/Pellorneum ruficeps_74_c001.wav,data/chunks_16k/Pellorneum ruficeps_74_c001.wav
Pellorneum ruficeps_74_c034,Pellorneum ruficeps,Pellorneum ruficeps,0.9929,data/chunks_48k/Pellorneum ruficeps_74_c034.wav,data/chunks_16k/Pellorneum ruficeps_74_c034.wav
Pellorneum ruficeps_74_c035,Pellorneum ruficeps,Pellorneum ruficeps,0.9865,data/chunks_48k/Pellorneum ruficeps_74_c035.wav,data/chunks_16k/Pellorneum ruficeps_74_c035.wav
Pellorneum ruficeps_74_c036,Pellorneum ruficeps,Pellorneum ruficeps,0.9928,data/chunks_48k/Pellorneum ruficeps_74_c036.wav,data/chunks_16k/Pellorneum ruficeps_74_c036.wav
Pellorneum ruficeps_74_c037,Pellorneum ruficeps,Pellorneum ruficeps,0.9842,data/chunks_48k/Pellorneum ruficeps_74_c037.wav,data/chunks_16k/Pellorneum ruficeps_74_c037.wav
Pellorneum ruficeps_74_c038,Pellorneum ruficeps,Pellorneum ruficeps,0.9977,data/chunks_48k/Pellorneum ruficeps_74_c038.wav,data/chunks_16k/Pellorneum ruficeps_74_c038.wav
Pellorneum ruficeps_74_c040,Pellorneum ruficeps,Pellorneum ruficeps,0.9949,data/chunks_48k/Pellorneum ruficeps_74_c040.wav,data/chunks_16k/Pellorneum ruficeps_74_c040.wav
Pellorneum ruficeps_74_c041,Pellorneum ruficeps,Pellorneum ruficeps,0.9658,data/chunks_48k/Pellorneum ruficeps_74_c041.wav,data/chunks_16k/Pellorneum ruficeps_74_c041.wav
Pellorneum ruficeps_74_c042,Pellorneum ruficeps,Pellorneum ruficeps,0.9948,data/chunks_48k/Pellorneum ruficeps_74_c042.wav,data/chunks_16k/Pellorneum ruficeps_74_c042.wav
Pellorneum ruficeps_75_c000,Pellorneum ruficeps,Pellorneum ruficeps,0.9735,data/chunks_48k/Pellorneum ruficeps_75_c000.wav,data/chunks_16k/Pellorneum ruficeps_75_c000.wav
Pellorneum ruficeps_75_c001,Pellorneum ruficeps,Pellorneum ruficeps,0.6901,data/chunks_48k/Pellorneum ruficeps_75_c001.wav,data/chunks_16k/Pellorneum ruficeps_75_c001.wav
Pellorneum ruficeps_75_c002,Pellorneum ruficeps,Pellorneum ruficeps,0.9247,data/chunks_48k/Pellorneum ruficeps_75_c002.wav,data/chunks_16k/Pellorneum ruficeps_75_c002.wav
Pellorneum ruficeps_75_c003,Pellorneum ruficeps,Pellorneum ruficeps,0.9450,data/chunks_48k/Pellorneum ruficeps_75_c003.wav,data/chunks_16k/Pellorneum ruficeps_75_c003.wav
Pellorneum ruficeps_75_c004,Pellorneum ruficeps,Pellorneum ruficeps,0.7892,data/chunks_48k/Pellorneum ruficeps_75_c004.wav,data/chunks_16k/Pellorneum ruficeps_75_c004.wav
Pellorneum ruficeps_75_c005,Pellorneum ruficeps,Pellorneum ruficeps,0.9034,data/chunks_48k/Pellorneum ruficeps_75_c005.wav,data/chunks_16k/Pellorneum ruficeps_75_c005.wav
Pellorneum ruficeps_75_c007,Pellorneum ruficeps,Pellorneum ruficeps,0.7767,data/chunks_48k/Pellorneum ruficeps_75_c007.wav,data/chunks_16k/Pellorneum ruficeps_75_c007.wav
Pellorneum ruficeps_75_c008,Pellorneum ruficeps,Pellorneum ruficeps,0.8337,data/chunks_48k/Pellorneum ruficeps_75_c008.wav,data/chunks_16k/Pellorneum ruficeps_75_c008.wav
Pellorneum ruficeps_75_c009,Pellorneum ruficeps,Pellorneum ruficeps,0.9296,data/chunks_48k/Pellorneum ruficeps_75_c009.wav,data/chunks_16k/Pellorneum ruficeps_75_c009.wav
Pellorneum ruficeps_75_c010,Pellorneum ruficeps,Pellorneum ruficeps,0.8962,data/chunks_48k/Pellorneum ruficeps_75_c010.wav,data/chunks_16k/Pellorneum ruficeps_75_c010.wav
Pellorneum ruficeps_75_c011,Pellorneum ruficeps,Pellorneum ruficeps,0.9788,data/chunks_48k/Pellorneum ruficeps_75_c011.wav,data/chunks_16k/Pellorneum ruficeps_75_c011.wav
Pellorneum ruficeps_75_c012,Pellorneum ruficeps,Pellorneum ruficeps,0.9247,data/chunks_48k/Pellorneum ruficeps_75_c012.wav,data/chunks_16k/Pellorneum ruficeps_75_c012.wav
Pellorneum ruficeps_75_c013,Pellorneum ruficeps,Pellorneum ruficeps,0.9766,data/chunks_48k/Pellorneum ruficeps_75_c013.wav,data/chunks_16k/Pellorneum ruficeps_75_c013.wav
Pellorneum ruficeps_75_c014,Pellorneum ruficeps,Pellorneum ruficeps,0.7631,data/chunks_48k/Pellorneum ruficeps_75_c014.wav,data/chunks_16k/Pellorneum ruficeps_75_c014.wav
Pellorneum ruficeps_75_c015,Pellorneum ruficeps,Pellorneum ruficeps,0.9549,data/chunks_48k/Pellorneum ruficeps_75_c015.wav,data/chunks_16k/Pellorneum ruficeps_75_c015.wav
Pellorneum ruficeps_75_c016,Pellorneum ruficeps,Pellorneum ruficeps,0.9843,data/chunks_48k/Pellorneum ruficeps_75_c016.wav,data/chunks_16k/Pellorneum ruficeps_75_c016.wav
Pellorneum ruficeps_75_c017,Pellorneum ruficeps,Pellorneum ruficeps,0.9475,data/chunks_48k/Pellorneum ruficeps_75_c017.wav,data/chunks_16k/Pellorneum ruficeps_75_c017.wav
Pellorneum ruficeps_75_c018,Pellorneum ruficeps,Pellorneum ruficeps,0.9508,data/chunks_48k/Pellorneum ruficeps_75_c018.wav,data/chunks_16k/Pellorneum ruficeps_75_c018.wav
Pellorneum ruficeps_75_c019,Pellorneum ruficeps,Pellorneum ruficeps,0.9307,data/chunks_48k/Pellorneum ruficeps_75_c019.wav,data/chunks_16k/Pellorneum ruficeps_75_c019.wav
Pellorneum ruficeps_76_c000,Pellorneum ruficeps,Pellorneum ruficeps,0.9536,data/chunks_48k/Pellorneum ruficeps_76_c000.wav,data/chunks_16k/Pellorneum ruficeps_76_c000.wav
Pellorneum ruficeps_76_c001,Pellorneum ruficeps,Pellorneum ruficeps,0.9836,data/chunks_48k/Pellorneum ruficeps_76_c001.wav,data/chunks_16k/Pellorneum ruficeps_76_c001.wav
Pellorneum ruficeps_76_c002,Pellorneum ruficeps,Pellorneum ruficeps,0.8764,data/chunks_48k/Pellorneum ruficeps_76_c002.wav,data/chunks_16k/Pellorneum ruficeps_76_c002.wav
Pellorneum ruficeps_76_c003,Pellorneum ruficeps,Pellorneum ruficeps,0.9831,data/chunks_48k/Pellorneum ruficeps_76_c003.wav,data/chunks_16k/Pellorneum ruficeps_76_c003.wav
Pellorneum ruficeps_76_c004,Pellorneum ruficeps,Pellorneum ruficeps,0.9669,data/chunks_48k/Pellorneum ruficeps_76_c004.wav,data/chunks_16k/Pellorneum ruficeps_76_c004.wav
Pellorneum ruficeps_76_c005,Pellorneum ruficeps,Pellorneum ruficeps,0.9090,data/chunks_48k/Pellorneum ruficeps_76_c005.wav,data/chunks_16k/Pellorneum ruficeps_76_c005.wav
Pellorneum ruficeps_76_c006,Pellorneum ruficeps,Pellorneum ruficeps,0.9773,data/chunks_48k/Pellorneum ruficeps_76_c006.wav,data/chunks_16k/Pellorneum ruficeps_76_c006.wav
Pellorneum ruficeps_76_c007,Pellorneum ruficeps,Pellorneum ruficeps,0.9481,data/chunks_48k/Pellorneum ruficeps_76_c007.wav,data/chunks_16k/Pellorneum ruficeps_76_c007.wav
Pellorneum ruficeps_76_c008,Pellorneum ruficeps,Pellorneum ruficeps,0.9719,data/chunks_48k/Pellorneum ruficeps_76_c008.wav,data/chunks_16k/Pellorneum ruficeps_76_c008.wav
Pellorneum ruficeps_76_c009,Pellorneum ruficeps,Pellorneum ruficeps,0.8760,data/chunks_48k/Pellorneum ruficeps_76_c009.wav,data/chunks_16k/Pellorneum ruficeps_76_c009.wav
Pellorneum ruficeps_76_c010,Pellorneum ruficeps,Pellorneum ruficeps,0.8994,data/chunks_48k/Pellorneum ruficeps_76_c010.wav,data/chunks_16k/Pellorneum ruficeps_76_c010.wav
Pellorneum ruficeps_77_c000,Pellorneum ruficeps,Pellorneum ruficeps,0.5162,data/chunks_48k/Pellorneum ruficeps_77_c000.wav,data/chunks_16k/Pellorneum ruficeps_77_c000.wav
Pellorneum ruficeps_77_c001,Pellorneum ruficeps,Pellorneum ruficeps,0.8438,data/chunks_48k/Pellorneum ruficeps_77_c001.wav,data/chunks_16k/Pellorneum ruficeps_77_c001.wav
Pellorneum ruficeps_77_c002,Pellorneum ruficeps,Pellorneum ruficeps,0.5726,data/chunks_48k/Pellorneum ruficeps_77_c002.wav,data/chunks_16k/Pellorneum ruficeps_77_c002.wav
Pellorneum ruficeps_77_c003,Pellorneum ruficeps,Pellorneum ruficeps,0.5875,data/chunks_48k/Pellorneum ruficeps_77_c003.wav,data/chunks_16k/Pellorneum ruficeps_77_c003.wav
Pellorneum ruficeps_77_c004,Pellorneum ruficeps,Pellorneum ruficeps,0.8120,data/chunks_48k/Pellorneum ruficeps_77_c004.wav,data/chunks_16k/Pellorneum ruficeps_77_c004.wav
Pellorneum ruficeps_78_c000,Pellorneum ruficeps,Pellorneum ruficeps,0.9303,data/chunks_48k/Pellorneum ruficeps_78_c000.wav,data/chunks_16k/Pellorneum ruficeps_78_c000.wav
Pellorneum ruficeps_78_c001,Pellorneum ruficeps,Pellorneum ruficeps,0.9547,data/chunks_48k/Pellorneum ruficeps_78_c001.wav,data/chunks_16k/Pellorneum ruficeps_78_c001.wav
Pellorneum ruficeps_78_c002,Pellorneum ruficeps,Pellorneum ruficeps,0.9686,data/chunks_48k/Pellorneum ruficeps_78_c002.wav,data/chunks_16k/Pellorneum ruficeps_78_c002.wav
Pellorneum ruficeps_78_c004,Pellorneum ruficeps,Pellorneum ruficeps,0.8628,data/chunks_48k/Pellorneum ruficeps_78_c004.wav,data/chunks_16k/Pellorneum ruficeps_78_c004.wav
Pellorneum ruficeps_78_c005,Pellorneum ruficeps,Pellorneum ruficeps,0.8693,data/chunks_48k/Pellorneum ruficeps_78_c005.wav,data/chunks_16k/Pellorneum ruficeps_78_c005.wav
Pellorneum ruficeps_78_c006,Pellorneum ruficeps,Pellorneum ruficeps,0.9081,data/chunks_48k/Pellorneum ruficeps_78_c006.wav,data/chunks_16k/Pellorneum ruficeps_78_c006.wav
Pellorneum ruficeps_79_c000,Pellorneum ruficeps,Pellorneum ruficeps,0.6927,data/chunks_48k/Pellorneum ruficeps_79_c000.wav,data/chunks_16k/Pellorneum ruficeps_79_c000.wav
Pellorneum ruficeps_79_c001,Pellorneum ruficeps,Pellorneum ruficeps,0.8756,data/chunks_48k/Pellorneum ruficeps_79_c001.wav,data/chunks_16k/Pellorneum ruficeps_79_c001.wav
Pellorneum ruficeps_79_c002,Pellorneum ruficeps,Pellorneum ruficeps,0.9575,data/chunks_48k/Pellorneum ruficeps_79_c002.wav,data/chunks_16k/Pellorneum ruficeps_79_c002.wav
Pellorneum ruficeps_7_c000,Pellorneum ruficeps,Pellorneum ruficeps,0.9802,data/chunks_48k/Pellorneum ruficeps_7_c000.wav,data/chunks_16k/Pellorneum ruficeps_7_c000.wav
Pellorneum ruficeps_7_c001,Pellorneum ruficeps,Pellorneum ruficeps,0.8174,data/chunks_48k/Pellorneum ruficeps_7_c001.wav,data/chunks_16k/Pellorneum ruficeps_7_c001.wav
Pellorneum ruficeps_7_c002,Pellorneum ruficeps,Pellorneum ruficeps,0.9887,data/chunks_48k/Pellorneum ruficeps_7_c002.wav,data/chunks_16k/Pellorneum ruficeps_7_c002.wav
Pellorneum ruficeps_7_c004,Pellorneum ruficeps,Pellorneum ruficeps,0.5459,data/chunks_48k/Pellorneum ruficeps_7_c004.wav,data/chunks_16k/Pellorneum ruficeps_7_c004.wav
Pellorneum ruficeps_7_c005,Pellorneum ruficeps,Pellorneum ruficeps,0.9759,data/chunks_48k/Pellorneum ruficeps_7_c005.wav,data/chunks_16k/Pellorneum ruficeps_7_c005.wav
Pellorneum ruficeps_80_c000,Pellorneum ruficeps,Pellorneum ruficeps,0.9859,data/chunks_48k/Pellorneum ruficeps_80_c000.wav,data/chunks_16k/Pellorneum ruficeps_80_c000.wav
Pellorneum ruficeps_80_c001,Pellorneum ruficeps,Pellorneum ruficeps,0.9627,data/chunks_48k/Pellorneum ruficeps_80_c001.wav,data/chunks_16k/Pellorneum ruficeps_80_c001.wav
Pellorneum ruficeps_80_c002,Pellorneum ruficeps,Pellorneum ruficeps,0.9761,data/chunks_48k/Pellorneum ruficeps_80_c002.wav,data/chunks_16k/Pellorneum ruficeps_80_c002.wav
Pellorneum ruficeps_80_c003,Pellorneum ruficeps,Pellorneum ruficeps,0.9445,data/chunks_48k/Pellorneum ruficeps_80_c003.wav,data/chunks_16k/Pellorneum ruficeps_80_c003.wav
Pellorneum ruficeps_80_c004,Pellorneum ruficeps,Pellorneum ruficeps,0.9583,data/chunks_48k/Pellorneum ruficeps_80_c004.wav,data/chunks_16k/Pellorneum ruficeps_80_c004.wav
Pellorneum ruficeps_80_c005,Pellorneum ruficeps,Pellorneum ruficeps,0.9690,data/chunks_48k/Pellorneum ruficeps_80_c005.wav,data/chunks_16k/Pellorneum ruficeps_80_c005.wav
Pellorneum ruficeps_81_c000,Pellorneum ruficeps,Pellorneum ruficeps,0.9399,data/chunks_48k/Pellorneum ruficeps_81_c000.wav,data/chunks_16k/Pellorneum ruficeps_81_c000.wav
Pellorneum ruficeps_82_c004,Pellorneum ruficeps,Pellorneum ruficeps,0.5568,data/chunks_48k/Pellorneum ruficeps_82_c004.wav,data/chunks_16k/Pellorneum ruficeps_82_c004.wav
Pellorneum ruficeps_82_c005,Pellorneum ruficeps,Pellorneum ruficeps,0.8171,data/chunks_48k/Pellorneum ruficeps_82_c005.wav,data/chunks_16k/Pellorneum ruficeps_82_c005.wav
Pellorneum ruficeps_83_c001,Pellorneum ruficeps,Pellorneum ruficeps,0.9014,data/chunks_48k/Pellorneum ruficeps_83_c001.wav,data/chunks_16k/Pellorneum ruficeps_83_c001.wav
Pellorneum ruficeps_83_c002,Pellorneum ruficeps,Pellorneum ruficeps,0.9244,data/chunks_48k/Pellorneum ruficeps_83_c002.wav,data/chunks_16k/Pellorneum ruficeps_83_c002.wav
Pellorneum ruficeps_83_c003,Pellorneum ruficeps,Pellorneum ruficeps,0.9801,data/chunks_48k/Pellorneum ruficeps_83_c003.wav,data/chunks_16k/Pellorneum ruficeps_83_c003.wav
Pellorneum ruficeps_83_c005,Pellorneum ruficeps,Pellorneum ruficeps,0.9268,data/chunks_48k/Pellorneum ruficeps_83_c005.wav,data/chunks_16k/Pellorneum ruficeps_83_c005.wav
Pellorneum ruficeps_83_c007,Pellorneum ruficeps,Pellorneum ruficeps,0.5874,data/chunks_48k/Pellorneum ruficeps_83_c007.wav,data/chunks_16k/Pellorneum ruficeps_83_c007.wav
Pellorneum ruficeps_83_c008,Pellorneum ruficeps,Pellorneum ruficeps,0.9873,data/chunks_48k/Pellorneum ruficeps_83_c008.wav,data/chunks_16k/Pellorneum ruficeps_83_c008.wav
Pellorneum ruficeps_83_c010,Pellorneum ruficeps,Pellorneum ruficeps,0.8942,data/chunks_48k/Pellorneum ruficeps_83_c010.wav,data/chunks_16k/Pellorneum ruficeps_83_c010.wav
Pellorneum ruficeps_83_c011,Pellorneum ruficeps,Pellorneum ruficeps,0.7979,data/chunks_48k/Pellorneum ruficeps_83_c011.wav,data/chunks_16k/Pellorneum ruficeps_83_c011.wav
Pellorneum ruficeps_84_c001,Pellorneum ruficeps,Pellorneum ruficeps,0.6077,data/chunks_48k/Pellorneum ruficeps_84_c001.wav,data/chunks_16k/Pellorneum ruficeps_84_c001.wav
Pellorneum ruficeps_85_c000,Pellorneum ruficeps,Pellorneum ruficeps,0.9919,data/chunks_48k/Pellorneum ruficeps_85_c000.wav,data/chunks_16k/Pellorneum ruficeps_85_c000.wav
Pellorneum ruficeps_85_c001,Pellorneum ruficeps,Pellorneum ruficeps,0.9937,data/chunks_48k/Pellorneum ruficeps_85_c001.wav,data/chunks_16k/Pellorneum ruficeps_85_c001.wav
Pellorneum ruficeps_85_c002,Pellorneum ruficeps,Pellorneum ruficeps,0.9869,data/chunks_48k/Pellorneum ruficeps_85_c002.wav,data/chunks_16k/Pellorneum ruficeps_85_c002.wav
Pellorneum ruficeps_85_c003,Pellorneum ruficeps,Pellorneum ruficeps,0.9863,data/chunks_48k/Pellorneum ruficeps_85_c003.wav,data/chunks_16k/Pellorneum ruficeps_85_c003.wav
Pellorneum ruficeps_86_c000,Pellorneum ruficeps,Pellorneum ruficeps,0.6143,data/chunks_48k/Pellorneum ruficeps_86_c000.wav,data/chunks_16k/Pellorneum ruficeps_86_c000.wav
Pellorneum ruficeps_87_c000,Pellorneum ruficeps,Pellorneum ruficeps,0.9297,data/chunks_48k/Pellorneum ruficeps_87_c000.wav,data/chunks_16k/Pellorneum ruficeps_87_c000.wav
Pellorneum ruficeps_87_c003,Pellorneum ruficeps,Pellorneum ruficeps,0.6491,data/chunks_48k/Pellorneum ruficeps_87_c003.wav,data/chunks_16k/Pellorneum ruficeps_87_c003.wav
Pellorneum ruficeps_87_c004,Pellorneum ruficeps,Pellorneum ruficeps,0.6185,data/chunks_48k/Pellorneum ruficeps_87_c004.wav,data/chunks_16k/Pellorneum ruficeps_87_c004.wav
Pellorneum ruficeps_87_c005,Pellorneum ruficeps,Pellorneum ruficeps,0.5060,data/chunks_48k/Pellorneum ruficeps_87_c005.wav,data/chunks_16k/Pellorneum ruficeps_87_c005.wav
Pellorneum ruficeps_87_c010,Pellorneum ruficeps,Pellorneum ruficeps,0.7770,data/chunks_48k/Pellorneum ruficeps_87_c010.wav,data/chunks_16k/Pellorneum ruficeps_87_c010.wav
Pellorneum ruficeps_87_c011,Pellorneum ruficeps,Pellorneum ruficeps,0.8979,data/chunks_48k/Pellorneum ruficeps_87_c011.wav,data/chunks_16k/Pellorneum ruficeps_87_c011.wav
Pellorneum ruficeps_87_c017,Pellorneum ruficeps,Pellorneum ruficeps,0.6843,data/chunks_48k/Pellorneum ruficeps_87_c017.wav,data/chunks_16k/Pellorneum ruficeps_87_c017.wav
Pellorneum ruficeps_87_c019,Pellorneum ruficeps,Pellorneum ruficeps,0.5079,data/chunks_48k/Pellorneum ruficeps_87_c019.wav,data/chunks_16k/Pellorneum ruficeps_87_c019.wav
Pellorneum ruficeps_87_c021,Pellorneum ruficeps,Pellorneum ruficeps,0.5134,data/chunks_48k/Pellorneum ruficeps_87_c021.wav,data/chunks_16k/Pellorneum ruficeps_87_c021.wav
Pellorneum ruficeps_87_c023,Pellorneum ruficeps,Pellorneum ruficeps,0.7262,data/chunks_48k/Pellorneum ruficeps_87_c023.wav,data/chunks_16k/Pellorneum ruficeps_87_c023.wav
Pellorneum ruficeps_87_c024,Pellorneum ruficeps,Pellorneum ruficeps,0.5456,data/chunks_48k/Pellorneum ruficeps_87_c024.wav,data/chunks_16k/Pellorneum ruficeps_87_c024.wav
Pellorneum ruficeps_88_c000,Pellorneum ruficeps,Pellorneum ruficeps,0.9738,data/chunks_48k/Pellorneum ruficeps_88_c000.wav,data/chunks_16k/Pellorneum ruficeps_88_c000.wav
Pellorneum ruficeps_88_c001,Pellorneum ruficeps,Pellorneum ruficeps,0.6892,data/chunks_48k/Pellorneum ruficeps_88_c001.wav,data/chunks_16k/Pellorneum ruficeps_88_c001.wav
Pellorneum ruficeps_89_c000,Pellorneum ruficeps,Pellorneum ruficeps,0.9388,data/chunks_48k/Pellorneum ruficeps_89_c000.wav,data/chunks_16k/Pellorneum ruficeps_89_c000.wav
Pellorneum ruficeps_89_c001,Pellorneum ruficeps,Pellorneum ruficeps,0.9533,data/chunks_48k/Pellorneum ruficeps_89_c001.wav,data/chunks_16k/Pellorneum ruficeps_89_c001.wav
Pellorneum ruficeps_89_c002,Pellorneum ruficeps,Pellorneum ruficeps,0.9343,data/chunks_48k/Pellorneum ruficeps_89_c002.wav,data/chunks_16k/Pellorneum ruficeps_89_c002.wav
Pellorneum ruficeps_89_c003,Pellorneum ruficeps,Pellorneum ruficeps,0.9354,data/chunks_48k/Pellorneum ruficeps_89_c003.wav,data/chunks_16k/Pellorneum ruficeps_89_c003.wav
Pellorneum ruficeps_89_c004,Pellorneum ruficeps,Pellorneum ruficeps,0.9696,data/chunks_48k/Pellorneum ruficeps_89_c004.wav,data/chunks_16k/Pellorneum ruficeps_89_c004.wav
Pellorneum ruficeps_90_c000,Pellorneum ruficeps,Pellorneum ruficeps,0.7304,data/chunks_48k/Pellorneum ruficeps_90_c000.wav,data/chunks_16k/Pellorneum ruficeps_90_c000.wav
Pellorneum ruficeps_90_c001,Pellorneum ruficeps,Pellorneum ruficeps,0.9032,data/chunks_48k/Pellorneum ruficeps_90_c001.wav,data/chunks_16k/Pellorneum ruficeps_90_c001.wav
Pellorneum ruficeps_90_c002,Pellorneum ruficeps,Pellorneum ruficeps,0.9646,data/chunks_48k/Pellorneum ruficeps_90_c002.wav,data/chunks_16k/Pellorneum ruficeps_90_c002.wav
Pellorneum ruficeps_90_c003,Pellorneum ruficeps,Pellorneum ruficeps,0.9895,data/chunks_48k/Pellorneum ruficeps_90_c003.wav,data/chunks_16k/Pellorneum ruficeps_90_c003.wav
Pellorneum ruficeps_90_c004,Pellorneum ruficeps,Pellorneum ruficeps,0.9539,data/chunks_48k/Pellorneum ruficeps_90_c004.wav,data/chunks_16k/Pellorneum ruficeps_90_c004.wav
Pellorneum ruficeps_90_c005,Pellorneum ruficeps,Pellorneum ruficeps,0.8051,data/chunks_48k/Pellorneum ruficeps_90_c005.wav,data/chunks_16k/Pellorneum ruficeps_90_c005.wav
Pellorneum ruficeps_91_c000,Pellorneum ruficeps,Pellorneum ruficeps,0.9911,data/chunks_48k/Pellorneum ruficeps_91_c000.wav,data/chunks_16k/Pellorneum ruficeps_91_c000.wav
Pellorneum ruficeps_91_c001,Pellorneum ruficeps,Pellorneum ruficeps,0.9424,data/chunks_48k/Pellorneum ruficeps_91_c001.wav,data/chunks_16k/Pellorneum ruficeps_91_c001.wav
Pellorneum ruficeps_91_c002,Pellorneum ruficeps,Pellorneum ruficeps,0.9772,data/chunks_48k/Pellorneum ruficeps_91_c002.wav,data/chunks_16k/Pellorneum ruficeps_91_c002.wav
Pellorneum ruficeps_91_c003,Pellorneum ruficeps,Pellorneum ruficeps,0.9934,data/chunks_48k/Pellorneum ruficeps_91_c003.wav,data/chunks_16k/Pellorneum ruficeps_91_c003.wav
Pellorneum ruficeps_91_c004,Pellorneum ruficeps,Pellorneum ruficeps,0.9904,data/chunks_48k/Pellorneum ruficeps_91_c004.wav,data/chunks_16k/Pellorneum ruficeps_91_c004.wav
Pellorneum ruficeps_91_c005,Pellorneum ruficeps,Pellorneum ruficeps,0.9696,data/chunks_48k/Pellorneum ruficeps_91_c005.wav,data/chunks_16k/Pellorneum ruficeps_91_c005.wav
Pellorneum ruficeps_91_c006,Pellorneum ruficeps,Pellorneum ruficeps,0.9918,data/chunks_48k/Pellorneum ruficeps_91_c006.wav,data/chunks_16k/Pellorneum ruficeps_91_c006.wav
Pellorneum ruficeps_92_c000,Pellorneum ruficeps,Pellorneum ruficeps,0.8513,data/chunks_48k/Pellorneum ruficeps_92_c000.wav,data/chunks_16k/Pellorneum ruficeps_92_c000.wav
Pellorneum ruficeps_92_c001,Pellorneum ruficeps,Pellorneum ruficeps,0.9490,data/chunks_48k/Pellorneum ruficeps_92_c001.wav,data/chunks_16k/Pellorneum ruficeps_92_c001.wav
Pellorneum ruficeps_93_c000,Pellorneum ruficeps,Pellorneum ruficeps,0.9795,data/chunks_48k/Pellorneum ruficeps_93_c000.wav,data/chunks_16k/Pellorneum ruficeps_93_c000.wav
Pellorneum ruficeps_93_c001,Pellorneum ruficeps,Pellorneum ruficeps,0.9754,data/chunks_48k/Pellorneum ruficeps_93_c001.wav,data/chunks_16k/Pellorneum ruficeps_93_c001.wav
Pellorneum ruficeps_93_c002,Pellorneum ruficeps,Pellorneum ruficeps,0.9337,data/chunks_48k/Pellorneum ruficeps_93_c002.wav,data/chunks_16k/Pellorneum ruficeps_93_c002.wav
Pellorneum ruficeps_93_c003,Pellorneum ruficeps,Pellorneum ruficeps,0.9862,data/chunks_48k/Pellorneum ruficeps_93_c003.wav,data/chunks_16k/Pellorneum ruficeps_93_c003.wav
Pellorneum ruficeps_93_c004,Pellorneum ruficeps,Pellorneum ruficeps,0.9809,data/chunks_48k/Pellorneum ruficeps_93_c004.wav,data/chunks_16k/Pellorneum ruficeps_93_c004.wav
Pellorneum ruficeps_93_c005,Pellorneum ruficeps,Pellorneum ruficeps,0.9924,data/chunks_48k/Pellorneum ruficeps_93_c005.wav,data/chunks_16k/Pellorneum ruficeps_93_c005.wav
Pellorneum ruficeps_93_c006,Pellorneum ruficeps,Pellorneum ruficeps,0.9844,data/chunks_48k/Pellorneum ruficeps_93_c006.wav,data/chunks_16k/Pellorneum ruficeps_93_c006.wav
Pellorneum ruficeps_93_c007,Pellorneum ruficeps,Pellorneum ruficeps,0.9522,data/chunks_48k/Pellorneum ruficeps_93_c007.wav,data/chunks_16k/Pellorneum ruficeps_93_c007.wav
Pellorneum ruficeps_93_c008,Pellorneum ruficeps,Pellorneum ruficeps,0.9322,data/chunks_48k/Pellorneum ruficeps_93_c008.wav,data/chunks_16k/Pellorneum ruficeps_93_c008.wav
Pellorneum ruficeps_94_c000,Pellorneum ruficeps,Pellorneum ruficeps,0.8696,data/chunks_48k/Pellorneum ruficeps_94_c000.wav,data/chunks_16k/Pellorneum ruficeps_94_c000.wav
Pellorneum ruficeps_94_c002,Pellorneum ruficeps,Pellorneum ruficeps,0.9660,data/chunks_48k/Pellorneum ruficeps_94_c002.wav,data/chunks_16k/Pellorneum ruficeps_94_c002.wav
Pellorneum ruficeps_94_c003,Pellorneum ruficeps,Pellorneum ruficeps,0.8597,data/chunks_48k/Pellorneum ruficeps_94_c003.wav,data/chunks_16k/Pellorneum ruficeps_94_c003.wav
Pellorneum ruficeps_94_c004,Pellorneum ruficeps,Pellorneum ruficeps,0.6237,data/chunks_48k/Pellorneum ruficeps_94_c004.wav,data/chunks_16k/Pellorneum ruficeps_94_c004.wav
Pellorneum ruficeps_95_c000,Pellorneum ruficeps,Pellorneum ruficeps,0.9525,data/chunks_48k/Pellorneum ruficeps_95_c000.wav,data/chunks_16k/Pellorneum ruficeps_95_c000.wav
Pellorneum ruficeps_95_c001,Pellorneum ruficeps,Pellorneum ruficeps,0.9821,data/chunks_48k/Pellorneum ruficeps_95_c001.wav,data/chunks_16k/Pellorneum ruficeps_95_c001.wav
Pellorneum ruficeps_95_c002,Pellorneum ruficeps,Pellorneum ruficeps,0.9252,data/chunks_48k/Pellorneum ruficeps_95_c002.wav,data/chunks_16k/Pellorneum ruficeps_95_c002.wav
Pellorneum ruficeps_95_c004,Pellorneum ruficeps,Pellorneum ruficeps,0.9925,data/chunks_48k/Pellorneum ruficeps_95_c004.wav,data/chunks_16k/Pellorneum ruficeps_95_c004.wav
Pellorneum ruficeps_95_c005,Pellorneum ruficeps,Pellorneum ruficeps,0.9656,data/chunks_48k/Pellorneum ruficeps_95_c005.wav,data/chunks_16k/Pellorneum ruficeps_95_c005.wav
Pellorneum ruficeps_95_c007,Pellorneum ruficeps,Pellorneum ruficeps,0.7102,data/chunks_48k/Pellorneum ruficeps_95_c007.wav,data/chunks_16k/Pellorneum ruficeps_95_c007.wav
Pellorneum ruficeps_96_c000,Pellorneum ruficeps,Pellorneum ruficeps,0.8537,data/chunks_48k/Pellorneum ruficeps_96_c000.wav,data/chunks_16k/Pellorneum ruficeps_96_c000.wav
Pellorneum ruficeps_96_c001,Pellorneum ruficeps,Pellorneum ruficeps,0.9134,data/chunks_48k/Pellorneum ruficeps_96_c001.wav,data/chunks_16k/Pellorneum ruficeps_96_c001.wav
Pellorneum ruficeps_97_c000,Pellorneum ruficeps,Pellorneum ruficeps,0.8279,data/chunks_48k/Pellorneum ruficeps_97_c000.wav,data/chunks_16k/Pellorneum ruficeps_97_c000.wav
Pellorneum ruficeps_97_c001,Pellorneum ruficeps,Pellorneum ruficeps,0.8681,data/chunks_48k/Pellorneum ruficeps_97_c001.wav,data/chunks_16k/Pellorneum ruficeps_97_c001.wav
Pellorneum ruficeps_97_c002,Pellorneum ruficeps,Pellorneum ruficeps,0.6031,data/chunks_48k/Pellorneum ruficeps_97_c002.wav,data/chunks_16k/Pellorneum ruficeps_97_c002.wav
Pellorneum ruficeps_97_c003,Pellorneum ruficeps,Pellorneum ruficeps,0.9296,data/chunks_48k/Pellorneum ruficeps_97_c003.wav,data/chunks_16k/Pellorneum ruficeps_97_c003.wav
Pellorneum ruficeps_97_c004,Pellorneum ruficeps,Pellorneum ruficeps,0.7881,data/chunks_48k/Pellorneum ruficeps_97_c004.wav,data/chunks_16k/Pellorneum ruficeps_97_c004.wav
Pellorneum ruficeps_97_c005,Pellorneum ruficeps,Pellorneum ruficeps,0.8530,data/chunks_48k/Pellorneum ruficeps_97_c005.wav,data/chunks_16k/Pellorneum ruficeps_97_c005.wav
Pellorneum ruficeps_97_c006,Pellorneum ruficeps,Pellorneum ruficeps,0.8786,data/chunks_48k/Pellorneum ruficeps_97_c006.wav,data/chunks_16k/Pellorneum ruficeps_97_c006.wav
Pellorneum ruficeps_97_c007,Pellorneum ruficeps,Pellorneum ruficeps,0.7347,data/chunks_48k/Pellorneum ruficeps_97_c007.wav,data/chunks_16k/Pellorneum ruficeps_97_c007.wav
Pellorneum ruficeps_97_c008,Pellorneum ruficeps,Pellorneum ruficeps,0.8204,data/chunks_48k/Pellorneum ruficeps_97_c008.wav,data/chunks_16k/Pellorneum ruficeps_97_c008.wav
Pellorneum ruficeps_98_c000,Pellorneum ruficeps,Pellorneum ruficeps,0.9331,data/chunks_48k/Pellorneum ruficeps_98_c000.wav,data/chunks_16k/Pellorneum ruficeps_98_c000.wav
Pellorneum ruficeps_99_c000,Pellorneum ruficeps,Pellorneum ruficeps,0.9926,data/chunks_48k/Pellorneum ruficeps_99_c000.wav,data/chunks_16k/Pellorneum ruficeps_99_c000.wav
Pellorneum ruficeps_9_c000,Pellorneum ruficeps,Pellorneum ruficeps,0.7510,data/chunks_48k/Pellorneum ruficeps_9_c000.wav,data/chunks_16k/Pellorneum ruficeps_9_c000.wav
Pellorneum ruficeps_9_c003,Pellorneum ruficeps,Pellorneum ruficeps,0.8805,data/chunks_48k/Pellorneum ruficeps_9_c003.wav,data/chunks_16k/Pellorneum ruficeps_9_c003.wav
Pellorneum ruficeps_9_c007,Pellorneum ruficeps,Pellorneum ruficeps,0.5585,data/chunks_48k/Pellorneum ruficeps_9_c007.wav,data/chunks_16k/Pellorneum ruficeps_9_c007.wav
Phylloscopus forresti_1_c000,Phylloscopus forresti,Phylloscopus forresti,0.6047,data/chunks_48k/Phylloscopus forresti_1_c000.wav,data/chunks_16k/Phylloscopus forresti_1_c000.wav
Phylloscopus forresti_2_c000,Phylloscopus forresti,Phylloscopus forresti,0.7390,data/chunks_48k/Phylloscopus forresti_2_c000.wav,data/chunks_16k/Phylloscopus forresti_2_c000.wav
Phylloscopus forresti_2_c004,Phylloscopus forresti,Phylloscopus forresti,0.9380,data/chunks_48k/Phylloscopus forresti_2_c004.wav,data/chunks_16k/Phylloscopus forresti_2_c004.wav
Phylloscopus forresti_2_c005,Phylloscopus forresti,Phylloscopus forresti,0.8801,data/chunks_48k/Phylloscopus forresti_2_c005.wav,data/chunks_16k/Phylloscopus forresti_2_c005.wav
Phylloscopus forresti_4_c000,Phylloscopus forresti,Phylloscopus forresti,0.5359,data/chunks_48k/Phylloscopus forresti_4_c000.wav,data/chunks_16k/Phylloscopus forresti_4_c000.wav
Phylloscopus forresti_5_c000,Phylloscopus forresti,Phylloscopus forresti,0.5697,data/chunks_48k/Phylloscopus forresti_5_c000.wav,data/chunks_16k/Phylloscopus forresti_5_c000.wav
Phylloscopus forresti_6_c001,Phylloscopus forresti,Phylloscopus forresti,0.7003,data/chunks_48k/Phylloscopus forresti_6_c001.wav,data/chunks_16k/Phylloscopus forresti_6_c001.wav
Phylloscopus forresti_7_c000,Phylloscopus forresti,Phylloscopus forresti,0.6075,data/chunks_48k/Phylloscopus forresti_7_c000.wav,data/chunks_16k/Phylloscopus forresti_7_c000.wav
Phylloscopus inornatus_10_c000,Phylloscopus inornatus,Phylloscopus inornatus,0.6492,data/chunks_48k/Phylloscopus inornatus_10_c000.wav,data/chunks_16k/Phylloscopus inornatus_10_c000.wav
Phylloscopus inornatus_10_c001,Phylloscopus inornatus,Phylloscopus inornatus,0.9484,data/chunks_48k/Phylloscopus inornatus_10_c001.wav,data/chunks_16k/Phylloscopus inornatus_10_c001.wav
Phylloscopus inornatus_10_c002,Phylloscopus inornatus,Phylloscopus inornatus,0.7968,data/chunks_48k/Phylloscopus inornatus_10_c002.wav,data/chunks_16k/Phylloscopus inornatus_10_c002.wav
Phylloscopus inornatus_1_c000,Phylloscopus inornatus,Phylloscopus inornatus,0.8567,data/chunks_48k/Phylloscopus inornatus_1_c000.wav,data/chunks_16k/Phylloscopus inornatus_1_c000.wav
Phylloscopus inornatus_1_c001,Phylloscopus inornatus,Phylloscopus inornatus,0.9088,data/chunks_48k/Phylloscopus inornatus_1_c001.wav,data/chunks_16k/Phylloscopus inornatus_1_c001.wav
Phylloscopus inornatus_1_c002,Phylloscopus inornatus,Phylloscopus inornatus,0.7985,data/chunks_48k/Phylloscopus inornatus_1_c002.wav,data/chunks_16k/Phylloscopus inornatus_1_c002.wav
Phylloscopus inornatus_1_c003,Phylloscopus inornatus,Phylloscopus inornatus,0.7597,data/chunks_48k/Phylloscopus inornatus_1_c003.wav,data/chunks_16k/Phylloscopus inornatus_1_c003.wav
Phylloscopus inornatus_1_c004,Phylloscopus inornatus,Phylloscopus inornatus,0.9092,data/chunks_48k/Phylloscopus inornatus_1_c004.wav,data/chunks_16k/Phylloscopus inornatus_1_c004.wav
Phylloscopus inornatus_2_c000,Phylloscopus inornatus,Phylloscopus inornatus,0.8355,data/chunks_48k/Phylloscopus inornatus_2_c000.wav,data/chunks_16k/Phylloscopus inornatus_2_c000.wav
Phylloscopus inornatus_2_c001,Phylloscopus inornatus,Phylloscopus inornatus,0.9282,data/chunks_48k/Phylloscopus inornatus_2_c001.wav,data/chunks_16k/Phylloscopus inornatus_2_c001.wav
Phylloscopus inornatus_2_c002,Phylloscopus inornatus,Phylloscopus inornatus,0.8353,data/chunks_48k/Phylloscopus inornatus_2_c002.wav,data/chunks_16k/Phylloscopus inornatus_2_c002.wav
Phylloscopus inornatus_3_c000,Phylloscopus inornatus,Phylloscopus inornatus,0.9632,data/chunks_48k/Phylloscopus inornatus_3_c000.wav,data/chunks_16k/Phylloscopus inornatus_3_c000.wav
Phylloscopus inornatus_3_c001,Phylloscopus inornatus,Phylloscopus inornatus,0.8605,data/chunks_48k/Phylloscopus inornatus_3_c001.wav,data/chunks_16k/Phylloscopus inornatus_3_c001.wav
Phylloscopus inornatus_3_c002,Phylloscopus inornatus,Phylloscopus inornatus,0.6363,data/chunks_48k/Phylloscopus inornatus_3_c002.wav,data/chunks_16k/Phylloscopus inornatus_3_c002.wav
Phylloscopus inornatus_3_c003,Phylloscopus inornatus,Phylloscopus inornatus,0.8643,data/chunks_48k/Phylloscopus inornatus_3_c003.wav,data/chunks_16k/Phylloscopus inornatus_3_c003.wav
Phylloscopus inornatus_3_c004,Phylloscopus inornatus,Phylloscopus inornatus,0.9637,data/chunks_48k/Phylloscopus inornatus_3_c004.wav,data/chunks_16k/Phylloscopus inornatus_3_c004.wav
Phylloscopus inornatus_3_c005,Phylloscopus inornatus,Phylloscopus inornatus,0.9870,data/chunks_48k/Phylloscopus inornatus_3_c005.wav,data/chunks_16k/Phylloscopus inornatus_3_c005.wav
Phylloscopus inornatus_3_c006,Phylloscopus inornatus,Phylloscopus inornatus,0.9702,data/chunks_48k/Phylloscopus inornatus_3_c006.wav,data/chunks_16k/Phylloscopus inornatus_3_c006.wav
Phylloscopus inornatus_3_c007,Phylloscopus inornatus,Phylloscopus inornatus,0.9889,data/chunks_48k/Phylloscopus inornatus_3_c007.wav,data/chunks_16k/Phylloscopus inornatus_3_c007.wav
Phylloscopus inornatus_4_c001,Phylloscopus inornatus,Phylloscopus inornatus,0.9413,data/chunks_48k/Phylloscopus inornatus_4_c001.wav,data/chunks_16k/Phylloscopus inornatus_4_c001.wav
Phylloscopus inornatus_4_c003,Phylloscopus inornatus,Phylloscopus inornatus,0.8227,data/chunks_48k/Phylloscopus inornatus_4_c003.wav,data/chunks_16k/Phylloscopus inornatus_4_c003.wav
Phylloscopus inornatus_4_c005,Phylloscopus inornatus,Phylloscopus inornatus,0.8616,data/chunks_48k/Phylloscopus inornatus_4_c005.wav,data/chunks_16k/Phylloscopus inornatus_4_c005.wav
Phylloscopus inornatus_4_c006,Phylloscopus inornatus,Phylloscopus inornatus,0.5214,data/chunks_48k/Phylloscopus inornatus_4_c006.wav,data/chunks_16k/Phylloscopus inornatus_4_c006.wav
Phylloscopus inornatus_5_c000,Phylloscopus inornatus,Phylloscopus inornatus,0.9768,data/chunks_48k/Phylloscopus inornatus_5_c000.wav,data/chunks_16k/Phylloscopus inornatus_5_c000.wav
Phylloscopus inornatus_5_c001,Phylloscopus inornatus,Phylloscopus inornatus,0.9489,data/chunks_48k/Phylloscopus inornatus_5_c001.wav,data/chunks_16k/Phylloscopus inornatus_5_c001.wav
Phylloscopus inornatus_5_c002,Phylloscopus inornatus,Phylloscopus inornatus,0.9096,data/chunks_48k/Phylloscopus inornatus_5_c002.wav,data/chunks_16k/Phylloscopus inornatus_5_c002.wav
Phylloscopus inornatus_5_c003,Phylloscopus inornatus,Phylloscopus inornatus,0.9114,data/chunks_48k/Phylloscopus inornatus_5_c003.wav,data/chunks_16k/Phylloscopus inornatus_5_c003.wav
Phylloscopus inornatus_5_c004,Phylloscopus inornatus,Phylloscopus inornatus,0.9518,data/chunks_48k/Phylloscopus inornatus_5_c004.wav,data/chunks_16k/Phylloscopus inornatus_5_c004.wav
Phylloscopus inornatus_6_c000,Phylloscopus inornatus,Phylloscopus inornatus,0.9855,data/chunks_48k/Phylloscopus inornatus_6_c000.wav,data/chunks_16k/Phylloscopus inornatus_6_c000.wav
Phylloscopus inornatus_6_c001,Phylloscopus inornatus,Phylloscopus inornatus,0.8848,data/chunks_48k/Phylloscopus inornatus_6_c001.wav,data/chunks_16k/Phylloscopus inornatus_6_c001.wav
Phylloscopus inornatus_7_c000,Phylloscopus inornatus,Phylloscopus inornatus,0.9169,data/chunks_48k/Phylloscopus inornatus_7_c000.wav,data/chunks_16k/Phylloscopus inornatus_7_c000.wav
Phylloscopus inornatus_7_c001,Phylloscopus inornatus,Phylloscopus inornatus,0.9518,data/chunks_48k/Phylloscopus inornatus_7_c001.wav,data/chunks_16k/Phylloscopus inornatus_7_c001.wav
Phylloscopus inornatus_7_c002,Phylloscopus inornatus,Phylloscopus inornatus,0.9217,data/chunks_48k/Phylloscopus inornatus_7_c002.wav,data/chunks_16k/Phylloscopus inornatus_7_c002.wav
Phylloscopus inornatus_7_c003,Phylloscopus inornatus,Phylloscopus inornatus,0.9256,data/chunks_48k/Phylloscopus inornatus_7_c003.wav,data/chunks_16k/Phylloscopus inornatus_7_c003.wav
Phylloscopus inornatus_7_c004,Phylloscopus inornatus,Phylloscopus inornatus,0.9426,data/chunks_48k/Phylloscopus inornatus_7_c004.wav,data/chunks_16k/Phylloscopus inornatus_7_c004.wav
Phylloscopus inornatus_8_c000,Phylloscopus inornatus,Phylloscopus inornatus,0.9100,data/chunks_48k/Phylloscopus inornatus_8_c000.wav,data/chunks_16k/Phylloscopus inornatus_8_c000.wav
Phylloscopus inornatus_8_c001,Phylloscopus inornatus,Phylloscopus inornatus,0.9506,data/chunks_48k/Phylloscopus inornatus_8_c001.wav,data/chunks_16k/Phylloscopus inornatus_8_c001.wav
Phylloscopus inornatus_8_c002,Phylloscopus inornatus,Phylloscopus inornatus,0.9762,data/chunks_48k/Phylloscopus inornatus_8_c002.wav,data/chunks_16k/Phylloscopus inornatus_8_c002.wav
Phylloscopus inornatus_8_c003,Phylloscopus inornatus,Phylloscopus inornatus,0.8782,data/chunks_48k/Phylloscopus inornatus_8_c003.wav,data/chunks_16k/Phylloscopus inornatus_8_c003.wav
Phylloscopus inornatus_8_c004,Phylloscopus inornatus,Phylloscopus inornatus,0.7579,data/chunks_48k/Phylloscopus inornatus_8_c004.wav,data/chunks_16k/Phylloscopus inornatus_8_c004.wav
Phylloscopus inornatus_8_c005,Phylloscopus inornatus,Phylloscopus inornatus,0.7466,data/chunks_48k/Phylloscopus inornatus_8_c005.wav,data/chunks_16k/Phylloscopus inornatus_8_c005.wav
Phylloscopus inornatus_8_c006,Phylloscopus inornatus,Phylloscopus inornatus,0.7585,data/chunks_48k/Phylloscopus inornatus_8_c006.wav,data/chunks_16k/Phylloscopus inornatus_8_c006.wav
Phylloscopus inornatus_8_c007,Phylloscopus inornatus,Phylloscopus inornatus,0.9798,data/chunks_48k/Phylloscopus inornatus_8_c007.wav,data/chunks_16k/Phylloscopus inornatus_8_c007.wav
Phylloscopus inornatus_8_c008,Phylloscopus inornatus,Phylloscopus inornatus,0.7340,data/chunks_48k/Phylloscopus inornatus_8_c008.wav,data/chunks_16k/Phylloscopus inornatus_8_c008.wav
Phylloscopus inornatus_8_c009,Phylloscopus inornatus,Phylloscopus inornatus,0.9560,data/chunks_48k/Phylloscopus inornatus_8_c009.wav,data/chunks_16k/Phylloscopus inornatus_8_c009.wav
Phylloscopus inornatus_8_c010,Phylloscopus inornatus,Phylloscopus inornatus,0.9186,data/chunks_48k/Phylloscopus inornatus_8_c010.wav,data/chunks_16k/Phylloscopus inornatus_8_c010.wav
Phylloscopus inornatus_8_c011,Phylloscopus inornatus,Phylloscopus inornatus,0.7777,data/chunks_48k/Phylloscopus inornatus_8_c011.wav,data/chunks_16k/Phylloscopus inornatus_8_c011.wav
Phylloscopus subaffinis_1_c002,Phylloscopus subaffinis,Phylloscopus subaffinis,0.7150,data/chunks_48k/Phylloscopus subaffinis_1_c002.wav,data/chunks_16k/Phylloscopus subaffinis_1_c002.wav
Phylloscopus subaffinis_1_c004,Phylloscopus subaffinis,Phylloscopus subaffinis,0.6758,data/chunks_48k/Phylloscopus subaffinis_1_c004.wav,data/chunks_16k/Phylloscopus subaffinis_1_c004.wav
Phylloscopus subaffinis_1_c007,Phylloscopus subaffinis,Phylloscopus subaffinis,0.5281,data/chunks_48k/Phylloscopus subaffinis_1_c007.wav,data/chunks_16k/Phylloscopus subaffinis_1_c007.wav
Phylloscopus subaffinis_2_c001,Phylloscopus subaffinis,Phylloscopus subaffinis,0.9695,data/chunks_48k/Phylloscopus subaffinis_2_c001.wav,data/chunks_16k/Phylloscopus subaffinis_2_c001.wav
Phylloscopus subaffinis_2_c002,Phylloscopus subaffinis,Phylloscopus subaffinis,0.6985,data/chunks_48k/Phylloscopus subaffinis_2_c002.wav,data/chunks_16k/Phylloscopus subaffinis_2_c002.wav
Phylloscopus subaffinis_2_c003,Phylloscopus subaffinis,Phylloscopus subaffinis,0.5313,data/chunks_48k/Phylloscopus subaffinis_2_c003.wav,data/chunks_16k/Phylloscopus subaffinis_2_c003.wav
Pluvialis squatarola_1_c000,Pluvialis squatarola,Pluvialis squatarola,0.9930,data/chunks_48k/Pluvialis squatarola_1_c000.wav,data/chunks_16k/Pluvialis squatarola_1_c000.wav
Pluvialis squatarola_1_c002,Pluvialis squatarola,Pluvialis squatarola,0.9767,data/chunks_48k/Pluvialis squatarola_1_c002.wav,data/chunks_16k/Pluvialis squatarola_1_c002.wav
Pluvialis squatarola_1_c003,Pluvialis squatarola,Pluvialis squatarola,0.9967,data/chunks_48k/Pluvialis squatarola_1_c003.wav,data/chunks_16k/Pluvialis squatarola_1_c003.wav
Pluvialis squatarola_1_c004,Pluvialis squatarola,Pluvialis squatarola,0.9359,data/chunks_48k/Pluvialis squatarola_1_c004.wav,data/chunks_16k/Pluvialis squatarola_1_c004.wav
Pluvialis squatarola_1_c005,Pluvialis squatarola,Pluvialis squatarola,0.9722,data/chunks_48k/Pluvialis squatarola_1_c005.wav,data/chunks_16k/Pluvialis squatarola_1_c005.wav
Pluvialis squatarola_1_c006,Pluvialis squatarola,Pluvialis squatarola,0.9982,data/chunks_48k/Pluvialis squatarola_1_c006.wav,data/chunks_16k/Pluvialis squatarola_1_c006.wav
Pluvialis squatarola_1_c007,Pluvialis squatarola,Pluvialis squatarola,0.9711,data/chunks_48k/Pluvialis squatarola_1_c007.wav,data/chunks_16k/Pluvialis squatarola_1_c007.wav
Pluvialis squatarola_1_c009,Pluvialis squatarola,Pluvialis squatarola,0.6252,data/chunks_48k/Pluvialis squatarola_1_c009.wav,data/chunks_16k/Pluvialis squatarola_1_c009.wav
Pluvialis squatarola_2_c000,Pluvialis squatarola,Pluvialis squatarola,0.9930,data/chunks_48k/Pluvialis squatarola_2_c000.wav,data/chunks_16k/Pluvialis squatarola_2_c000.wav
Pluvialis squatarola_2_c002,Pluvialis squatarola,Pluvialis squatarola,0.9767,data/chunks_48k/Pluvialis squatarola_2_c002.wav,data/chunks_16k/Pluvialis squatarola_2_c002.wav
Pluvialis squatarola_2_c003,Pluvialis squatarola,Pluvialis squatarola,0.9967,data/chunks_48k/Pluvialis squatarola_2_c003.wav,data/chunks_16k/Pluvialis squatarola_2_c003.wav
Pluvialis squatarola_2_c004,Pluvialis squatarola,Pluvialis squatarola,0.9359,data/chunks_48k/Pluvialis squatarola_2_c004.wav,data/chunks_16k/Pluvialis squatarola_2_c004.wav
Pluvialis squatarola_2_c005,Pluvialis squatarola,Pluvialis squatarola,0.9722,data/chunks_48k/Pluvialis squatarola_2_c005.wav,data/chunks_16k/Pluvialis squatarola_2_c005.wav
Pluvialis squatarola_2_c006,Pluvialis squatarola,Pluvialis squatarola,0.9982,data/chunks_48k/Pluvialis squatarola_2_c006.wav,data/chunks_16k/Pluvialis squatarola_2_c006.wav
Pluvialis squatarola_2_c007,Pluvialis squatarola,Pluvialis squatarola,0.9711,data/chunks_48k/Pluvialis squatarola_2_c007.wav,data/chunks_16k/Pluvialis squatarola_2_c007.wav
Pluvialis squatarola_2_c009,Pluvialis squatarola,Pluvialis squatarola,0.6252,data/chunks_48k/Pluvialis squatarola_2_c009.wav,data/chunks_16k/Pluvialis squatarola_2_c009.wav
Pluvialis squatarola_4_c000,Pluvialis squatarola,Pluvialis squatarola,0.6258,data/chunks_48k/Pluvialis squatarola_4_c000.wav,data/chunks_16k/Pluvialis squatarola_4_c000.wav
Pluvialis squatarola_6_c000,Pluvialis squatarola,Pluvialis squatarola,0.8257,data/chunks_48k/Pluvialis squatarola_6_c000.wav,data/chunks_16k/Pluvialis squatarola_6_c000.wav
Pluvialis squatarola_7_c000,Pluvialis squatarola,Pluvialis squatarola,0.6318,data/chunks_48k/Pluvialis squatarola_7_c000.wav,data/chunks_16k/Pluvialis squatarola_7_c000.wav
Pnoepyga pusilla_10_c000,Pnoepyga pusilla,Pnoepyga pusilla,0.8564,data/chunks_48k/Pnoepyga pusilla_10_c000.wav,data/chunks_16k/Pnoepyga pusilla_10_c000.wav
Pnoepyga pusilla_10_c003,Pnoepyga pusilla,Pnoepyga pusilla,0.5268,data/chunks_48k/Pnoepyga pusilla_10_c003.wav,data/chunks_16k/Pnoepyga pusilla_10_c003.wav
Pnoepyga pusilla_11_c000,Pnoepyga pusilla,Pnoepyga pusilla,0.9947,data/chunks_48k/Pnoepyga pusilla_11_c000.wav,data/chunks_16k/Pnoepyga pusilla_11_c000.wav
Pnoepyga pusilla_11_c001,Pnoepyga pusilla,Pnoepyga pusilla,0.9954,data/chunks_48k/Pnoepyga pusilla_11_c001.wav,data/chunks_16k/Pnoepyga pusilla_11_c001.wav
Pnoepyga pusilla_11_c002,Pnoepyga pusilla,Pnoepyga pusilla,0.9980,data/chunks_48k/Pnoepyga pusilla_11_c002.wav,data/chunks_16k/Pnoepyga pusilla_11_c002.wav
Pnoepyga pusilla_11_c003,Pnoepyga pusilla,Pnoepyga pusilla,0.9985,data/chunks_48k/Pnoepyga pusilla_11_c003.wav,data/chunks_16k/Pnoepyga pusilla_11_c003.wav
Pnoepyga pusilla_11_c004,Pnoepyga pusilla,Pnoepyga pusilla,0.9973,data/chunks_48k/Pnoepyga pusilla_11_c004.wav,data/chunks_16k/Pnoepyga pusilla_11_c004.wav
Pnoepyga pusilla_11_c005,Pnoepyga pusilla,Pnoepyga pusilla,0.9981,data/chunks_48k/Pnoepyga pusilla_11_c005.wav,data/chunks_16k/Pnoepyga pusilla_11_c005.wav
Pnoepyga pusilla_12_c000,Pnoepyga pusilla,Pnoepyga pusilla,0.9922,data/chunks_48k/Pnoepyga pusilla_12_c000.wav,data/chunks_16k/Pnoepyga pusilla_12_c000.wav
Pnoepyga pusilla_12_c001,Pnoepyga pusilla,Pnoepyga pusilla,0.9428,data/chunks_48k/Pnoepyga pusilla_12_c001.wav,data/chunks_16k/Pnoepyga pusilla_12_c001.wav
Pnoepyga pusilla_12_c002,Pnoepyga pusilla,Pnoepyga pusilla,0.9396,data/chunks_48k/Pnoepyga pusilla_12_c002.wav,data/chunks_16k/Pnoepyga pusilla_12_c002.wav
Pnoepyga pusilla_12_c003,Pnoepyga pusilla,Pnoepyga pusilla,0.9963,data/chunks_48k/Pnoepyga pusilla_12_c003.wav,data/chunks_16k/Pnoepyga pusilla_12_c003.wav
Pnoepyga pusilla_12_c004,Pnoepyga pusilla,Pnoepyga pusilla,0.9957,data/chunks_48k/Pnoepyga pusilla_12_c004.wav,data/chunks_16k/Pnoepyga pusilla_12_c004.wav
Pnoepyga pusilla_12_c005,Pnoepyga pusilla,Pnoepyga pusilla,0.9974,data/chunks_48k/Pnoepyga pusilla_12_c005.wav,data/chunks_16k/Pnoepyga pusilla_12_c005.wav
Pnoepyga pusilla_12_c006,Pnoepyga pusilla,Pnoepyga pusilla,0.9965,data/chunks_48k/Pnoepyga pusilla_12_c006.wav,data/chunks_16k/Pnoepyga pusilla_12_c006.wav
Pnoepyga pusilla_12_c007,Pnoepyga pusilla,Pnoepyga pusilla,0.9981,data/chunks_48k/Pnoepyga pusilla_12_c007.wav,data/chunks_16k/Pnoepyga pusilla_12_c007.wav
Pnoepyga pusilla_12_c009,Pnoepyga pusilla,Pnoepyga pusilla,0.9649,data/chunks_48k/Pnoepyga pusilla_12_c009.wav,data/chunks_16k/Pnoepyga pusilla_12_c009.wav
Pnoepyga pusilla_13_c000,Pnoepyga pusilla,Pnoepyga pusilla,0.9987,data/chunks_48k/Pnoepyga pusilla_13_c000.wav,data/chunks_16k/Pnoepyga pusilla_13_c000.wav
Pnoepyga pusilla_13_c001,Pnoepyga pusilla,Pnoepyga pusilla,0.9988,data/chunks_48k/Pnoepyga pusilla_13_c001.wav,data/chunks_16k/Pnoepyga pusilla_13_c001.wav
Pnoepyga pusilla_14_c000,Pnoepyga pusilla,Pnoepyga pusilla,0.9998,data/chunks_48k/Pnoepyga pusilla_14_c000.wav,data/chunks_16k/Pnoepyga pusilla_14_c000.wav
Pnoepyga pusilla_14_c001,Pnoepyga pusilla,Pnoepyga pusilla,0.9985,data/chunks_48k/Pnoepyga pusilla_14_c001.wav,data/chunks_16k/Pnoepyga pusilla_14_c001.wav
Pnoepyga pusilla_14_c002,Pnoepyga pusilla,Pnoepyga pusilla,0.9995,data/chunks_48k/Pnoepyga pusilla_14_c002.wav,data/chunks_16k/Pnoepyga pusilla_14_c002.wav
Pnoepyga pusilla_14_c003,Pnoepyga pusilla,Pnoepyga pusilla,0.9955,data/chunks_48k/Pnoepyga pusilla_14_c003.wav,data/chunks_16k/Pnoepyga pusilla_14_c003.wav
Pnoepyga pusilla_14_c004,Pnoepyga pusilla,Pnoepyga pusilla,0.9743,data/chunks_48k/Pnoepyga pusilla_14_c004.wav,data/chunks_16k/Pnoepyga pusilla_14_c004.wav
Pnoepyga pusilla_14_c005,Pnoepyga pusilla,Pnoepyga pusilla,0.9997,data/chunks_48k/Pnoepyga pusilla_14_c005.wav,data/chunks_16k/Pnoepyga pusilla_14_c005.wav
Pnoepyga pusilla_15_c000,Pnoepyga pusilla,Pnoepyga pusilla,0.9969,data/chunks_48k/Pnoepyga pusilla_15_c000.wav,data/chunks_16k/Pnoepyga pusilla_15_c000.wav
Pnoepyga pusilla_15_c001,Pnoepyga pusilla,Pnoepyga pusilla,0.9679,data/chunks_48k/Pnoepyga pusilla_15_c001.wav,data/chunks_16k/Pnoepyga pusilla_15_c001.wav
Pnoepyga pusilla_15_c002,Pnoepyga pusilla,Pnoepyga pusilla,0.5314,data/chunks_48k/Pnoepyga pusilla_15_c002.wav,data/chunks_16k/Pnoepyga pusilla_15_c002.wav
Pnoepyga pusilla_16_c000,Pnoepyga pusilla,Pnoepyga pusilla,0.9979,data/chunks_48k/Pnoepyga pusilla_16_c000.wav,data/chunks_16k/Pnoepyga pusilla_16_c000.wav
Pnoepyga pusilla_16_c001,Pnoepyga pusilla,Pnoepyga pusilla,0.9846,data/chunks_48k/Pnoepyga pusilla_16_c001.wav,data/chunks_16k/Pnoepyga pusilla_16_c001.wav
Pnoepyga pusilla_16_c002,Pnoepyga pusilla,Pnoepyga pusilla,0.9916,data/chunks_48k/Pnoepyga pusilla_16_c002.wav,data/chunks_16k/Pnoepyga pusilla_16_c002.wav
Pnoepyga pusilla_16_c003,Pnoepyga pusilla,Pnoepyga pusilla,0.9944,data/chunks_48k/Pnoepyga pusilla_16_c003.wav,data/chunks_16k/Pnoepyga pusilla_16_c003.wav
Pnoepyga pusilla_17_c000,Pnoepyga pusilla,Pnoepyga pusilla,0.7867,data/chunks_48k/Pnoepyga pusilla_17_c000.wav,data/chunks_16k/Pnoepyga pusilla_17_c000.wav
Pnoepyga pusilla_17_c001,Pnoepyga pusilla,Pnoepyga pusilla,0.9991,data/chunks_48k/Pnoepyga pusilla_17_c001.wav,data/chunks_16k/Pnoepyga pusilla_17_c001.wav
Pnoepyga pusilla_17_c002,Pnoepyga pusilla,Pnoepyga pusilla,0.9992,data/chunks_48k/Pnoepyga pusilla_17_c002.wav,data/chunks_16k/Pnoepyga pusilla_17_c002.wav
Pnoepyga pusilla_17_c003,Pnoepyga pusilla,Pnoepyga pusilla,0.9996,data/chunks_48k/Pnoepyga pusilla_17_c003.wav,data/chunks_16k/Pnoepyga pusilla_17_c003.wav
Pnoepyga pusilla_17_c004,Pnoepyga pusilla,Pnoepyga pusilla,0.9988,data/chunks_48k/Pnoepyga pusilla_17_c004.wav,data/chunks_16k/Pnoepyga pusilla_17_c004.wav
Pnoepyga pusilla_17_c005,Pnoepyga pusilla,Pnoepyga pusilla,0.9964,data/chunks_48k/Pnoepyga pusilla_17_c005.wav,data/chunks_16k/Pnoepyga pusilla_17_c005.wav
Pnoepyga pusilla_17_c006,Pnoepyga pusilla,Pnoepyga pusilla,0.9994,data/chunks_48k/Pnoepyga pusilla_17_c006.wav,data/chunks_16k/Pnoepyga pusilla_17_c006.wav
Pnoepyga pusilla_17_c007,Pnoepyga pusilla,Pnoepyga pusilla,0.9997,data/chunks_48k/Pnoepyga pusilla_17_c007.wav,data/chunks_16k/Pnoepyga pusilla_17_c007.wav
Pnoepyga pusilla_17_c008,Pnoepyga pusilla,Pnoepyga pusilla,0.9998,data/chunks_48k/Pnoepyga pusilla_17_c008.wav,data/chunks_16k/Pnoepyga pusilla_17_c008.wav
Pnoepyga pusilla_17_c009,Pnoepyga pusilla,Pnoepyga pusilla,0.9934,data/chunks_48k/Pnoepyga pusilla_17_c009.wav,data/chunks_16k/Pnoepyga pusilla_17_c009.wav
Pnoepyga pusilla_18_c000,Pnoepyga pusilla,Pnoepyga pusilla,0.9986,data/chunks_48k/Pnoepyga pusilla_18_c000.wav,data/chunks_16k/Pnoepyga pusilla_18_c000.wav
Pnoepyga pusilla_18_c001,Pnoepyga pusilla,Pnoepyga pusilla,0.9716,data/chunks_48k/Pnoepyga pusilla_18_c001.wav,data/chunks_16k/Pnoepyga pusilla_18_c001.wav
Pnoepyga pusilla_18_c002,Pnoepyga pusilla,Pnoepyga pusilla,0.9941,data/chunks_48k/Pnoepyga pusilla_18_c002.wav,data/chunks_16k/Pnoepyga pusilla_18_c002.wav
Pnoepyga pusilla_18_c003,Pnoepyga pusilla,Pnoepyga pusilla,0.9758,data/chunks_48k/Pnoepyga pusilla_18_c003.wav,data/chunks_16k/Pnoepyga pusilla_18_c003.wav
Pnoepyga pusilla_18_c004,Pnoepyga pusilla,Pnoepyga pusilla,0.9129,data/chunks_48k/Pnoepyga pusilla_18_c004.wav,data/chunks_16k/Pnoepyga pusilla_18_c004.wav
Pnoepyga pusilla_18_c005,Pnoepyga pusilla,Pnoepyga pusilla,0.9827,data/chunks_48k/Pnoepyga pusilla_18_c005.wav,data/chunks_16k/Pnoepyga pusilla_18_c005.wav
Pnoepyga pusilla_18_c006,Pnoepyga pusilla,Pnoepyga pusilla,0.9870,data/chunks_48k/Pnoepyga pusilla_18_c006.wav,data/chunks_16k/Pnoepyga pusilla_18_c006.wav
Pnoepyga pusilla_18_c007,Pnoepyga pusilla,Pnoepyga pusilla,0.9827,data/chunks_48k/Pnoepyga pusilla_18_c007.wav,data/chunks_16k/Pnoepyga pusilla_18_c007.wav
Pnoepyga pusilla_18_c008,Pnoepyga pusilla,Pnoepyga pusilla,0.9861,data/chunks_48k/Pnoepyga pusilla_18_c008.wav,data/chunks_16k/Pnoepyga pusilla_18_c008.wav
Pnoepyga pusilla_19_c000,Pnoepyga pusilla,Pnoepyga pusilla,0.9857,data/chunks_48k/Pnoepyga pusilla_19_c000.wav,data/chunks_16k/Pnoepyga pusilla_19_c000.wav
Pnoepyga pusilla_19_c001,Pnoepyga pusilla,Pnoepyga pusilla,0.9945,data/chunks_48k/Pnoepyga pusilla_19_c001.wav,data/chunks_16k/Pnoepyga pusilla_19_c001.wav
Pnoepyga pusilla_19_c002,Pnoepyga pusilla,Pnoepyga pusilla,0.9971,data/chunks_48k/Pnoepyga pusilla_19_c002.wav,data/chunks_16k/Pnoepyga pusilla_19_c002.wav
Pnoepyga pusilla_19_c003,Pnoepyga pusilla,Pnoepyga pusilla,0.9998,data/chunks_48k/Pnoepyga pusilla_19_c003.wav,data/chunks_16k/Pnoepyga pusilla_19_c003.wav
Pnoepyga pusilla_19_c004,Pnoepyga pusilla,Pnoepyga pusilla,0.9981,data/chunks_48k/Pnoepyga pusilla_19_c004.wav,data/chunks_16k/Pnoepyga pusilla_19_c004.wav
Pnoepyga pusilla_19_c005,Pnoepyga pusilla,Pnoepyga pusilla,0.9924,data/chunks_48k/Pnoepyga pusilla_19_c005.wav,data/chunks_16k/Pnoepyga pusilla_19_c005.wav
Pnoepyga pusilla_19_c006,Pnoepyga pusilla,Pnoepyga pusilla,0.9987,data/chunks_48k/Pnoepyga pusilla_19_c006.wav,data/chunks_16k/Pnoepyga pusilla_19_c006.wav
Pnoepyga pusilla_19_c007,Pnoepyga pusilla,Pnoepyga pusilla,0.9820,data/chunks_48k/Pnoepyga pusilla_19_c007.wav,data/chunks_16k/Pnoepyga pusilla_19_c007.wav
Pnoepyga pusilla_1_c000,Pnoepyga pusilla,Pnoepyga pusilla,0.9988,data/chunks_48k/Pnoepyga pusilla_1_c000.wav,data/chunks_16k/Pnoepyga pusilla_1_c000.wav
Pnoepyga pusilla_1_c001,Pnoepyga pusilla,Pnoepyga pusilla,0.9987,data/chunks_48k/Pnoepyga pusilla_1_c001.wav,data/chunks_16k/Pnoepyga pusilla_1_c001.wav
Pnoepyga pusilla_1_c002,Pnoepyga pusilla,Pnoepyga pusilla,0.9988,data/chunks_48k/Pnoepyga pusilla_1_c002.wav,data/chunks_16k/Pnoepyga pusilla_1_c002.wav
Pnoepyga pusilla_1_c003,Pnoepyga pusilla,Pnoepyga pusilla,0.9996,data/chunks_48k/Pnoepyga pusilla_1_c003.wav,data/chunks_16k/Pnoepyga pusilla_1_c003.wav
Pnoepyga pusilla_1_c004,Pnoepyga pusilla,Pnoepyga pusilla,0.9986,data/chunks_48k/Pnoepyga pusilla_1_c004.wav,data/chunks_16k/Pnoepyga pusilla_1_c004.wav
Pnoepyga pusilla_1_c005,Pnoepyga pusilla,Pnoepyga pusilla,0.9973,data/chunks_48k/Pnoepyga pusilla_1_c005.wav,data/chunks_16k/Pnoepyga pusilla_1_c005.wav
Pnoepyga pusilla_1_c006,Pnoepyga pusilla,Pnoepyga pusilla,0.9980,data/chunks_48k/Pnoepyga pusilla_1_c006.wav,data/chunks_16k/Pnoepyga pusilla_1_c006.wav
Pnoepyga pusilla_1_c007,Pnoepyga pusilla,Pnoepyga pusilla,0.9985,data/chunks_48k/Pnoepyga pusilla_1_c007.wav,data/chunks_16k/Pnoepyga pusilla_1_c007.wav
Pnoepyga pusilla_1_c008,Pnoepyga pusilla,Pnoepyga pusilla,0.9976,data/chunks_48k/Pnoepyga pusilla_1_c008.wav,data/chunks_16k/Pnoepyga pusilla_1_c008.wav
Pnoepyga pusilla_1_c009,Pnoepyga pusilla,Pnoepyga pusilla,0.9946,data/chunks_48k/Pnoepyga pusilla_1_c009.wav,data/chunks_16k/Pnoepyga pusilla_1_c009.wav
Pnoepyga pusilla_1_c010,Pnoepyga pusilla,Pnoepyga pusilla,0.9896,data/chunks_48k/Pnoepyga pusilla_1_c010.wav,data/chunks_16k/Pnoepyga pusilla_1_c010.wav
Pnoepyga pusilla_1_c011,Pnoepyga pusilla,Pnoepyga pusilla,0.9954,data/chunks_48k/Pnoepyga pusilla_1_c011.wav,data/chunks_16k/Pnoepyga pusilla_1_c011.wav
Pnoepyga pusilla_20_c000,Pnoepyga pusilla,Pnoepyga pusilla,0.7727,data/chunks_48k/Pnoepyga pusilla_20_c000.wav,data/chunks_16k/Pnoepyga pusilla_20_c000.wav
Pnoepyga pusilla_20_c001,Pnoepyga pusilla,Pnoepyga pusilla,0.5636,data/chunks_48k/Pnoepyga pusilla_20_c001.wav,data/chunks_16k/Pnoepyga pusilla_20_c001.wav
Pnoepyga pusilla_20_c002,Pnoepyga pusilla,Pnoepyga pusilla,0.9600,data/chunks_48k/Pnoepyga pusilla_20_c002.wav,data/chunks_16k/Pnoepyga pusilla_20_c002.wav
Pnoepyga pusilla_20_c003,Pnoepyga pusilla,Pnoepyga pusilla,0.9790,data/chunks_48k/Pnoepyga pusilla_20_c003.wav,data/chunks_16k/Pnoepyga pusilla_20_c003.wav
Pnoepyga pusilla_20_c004,Pnoepyga pusilla,Pnoepyga pusilla,0.9864,data/chunks_48k/Pnoepyga pusilla_20_c004.wav,data/chunks_16k/Pnoepyga pusilla_20_c004.wav
Pnoepyga pusilla_20_c005,Pnoepyga pusilla,Pnoepyga pusilla,0.7615,data/chunks_48k/Pnoepyga pusilla_20_c005.wav,data/chunks_16k/Pnoepyga pusilla_20_c005.wav
Pnoepyga pusilla_20_c006,Pnoepyga pusilla,Pnoepyga pusilla,0.9920,data/chunks_48k/Pnoepyga pusilla_20_c006.wav,data/chunks_16k/Pnoepyga pusilla_20_c006.wav
Pnoepyga pusilla_20_c007,Pnoepyga pusilla,Pnoepyga pusilla,0.9926,data/chunks_48k/Pnoepyga pusilla_20_c007.wav,data/chunks_16k/Pnoepyga pusilla_20_c007.wav
Pnoepyga pusilla_20_c008,Pnoepyga pusilla,Pnoepyga pusilla,0.9857,data/chunks_48k/Pnoepyga pusilla_20_c008.wav,data/chunks_16k/Pnoepyga pusilla_20_c008.wav
Pnoepyga pusilla_20_c009,Pnoepyga pusilla,Pnoepyga pusilla,0.9616,data/chunks_48k/Pnoepyga pusilla_20_c009.wav,data/chunks_16k/Pnoepyga pusilla_20_c009.wav
Pnoepyga pusilla_20_c010,Pnoepyga pusilla,Pnoepyga pusilla,0.9509,data/chunks_48k/Pnoepyga pusilla_20_c010.wav,data/chunks_16k/Pnoepyga pusilla_20_c010.wav
Pnoepyga pusilla_21_c000,Pnoepyga pusilla,Pnoepyga pusilla,0.8602,data/chunks_48k/Pnoepyga pusilla_21_c000.wav,data/chunks_16k/Pnoepyga pusilla_21_c000.wav
Pnoepyga pusilla_21_c001,Pnoepyga pusilla,Pnoepyga pusilla,0.9733,data/chunks_48k/Pnoepyga pusilla_21_c001.wav,data/chunks_16k/Pnoepyga pusilla_21_c001.wav
Pnoepyga pusilla_21_c002,Pnoepyga pusilla,Pnoepyga pusilla,0.9145,data/chunks_48k/Pnoepyga pusilla_21_c002.wav,data/chunks_16k/Pnoepyga pusilla_21_c002.wav
Pnoepyga pusilla_21_c003,Pnoepyga pusilla,Pnoepyga pusilla,0.9934,data/chunks_48k/Pnoepyga pusilla_21_c003.wav,data/chunks_16k/Pnoepyga pusilla_21_c003.wav
Pnoepyga pusilla_21_c004,Pnoepyga pusilla,Pnoepyga pusilla,0.8323,data/chunks_48k/Pnoepyga pusilla_21_c004.wav,data/chunks_16k/Pnoepyga pusilla_21_c004.wav
Pnoepyga pusilla_21_c005,Pnoepyga pusilla,Pnoepyga pusilla,0.8007,data/chunks_48k/Pnoepyga pusilla_21_c005.wav,data/chunks_16k/Pnoepyga pusilla_21_c005.wav
Pnoepyga pusilla_21_c006,Pnoepyga pusilla,Pnoepyga pusilla,0.7914,data/chunks_48k/Pnoepyga pusilla_21_c006.wav,data/chunks_16k/Pnoepyga pusilla_21_c006.wav
Pnoepyga pusilla_22_c000,Pnoepyga pusilla,Pnoepyga pusilla,0.9989,data/chunks_48k/Pnoepyga pusilla_22_c000.wav,data/chunks_16k/Pnoepyga pusilla_22_c000.wav
Pnoepyga pusilla_22_c001,Pnoepyga pusilla,Pnoepyga pusilla,0.9990,data/chunks_48k/Pnoepyga pusilla_22_c001.wav,data/chunks_16k/Pnoepyga pusilla_22_c001.wav
Pnoepyga pusilla_22_c002,Pnoepyga pusilla,Pnoepyga pusilla,0.8842,data/chunks_48k/Pnoepyga pusilla_22_c002.wav,data/chunks_16k/Pnoepyga pusilla_22_c002.wav
Pnoepyga pusilla_22_c003,Pnoepyga pusilla,Pnoepyga pusilla,0.9874,data/chunks_48k/Pnoepyga pusilla_22_c003.wav,data/chunks_16k/Pnoepyga pusilla_22_c003.wav
Pnoepyga pusilla_22_c004,Pnoepyga pusilla,Pnoepyga pusilla,0.9734,data/chunks_48k/Pnoepyga pusilla_22_c004.wav,data/chunks_16k/Pnoepyga pusilla_22_c004.wav
Pnoepyga pusilla_22_c005,Pnoepyga pusilla,Pnoepyga pusilla,0.9002,data/chunks_48k/Pnoepyga pusilla_22_c005.wav,data/chunks_16k/Pnoepyga pusilla_22_c005.wav
Pnoepyga pusilla_22_c006,Pnoepyga pusilla,Pnoepyga pusilla,0.9019,data/chunks_48k/Pnoepyga pusilla_22_c006.wav,data/chunks_16k/Pnoepyga pusilla_22_c006.wav
Pnoepyga pusilla_22_c008,Pnoepyga pusilla,Pnoepyga pusilla,0.9963,data/chunks_48k/Pnoepyga pusilla_22_c008.wav,data/chunks_16k/Pnoepyga pusilla_22_c008.wav
Pnoepyga pusilla_22_c009,Pnoepyga pusilla,Pnoepyga pusilla,0.9452,data/chunks_48k/Pnoepyga pusilla_22_c009.wav,data/chunks_16k/Pnoepyga pusilla_22_c009.wav
Pnoepyga pusilla_23_c000,Pnoepyga pusilla,Pnoepyga pusilla,0.9928,data/chunks_48k/Pnoepyga pusilla_23_c000.wav,data/chunks_16k/Pnoepyga pusilla_23_c000.wav
Pnoepyga pusilla_23_c001,Pnoepyga pusilla,Pnoepyga pusilla,0.9815,data/chunks_48k/Pnoepyga pusilla_23_c001.wav,data/chunks_16k/Pnoepyga pusilla_23_c001.wav
Pnoepyga pusilla_23_c002,Pnoepyga pusilla,Pnoepyga pusilla,0.9765,data/chunks_48k/Pnoepyga pusilla_23_c002.wav,data/chunks_16k/Pnoepyga pusilla_23_c002.wav
Pnoepyga pusilla_23_c003,Pnoepyga pusilla,Pnoepyga pusilla,0.9820,data/chunks_48k/Pnoepyga pusilla_23_c003.wav,data/chunks_16k/Pnoepyga pusilla_23_c003.wav
Pnoepyga pusilla_23_c004,Pnoepyga pusilla,Pnoepyga pusilla,0.9946,data/chunks_48k/Pnoepyga pusilla_23_c004.wav,data/chunks_16k/Pnoepyga pusilla_23_c004.wav
Pnoepyga pusilla_23_c005,Pnoepyga pusilla,Pnoepyga pusilla,0.8536,data/chunks_48k/Pnoepyga pusilla_23_c005.wav,data/chunks_16k/Pnoepyga pusilla_23_c005.wav
Pnoepyga pusilla_23_c006,Pnoepyga pusilla,Pnoepyga pusilla,0.9699,data/chunks_48k/Pnoepyga pusilla_23_c006.wav,data/chunks_16k/Pnoepyga pusilla_23_c006.wav
Pnoepyga pusilla_23_c007,Pnoepyga pusilla,Pnoepyga pusilla,0.9594,data/chunks_48k/Pnoepyga pusilla_23_c007.wav,data/chunks_16k/Pnoepyga pusilla_23_c007.wav
Pnoepyga pusilla_23_c008,Pnoepyga pusilla,Pnoepyga pusilla,0.9142,data/chunks_48k/Pnoepyga pusilla_23_c008.wav,data/chunks_16k/Pnoepyga pusilla_23_c008.wav
Pnoepyga pusilla_23_c009,Pnoepyga pusilla,Pnoepyga pusilla,0.9985,data/chunks_48k/Pnoepyga pusilla_23_c009.wav,data/chunks_16k/Pnoepyga pusilla_23_c009.wav
Pnoepyga pusilla_23_c010,Pnoepyga pusilla,Pnoepyga pusilla,0.9757,data/chunks_48k/Pnoepyga pusilla_23_c010.wav,data/chunks_16k/Pnoepyga pusilla_23_c010.wav
Pnoepyga pusilla_23_c011,Pnoepyga pusilla,Pnoepyga pusilla,0.9963,data/chunks_48k/Pnoepyga pusilla_23_c011.wav,data/chunks_16k/Pnoepyga pusilla_23_c011.wav
Pnoepyga pusilla_23_c012,Pnoepyga pusilla,Pnoepyga pusilla,0.8822,data/chunks_48k/Pnoepyga pusilla_23_c012.wav,data/chunks_16k/Pnoepyga pusilla_23_c012.wav
Pnoepyga pusilla_23_c013,Pnoepyga pusilla,Pnoepyga pusilla,0.9503,data/chunks_48k/Pnoepyga pusilla_23_c013.wav,data/chunks_16k/Pnoepyga pusilla_23_c013.wav
Pnoepyga pusilla_23_c014,Pnoepyga pusilla,Pnoepyga pusilla,0.8594,data/chunks_48k/Pnoepyga pusilla_23_c014.wav,data/chunks_16k/Pnoepyga pusilla_23_c014.wav
Pnoepyga pusilla_23_c015,Pnoepyga pusilla,Pnoepyga pusilla,0.9830,data/chunks_48k/Pnoepyga pusilla_23_c015.wav,data/chunks_16k/Pnoepyga pusilla_23_c015.wav
Pnoepyga pusilla_24_c000,Pnoepyga pusilla,Pnoepyga pusilla,0.9988,data/chunks_48k/Pnoepyga pusilla_24_c000.wav,data/chunks_16k/Pnoepyga pusilla_24_c000.wav
Pnoepyga pusilla_24_c001,Pnoepyga pusilla,Pnoepyga pusilla,0.9954,data/chunks_48k/Pnoepyga pusilla_24_c001.wav,data/chunks_16k/Pnoepyga pusilla_24_c001.wav
Pnoepyga pusilla_24_c002,Pnoepyga pusilla,Pnoepyga pusilla,0.9888,data/chunks_48k/Pnoepyga pusilla_24_c002.wav,data/chunks_16k/Pnoepyga pusilla_24_c002.wav
Pnoepyga pusilla_24_c003,Pnoepyga pusilla,Pnoepyga pusilla,0.9971,data/chunks_48k/Pnoepyga pusilla_24_c003.wav,data/chunks_16k/Pnoepyga pusilla_24_c003.wav
Pnoepyga pusilla_24_c004,Pnoepyga pusilla,Pnoepyga pusilla,0.9924,data/chunks_48k/Pnoepyga pusilla_24_c004.wav,data/chunks_16k/Pnoepyga pusilla_24_c004.wav
Pnoepyga pusilla_24_c005,Pnoepyga pusilla,Pnoepyga pusilla,0.9988,data/chunks_48k/Pnoepyga pusilla_24_c005.wav,data/chunks_16k/Pnoepyga pusilla_24_c005.wav
Pnoepyga pusilla_25_c000,Pnoepyga pusilla,Pnoepyga pusilla,0.9917,data/chunks_48k/Pnoepyga pusilla_25_c000.wav,data/chunks_16k/Pnoepyga pusilla_25_c000.wav
Pnoepyga pusilla_25_c001,Pnoepyga pusilla,Pnoepyga pusilla,0.9338,data/chunks_48k/Pnoepyga pusilla_25_c001.wav,data/chunks_16k/Pnoepyga pusilla_25_c001.wav
Pnoepyga pusilla_25_c003,Pnoepyga pusilla,Pnoepyga pusilla,0.9973,data/chunks_48k/Pnoepyga pusilla_25_c003.wav,data/chunks_16k/Pnoepyga pusilla_25_c003.wav
Pnoepyga pusilla_25_c004,Pnoepyga pusilla,Pnoepyga pusilla,0.9929,data/chunks_48k/Pnoepyga pusilla_25_c004.wav,data/chunks_16k/Pnoepyga pusilla_25_c004.wav
Pnoepyga pusilla_25_c006,Pnoepyga pusilla,Pnoepyga pusilla,0.9973,data/chunks_48k/Pnoepyga pusilla_25_c006.wav,data/chunks_16k/Pnoepyga pusilla_25_c006.wav
Pnoepyga pusilla_25_c008,Pnoepyga pusilla,Pnoepyga pusilla,0.9918,data/chunks_48k/Pnoepyga pusilla_25_c008.wav,data/chunks_16k/Pnoepyga pusilla_25_c008.wav
Pnoepyga pusilla_26_c001,Pnoepyga pusilla,Pnoepyga pusilla,0.9155,data/chunks_48k/Pnoepyga pusilla_26_c001.wav,data/chunks_16k/Pnoepyga pusilla_26_c001.wav
Pnoepyga pusilla_26_c002,Pnoepyga pusilla,Pnoepyga pusilla,0.7261,data/chunks_48k/Pnoepyga pusilla_26_c002.wav,data/chunks_16k/Pnoepyga pusilla_26_c002.wav
Pnoepyga pusilla_27_c000,Pnoepyga pusilla,Pnoepyga pusilla,0.8585,data/chunks_48k/Pnoepyga pusilla_27_c000.wav,data/chunks_16k/Pnoepyga pusilla_27_c000.wav
Pnoepyga pusilla_27_c001,Pnoepyga pusilla,Pnoepyga pusilla,0.9255,data/chunks_48k/Pnoepyga pusilla_27_c001.wav,data/chunks_16k/Pnoepyga pusilla_27_c001.wav
Pnoepyga pusilla_27_c002,Pnoepyga pusilla,Pnoepyga pusilla,0.9167,data/chunks_48k/Pnoepyga pusilla_27_c002.wav,data/chunks_16k/Pnoepyga pusilla_27_c002.wav
Pnoepyga pusilla_27_c003,Pnoepyga pusilla,Pnoepyga pusilla,0.9765,data/chunks_48k/Pnoepyga pusilla_27_c003.wav,data/chunks_16k/Pnoepyga pusilla_27_c003.wav
Pnoepyga pusilla_27_c004,Pnoepyga pusilla,Pnoepyga pusilla,0.9498,data/chunks_48k/Pnoepyga pusilla_27_c004.wav,data/chunks_16k/Pnoepyga pusilla_27_c004.wav
Pnoepyga pusilla_29_c000,Pnoepyga pusilla,Pnoepyga pusilla,0.9985,data/chunks_48k/Pnoepyga pusilla_29_c000.wav,data/chunks_16k/Pnoepyga pusilla_29_c000.wav
Pnoepyga pusilla_29_c001,Pnoepyga pusilla,Pnoepyga pusilla,0.9842,data/chunks_48k/Pnoepyga pusilla_29_c001.wav,data/chunks_16k/Pnoepyga pusilla_29_c001.wav
Pnoepyga pusilla_29_c002,Pnoepyga pusilla,Pnoepyga pusilla,0.9983,data/chunks_48k/Pnoepyga pusilla_29_c002.wav,data/chunks_16k/Pnoepyga pusilla_29_c002.wav
Pnoepyga pusilla_29_c003,Pnoepyga pusilla,Pnoepyga pusilla,0.9973,data/chunks_48k/Pnoepyga pusilla_29_c003.wav,data/chunks_16k/Pnoepyga pusilla_29_c003.wav
Pnoepyga pusilla_29_c004,Pnoepyga pusilla,Pnoepyga pusilla,0.9935,data/chunks_48k/Pnoepyga pusilla_29_c004.wav,data/chunks_16k/Pnoepyga pusilla_29_c004.wav
Pnoepyga pusilla_29_c005,Pnoepyga pusilla,Pnoepyga pusilla,0.9853,data/chunks_48k/Pnoepyga pusilla_29_c005.wav,data/chunks_16k/Pnoepyga pusilla_29_c005.wav
Pnoepyga pusilla_29_c006,Pnoepyga pusilla,Pnoepyga pusilla,0.9984,data/chunks_48k/Pnoepyga pusilla_29_c006.wav,data/chunks_16k/Pnoepyga pusilla_29_c006.wav
Pnoepyga pusilla_29_c007,Pnoepyga pusilla,Pnoepyga pusilla,0.9817,data/chunks_48k/Pnoepyga pusilla_29_c007.wav,data/chunks_16k/Pnoepyga pusilla_29_c007.wav
Pnoepyga pusilla_29_c008,Pnoepyga pusilla,Pnoepyga pusilla,0.9988,data/chunks_48k/Pnoepyga pusilla_29_c008.wav,data/chunks_16k/Pnoepyga pusilla_29_c008.wav
Pnoepyga pusilla_29_c009,Pnoepyga pusilla,Pnoepyga pusilla,0.9992,data/chunks_48k/Pnoepyga pusilla_29_c009.wav,data/chunks_16k/Pnoepyga pusilla_29_c009.wav
Pnoepyga pusilla_29_c010,Pnoepyga pusilla,Pnoepyga pusilla,0.9977,data/chunks_48k/Pnoepyga pusilla_29_c010.wav,data/chunks_16k/Pnoepyga pusilla_29_c010.wav
Pnoepyga pusilla_29_c011,Pnoepyga pusilla,Pnoepyga pusilla,0.9927,data/chunks_48k/Pnoepyga pusilla_29_c011.wav,data/chunks_16k/Pnoepyga pusilla_29_c011.wav
Pnoepyga pusilla_29_c012,Pnoepyga pusilla,Pnoepyga pusilla,0.9634,data/chunks_48k/Pnoepyga pusilla_29_c012.wav,data/chunks_16k/Pnoepyga pusilla_29_c012.wav
Pnoepyga pusilla_29_c013,Pnoepyga pusilla,Pnoepyga pusilla,0.9845,data/chunks_48k/Pnoepyga pusilla_29_c013.wav,data/chunks_16k/Pnoepyga pusilla_29_c013.wav
Pnoepyga pusilla_29_c014,Pnoepyga pusilla,Pnoepyga pusilla,0.9808,data/chunks_48k/Pnoepyga pusilla_29_c014.wav,data/chunks_16k/Pnoepyga pusilla_29_c014.wav
Pnoepyga pusilla_29_c015,Pnoepyga pusilla,Pnoepyga pusilla,0.9626,data/chunks_48k/Pnoepyga pusilla_29_c015.wav,data/chunks_16k/Pnoepyga pusilla_29_c015.wav
Pnoepyga pusilla_29_c016,Pnoepyga pusilla,Pnoepyga pusilla,0.9921,data/chunks_48k/Pnoepyga pusilla_29_c016.wav,data/chunks_16k/Pnoepyga pusilla_29_c016.wav
Pnoepyga pusilla_2_c000,Pnoepyga pusilla,Pnoepyga pusilla,0.9992,data/chunks_48k/Pnoepyga pusilla_2_c000.wav,data/chunks_16k/Pnoepyga pusilla_2_c000.wav
Pnoepyga pusilla_2_c001,Pnoepyga pusilla,Pnoepyga pusilla,0.9998,data/chunks_48k/Pnoepyga pusilla_2_c001.wav,data/chunks_16k/Pnoepyga pusilla_2_c001.wav
Pnoepyga pusilla_2_c002,Pnoepyga pusilla,Pnoepyga pusilla,0.9996,data/chunks_48k/Pnoepyga pusilla_2_c002.wav,data/chunks_16k/Pnoepyga pusilla_2_c002.wav
Pnoepyga pusilla_2_c003,Pnoepyga pusilla,Pnoepyga pusilla,0.9999,data/chunks_48k/Pnoepyga pusilla_2_c003.wav,data/chunks_16k/Pnoepyga pusilla_2_c003.wav
Pnoepyga pusilla_2_c004,Pnoepyga pusilla,Pnoepyga pusilla,0.9997,data/chunks_48k/Pnoepyga pusilla_2_c004.wav,data/chunks_16k/Pnoepyga pusilla_2_c004.wav
Pnoepyga pusilla_3_c000,Pnoepyga pusilla,Pnoepyga pusilla,0.9105,data/chunks_48k/Pnoepyga pusilla_3_c000.wav,data/chunks_16k/Pnoepyga pusilla_3_c000.wav
Pnoepyga pusilla_3_c001,Pnoepyga pusilla,Pnoepyga pusilla,0.9245,data/chunks_48k/Pnoepyga pusilla_3_c001.wav,data/chunks_16k/Pnoepyga pusilla_3_c001.wav
Pnoepyga pusilla_3_c002,Pnoepyga pusilla,Pnoepyga pusilla,0.8811,data/chunks_48k/Pnoepyga pusilla_3_c002.wav,data/chunks_16k/Pnoepyga pusilla_3_c002.wav
Pnoepyga pusilla_4_c000,Pnoepyga pusilla,Pnoepyga pusilla,0.9733,data/chunks_48k/Pnoepyga pusilla_4_c000.wav,data/chunks_16k/Pnoepyga pusilla_4_c000.wav
Pnoepyga pusilla_4_c001,Pnoepyga pusilla,Pnoepyga pusilla,0.9809,data/chunks_48k/Pnoepyga pusilla_4_c001.wav,data/chunks_16k/Pnoepyga pusilla_4_c001.wav
Pnoepyga pusilla_4_c002,Pnoepyga pusilla,Pnoepyga pusilla,0.9950,data/chunks_48k/Pnoepyga pusilla_4_c002.wav,data/chunks_16k/Pnoepyga pusilla_4_c002.wav
Pnoepyga pusilla_4_c003,Pnoepyga pusilla,Pnoepyga pusilla,0.9967,data/chunks_48k/Pnoepyga pusilla_4_c003.wav,data/chunks_16k/Pnoepyga pusilla_4_c003.wav
Pnoepyga pusilla_4_c004,Pnoepyga pusilla,Pnoepyga pusilla,0.9965,data/chunks_48k/Pnoepyga pusilla_4_c004.wav,data/chunks_16k/Pnoepyga pusilla_4_c004.wav
Pnoepyga pusilla_5_c000,Pnoepyga pusilla,Pnoepyga pusilla,0.9971,data/chunks_48k/Pnoepyga pusilla_5_c000.wav,data/chunks_16k/Pnoepyga pusilla_5_c000.wav
Pnoepyga pusilla_5_c001,Pnoepyga pusilla,Pnoepyga pusilla,0.9905,data/chunks_48k/Pnoepyga pusilla_5_c001.wav,data/chunks_16k/Pnoepyga pusilla_5_c001.wav
Pnoepyga pusilla_5_c002,Pnoepyga pusilla,Pnoepyga pusilla,0.9980,data/chunks_48k/Pnoepyga pusilla_5_c002.wav,data/chunks_16k/Pnoepyga pusilla_5_c002.wav
Pnoepyga pusilla_5_c003,Pnoepyga pusilla,Pnoepyga pusilla,0.9997,data/chunks_48k/Pnoepyga pusilla_5_c003.wav,data/chunks_16k/Pnoepyga pusilla_5_c003.wav
Pnoepyga pusilla_5_c004,Pnoepyga pusilla,Pnoepyga pusilla,0.9968,data/chunks_48k/Pnoepyga pusilla_5_c004.wav,data/chunks_16k/Pnoepyga pusilla_5_c004.wav
Pnoepyga pusilla_5_c005,Pnoepyga pusilla,Pnoepyga pusilla,0.9987,data/chunks_48k/Pnoepyga pusilla_5_c005.wav,data/chunks_16k/Pnoepyga pusilla_5_c005.wav
Pnoepyga pusilla_5_c006,Pnoepyga pusilla,Pnoepyga pusilla,0.9984,data/chunks_48k/Pnoepyga pusilla_5_c006.wav,data/chunks_16k/Pnoepyga pusilla_5_c006.wav
Pnoepyga pusilla_5_c007,Pnoepyga pusilla,Pnoepyga pusilla,0.9941,data/chunks_48k/Pnoepyga pusilla_5_c007.wav,data/chunks_16k/Pnoepyga pusilla_5_c007.wav
Pnoepyga pusilla_5_c008,Pnoepyga pusilla,Pnoepyga pusilla,0.9777,data/chunks_48k/Pnoepyga pusilla_5_c008.wav,data/chunks_16k/Pnoepyga pusilla_5_c008.wav
Pnoepyga pusilla_5_c009,Pnoepyga pusilla,Pnoepyga pusilla,0.9992,data/chunks_48k/Pnoepyga pusilla_5_c009.wav,data/chunks_16k/Pnoepyga pusilla_5_c009.wav
Pnoepyga pusilla_6_c000,Pnoepyga pusilla,Pnoepyga pusilla,0.9539,data/chunks_48k/Pnoepyga pusilla_6_c000.wav,data/chunks_16k/Pnoepyga pusilla_6_c000.wav
Pnoepyga pusilla_6_c001,Pnoepyga pusilla,Pnoepyga pusilla,0.9907,data/chunks_48k/Pnoepyga pusilla_6_c001.wav,data/chunks_16k/Pnoepyga pusilla_6_c001.wav
Pnoepyga pusilla_6_c002,Pnoepyga pusilla,Pnoepyga pusilla,0.8908,data/chunks_48k/Pnoepyga pusilla_6_c002.wav,data/chunks_16k/Pnoepyga pusilla_6_c002.wav
Pnoepyga pusilla_6_c003,Pnoepyga pusilla,Pnoepyga pusilla,0.9801,data/chunks_48k/Pnoepyga pusilla_6_c003.wav,data/chunks_16k/Pnoepyga pusilla_6_c003.wav
Pnoepyga pusilla_6_c004,Pnoepyga pusilla,Pnoepyga pusilla,0.8955,data/chunks_48k/Pnoepyga pusilla_6_c004.wav,data/chunks_16k/Pnoepyga pusilla_6_c004.wav
Pnoepyga pusilla_6_c005,Pnoepyga pusilla,Pnoepyga pusilla,0.9882,data/chunks_48k/Pnoepyga pusilla_6_c005.wav,data/chunks_16k/Pnoepyga pusilla_6_c005.wav
Pnoepyga pusilla_6_c006,Pnoepyga pusilla,Pnoepyga pusilla,0.9868,data/chunks_48k/Pnoepyga pusilla_6_c006.wav,data/chunks_16k/Pnoepyga pusilla_6_c006.wav
Pnoepyga pusilla_7_c000,Pnoepyga pusilla,Pnoepyga pusilla,0.5681,data/chunks_48k/Pnoepyga pusilla_7_c000.wav,data/chunks_16k/Pnoepyga pusilla_7_c000.wav
Pnoepyga pusilla_7_c004,Pnoepyga pusilla,Pnoepyga pusilla,0.5235,data/chunks_48k/Pnoepyga pusilla_7_c004.wav,data/chunks_16k/Pnoepyga pusilla_7_c004.wav
Pnoepyga pusilla_7_c005,Pnoepyga pusilla,Pnoepyga pusilla,0.5298,data/chunks_48k/Pnoepyga pusilla_7_c005.wav,data/chunks_16k/Pnoepyga pusilla_7_c005.wav
Pnoepyga pusilla_7_c006,Pnoepyga pusilla,Pnoepyga pusilla,0.5752,data/chunks_48k/Pnoepyga pusilla_7_c006.wav,data/chunks_16k/Pnoepyga pusilla_7_c006.wav
Pnoepyga pusilla_7_c008,Pnoepyga pusilla,Pnoepyga pusilla,0.8227,data/chunks_48k/Pnoepyga pusilla_7_c008.wav,data/chunks_16k/Pnoepyga pusilla_7_c008.wav
Pnoepyga pusilla_7_c009,Pnoepyga pusilla,Pnoepyga pusilla,0.5681,data/chunks_48k/Pnoepyga pusilla_7_c009.wav,data/chunks_16k/Pnoepyga pusilla_7_c009.wav
Pnoepyga pusilla_8_c000,Pnoepyga pusilla,Pnoepyga pusilla,0.9983,data/chunks_48k/Pnoepyga pusilla_8_c000.wav,data/chunks_16k/Pnoepyga pusilla_8_c000.wav
Pnoepyga pusilla_8_c001,Pnoepyga pusilla,Pnoepyga pusilla,0.9988,data/chunks_48k/Pnoepyga pusilla_8_c001.wav,data/chunks_16k/Pnoepyga pusilla_8_c001.wav
Pnoepyga pusilla_8_c002,Pnoepyga pusilla,Pnoepyga pusilla,0.7613,data/chunks_48k/Pnoepyga pusilla_8_c002.wav,data/chunks_16k/Pnoepyga pusilla_8_c002.wav
Pnoepyga pusilla_8_c003,Pnoepyga pusilla,Pnoepyga pusilla,0.8268,data/chunks_48k/Pnoepyga pusilla_8_c003.wav,data/chunks_16k/Pnoepyga pusilla_8_c003.wav
Pnoepyga pusilla_8_c004,Pnoepyga pusilla,Pnoepyga pusilla,0.9924,data/chunks_48k/Pnoepyga pusilla_8_c004.wav,data/chunks_16k/Pnoepyga pusilla_8_c004.wav
Pnoepyga pusilla_9_c000,Pnoepyga pusilla,Pnoepyga pusilla,0.9982,data/chunks_48k/Pnoepyga pusilla_9_c000.wav,data/chunks_16k/Pnoepyga pusilla_9_c000.wav
Pnoepyga pusilla_9_c001,Pnoepyga pusilla,Pnoepyga pusilla,0.9915,data/chunks_48k/Pnoepyga pusilla_9_c001.wav,data/chunks_16k/Pnoepyga pusilla_9_c001.wav
Pnoepyga pusilla_9_c002,Pnoepyga pusilla,Pnoepyga pusilla,0.9995,data/chunks_48k/Pnoepyga pusilla_9_c002.wav,data/chunks_16k/Pnoepyga pusilla_9_c002.wav
Pnoepyga pusilla_9_c003,Pnoepyga pusilla,Pnoepyga pusilla,0.9753,data/chunks_48k/Pnoepyga pusilla_9_c003.wav,data/chunks_16k/Pnoepyga pusilla_9_c003.wav
Pnoepyga pusilla_9_c004,Pnoepyga pusilla,Pnoepyga pusilla,0.9557,data/chunks_48k/Pnoepyga pusilla_9_c004.wav,data/chunks_16k/Pnoepyga pusilla_9_c004.wav
Pnoepyga pusilla_9_c005,Pnoepyga pusilla,Pnoepyga pusilla,0.9992,data/chunks_48k/Pnoepyga pusilla_9_c005.wav,data/chunks_16k/Pnoepyga pusilla_9_c005.wav
Polyplectron bicalcaratum_10_c000,Polyplectron bicalcaratum,Polyplectron bicalcaratum,0.9972,data/chunks_48k/Polyplectron bicalcaratum_10_c000.wav,data/chunks_16k/Polyplectron bicalcaratum_10_c000.wav
Polyplectron bicalcaratum_10_c001,Polyplectron bicalcaratum,Polyplectron bicalcaratum,0.9504,data/chunks_48k/Polyplectron bicalcaratum_10_c001.wav,data/chunks_16k/Polyplectron bicalcaratum_10_c001.wav
Polyplectron bicalcaratum_10_c002,Polyplectron bicalcaratum,Polyplectron bicalcaratum,0.7334,data/chunks_48k/Polyplectron bicalcaratum_10_c002.wav,data/chunks_16k/Polyplectron bicalcaratum_10_c002.wav
Polyplectron bicalcaratum_10_c003,Polyplectron bicalcaratum,Polyplectron bicalcaratum,0.9021,data/chunks_48k/Polyplectron bicalcaratum_10_c003.wav,data/chunks_16k/Polyplectron bicalcaratum_10_c003.wav
Polyplectron bicalcaratum_11_c000,Polyplectron bicalcaratum,Polyplectron bicalcaratum,0.9933,data/chunks_48k/Polyplectron bicalcaratum_11_c000.wav,data/chunks_16k/Polyplectron bicalcaratum_11_c000.wav
Polyplectron bicalcaratum_11_c003,Polyplectron bicalcaratum,Polyplectron bicalcaratum,0.9916,data/chunks_48k/Polyplectron bicalcaratum_11_c003.wav,data/chunks_16k/Polyplectron bicalcaratum_11_c003.wav
Polyplectron bicalcaratum_1_c000,Polyplectron bicalcaratum,Polyplectron bicalcaratum,0.9993,data/chunks_48k/Polyplectron bicalcaratum_1_c000.wav,data/chunks_16k/Polyplectron bicalcaratum_1_c000.wav
Polyplectron bicalcaratum_2_c000,Polyplectron bicalcaratum,Polyplectron bicalcaratum,0.9959,data/chunks_48k/Polyplectron bicalcaratum_2_c000.wav,data/chunks_16k/Polyplectron bicalcaratum_2_c000.wav
Polyplectron bicalcaratum_2_c001,Polyplectron bicalcaratum,Polyplectron bicalcaratum,0.9634,data/chunks_48k/Polyplectron bicalcaratum_2_c001.wav,data/chunks_16k/Polyplectron bicalcaratum_2_c001.wav
Polyplectron bicalcaratum_2_c002,Polyplectron bicalcaratum,Polyplectron bicalcaratum,0.9862,data/chunks_48k/Polyplectron bicalcaratum_2_c002.wav,data/chunks_16k/Polyplectron bicalcaratum_2_c002.wav
Polyplectron bicalcaratum_2_c003,Polyplectron bicalcaratum,Polyplectron bicalcaratum,0.9979,data/chunks_48k/Polyplectron bicalcaratum_2_c003.wav,data/chunks_16k/Polyplectron bicalcaratum_2_c003.wav
Polyplectron bicalcaratum_2_c004,Polyplectron bicalcaratum,Polyplectron bicalcaratum,0.8346,data/chunks_48k/Polyplectron bicalcaratum_2_c004.wav,data/chunks_16k/Polyplectron bicalcaratum_2_c004.wav
Polyplectron bicalcaratum_2_c005,Polyplectron bicalcaratum,Polyplectron bicalcaratum,0.9943,data/chunks_48k/Polyplectron bicalcaratum_2_c005.wav,data/chunks_16k/Polyplectron bicalcaratum_2_c005.wav
Polyplectron bicalcaratum_2_c006,Polyplectron bicalcaratum,Polyplectron bicalcaratum,0.9854,data/chunks_48k/Polyplectron bicalcaratum_2_c006.wav,data/chunks_16k/Polyplectron bicalcaratum_2_c006.wav
Polyplectron bicalcaratum_3_c000,Polyplectron bicalcaratum,Polyplectron bicalcaratum,0.9915,data/chunks_48k/Polyplectron bicalcaratum_3_c000.wav,data/chunks_16k/Polyplectron bicalcaratum_3_c000.wav
Polyplectron bicalcaratum_3_c001,Polyplectron bicalcaratum,Polyplectron bicalcaratum,0.9962,data/chunks_48k/Polyplectron bicalcaratum_3_c001.wav,data/chunks_16k/Polyplectron bicalcaratum_3_c001.wav
Polyplectron bicalcaratum_3_c003,Polyplectron bicalcaratum,Polyplectron bicalcaratum,0.9979,data/chunks_48k/Polyplectron bicalcaratum_3_c003.wav,data/chunks_16k/Polyplectron bicalcaratum_3_c003.wav
Polyplectron bicalcaratum_3_c004,Polyplectron bicalcaratum,Polyplectron bicalcaratum,0.9678,data/chunks_48k/Polyplectron bicalcaratum_3_c004.wav,data/chunks_16k/Polyplectron bicalcaratum_3_c004.wav
Polyplectron bicalcaratum_3_c005,Polyplectron bicalcaratum,Polyplectron bicalcaratum,0.9292,data/chunks_48k/Polyplectron bicalcaratum_3_c005.wav,data/chunks_16k/Polyplectron bicalcaratum_3_c005.wav
Polyplectron bicalcaratum_3_c006,Polyplectron bicalcaratum,Polyplectron bicalcaratum,0.9657,data/chunks_48k/Polyplectron bicalcaratum_3_c006.wav,data/chunks_16k/Polyplectron bicalcaratum_3_c006.wav
Polyplectron bicalcaratum_3_c007,Polyplectron bicalcaratum,Polyplectron bicalcaratum,0.9972,data/chunks_48k/Polyplectron bicalcaratum_3_c007.wav,data/chunks_16k/Polyplectron bicalcaratum_3_c007.wav
Polyplectron bicalcaratum_3_c009,Polyplectron bicalcaratum,Polyplectron bicalcaratum,0.9894,data/chunks_48k/Polyplectron bicalcaratum_3_c009.wav,data/chunks_16k/Polyplectron bicalcaratum_3_c009.wav
Polyplectron bicalcaratum_4_c000,Polyplectron bicalcaratum,Polyplectron bicalcaratum,0.8979,data/chunks_48k/Polyplectron bicalcaratum_4_c000.wav,data/chunks_16k/Polyplectron bicalcaratum_4_c000.wav
Polyplectron bicalcaratum_4_c001,Polyplectron bicalcaratum,Polyplectron bicalcaratum,0.9818,data/chunks_48k/Polyplectron bicalcaratum_4_c001.wav,data/chunks_16k/Polyplectron bicalcaratum_4_c001.wav
Polyplectron bicalcaratum_4_c002,Polyplectron bicalcaratum,Polyplectron bicalcaratum,0.9750,data/chunks_48k/Polyplectron bicalcaratum_4_c002.wav,data/chunks_16k/Polyplectron bicalcaratum_4_c002.wav
Polyplectron bicalcaratum_4_c003,Polyplectron bicalcaratum,Polyplectron bicalcaratum,0.9266,data/chunks_48k/Polyplectron bicalcaratum_4_c003.wav,data/chunks_16k/Polyplectron bicalcaratum_4_c003.wav
Polyplectron bicalcaratum_5_c000,Polyplectron bicalcaratum,Polyplectron bicalcaratum,0.9974,data/chunks_48k/Polyplectron bicalcaratum_5_c000.wav,data/chunks_16k/Polyplectron bicalcaratum_5_c000.wav
Polyplectron bicalcaratum_5_c002,Polyplectron bicalcaratum,Polyplectron bicalcaratum,0.9616,data/chunks_48k/Polyplectron bicalcaratum_5_c002.wav,data/chunks_16k/Polyplectron bicalcaratum_5_c002.wav
Polyplectron bicalcaratum_5_c004,Polyplectron bicalcaratum,Polyplectron bicalcaratum,0.9581,data/chunks_48k/Polyplectron bicalcaratum_5_c004.wav,data/chunks_16k/Polyplectron bicalcaratum_5_c004.wav
Polyplectron bicalcaratum_5_c005,Polyplectron bicalcaratum,Polyplectron bicalcaratum,0.8188,data/chunks_48k/Polyplectron bicalcaratum_5_c005.wav,data/chunks_16k/Polyplectron bicalcaratum_5_c005.wav
Polyplectron bicalcaratum_6_c000,Polyplectron bicalcaratum,Polyplectron bicalcaratum,0.9955,data/chunks_48k/Polyplectron bicalcaratum_6_c000.wav,data/chunks_16k/Polyplectron bicalcaratum_6_c000.wav
Polyplectron bicalcaratum_6_c001,Polyplectron bicalcaratum,Polyplectron bicalcaratum,0.9738,data/chunks_48k/Polyplectron bicalcaratum_6_c001.wav,data/chunks_16k/Polyplectron bicalcaratum_6_c001.wav
Polyplectron bicalcaratum_6_c003,Polyplectron bicalcaratum,Polyplectron bicalcaratum,0.9991,data/chunks_48k/Polyplectron bicalcaratum_6_c003.wav,data/chunks_16k/Polyplectron bicalcaratum_6_c003.wav
Polyplectron bicalcaratum_6_c005,Polyplectron bicalcaratum,Polyplectron bicalcaratum,0.9880,data/chunks_48k/Polyplectron bicalcaratum_6_c005.wav,data/chunks_16k/Polyplectron bicalcaratum_6_c005.wav
Polyplectron bicalcaratum_6_c006,Polyplectron bicalcaratum,Polyplectron bicalcaratum,0.9937,data/chunks_48k/Polyplectron bicalcaratum_6_c006.wav,data/chunks_16k/Polyplectron bicalcaratum_6_c006.wav
Polyplectron bicalcaratum_6_c007,Polyplectron bicalcaratum,Polyplectron bicalcaratum,0.9680,data/chunks_48k/Polyplectron bicalcaratum_6_c007.wav,data/chunks_16k/Polyplectron bicalcaratum_6_c007.wav
Polyplectron bicalcaratum_6_c008,Polyplectron bicalcaratum,Polyplectron bicalcaratum,0.9995,data/chunks_48k/Polyplectron bicalcaratum_6_c008.wav,data/chunks_16k/Polyplectron bicalcaratum_6_c008.wav
Polyplectron bicalcaratum_6_c009,Polyplectron bicalcaratum,Polyplectron bicalcaratum,0.9978,data/chunks_48k/Polyplectron bicalcaratum_6_c009.wav,data/chunks_16k/Polyplectron bicalcaratum_6_c009.wav
Polyplectron bicalcaratum_6_c011,Polyplectron bicalcaratum,Polyplectron bicalcaratum,0.9944,data/chunks_48k/Polyplectron bicalcaratum_6_c011.wav,data/chunks_16k/Polyplectron bicalcaratum_6_c011.wav
Polyplectron bicalcaratum_7_c000,Polyplectron bicalcaratum,Polyplectron bicalcaratum,0.9998,data/chunks_48k/Polyplectron bicalcaratum_7_c000.wav,data/chunks_16k/Polyplectron bicalcaratum_7_c000.wav
Polyplectron bicalcaratum_7_c001,Polyplectron bicalcaratum,Polyplectron bicalcaratum,0.9983,data/chunks_48k/Polyplectron bicalcaratum_7_c001.wav,data/chunks_16k/Polyplectron bicalcaratum_7_c001.wav
Polyplectron bicalcaratum_7_c002,Polyplectron bicalcaratum,Polyplectron bicalcaratum,0.9995,data/chunks_48k/Polyplectron bicalcaratum_7_c002.wav,data/chunks_16k/Polyplectron bicalcaratum_7_c002.wav
Polyplectron bicalcaratum_7_c003,Polyplectron bicalcaratum,Polyplectron bicalcaratum,0.9921,data/chunks_48k/Polyplectron bicalcaratum_7_c003.wav,data/chunks_16k/Polyplectron bicalcaratum_7_c003.wav
Polyplectron bicalcaratum_7_c004,Polyplectron bicalcaratum,Polyplectron bicalcaratum,0.9891,data/chunks_48k/Polyplectron bicalcaratum_7_c004.wav,data/chunks_16k/Polyplectron bicalcaratum_7_c004.wav
Polyplectron bicalcaratum_7_c005,Polyplectron bicalcaratum,Polyplectron bicalcaratum,0.9941,data/chunks_48k/Polyplectron bicalcaratum_7_c005.wav,data/chunks_16k/Polyplectron bicalcaratum_7_c005.wav
Polyplectron bicalcaratum_7_c006,Polyplectron bicalcaratum,Polyplectron bicalcaratum,0.9883,data/chunks_48k/Polyplectron bicalcaratum_7_c006.wav,data/chunks_16k/Polyplectron bicalcaratum_7_c006.wav
Polyplectron bicalcaratum_7_c007,Polyplectron bicalcaratum,Polyplectron bicalcaratum,0.9961,data/chunks_48k/Polyplectron bicalcaratum_7_c007.wav,data/chunks_16k/Polyplectron bicalcaratum_7_c007.wav
Polyplectron bicalcaratum_7_c008,Polyplectron bicalcaratum,Polyplectron bicalcaratum,0.9862,data/chunks_48k/Polyplectron bicalcaratum_7_c008.wav,data/chunks_16k/Polyplectron bicalcaratum_7_c008.wav
Polyplectron bicalcaratum_7_c009,Polyplectron bicalcaratum,Polyplectron bicalcaratum,0.9965,data/chunks_48k/Polyplectron bicalcaratum_7_c009.wav,data/chunks_16k/Polyplectron bicalcaratum_7_c009.wav
Polyplectron bicalcaratum_8_c000,Polyplectron bicalcaratum,Polyplectron bicalcaratum,0.9995,data/chunks_48k/Polyplectron bicalcaratum_8_c000.wav,data/chunks_16k/Polyplectron bicalcaratum_8_c000.wav
Polyplectron bicalcaratum_9_c000,Polyplectron bicalcaratum,Polyplectron bicalcaratum,0.9993,data/chunks_48k/Polyplectron bicalcaratum_9_c000.wav,data/chunks_16k/Polyplectron bicalcaratum_9_c000.wav
Pomatorhinus ruficollis_10_c000,Pomatorhinus ruficollis,Pomatorhinus ruficollis,0.9985,data/chunks_48k/Pomatorhinus ruficollis_10_c000.wav,data/chunks_16k/Pomatorhinus ruficollis_10_c000.wav
Pomatorhinus ruficollis_10_c001,Pomatorhinus ruficollis,Pomatorhinus ruficollis,0.9855,data/chunks_48k/Pomatorhinus ruficollis_10_c001.wav,data/chunks_16k/Pomatorhinus ruficollis_10_c001.wav
Pomatorhinus ruficollis_10_c002,Pomatorhinus ruficollis,Pomatorhinus ruficollis,0.9956,data/chunks_48k/Pomatorhinus ruficollis_10_c002.wav,data/chunks_16k/Pomatorhinus ruficollis_10_c002.wav
Pomatorhinus ruficollis_10_c003,Pomatorhinus ruficollis,Pomatorhinus ruficollis,0.9977,data/chunks_48k/Pomatorhinus ruficollis_10_c003.wav,data/chunks_16k/Pomatorhinus ruficollis_10_c003.wav
Pomatorhinus ruficollis_10_c004,Pomatorhinus ruficollis,Pomatorhinus ruficollis,0.9675,data/chunks_48k/Pomatorhinus ruficollis_10_c004.wav,data/chunks_16k/Pomatorhinus ruficollis_10_c004.wav
Pomatorhinus ruficollis_10_c005,Pomatorhinus ruficollis,Pomatorhinus ruficollis,0.8109,data/chunks_48k/Pomatorhinus ruficollis_10_c005.wav,data/chunks_16k/Pomatorhinus ruficollis_10_c005.wav
Pomatorhinus ruficollis_10_c006,Pomatorhinus ruficollis,Pomatorhinus ruficollis,0.9900,data/chunks_48k/Pomatorhinus ruficollis_10_c006.wav,data/chunks_16k/Pomatorhinus ruficollis_10_c006.wav
Pomatorhinus ruficollis_10_c007,Pomatorhinus ruficollis,Pomatorhinus ruficollis,0.9883,data/chunks_48k/Pomatorhinus ruficollis_10_c007.wav,data/chunks_16k/Pomatorhinus ruficollis_10_c007.wav
Pomatorhinus ruficollis_10_c008,Pomatorhinus ruficollis,Pomatorhinus ruficollis,0.9865,data/chunks_48k/Pomatorhinus ruficollis_10_c008.wav,data/chunks_16k/Pomatorhinus ruficollis_10_c008.wav
Pomatorhinus ruficollis_10_c009,Pomatorhinus ruficollis,Pomatorhinus ruficollis,0.5752,data/chunks_48k/Pomatorhinus ruficollis_10_c009.wav,data/chunks_16k/Pomatorhinus ruficollis_10_c009.wav
Pomatorhinus ruficollis_11_c000,Pomatorhinus ruficollis,Pomatorhinus ruficollis,0.9625,data/chunks_48k/Pomatorhinus ruficollis_11_c000.wav,data/chunks_16k/Pomatorhinus ruficollis_11_c000.wav
Pomatorhinus ruficollis_11_c001,Pomatorhinus ruficollis,Pomatorhinus ruficollis,0.9874,data/chunks_48k/Pomatorhinus ruficollis_11_c001.wav,data/chunks_16k/Pomatorhinus ruficollis_11_c001.wav
Pomatorhinus ruficollis_11_c002,Pomatorhinus ruficollis,Pomatorhinus ruficollis,0.9517,data/chunks_48k/Pomatorhinus ruficollis_11_c002.wav,data/chunks_16k/Pomatorhinus ruficollis_11_c002.wav
Pomatorhinus ruficollis_11_c003,Pomatorhinus ruficollis,Pomatorhinus ruficollis,0.5706,data/chunks_48k/Pomatorhinus ruficollis_11_c003.wav,data/chunks_16k/Pomatorhinus ruficollis_11_c003.wav
Pomatorhinus ruficollis_12_c000,Pomatorhinus ruficollis,Pomatorhinus ruficollis,0.9816,data/chunks_48k/Pomatorhinus ruficollis_12_c000.wav,data/chunks_16k/Pomatorhinus ruficollis_12_c000.wav
Pomatorhinus ruficollis_12_c001,Pomatorhinus ruficollis,Pomatorhinus ruficollis,0.9908,data/chunks_48k/Pomatorhinus ruficollis_12_c001.wav,data/chunks_16k/Pomatorhinus ruficollis_12_c001.wav
Pomatorhinus ruficollis_12_c002,Pomatorhinus ruficollis,Pomatorhinus ruficollis,0.9354,data/chunks_48k/Pomatorhinus ruficollis_12_c002.wav,data/chunks_16k/Pomatorhinus ruficollis_12_c002.wav
Pomatorhinus ruficollis_13_c000,Pomatorhinus ruficollis,Pomatorhinus ruficollis,0.7998,data/chunks_48k/Pomatorhinus ruficollis_13_c000.wav,data/chunks_16k/Pomatorhinus ruficollis_13_c000.wav
Pomatorhinus ruficollis_13_c001,Pomatorhinus ruficollis,Pomatorhinus ruficollis,0.8689,data/chunks_48k/Pomatorhinus ruficollis_13_c001.wav,data/chunks_16k/Pomatorhinus ruficollis_13_c001.wav
Pomatorhinus ruficollis_13_c002,Pomatorhinus ruficollis,Pomatorhinus ruficollis,0.8439,data/chunks_48k/Pomatorhinus ruficollis_13_c002.wav,data/chunks_16k/Pomatorhinus ruficollis_13_c002.wav
Pomatorhinus ruficollis_13_c003,Pomatorhinus ruficollis,Pomatorhinus ruficollis,0.8607,data/chunks_48k/Pomatorhinus ruficollis_13_c003.wav,data/chunks_16k/Pomatorhinus ruficollis_13_c003.wav
Pomatorhinus ruficollis_13_c004,Pomatorhinus ruficollis,Pomatorhinus ruficollis,0.6740,data/chunks_48k/Pomatorhinus ruficollis_13_c004.wav,data/chunks_16k/Pomatorhinus ruficollis_13_c004.wav
Pomatorhinus ruficollis_13_c005,Pomatorhinus ruficollis,Pomatorhinus ruficollis,0.8448,data/chunks_48k/Pomatorhinus ruficollis_13_c005.wav,data/chunks_16k/Pomatorhinus ruficollis_13_c005.wav
Pomatorhinus ruficollis_13_c006,Pomatorhinus ruficollis,Pomatorhinus ruficollis,0.5720,data/chunks_48k/Pomatorhinus ruficollis_13_c006.wav,data/chunks_16k/Pomatorhinus ruficollis_13_c006.wav
Pomatorhinus ruficollis_13_c008,Pomatorhinus ruficollis,Pomatorhinus ruficollis,0.9232,data/chunks_48k/Pomatorhinus ruficollis_13_c008.wav,data/chunks_16k/Pomatorhinus ruficollis_13_c008.wav
Pomatorhinus ruficollis_13_c009,Pomatorhinus ruficollis,Pomatorhinus ruficollis,0.9505,data/chunks_48k/Pomatorhinus ruficollis_13_c009.wav,data/chunks_16k/Pomatorhinus ruficollis_13_c009.wav
Pomatorhinus ruficollis_14_c000,Pomatorhinus ruficollis,Pomatorhinus ruficollis,0.9802,data/chunks_48k/Pomatorhinus ruficollis_14_c000.wav,data/chunks_16k/Pomatorhinus ruficollis_14_c000.wav
Pomatorhinus ruficollis_14_c001,Pomatorhinus ruficollis,Pomatorhinus ruficollis,0.9019,data/chunks_48k/Pomatorhinus ruficollis_14_c001.wav,data/chunks_16k/Pomatorhinus ruficollis_14_c001.wav
Pomatorhinus ruficollis_14_c002,Pomatorhinus ruficollis,Pomatorhinus ruficollis,0.9581,data/chunks_48k/Pomatorhinus ruficollis_14_c002.wav,data/chunks_16k/Pomatorhinus ruficollis_14_c002.wav
Pomatorhinus ruficollis_15_c000,Pomatorhinus ruficollis,Pomatorhinus ruficollis,0.9942,data/chunks_48k/Pomatorhinus ruficollis_15_c000.wav,data/chunks_16k/Pomatorhinus ruficollis_15_c000.wav
Pomatorhinus ruficollis_15_c001,Pomatorhinus ruficollis,Pomatorhinus ruficollis,0.8561,data/chunks_48k/Pomatorhinus ruficollis_15_c001.wav,data/chunks_16k/Pomatorhinus ruficollis_15_c001.wav
Pomatorhinus ruficollis_15_c002,Pomatorhinus ruficollis,Pomatorhinus ruficollis,0.9812,data/chunks_48k/Pomatorhinus ruficollis_15_c002.wav,data/chunks_16k/Pomatorhinus ruficollis_15_c002.wav
Pomatorhinus ruficollis_15_c003,Pomatorhinus ruficollis,Pomatorhinus ruficollis,0.6312,data/chunks_48k/Pomatorhinus ruficollis_15_c003.wav,data/chunks_16k/Pomatorhinus ruficollis_15_c003.wav
Pomatorhinus ruficollis_16_c000,Pomatorhinus ruficollis,Pomatorhinus ruficollis,0.8731,data/chunks_48k/Pomatorhinus ruficollis_16_c000.wav,data/chunks_16k/Pomatorhinus ruficollis_16_c000.wav
Pomatorhinus ruficollis_16_c002,Pomatorhinus ruficollis,Pomatorhinus ruficollis,0.8203,data/chunks_48k/Pomatorhinus ruficollis_16_c002.wav,data/chunks_16k/Pomatorhinus ruficollis_16_c002.wav
Pomatorhinus ruficollis_16_c003,Pomatorhinus ruficollis,Pomatorhinus ruficollis,0.9786,data/chunks_48k/Pomatorhinus ruficollis_16_c003.wav,data/chunks_16k/Pomatorhinus ruficollis_16_c003.wav
Pomatorhinus ruficollis_16_c004,Pomatorhinus ruficollis,Pomatorhinus ruficollis,0.9844,data/chunks_48k/Pomatorhinus ruficollis_16_c004.wav,data/chunks_16k/Pomatorhinus ruficollis_16_c004.wav
Pomatorhinus ruficollis_16_c005,Pomatorhinus ruficollis,Pomatorhinus ruficollis,0.9893,data/chunks_48k/Pomatorhinus ruficollis_16_c005.wav,data/chunks_16k/Pomatorhinus ruficollis_16_c005.wav
Pomatorhinus ruficollis_16_c006,Pomatorhinus ruficollis,Pomatorhinus ruficollis,0.9897,data/chunks_48k/Pomatorhinus ruficollis_16_c006.wav,data/chunks_16k/Pomatorhinus ruficollis_16_c006.wav
Pomatorhinus ruficollis_16_c008,Pomatorhinus ruficollis,Pomatorhinus ruficollis,0.9935,data/chunks_48k/Pomatorhinus ruficollis_16_c008.wav,data/chunks_16k/Pomatorhinus ruficollis_16_c008.wav
Pomatorhinus ruficollis_17_c000,Pomatorhinus ruficollis,Pomatorhinus ruficollis,0.9978,data/chunks_48k/Pomatorhinus ruficollis_17_c000.wav,data/chunks_16k/Pomatorhinus ruficollis_17_c000.wav
Pomatorhinus ruficollis_17_c001,Pomatorhinus ruficollis,Pomatorhinus ruficollis,0.9967,data/chunks_48k/Pomatorhinus ruficollis_17_c001.wav,data/chunks_16k/Pomatorhinus ruficollis_17_c001.wav
Pomatorhinus ruficollis_17_c002,Pomatorhinus ruficollis,Pomatorhinus ruficollis,0.9880,data/chunks_48k/Pomatorhinus ruficollis_17_c002.wav,data/chunks_16k/Pomatorhinus ruficollis_17_c002.wav
Pomatorhinus ruficollis_17_c003,Pomatorhinus ruficollis,Pomatorhinus ruficollis,0.9659,data/chunks_48k/Pomatorhinus ruficollis_17_c003.wav,data/chunks_16k/Pomatorhinus ruficollis_17_c003.wav
Pomatorhinus ruficollis_17_c004,Pomatorhinus ruficollis,Pomatorhinus ruficollis,0.8005,data/chunks_48k/Pomatorhinus ruficollis_17_c004.wav,data/chunks_16k/Pomatorhinus ruficollis_17_c004.wav
Pomatorhinus ruficollis_17_c005,Pomatorhinus ruficollis,Pomatorhinus ruficollis,0.9675,data/chunks_48k/Pomatorhinus ruficollis_17_c005.wav,data/chunks_16k/Pomatorhinus ruficollis_17_c005.wav
Pomatorhinus ruficollis_17_c006,Pomatorhinus ruficollis,Pomatorhinus ruficollis,0.9867,data/chunks_48k/Pomatorhinus ruficollis_17_c006.wav,data/chunks_16k/Pomatorhinus ruficollis_17_c006.wav
Pomatorhinus ruficollis_17_c007,Pomatorhinus ruficollis,Pomatorhinus ruficollis,0.9487,data/chunks_48k/Pomatorhinus ruficollis_17_c007.wav,data/chunks_16k/Pomatorhinus ruficollis_17_c007.wav
Pomatorhinus ruficollis_17_c008,Pomatorhinus ruficollis,Pomatorhinus ruficollis,0.9913,data/chunks_48k/Pomatorhinus ruficollis_17_c008.wav,data/chunks_16k/Pomatorhinus ruficollis_17_c008.wav
Pomatorhinus ruficollis_18_c000,Pomatorhinus ruficollis,Pomatorhinus ruficollis,0.9967,data/chunks_48k/Pomatorhinus ruficollis_18_c000.wav,data/chunks_16k/Pomatorhinus ruficollis_18_c000.wav
Pomatorhinus ruficollis_18_c002,Pomatorhinus ruficollis,Pomatorhinus ruficollis,0.9780,data/chunks_48k/Pomatorhinus ruficollis_18_c002.wav,data/chunks_16k/Pomatorhinus ruficollis_18_c002.wav
Pomatorhinus ruficollis_18_c003,Pomatorhinus ruficollis,Pomatorhinus ruficollis,0.9821,data/chunks_48k/Pomatorhinus ruficollis_18_c003.wav,data/chunks_16k/Pomatorhinus ruficollis_18_c003.wav
Pomatorhinus ruficollis_18_c004,Pomatorhinus ruficollis,Pomatorhinus ruficollis,0.9878,data/chunks_48k/Pomatorhinus ruficollis_18_c004.wav,data/chunks_16k/Pomatorhinus ruficollis_18_c004.wav
Pomatorhinus ruficollis_18_c005,Pomatorhinus ruficollis,Pomatorhinus ruficollis,0.9993,data/chunks_48k/Pomatorhinus ruficollis_18_c005.wav,data/chunks_16k/Pomatorhinus ruficollis_18_c005.wav
Pomatorhinus ruficollis_18_c006,Pomatorhinus ruficollis,Pomatorhinus ruficollis,0.9758,data/chunks_48k/Pomatorhinus ruficollis_18_c006.wav,data/chunks_16k/Pomatorhinus ruficollis_18_c006.wav
Pomatorhinus ruficollis_18_c007,Pomatorhinus ruficollis,Pomatorhinus ruficollis,0.9940,data/chunks_48k/Pomatorhinus ruficollis_18_c007.wav,data/chunks_16k/Pomatorhinus ruficollis_18_c007.wav
Pomatorhinus ruficollis_18_c008,Pomatorhinus ruficollis,Pomatorhinus ruficollis,0.9962,data/chunks_48k/Pomatorhinus ruficollis_18_c008.wav,data/chunks_16k/Pomatorhinus ruficollis_18_c008.wav
Pomatorhinus ruficollis_18_c010,Pomatorhinus ruficollis,Pomatorhinus ruficollis,0.9990,data/chunks_48k/Pomatorhinus ruficollis_18_c010.wav,data/chunks_16k/Pomatorhinus ruficollis_18_c010.wav
Pomatorhinus ruficollis_18_c011,Pomatorhinus ruficollis,Pomatorhinus ruficollis,0.9598,data/chunks_48k/Pomatorhinus ruficollis_18_c011.wav,data/chunks_16k/Pomatorhinus ruficollis_18_c011.wav
Pomatorhinus ruficollis_18_c012,Pomatorhinus ruficollis,Pomatorhinus ruficollis,0.9829,data/chunks_48k/Pomatorhinus ruficollis_18_c012.wav,data/chunks_16k/Pomatorhinus ruficollis_18_c012.wav
Pomatorhinus ruficollis_18_c013,Pomatorhinus ruficollis,Pomatorhinus ruficollis,0.9968,data/chunks_48k/Pomatorhinus ruficollis_18_c013.wav,data/chunks_16k/Pomatorhinus ruficollis_18_c013.wav
Pomatorhinus ruficollis_18_c014,Pomatorhinus ruficollis,Pomatorhinus ruficollis,0.9897,data/chunks_48k/Pomatorhinus ruficollis_18_c014.wav,data/chunks_16k/Pomatorhinus ruficollis_18_c014.wav
Pomatorhinus ruficollis_18_c015,Pomatorhinus ruficollis,Pomatorhinus ruficollis,0.9482,data/chunks_48k/Pomatorhinus ruficollis_18_c015.wav,data/chunks_16k/Pomatorhinus ruficollis_18_c015.wav
Pomatorhinus ruficollis_18_c016,Pomatorhinus ruficollis,Pomatorhinus ruficollis,0.9983,data/chunks_48k/Pomatorhinus ruficollis_18_c016.wav,data/chunks_16k/Pomatorhinus ruficollis_18_c016.wav
Pomatorhinus ruficollis_18_c017,Pomatorhinus ruficollis,Pomatorhinus ruficollis,0.7472,data/chunks_48k/Pomatorhinus ruficollis_18_c017.wav,data/chunks_16k/Pomatorhinus ruficollis_18_c017.wav
Pomatorhinus ruficollis_18_c018,Pomatorhinus ruficollis,Pomatorhinus ruficollis,0.9993,data/chunks_48k/Pomatorhinus ruficollis_18_c018.wav,data/chunks_16k/Pomatorhinus ruficollis_18_c018.wav
Pomatorhinus ruficollis_18_c019,Pomatorhinus ruficollis,Pomatorhinus ruficollis,0.9523,data/chunks_48k/Pomatorhinus ruficollis_18_c019.wav,data/chunks_16k/Pomatorhinus ruficollis_18_c019.wav
Pomatorhinus ruficollis_18_c020,Pomatorhinus ruficollis,Pomatorhinus ruficollis,0.9954,data/chunks_48k/Pomatorhinus ruficollis_18_c020.wav,data/chunks_16k/Pomatorhinus ruficollis_18_c020.wav
Pomatorhinus ruficollis_18_c021,Pomatorhinus ruficollis,Pomatorhinus ruficollis,0.8428,data/chunks_48k/Pomatorhinus ruficollis_18_c021.wav,data/chunks_16k/Pomatorhinus ruficollis_18_c021.wav
Pomatorhinus ruficollis_19_c000,Pomatorhinus ruficollis,Pomatorhinus ruficollis,0.9825,data/chunks_48k/Pomatorhinus ruficollis_19_c000.wav,data/chunks_16k/Pomatorhinus ruficollis_19_c000.wav
Pomatorhinus ruficollis_19_c002,Pomatorhinus ruficollis,Pomatorhinus ruficollis,0.9495,data/chunks_48k/Pomatorhinus ruficollis_19_c002.wav,data/chunks_16k/Pomatorhinus ruficollis_19_c002.wav
Pomatorhinus ruficollis_19_c004,Pomatorhinus ruficollis,Pomatorhinus ruficollis,0.5411,data/chunks_48k/Pomatorhinus ruficollis_19_c004.wav,data/chunks_16k/Pomatorhinus ruficollis_19_c004.wav
Pomatorhinus ruficollis_19_c005,Pomatorhinus ruficollis,Pomatorhinus ruficollis,0.5854,data/chunks_48k/Pomatorhinus ruficollis_19_c005.wav,data/chunks_16k/Pomatorhinus ruficollis_19_c005.wav
Pomatorhinus ruficollis_19_c006,Pomatorhinus ruficollis,Pomatorhinus ruficollis,0.6236,data/chunks_48k/Pomatorhinus ruficollis_19_c006.wav,data/chunks_16k/Pomatorhinus ruficollis_19_c006.wav
Pomatorhinus ruficollis_1_c000,Pomatorhinus ruficollis,Pomatorhinus ruficollis,0.9316,data/chunks_48k/Pomatorhinus ruficollis_1_c000.wav,data/chunks_16k/Pomatorhinus ruficollis_1_c000.wav
Pomatorhinus ruficollis_1_c002,Pomatorhinus ruficollis,Pomatorhinus ruficollis,0.7194,data/chunks_48k/Pomatorhinus ruficollis_1_c002.wav,data/chunks_16k/Pomatorhinus ruficollis_1_c002.wav
Pomatorhinus ruficollis_1_c005,Pomatorhinus ruficollis,Pomatorhinus ruficollis,0.9318,data/chunks_48k/Pomatorhinus ruficollis_1_c005.wav,data/chunks_16k/Pomatorhinus ruficollis_1_c005.wav
Pomatorhinus ruficollis_20_c000,Pomatorhinus ruficollis,Pomatorhinus ruficollis,0.7957,data/chunks_48k/Pomatorhinus ruficollis_20_c000.wav,data/chunks_16k/Pomatorhinus ruficollis_20_c000.wav
Pomatorhinus ruficollis_21_c000,Pomatorhinus ruficollis,Pomatorhinus ruficollis,0.9130,data/chunks_48k/Pomatorhinus ruficollis_21_c000.wav,data/chunks_16k/Pomatorhinus ruficollis_21_c000.wav
Pomatorhinus ruficollis_21_c001,Pomatorhinus ruficollis,Pomatorhinus ruficollis,0.8283,data/chunks_48k/Pomatorhinus ruficollis_21_c001.wav,data/chunks_16k/Pomatorhinus ruficollis_21_c001.wav
Pomatorhinus ruficollis_21_c003,Pomatorhinus ruficollis,Pomatorhinus ruficollis,0.8234,data/chunks_48k/Pomatorhinus ruficollis_21_c003.wav,data/chunks_16k/Pomatorhinus ruficollis_21_c003.wav
Pomatorhinus ruficollis_21_c004,Pomatorhinus ruficollis,Pomatorhinus ruficollis,0.7597,data/chunks_48k/Pomatorhinus ruficollis_21_c004.wav,data/chunks_16k/Pomatorhinus ruficollis_21_c004.wav
Pomatorhinus ruficollis_21_c005,Pomatorhinus ruficollis,Pomatorhinus ruficollis,0.9010,data/chunks_48k/Pomatorhinus ruficollis_21_c005.wav,data/chunks_16k/Pomatorhinus ruficollis_21_c005.wav
Pomatorhinus ruficollis_22_c000,Pomatorhinus ruficollis,Pomatorhinus ruficollis,0.7936,data/chunks_48k/Pomatorhinus ruficollis_22_c000.wav,data/chunks_16k/Pomatorhinus ruficollis_22_c000.wav
Pomatorhinus ruficollis_22_c001,Pomatorhinus ruficollis,Pomatorhinus ruficollis,0.8921,data/chunks_48k/Pomatorhinus ruficollis_22_c001.wav,data/chunks_16k/Pomatorhinus ruficollis_22_c001.wav
Pomatorhinus ruficollis_22_c002,Pomatorhinus ruficollis,Pomatorhinus ruficollis,0.8350,data/chunks_48k/Pomatorhinus ruficollis_22_c002.wav,data/chunks_16k/Pomatorhinus ruficollis_22_c002.wav
Pomatorhinus ruficollis_23_c000,Pomatorhinus ruficollis,Pomatorhinus ruficollis,0.9786,data/chunks_48k/Pomatorhinus ruficollis_23_c000.wav,data/chunks_16k/Pomatorhinus ruficollis_23_c000.wav
Pomatorhinus ruficollis_23_c001,Pomatorhinus ruficollis,Pomatorhinus ruficollis,0.8422,data/chunks_48k/Pomatorhinus ruficollis_23_c001.wav,data/chunks_16k/Pomatorhinus ruficollis_23_c001.wav
Pomatorhinus ruficollis_24_c000,Pomatorhinus ruficollis,Pomatorhinus ruficollis,0.9806,data/chunks_48k/Pomatorhinus ruficollis_24_c000.wav,data/chunks_16k/Pomatorhinus ruficollis_24_c000.wav
Pomatorhinus ruficollis_24_c001,Pomatorhinus ruficollis,Pomatorhinus ruficollis,0.9733,data/chunks_48k/Pomatorhinus ruficollis_24_c001.wav,data/chunks_16k/Pomatorhinus ruficollis_24_c001.wav
Pomatorhinus ruficollis_24_c003,Pomatorhinus ruficollis,Pomatorhinus ruficollis,0.7234,data/chunks_48k/Pomatorhinus ruficollis_24_c003.wav,data/chunks_16k/Pomatorhinus ruficollis_24_c003.wav
Pomatorhinus ruficollis_24_c004,Pomatorhinus ruficollis,Pomatorhinus ruficollis,0.9672,data/chunks_48k/Pomatorhinus ruficollis_24_c004.wav,data/chunks_16k/Pomatorhinus ruficollis_24_c004.wav
Pomatorhinus ruficollis_24_c005,Pomatorhinus ruficollis,Pomatorhinus ruficollis,0.9903,data/chunks_48k/Pomatorhinus ruficollis_24_c005.wav,data/chunks_16k/Pomatorhinus ruficollis_24_c005.wav
Pomatorhinus ruficollis_24_c006,Pomatorhinus ruficollis,Pomatorhinus ruficollis,0.9385,data/chunks_48k/Pomatorhinus ruficollis_24_c006.wav,data/chunks_16k/Pomatorhinus ruficollis_24_c006.wav
Pomatorhinus ruficollis_24_c008,Pomatorhinus ruficollis,Pomatorhinus ruficollis,0.9392,data/chunks_48k/Pomatorhinus ruficollis_24_c008.wav,data/chunks_16k/Pomatorhinus ruficollis_24_c008.wav
Pomatorhinus ruficollis_24_c009,Pomatorhinus ruficollis,Pomatorhinus ruficollis,0.9395,data/chunks_48k/Pomatorhinus ruficollis_24_c009.wav,data/chunks_16k/Pomatorhinus ruficollis_24_c009.wav
Pomatorhinus ruficollis_24_c010,Pomatorhinus ruficollis,Pomatorhinus ruficollis,0.9756,data/chunks_48k/Pomatorhinus ruficollis_24_c010.wav,data/chunks_16k/Pomatorhinus ruficollis_24_c010.wav
Pomatorhinus ruficollis_24_c011,Pomatorhinus ruficollis,Pomatorhinus ruficollis,0.8329,data/chunks_48k/Pomatorhinus ruficollis_24_c011.wav,data/chunks_16k/Pomatorhinus ruficollis_24_c011.wav
Pomatorhinus ruficollis_24_c012,Pomatorhinus ruficollis,Pomatorhinus ruficollis,0.9202,data/chunks_48k/Pomatorhinus ruficollis_24_c012.wav,data/chunks_16k/Pomatorhinus ruficollis_24_c012.wav
Pomatorhinus ruficollis_24_c013,Pomatorhinus ruficollis,Pomatorhinus ruficollis,0.9903,data/chunks_48k/Pomatorhinus ruficollis_24_c013.wav,data/chunks_16k/Pomatorhinus ruficollis_24_c013.wav
Pomatorhinus ruficollis_24_c014,Pomatorhinus ruficollis,Pomatorhinus ruficollis,0.8711,data/chunks_48k/Pomatorhinus ruficollis_24_c014.wav,data/chunks_16k/Pomatorhinus ruficollis_24_c014.wav
Pomatorhinus ruficollis_24_c015,Pomatorhinus ruficollis,Pomatorhinus ruficollis,0.9749,data/chunks_48k/Pomatorhinus ruficollis_24_c015.wav,data/chunks_16k/Pomatorhinus ruficollis_24_c015.wav
Pomatorhinus ruficollis_24_c016,Pomatorhinus ruficollis,Pomatorhinus ruficollis,0.9886,data/chunks_48k/Pomatorhinus ruficollis_24_c016.wav,data/chunks_16k/Pomatorhinus ruficollis_24_c016.wav
Pomatorhinus ruficollis_24_c017,Pomatorhinus ruficollis,Pomatorhinus ruficollis,0.9893,data/chunks_48k/Pomatorhinus ruficollis_24_c017.wav,data/chunks_16k/Pomatorhinus ruficollis_24_c017.wav
Pomatorhinus ruficollis_24_c018,Pomatorhinus ruficollis,Pomatorhinus ruficollis,0.9410,data/chunks_48k/Pomatorhinus ruficollis_24_c018.wav,data/chunks_16k/Pomatorhinus ruficollis_24_c018.wav
Pomatorhinus ruficollis_24_c019,Pomatorhinus ruficollis,Pomatorhinus ruficollis,0.9974,data/chunks_48k/Pomatorhinus ruficollis_24_c019.wav,data/chunks_16k/Pomatorhinus ruficollis_24_c019.wav
Pomatorhinus ruficollis_24_c020,Pomatorhinus ruficollis,Pomatorhinus ruficollis,0.9984,data/chunks_48k/Pomatorhinus ruficollis_24_c020.wav,data/chunks_16k/Pomatorhinus ruficollis_24_c020.wav
Pomatorhinus ruficollis_24_c021,Pomatorhinus ruficollis,Pomatorhinus ruficollis,0.9799,data/chunks_48k/Pomatorhinus ruficollis_24_c021.wav,data/chunks_16k/Pomatorhinus ruficollis_24_c021.wav
Pomatorhinus ruficollis_24_c022,Pomatorhinus ruficollis,Pomatorhinus ruficollis,0.9461,data/chunks_48k/Pomatorhinus ruficollis_24_c022.wav,data/chunks_16k/Pomatorhinus ruficollis_24_c022.wav
Pomatorhinus ruficollis_24_c023,Pomatorhinus ruficollis,Pomatorhinus ruficollis,0.9796,data/chunks_48k/Pomatorhinus ruficollis_24_c023.wav,data/chunks_16k/Pomatorhinus ruficollis_24_c023.wav
Pomatorhinus ruficollis_24_c024,Pomatorhinus ruficollis,Pomatorhinus ruficollis,0.9682,data/chunks_48k/Pomatorhinus ruficollis_24_c024.wav,data/chunks_16k/Pomatorhinus ruficollis_24_c024.wav
Pomatorhinus ruficollis_24_c025,Pomatorhinus ruficollis,Pomatorhinus ruficollis,0.9816,data/chunks_48k/Pomatorhinus ruficollis_24_c025.wav,data/chunks_16k/Pomatorhinus ruficollis_24_c025.wav
Pomatorhinus ruficollis_24_c026,Pomatorhinus ruficollis,Pomatorhinus ruficollis,0.9942,data/chunks_48k/Pomatorhinus ruficollis_24_c026.wav,data/chunks_16k/Pomatorhinus ruficollis_24_c026.wav
Pomatorhinus ruficollis_24_c027,Pomatorhinus ruficollis,Pomatorhinus ruficollis,0.8597,data/chunks_48k/Pomatorhinus ruficollis_24_c027.wav,data/chunks_16k/Pomatorhinus ruficollis_24_c027.wav
Pomatorhinus ruficollis_24_c028,Pomatorhinus ruficollis,Pomatorhinus ruficollis,0.6886,data/chunks_48k/Pomatorhinus ruficollis_24_c028.wav,data/chunks_16k/Pomatorhinus ruficollis_24_c028.wav
Pomatorhinus ruficollis_24_c029,Pomatorhinus ruficollis,Pomatorhinus ruficollis,0.5926,data/chunks_48k/Pomatorhinus ruficollis_24_c029.wav,data/chunks_16k/Pomatorhinus ruficollis_24_c029.wav
Pomatorhinus ruficollis_24_c030,Pomatorhinus ruficollis,Pomatorhinus ruficollis,0.9863,data/chunks_48k/Pomatorhinus ruficollis_24_c030.wav,data/chunks_16k/Pomatorhinus ruficollis_24_c030.wav
Pomatorhinus ruficollis_24_c031,Pomatorhinus ruficollis,Pomatorhinus ruficollis,0.6086,data/chunks_48k/Pomatorhinus ruficollis_24_c031.wav,data/chunks_16k/Pomatorhinus ruficollis_24_c031.wav
Pomatorhinus ruficollis_26_c001,Pomatorhinus ruficollis,Pomatorhinus ruficollis,0.7899,data/chunks_48k/Pomatorhinus ruficollis_26_c001.wav,data/chunks_16k/Pomatorhinus ruficollis_26_c001.wav
Pomatorhinus ruficollis_26_c002,Pomatorhinus ruficollis,Pomatorhinus ruficollis,0.6026,data/chunks_48k/Pomatorhinus ruficollis_26_c002.wav,data/chunks_16k/Pomatorhinus ruficollis_26_c002.wav
Pomatorhinus ruficollis_27_c001,Pomatorhinus ruficollis,Pomatorhinus ruficollis,0.7386,data/chunks_48k/Pomatorhinus ruficollis_27_c001.wav,data/chunks_16k/Pomatorhinus ruficollis_27_c001.wav
Pomatorhinus ruficollis_27_c002,Pomatorhinus ruficollis,Pomatorhinus ruficollis,0.7385,data/chunks_48k/Pomatorhinus ruficollis_27_c002.wav,data/chunks_16k/Pomatorhinus ruficollis_27_c002.wav
Pomatorhinus ruficollis_27_c003,Pomatorhinus ruficollis,Pomatorhinus ruficollis,0.8972,data/chunks_48k/Pomatorhinus ruficollis_27_c003.wav,data/chunks_16k/Pomatorhinus ruficollis_27_c003.wav
Pomatorhinus ruficollis_27_c008,Pomatorhinus ruficollis,Pomatorhinus ruficollis,0.7427,data/chunks_48k/Pomatorhinus ruficollis_27_c008.wav,data/chunks_16k/Pomatorhinus ruficollis_27_c008.wav
Pomatorhinus ruficollis_27_c009,Pomatorhinus ruficollis,Pomatorhinus ruficollis,0.6325,data/chunks_48k/Pomatorhinus ruficollis_27_c009.wav,data/chunks_16k/Pomatorhinus ruficollis_27_c009.wav
Pomatorhinus ruficollis_28_c000,Pomatorhinus ruficollis,Pomatorhinus ruficollis,0.8311,data/chunks_48k/Pomatorhinus ruficollis_28_c000.wav,data/chunks_16k/Pomatorhinus ruficollis_28_c000.wav
Pomatorhinus ruficollis_28_c001,Pomatorhinus ruficollis,Pomatorhinus ruficollis,0.9076,data/chunks_48k/Pomatorhinus ruficollis_28_c001.wav,data/chunks_16k/Pomatorhinus ruficollis_28_c001.wav
Pomatorhinus ruficollis_28_c002,Pomatorhinus ruficollis,Pomatorhinus ruficollis,0.7619,data/chunks_48k/Pomatorhinus ruficollis_28_c002.wav,data/chunks_16k/Pomatorhinus ruficollis_28_c002.wav
Pomatorhinus ruficollis_28_c003,Pomatorhinus ruficollis,Pomatorhinus ruficollis,0.7624,data/chunks_48k/Pomatorhinus ruficollis_28_c003.wav,data/chunks_16k/Pomatorhinus ruficollis_28_c003.wav
Pomatorhinus ruficollis_28_c004,Pomatorhinus ruficollis,Pomatorhinus ruficollis,0.6735,data/chunks_48k/Pomatorhinus ruficollis_28_c004.wav,data/chunks_16k/Pomatorhinus ruficollis_28_c004.wav
Pomatorhinus ruficollis_29_c000,Pomatorhinus ruficollis,Pomatorhinus ruficollis,0.9757,data/chunks_48k/Pomatorhinus ruficollis_29_c000.wav,data/chunks_16k/Pomatorhinus ruficollis_29_c000.wav
Pomatorhinus ruficollis_29_c001,Pomatorhinus ruficollis,Pomatorhinus ruficollis,0.9507,data/chunks_48k/Pomatorhinus ruficollis_29_c001.wav,data/chunks_16k/Pomatorhinus ruficollis_29_c001.wav
Pomatorhinus ruficollis_29_c002,Pomatorhinus ruficollis,Pomatorhinus ruficollis,0.9732,data/chunks_48k/Pomatorhinus ruficollis_29_c002.wav,data/chunks_16k/Pomatorhinus ruficollis_29_c002.wav
Pomatorhinus ruficollis_29_c003,Pomatorhinus ruficollis,Pomatorhinus ruficollis,0.9630,data/chunks_48k/Pomatorhinus ruficollis_29_c003.wav,data/chunks_16k/Pomatorhinus ruficollis_29_c003.wav
Pomatorhinus ruficollis_29_c004,Pomatorhinus ruficollis,Pomatorhinus ruficollis,0.9549,data/chunks_48k/Pomatorhinus ruficollis_29_c004.wav,data/chunks_16k/Pomatorhinus ruficollis_29_c004.wav
Pomatorhinus ruficollis_2_c000,Pomatorhinus ruficollis,Pomatorhinus ruficollis,0.8653,data/chunks_48k/Pomatorhinus ruficollis_2_c000.wav,data/chunks_16k/Pomatorhinus ruficollis_2_c000.wav
Pomatorhinus ruficollis_2_c001,Pomatorhinus ruficollis,Pomatorhinus ruficollis,0.9160,data/chunks_48k/Pomatorhinus ruficollis_2_c001.wav,data/chunks_16k/Pomatorhinus ruficollis_2_c001.wav
Pomatorhinus ruficollis_2_c002,Pomatorhinus ruficollis,Pomatorhinus ruficollis,0.9326,data/chunks_48k/Pomatorhinus ruficollis_2_c002.wav,data/chunks_16k/Pomatorhinus ruficollis_2_c002.wav
Pomatorhinus ruficollis_2_c003,Pomatorhinus ruficollis,Pomatorhinus ruficollis,0.6578,data/chunks_48k/Pomatorhinus ruficollis_2_c003.wav,data/chunks_16k/Pomatorhinus ruficollis_2_c003.wav
Pomatorhinus ruficollis_30_c000,Pomatorhinus ruficollis,Pomatorhinus ruficollis,0.9614,data/chunks_48k/Pomatorhinus ruficollis_30_c000.wav,data/chunks_16k/Pomatorhinus ruficollis_30_c000.wav
Pomatorhinus ruficollis_30_c001,Pomatorhinus ruficollis,Pomatorhinus ruficollis,0.9366,data/chunks_48k/Pomatorhinus ruficollis_30_c001.wav,data/chunks_16k/Pomatorhinus ruficollis_30_c001.wav
Pomatorhinus ruficollis_30_c002,Pomatorhinus ruficollis,Pomatorhinus ruficollis,0.9506,data/chunks_48k/Pomatorhinus ruficollis_30_c002.wav,data/chunks_16k/Pomatorhinus ruficollis_30_c002.wav
Pomatorhinus ruficollis_30_c003,Pomatorhinus ruficollis,Pomatorhinus ruficollis,0.8527,data/chunks_48k/Pomatorhinus ruficollis_30_c003.wav,data/chunks_16k/Pomatorhinus ruficollis_30_c003.wav
Pomatorhinus ruficollis_30_c004,Pomatorhinus ruficollis,Pomatorhinus ruficollis,0.8966,data/chunks_48k/Pomatorhinus ruficollis_30_c004.wav,data/chunks_16k/Pomatorhinus ruficollis_30_c004.wav
Pomatorhinus ruficollis_30_c005,Pomatorhinus ruficollis,Pomatorhinus ruficollis,0.9832,data/chunks_48k/Pomatorhinus ruficollis_30_c005.wav,data/chunks_16k/Pomatorhinus ruficollis_30_c005.wav
Pomatorhinus ruficollis_30_c006,Pomatorhinus ruficollis,Pomatorhinus ruficollis,0.9082,data/chunks_48k/Pomatorhinus ruficollis_30_c006.wav,data/chunks_16k/Pomatorhinus ruficollis_30_c006.wav
Pomatorhinus ruficollis_30_c007,Pomatorhinus ruficollis,Pomatorhinus ruficollis,0.9460,data/chunks_48k/Pomatorhinus ruficollis_30_c007.wav,data/chunks_16k/Pomatorhinus ruficollis_30_c007.wav
Pomatorhinus ruficollis_30_c008,Pomatorhinus ruficollis,Pomatorhinus ruficollis,0.9433,data/chunks_48k/Pomatorhinus ruficollis_30_c008.wav,data/chunks_16k/Pomatorhinus ruficollis_30_c008.wav
Pomatorhinus ruficollis_31_c000,Pomatorhinus ruficollis,Pomatorhinus ruficollis,0.9974,data/chunks_48k/Pomatorhinus ruficollis_31_c000.wav,data/chunks_16k/Pomatorhinus ruficollis_31_c000.wav
Pomatorhinus ruficollis_31_c001,Pomatorhinus ruficollis,Pomatorhinus ruficollis,0.6159,data/chunks_48k/Pomatorhinus ruficollis_31_c001.wav,data/chunks_16k/Pomatorhinus ruficollis_31_c001.wav
Pomatorhinus ruficollis_31_c002,Pomatorhinus ruficollis,Pomatorhinus ruficollis,0.9807,data/chunks_48k/Pomatorhinus ruficollis_31_c002.wav,data/chunks_16k/Pomatorhinus ruficollis_31_c002.wav
Pomatorhinus ruficollis_31_c003,Pomatorhinus ruficollis,Pomatorhinus ruficollis,0.7437,data/chunks_48k/Pomatorhinus ruficollis_31_c003.wav,data/chunks_16k/Pomatorhinus ruficollis_31_c003.wav
Pomatorhinus ruficollis_31_c004,Pomatorhinus ruficollis,Pomatorhinus ruficollis,0.9155,data/chunks_48k/Pomatorhinus ruficollis_31_c004.wav,data/chunks_16k/Pomatorhinus ruficollis_31_c004.wav
Pomatorhinus ruficollis_31_c005,Pomatorhinus ruficollis,Pomatorhinus ruficollis,0.9071,data/chunks_48k/Pomatorhinus ruficollis_31_c005.wav,data/chunks_16k/Pomatorhinus ruficollis_31_c005.wav
Pomatorhinus ruficollis_31_c006,Pomatorhinus ruficollis,Pomatorhinus ruficollis,0.7385,data/chunks_48k/Pomatorhinus ruficollis_31_c006.wav,data/chunks_16k/Pomatorhinus ruficollis_31_c006.wav
Pomatorhinus ruficollis_32_c000,Pomatorhinus ruficollis,Pomatorhinus ruficollis,0.9975,data/chunks_48k/Pomatorhinus ruficollis_32_c000.wav,data/chunks_16k/Pomatorhinus ruficollis_32_c000.wav
Pomatorhinus ruficollis_32_c001,Pomatorhinus ruficollis,Pomatorhinus ruficollis,0.9675,data/chunks_48k/Pomatorhinus ruficollis_32_c001.wav,data/chunks_16k/Pomatorhinus ruficollis_32_c001.wav
Pomatorhinus ruficollis_32_c002,Pomatorhinus ruficollis,Pomatorhinus ruficollis,0.8458,data/chunks_48k/Pomatorhinus ruficollis_32_c002.wav,data/chunks_16k/Pomatorhinus ruficollis_32_c002.wav
Pomatorhinus ruficollis_32_c003,Pomatorhinus ruficollis,Pomatorhinus ruficollis,0.7020,data/chunks_48k/Pomatorhinus ruficollis_32_c003.wav,data/chunks_16k/Pomatorhinus ruficollis_32_c003.wav
Pomatorhinus ruficollis_32_c004,Pomatorhinus ruficollis,Pomatorhinus ruficollis,0.9795,data/chunks_48k/Pomatorhinus ruficollis_32_c004.wav,data/chunks_16k/Pomatorhinus ruficollis_32_c004.wav
Pomatorhinus ruficollis_32_c005,Pomatorhinus ruficollis,Pomatorhinus ruficollis,0.9466,data/chunks_48k/Pomatorhinus ruficollis_32_c005.wav,data/chunks_16k/Pomatorhinus ruficollis_32_c005.wav
Pomatorhinus ruficollis_32_c006,Pomatorhinus ruficollis,Pomatorhinus ruficollis,0.9210,data/chunks_48k/Pomatorhinus ruficollis_32_c006.wav,data/chunks_16k/Pomatorhinus ruficollis_32_c006.wav
Pomatorhinus ruficollis_32_c007,Pomatorhinus ruficollis,Pomatorhinus ruficollis,0.9671,data/chunks_48k/Pomatorhinus ruficollis_32_c007.wav,data/chunks_16k/Pomatorhinus ruficollis_32_c007.wav
Pomatorhinus ruficollis_32_c008,Pomatorhinus ruficollis,Pomatorhinus ruficollis,0.9680,data/chunks_48k/Pomatorhinus ruficollis_32_c008.wav,data/chunks_16k/Pomatorhinus ruficollis_32_c008.wav
Pomatorhinus ruficollis_32_c009,Pomatorhinus ruficollis,Pomatorhinus ruficollis,0.9790,data/chunks_48k/Pomatorhinus ruficollis_32_c009.wav,data/chunks_16k/Pomatorhinus ruficollis_32_c009.wav
Pomatorhinus ruficollis_33_c000,Pomatorhinus ruficollis,Pomatorhinus ruficollis,0.9905,data/chunks_48k/Pomatorhinus ruficollis_33_c000.wav,data/chunks_16k/Pomatorhinus ruficollis_33_c000.wav
Pomatorhinus ruficollis_33_c001,Pomatorhinus ruficollis,Pomatorhinus ruficollis,0.9332,data/chunks_48k/Pomatorhinus ruficollis_33_c001.wav,data/chunks_16k/Pomatorhinus ruficollis_33_c001.wav
Pomatorhinus ruficollis_33_c002,Pomatorhinus ruficollis,Pomatorhinus ruficollis,0.9936,data/chunks_48k/Pomatorhinus ruficollis_33_c002.wav,data/chunks_16k/Pomatorhinus ruficollis_33_c002.wav
Pomatorhinus ruficollis_33_c003,Pomatorhinus ruficollis,Pomatorhinus ruficollis,0.9587,data/chunks_48k/Pomatorhinus ruficollis_33_c003.wav,data/chunks_16k/Pomatorhinus ruficollis_33_c003.wav
Pomatorhinus ruficollis_33_c004,Pomatorhinus ruficollis,Pomatorhinus ruficollis,0.9712,data/chunks_48k/Pomatorhinus ruficollis_33_c004.wav,data/chunks_16k/Pomatorhinus ruficollis_33_c004.wav
Pomatorhinus ruficollis_33_c005,Pomatorhinus ruficollis,Pomatorhinus ruficollis,0.9805,data/chunks_48k/Pomatorhinus ruficollis_33_c005.wav,data/chunks_16k/Pomatorhinus ruficollis_33_c005.wav
Pomatorhinus ruficollis_34_c000,Pomatorhinus ruficollis,Pomatorhinus ruficollis,0.7263,data/chunks_48k/Pomatorhinus ruficollis_34_c000.wav,data/chunks_16k/Pomatorhinus ruficollis_34_c000.wav
Pomatorhinus ruficollis_34_c004,Pomatorhinus ruficollis,Pomatorhinus ruficollis,0.7538,data/chunks_48k/Pomatorhinus ruficollis_34_c004.wav,data/chunks_16k/Pomatorhinus ruficollis_34_c004.wav
Pomatorhinus ruficollis_35_c000,Pomatorhinus ruficollis,Pomatorhinus ruficollis,0.9316,data/chunks_48k/Pomatorhinus ruficollis_35_c000.wav,data/chunks_16k/Pomatorhinus ruficollis_35_c000.wav
Pomatorhinus ruficollis_35_c002,Pomatorhinus ruficollis,Pomatorhinus ruficollis,0.7194,data/chunks_48k/Pomatorhinus ruficollis_35_c002.wav,data/chunks_16k/Pomatorhinus ruficollis_35_c002.wav
Pomatorhinus ruficollis_35_c005,Pomatorhinus ruficollis,Pomatorhinus ruficollis,0.9318,data/chunks_48k/Pomatorhinus ruficollis_35_c005.wav,data/chunks_16k/Pomatorhinus ruficollis_35_c005.wav
Pomatorhinus ruficollis_36_c000,Pomatorhinus ruficollis,Pomatorhinus ruficollis,0.9530,data/chunks_48k/Pomatorhinus ruficollis_36_c000.wav,data/chunks_16k/Pomatorhinus ruficollis_36_c000.wav
Pomatorhinus ruficollis_36_c001,Pomatorhinus ruficollis,Pomatorhinus ruficollis,0.9622,data/chunks_48k/Pomatorhinus ruficollis_36_c001.wav,data/chunks_16k/Pomatorhinus ruficollis_36_c001.wav
Pomatorhinus ruficollis_36_c002,Pomatorhinus ruficollis,Pomatorhinus ruficollis,0.7211,data/chunks_48k/Pomatorhinus ruficollis_36_c002.wav,data/chunks_16k/Pomatorhinus ruficollis_36_c002.wav
Pomatorhinus ruficollis_36_c003,Pomatorhinus ruficollis,Pomatorhinus ruficollis,0.9770,data/chunks_48k/Pomatorhinus ruficollis_36_c003.wav,data/chunks_16k/Pomatorhinus ruficollis_36_c003.wav
Pomatorhinus ruficollis_36_c004,Pomatorhinus ruficollis,Pomatorhinus ruficollis,0.9368,data/chunks_48k/Pomatorhinus ruficollis_36_c004.wav,data/chunks_16k/Pomatorhinus ruficollis_36_c004.wav
Pomatorhinus ruficollis_36_c006,Pomatorhinus ruficollis,Pomatorhinus ruficollis,0.9576,data/chunks_48k/Pomatorhinus ruficollis_36_c006.wav,data/chunks_16k/Pomatorhinus ruficollis_36_c006.wav
Pomatorhinus ruficollis_37_c000,Pomatorhinus ruficollis,Pomatorhinus ruficollis,0.9663,data/chunks_48k/Pomatorhinus ruficollis_37_c000.wav,data/chunks_16k/Pomatorhinus ruficollis_37_c000.wav
Pomatorhinus ruficollis_37_c001,Pomatorhinus ruficollis,Pomatorhinus ruficollis,0.8817,data/chunks_48k/Pomatorhinus ruficollis_37_c001.wav,data/chunks_16k/Pomatorhinus ruficollis_37_c001.wav
Pomatorhinus ruficollis_37_c002,Pomatorhinus ruficollis,Pomatorhinus ruficollis,0.6647,data/chunks_48k/Pomatorhinus ruficollis_37_c002.wav,data/chunks_16k/Pomatorhinus ruficollis_37_c002.wav
Pomatorhinus ruficollis_37_c003,Pomatorhinus ruficollis,Pomatorhinus ruficollis,0.8889,data/chunks_48k/Pomatorhinus ruficollis_37_c003.wav,data/chunks_16k/Pomatorhinus ruficollis_37_c003.wav
Pomatorhinus ruficollis_37_c004,Pomatorhinus ruficollis,Pomatorhinus ruficollis,0.9759,data/chunks_48k/Pomatorhinus ruficollis_37_c004.wav,data/chunks_16k/Pomatorhinus ruficollis_37_c004.wav
Pomatorhinus ruficollis_37_c005,Pomatorhinus ruficollis,Pomatorhinus ruficollis,0.8375,data/chunks_48k/Pomatorhinus ruficollis_37_c005.wav,data/chunks_16k/Pomatorhinus ruficollis_37_c005.wav
Pomatorhinus ruficollis_37_c006,Pomatorhinus ruficollis,Pomatorhinus ruficollis,0.9935,data/chunks_48k/Pomatorhinus ruficollis_37_c006.wav,data/chunks_16k/Pomatorhinus ruficollis_37_c006.wav
Pomatorhinus ruficollis_37_c007,Pomatorhinus ruficollis,Pomatorhinus ruficollis,0.7699,data/chunks_48k/Pomatorhinus ruficollis_37_c007.wav,data/chunks_16k/Pomatorhinus ruficollis_37_c007.wav
Pomatorhinus ruficollis_39_c000,Pomatorhinus ruficollis,Pomatorhinus ruficollis,0.9947,data/chunks_48k/Pomatorhinus ruficollis_39_c000.wav,data/chunks_16k/Pomatorhinus ruficollis_39_c000.wav
Pomatorhinus ruficollis_39_c001,Pomatorhinus ruficollis,Pomatorhinus ruficollis,0.9919,data/chunks_48k/Pomatorhinus ruficollis_39_c001.wav,data/chunks_16k/Pomatorhinus ruficollis_39_c001.wav
Pomatorhinus ruficollis_39_c002,Pomatorhinus ruficollis,Pomatorhinus ruficollis,0.9616,data/chunks_48k/Pomatorhinus ruficollis_39_c002.wav,data/chunks_16k/Pomatorhinus ruficollis_39_c002.wav
Pomatorhinus ruficollis_39_c003,Pomatorhinus ruficollis,Pomatorhinus ruficollis,0.8625,data/chunks_48k/Pomatorhinus ruficollis_39_c003.wav,data/chunks_16k/Pomatorhinus ruficollis_39_c003.wav
Pomatorhinus ruficollis_39_c004,Pomatorhinus ruficollis,Pomatorhinus ruficollis,0.9132,data/chunks_48k/Pomatorhinus ruficollis_39_c004.wav,data/chunks_16k/Pomatorhinus ruficollis_39_c004.wav
Pomatorhinus ruficollis_3_c000,Pomatorhinus ruficollis,Pomatorhinus ruficollis,0.5239,data/chunks_48k/Pomatorhinus ruficollis_3_c000.wav,data/chunks_16k/Pomatorhinus ruficollis_3_c000.wav
Pomatorhinus ruficollis_40_c000,Pomatorhinus ruficollis,Pomatorhinus ruficollis,0.9486,data/chunks_48k/Pomatorhinus ruficollis_40_c000.wav,data/chunks_16k/Pomatorhinus ruficollis_40_c000.wav
Pomatorhinus ruficollis_40_c001,Pomatorhinus ruficollis,Pomatorhinus ruficollis,0.8556,data/chunks_48k/Pomatorhinus ruficollis_40_c001.wav,data/chunks_16k/Pomatorhinus ruficollis_40_c001.wav
Pomatorhinus ruficollis_40_c002,Pomatorhinus ruficollis,Pomatorhinus ruficollis,0.9813,data/chunks_48k/Pomatorhinus ruficollis_40_c002.wav,data/chunks_16k/Pomatorhinus ruficollis_40_c002.wav
Pomatorhinus ruficollis_40_c003,Pomatorhinus ruficollis,Pomatorhinus ruficollis,0.8514,data/chunks_48k/Pomatorhinus ruficollis_40_c003.wav,data/chunks_16k/Pomatorhinus ruficollis_40_c003.wav
Pomatorhinus ruficollis_40_c004,Pomatorhinus ruficollis,Pomatorhinus ruficollis,0.9516,data/chunks_48k/Pomatorhinus ruficollis_40_c004.wav,data/chunks_16k/Pomatorhinus ruficollis_40_c004.wav
Pomatorhinus ruficollis_40_c005,Pomatorhinus ruficollis,Pomatorhinus ruficollis,0.9689,data/chunks_48k/Pomatorhinus ruficollis_40_c005.wav,data/chunks_16k/Pomatorhinus ruficollis_40_c005.wav
Pomatorhinus ruficollis_40_c006,Pomatorhinus ruficollis,Pomatorhinus ruficollis,0.8637,data/chunks_48k/Pomatorhinus ruficollis_40_c006.wav,data/chunks_16k/Pomatorhinus ruficollis_40_c006.wav
Pomatorhinus ruficollis_41_c000,Pomatorhinus ruficollis,Pomatorhinus ruficollis,0.9324,data/chunks_48k/Pomatorhinus ruficollis_41_c000.wav,data/chunks_16k/Pomatorhinus ruficollis_41_c000.wav
Pomatorhinus ruficollis_41_c001,Pomatorhinus ruficollis,Pomatorhinus ruficollis,0.9856,data/chunks_48k/Pomatorhinus ruficollis_41_c001.wav,data/chunks_16k/Pomatorhinus ruficollis_41_c001.wav
Pomatorhinus ruficollis_41_c002,Pomatorhinus ruficollis,Pomatorhinus ruficollis,0.9856,data/chunks_48k/Pomatorhinus ruficollis_41_c002.wav,data/chunks_16k/Pomatorhinus ruficollis_41_c002.wav
Pomatorhinus ruficollis_41_c003,Pomatorhinus ruficollis,Pomatorhinus ruficollis,0.9969,data/chunks_48k/Pomatorhinus ruficollis_41_c003.wav,data/chunks_16k/Pomatorhinus ruficollis_41_c003.wav
Pomatorhinus ruficollis_41_c004,Pomatorhinus ruficollis,Pomatorhinus ruficollis,0.9782,data/chunks_48k/Pomatorhinus ruficollis_41_c004.wav,data/chunks_16k/Pomatorhinus ruficollis_41_c004.wav
Pomatorhinus ruficollis_41_c005,Pomatorhinus ruficollis,Pomatorhinus ruficollis,0.9904,data/chunks_48k/Pomatorhinus ruficollis_41_c005.wav,data/chunks_16k/Pomatorhinus ruficollis_41_c005.wav
Pomatorhinus ruficollis_4_c000,Pomatorhinus ruficollis,Pomatorhinus ruficollis,0.9983,data/chunks_48k/Pomatorhinus ruficollis_4_c000.wav,data/chunks_16k/Pomatorhinus ruficollis_4_c000.wav
Pomatorhinus ruficollis_4_c001,Pomatorhinus ruficollis,Pomatorhinus ruficollis,0.9983,data/chunks_48k/Pomatorhinus ruficollis_4_c001.wav,data/chunks_16k/Pomatorhinus ruficollis_4_c001.wav
Pomatorhinus ruficollis_4_c002,Pomatorhinus ruficollis,Pomatorhinus ruficollis,0.8652,data/chunks_48k/Pomatorhinus ruficollis_4_c002.wav,data/chunks_16k/Pomatorhinus ruficollis_4_c002.wav
Pomatorhinus ruficollis_4_c003,Pomatorhinus ruficollis,Pomatorhinus ruficollis,0.9669,data/chunks_48k/Pomatorhinus ruficollis_4_c003.wav,data/chunks_16k/Pomatorhinus ruficollis_4_c003.wav
Pomatorhinus ruficollis_4_c004,Pomatorhinus ruficollis,Pomatorhinus ruficollis,0.9911,data/chunks_48k/Pomatorhinus ruficollis_4_c004.wav,data/chunks_16k/Pomatorhinus ruficollis_4_c004.wav
Pomatorhinus ruficollis_4_c005,Pomatorhinus ruficollis,Pomatorhinus ruficollis,0.9894,data/chunks_48k/Pomatorhinus ruficollis_4_c005.wav,data/chunks_16k/Pomatorhinus ruficollis_4_c005.wav
Pomatorhinus ruficollis_4_c006,Pomatorhinus ruficollis,Pomatorhinus ruficollis,0.9930,data/chunks_48k/Pomatorhinus ruficollis_4_c006.wav,data/chunks_16k/Pomatorhinus ruficollis_4_c006.wav
Pomatorhinus ruficollis_4_c007,Pomatorhinus ruficollis,Pomatorhinus ruficollis,0.9619,data/chunks_48k/Pomatorhinus ruficollis_4_c007.wav,data/chunks_16k/Pomatorhinus ruficollis_4_c007.wav
Pomatorhinus ruficollis_4_c008,Pomatorhinus ruficollis,Pomatorhinus ruficollis,0.9920,data/chunks_48k/Pomatorhinus ruficollis_4_c008.wav,data/chunks_16k/Pomatorhinus ruficollis_4_c008.wav
Pomatorhinus ruficollis_4_c009,Pomatorhinus ruficollis,Pomatorhinus ruficollis,0.9890,data/chunks_48k/Pomatorhinus ruficollis_4_c009.wav,data/chunks_16k/Pomatorhinus ruficollis_4_c009.wav
Pomatorhinus ruficollis_4_c010,Pomatorhinus ruficollis,Pomatorhinus ruficollis,0.9896,data/chunks_48k/Pomatorhinus ruficollis_4_c010.wav,data/chunks_16k/Pomatorhinus ruficollis_4_c010.wav
Pomatorhinus ruficollis_4_c011,Pomatorhinus ruficollis,Pomatorhinus ruficollis,0.9929,data/chunks_48k/Pomatorhinus ruficollis_4_c011.wav,data/chunks_16k/Pomatorhinus ruficollis_4_c011.wav
Pomatorhinus ruficollis_4_c012,Pomatorhinus ruficollis,Pomatorhinus ruficollis,0.9970,data/chunks_48k/Pomatorhinus ruficollis_4_c012.wav,data/chunks_16k/Pomatorhinus ruficollis_4_c012.wav
Pomatorhinus ruficollis_4_c013,Pomatorhinus ruficollis,Pomatorhinus ruficollis,0.9906,data/chunks_48k/Pomatorhinus ruficollis_4_c013.wav,data/chunks_16k/Pomatorhinus ruficollis_4_c013.wav
Pomatorhinus ruficollis_4_c014,Pomatorhinus ruficollis,Pomatorhinus ruficollis,0.9919,data/chunks_48k/Pomatorhinus ruficollis_4_c014.wav,data/chunks_16k/Pomatorhinus ruficollis_4_c014.wav
Pomatorhinus ruficollis_4_c015,Pomatorhinus ruficollis,Pomatorhinus ruficollis,0.9449,data/chunks_48k/Pomatorhinus ruficollis_4_c015.wav,data/chunks_16k/Pomatorhinus ruficollis_4_c015.wav
Pomatorhinus ruficollis_4_c016,Pomatorhinus ruficollis,Pomatorhinus ruficollis,0.9882,data/chunks_48k/Pomatorhinus ruficollis_4_c016.wav,data/chunks_16k/Pomatorhinus ruficollis_4_c016.wav
Pomatorhinus ruficollis_4_c017,Pomatorhinus ruficollis,Pomatorhinus ruficollis,0.9331,data/chunks_48k/Pomatorhinus ruficollis_4_c017.wav,data/chunks_16k/Pomatorhinus ruficollis_4_c017.wav
Pomatorhinus ruficollis_4_c018,Pomatorhinus ruficollis,Pomatorhinus ruficollis,0.9907,data/chunks_48k/Pomatorhinus ruficollis_4_c018.wav,data/chunks_16k/Pomatorhinus ruficollis_4_c018.wav
Pomatorhinus ruficollis_4_c019,Pomatorhinus ruficollis,Pomatorhinus ruficollis,0.9926,data/chunks_48k/Pomatorhinus ruficollis_4_c019.wav,data/chunks_16k/Pomatorhinus ruficollis_4_c019.wav
Pomatorhinus ruficollis_4_c020,Pomatorhinus ruficollis,Pomatorhinus ruficollis,0.9796,data/chunks_48k/Pomatorhinus ruficollis_4_c020.wav,data/chunks_16k/Pomatorhinus ruficollis_4_c020.wav
Pomatorhinus ruficollis_5_c000,Pomatorhinus ruficollis,Pomatorhinus ruficollis,0.9360,data/chunks_48k/Pomatorhinus ruficollis_5_c000.wav,data/chunks_16k/Pomatorhinus ruficollis_5_c000.wav
Pomatorhinus ruficollis_5_c001,Pomatorhinus ruficollis,Pomatorhinus ruficollis,0.9846,data/chunks_48k/Pomatorhinus ruficollis_5_c001.wav,data/chunks_16k/Pomatorhinus ruficollis_5_c001.wav
Pomatorhinus ruficollis_5_c002,Pomatorhinus ruficollis,Pomatorhinus ruficollis,0.9248,data/chunks_48k/Pomatorhinus ruficollis_5_c002.wav,data/chunks_16k/Pomatorhinus ruficollis_5_c002.wav
Pomatorhinus ruficollis_6_c000,Pomatorhinus ruficollis,Pomatorhinus ruficollis,0.9498,data/chunks_48k/Pomatorhinus ruficollis_6_c000.wav,data/chunks_16k/Pomatorhinus ruficollis_6_c000.wav
Pomatorhinus ruficollis_6_c001,Pomatorhinus ruficollis,Pomatorhinus ruficollis,0.9628,data/chunks_48k/Pomatorhinus ruficollis_6_c001.wav,data/chunks_16k/Pomatorhinus ruficollis_6_c001.wav
Pomatorhinus ruficollis_6_c002,Pomatorhinus ruficollis,Pomatorhinus ruficollis,0.9958,data/chunks_48k/Pomatorhinus ruficollis_6_c002.wav,data/chunks_16k/Pomatorhinus ruficollis_6_c002.wav
Pomatorhinus ruficollis_6_c003,Pomatorhinus ruficollis,Pomatorhinus ruficollis,0.9798,data/chunks_48k/Pomatorhinus ruficollis_6_c003.wav,data/chunks_16k/Pomatorhinus ruficollis_6_c003.wav
Pomatorhinus ruficollis_6_c004,Pomatorhinus ruficollis,Pomatorhinus ruficollis,0.9926,data/chunks_48k/Pomatorhinus ruficollis_6_c004.wav,data/chunks_16k/Pomatorhinus ruficollis_6_c004.wav
Pomatorhinus ruficollis_6_c005,Pomatorhinus ruficollis,Pomatorhinus ruficollis,0.9208,data/chunks_48k/Pomatorhinus ruficollis_6_c005.wav,data/chunks_16k/Pomatorhinus ruficollis_6_c005.wav
Pomatorhinus ruficollis_6_c006,Pomatorhinus ruficollis,Pomatorhinus ruficollis,0.9905,data/chunks_48k/Pomatorhinus ruficollis_6_c006.wav,data/chunks_16k/Pomatorhinus ruficollis_6_c006.wav
Pomatorhinus ruficollis_6_c007,Pomatorhinus ruficollis,Pomatorhinus ruficollis,0.9700,data/chunks_48k/Pomatorhinus ruficollis_6_c007.wav,data/chunks_16k/Pomatorhinus ruficollis_6_c007.wav
Pomatorhinus ruficollis_6_c008,Pomatorhinus ruficollis,Pomatorhinus ruficollis,0.9892,data/chunks_48k/Pomatorhinus ruficollis_6_c008.wav,data/chunks_16k/Pomatorhinus ruficollis_6_c008.wav
Pomatorhinus ruficollis_6_c009,Pomatorhinus ruficollis,Pomatorhinus ruficollis,0.9875,data/chunks_48k/Pomatorhinus ruficollis_6_c009.wav,data/chunks_16k/Pomatorhinus ruficollis_6_c009.wav
Pomatorhinus ruficollis_7_c000,Pomatorhinus ruficollis,Pomatorhinus ruficollis,0.9814,data/chunks_48k/Pomatorhinus ruficollis_7_c000.wav,data/chunks_16k/Pomatorhinus ruficollis_7_c000.wav
Pomatorhinus ruficollis_7_c001,Pomatorhinus ruficollis,Pomatorhinus ruficollis,0.9851,data/chunks_48k/Pomatorhinus ruficollis_7_c001.wav,data/chunks_16k/Pomatorhinus ruficollis_7_c001.wav
Pomatorhinus ruficollis_7_c002,Pomatorhinus ruficollis,Pomatorhinus ruficollis,0.9935,data/chunks_48k/Pomatorhinus ruficollis_7_c002.wav,data/chunks_16k/Pomatorhinus ruficollis_7_c002.wav
Pomatorhinus ruficollis_7_c003,Pomatorhinus ruficollis,Pomatorhinus ruficollis,0.9922,data/chunks_48k/Pomatorhinus ruficollis_7_c003.wav,data/chunks_16k/Pomatorhinus ruficollis_7_c003.wav
Pomatorhinus ruficollis_7_c004,Pomatorhinus ruficollis,Pomatorhinus ruficollis,0.9930,data/chunks_48k/Pomatorhinus ruficollis_7_c004.wav,data/chunks_16k/Pomatorhinus ruficollis_7_c004.wav
Pomatorhinus ruficollis_7_c005,Pomatorhinus ruficollis,Pomatorhinus ruficollis,0.9796,data/chunks_48k/Pomatorhinus ruficollis_7_c005.wav,data/chunks_16k/Pomatorhinus ruficollis_7_c005.wav
Pomatorhinus ruficollis_7_c006,Pomatorhinus ruficollis,Pomatorhinus ruficollis,0.9977,data/chunks_48k/Pomatorhinus ruficollis_7_c006.wav,data/chunks_16k/Pomatorhinus ruficollis_7_c006.wav
Pomatorhinus ruficollis_7_c007,Pomatorhinus ruficollis,Pomatorhinus ruficollis,0.9903,data/chunks_48k/Pomatorhinus ruficollis_7_c007.wav,data/chunks_16k/Pomatorhinus ruficollis_7_c007.wav
Pomatorhinus ruficollis_7_c008,Pomatorhinus ruficollis,Pomatorhinus ruficollis,0.9943,data/chunks_48k/Pomatorhinus ruficollis_7_c008.wav,data/chunks_16k/Pomatorhinus ruficollis_7_c008.wav
Pomatorhinus ruficollis_7_c009,Pomatorhinus ruficollis,Pomatorhinus ruficollis,0.9861,data/chunks_48k/Pomatorhinus ruficollis_7_c009.wav,data/chunks_16k/Pomatorhinus ruficollis_7_c009.wav
Pomatorhinus ruficollis_7_c010,Pomatorhinus ruficollis,Pomatorhinus ruficollis,0.9847,data/chunks_48k/Pomatorhinus ruficollis_7_c010.wav,data/chunks_16k/Pomatorhinus ruficollis_7_c010.wav
Pomatorhinus ruficollis_8_c000,Pomatorhinus ruficollis,Pomatorhinus ruficollis,0.9988,data/chunks_48k/Pomatorhinus ruficollis_8_c000.wav,data/chunks_16k/Pomatorhinus ruficollis_8_c000.wav
Pomatorhinus ruficollis_8_c001,Pomatorhinus ruficollis,Pomatorhinus ruficollis,0.9977,data/chunks_48k/Pomatorhinus ruficollis_8_c001.wav,data/chunks_16k/Pomatorhinus ruficollis_8_c001.wav
Pomatorhinus ruficollis_8_c002,Pomatorhinus ruficollis,Pomatorhinus ruficollis,0.9994,data/chunks_48k/Pomatorhinus ruficollis_8_c002.wav,data/chunks_16k/Pomatorhinus ruficollis_8_c002.wav
Pomatorhinus ruficollis_9_c000,Pomatorhinus ruficollis,Pomatorhinus ruficollis,0.9944,data/chunks_48k/Pomatorhinus ruficollis_9_c000.wav,data/chunks_16k/Pomatorhinus ruficollis_9_c000.wav
Pomatorhinus ruficollis_9_c001,Pomatorhinus ruficollis,Pomatorhinus ruficollis,0.9879,data/chunks_48k/Pomatorhinus ruficollis_9_c001.wav,data/chunks_16k/Pomatorhinus ruficollis_9_c001.wav
Pomatorhinus ruficollis_9_c002,Pomatorhinus ruficollis,Pomatorhinus ruficollis,0.9772,data/chunks_48k/Pomatorhinus ruficollis_9_c002.wav,data/chunks_16k/Pomatorhinus ruficollis_9_c002.wav
Pomatorhinus ruficollis_9_c003,Pomatorhinus ruficollis,Pomatorhinus ruficollis,0.9957,data/chunks_48k/Pomatorhinus ruficollis_9_c003.wav,data/chunks_16k/Pomatorhinus ruficollis_9_c003.wav
Pomatorhinus ruficollis_9_c005,Pomatorhinus ruficollis,Pomatorhinus ruficollis,0.9637,data/chunks_48k/Pomatorhinus ruficollis_9_c005.wav,data/chunks_16k/Pomatorhinus ruficollis_9_c005.wav
Pomatorhinus ruficollis_9_c008,Pomatorhinus ruficollis,Pomatorhinus ruficollis,0.9950,data/chunks_48k/Pomatorhinus ruficollis_9_c008.wav,data/chunks_16k/Pomatorhinus ruficollis_9_c008.wav
Psilopogon lineatus_11_c000,Psilopogon lineatus,Psilopogon lineatus,0.9288,data/chunks_48k/Psilopogon lineatus_11_c000.wav,data/chunks_16k/Psilopogon lineatus_11_c000.wav
Psilopogon lineatus_11_c001,Psilopogon lineatus,Psilopogon lineatus,0.9632,data/chunks_48k/Psilopogon lineatus_11_c001.wav,data/chunks_16k/Psilopogon lineatus_11_c001.wav
Psilopogon lineatus_11_c002,Psilopogon lineatus,Psilopogon lineatus,0.7848,data/chunks_48k/Psilopogon lineatus_11_c002.wav,data/chunks_16k/Psilopogon lineatus_11_c002.wav
Psilopogon lineatus_11_c003,Psilopogon lineatus,Psilopogon lineatus,0.7302,data/chunks_48k/Psilopogon lineatus_11_c003.wav,data/chunks_16k/Psilopogon lineatus_11_c003.wav
Psilopogon lineatus_11_c004,Psilopogon lineatus,Psilopogon lineatus,0.9776,data/chunks_48k/Psilopogon lineatus_11_c004.wav,data/chunks_16k/Psilopogon lineatus_11_c004.wav
Psilopogon lineatus_11_c006,Psilopogon lineatus,Psilopogon lineatus,0.9894,data/chunks_48k/Psilopogon lineatus_11_c006.wav,data/chunks_16k/Psilopogon lineatus_11_c006.wav
Psilopogon lineatus_11_c007,Psilopogon lineatus,Psilopogon lineatus,0.7474,data/chunks_48k/Psilopogon lineatus_11_c007.wav,data/chunks_16k/Psilopogon lineatus_11_c007.wav
Psilopogon lineatus_11_c008,Psilopogon lineatus,Psilopogon lineatus,0.9579,data/chunks_48k/Psilopogon lineatus_11_c008.wav,data/chunks_16k/Psilopogon lineatus_11_c008.wav
Psilopogon lineatus_13_c000,Psilopogon lineatus,Psilopogon lineatus,0.9724,data/chunks_48k/Psilopogon lineatus_13_c000.wav,data/chunks_16k/Psilopogon lineatus_13_c000.wav
Psilopogon lineatus_13_c001,Psilopogon lineatus,Psilopogon lineatus,0.9967,data/chunks_48k/Psilopogon lineatus_13_c001.wav,data/chunks_16k/Psilopogon lineatus_13_c001.wav
Psilopogon lineatus_13_c002,Psilopogon lineatus,Psilopogon lineatus,0.8840,data/chunks_48k/Psilopogon lineatus_13_c002.wav,data/chunks_16k/Psilopogon lineatus_13_c002.wav
Psilopogon lineatus_13_c005,Psilopogon lineatus,Psilopogon lineatus,0.9700,data/chunks_48k/Psilopogon lineatus_13_c005.wav,data/chunks_16k/Psilopogon lineatus_13_c005.wav
Psilopogon lineatus_13_c006,Psilopogon lineatus,Psilopogon lineatus,0.9844,data/chunks_48k/Psilopogon lineatus_13_c006.wav,data/chunks_16k/Psilopogon lineatus_13_c006.wav
Psilopogon lineatus_13_c008,Psilopogon lineatus,Psilopogon lineatus,0.9878,data/chunks_48k/Psilopogon lineatus_13_c008.wav,data/chunks_16k/Psilopogon lineatus_13_c008.wav
Psilopogon lineatus_13_c009,Psilopogon lineatus,Psilopogon lineatus,0.9302,data/chunks_48k/Psilopogon lineatus_13_c009.wav,data/chunks_16k/Psilopogon lineatus_13_c009.wav
Psilopogon lineatus_13_c011,Psilopogon lineatus,Psilopogon lineatus,0.9870,data/chunks_48k/Psilopogon lineatus_13_c011.wav,data/chunks_16k/Psilopogon lineatus_13_c011.wav
Psilopogon lineatus_13_c012,Psilopogon lineatus,Psilopogon lineatus,0.9988,data/chunks_48k/Psilopogon lineatus_13_c012.wav,data/chunks_16k/Psilopogon lineatus_13_c012.wav
Psilopogon lineatus_14_c000,Psilopogon lineatus,Psilopogon lineatus,0.9110,data/chunks_48k/Psilopogon lineatus_14_c000.wav,data/chunks_16k/Psilopogon lineatus_14_c000.wav
Psilopogon lineatus_15_c000,Psilopogon lineatus,Psilopogon lineatus,0.5185,data/chunks_48k/Psilopogon lineatus_15_c000.wav,data/chunks_16k/Psilopogon lineatus_15_c000.wav
Psilopogon lineatus_16_c000,Psilopogon lineatus,Psilopogon lineatus,0.8608,data/chunks_48k/Psilopogon lineatus_16_c000.wav,data/chunks_16k/Psilopogon lineatus_16_c000.wav
Psilopogon lineatus_16_c001,Psilopogon lineatus,Psilopogon lineatus,0.9836,data/chunks_48k/Psilopogon lineatus_16_c001.wav,data/chunks_16k/Psilopogon lineatus_16_c001.wav
Psilopogon lineatus_16_c002,Psilopogon lineatus,Psilopogon lineatus,0.9351,data/chunks_48k/Psilopogon lineatus_16_c002.wav,data/chunks_16k/Psilopogon lineatus_16_c002.wav
Psilopogon lineatus_16_c003,Psilopogon lineatus,Psilopogon lineatus,0.9864,data/chunks_48k/Psilopogon lineatus_16_c003.wav,data/chunks_16k/Psilopogon lineatus_16_c003.wav
Psilopogon lineatus_18_c000,Psilopogon lineatus,Psilopogon lineatus,0.9985,data/chunks_48k/Psilopogon lineatus_18_c000.wav,data/chunks_16k/Psilopogon lineatus_18_c000.wav
Psilopogon lineatus_18_c001,Psilopogon lineatus,Psilopogon lineatus,0.9889,data/chunks_48k/Psilopogon lineatus_18_c001.wav,data/chunks_16k/Psilopogon lineatus_18_c001.wav
Psilopogon lineatus_18_c002,Psilopogon lineatus,Psilopogon lineatus,0.9960,data/chunks_48k/Psilopogon lineatus_18_c002.wav,data/chunks_16k/Psilopogon lineatus_18_c002.wav
Psilopogon lineatus_18_c003,Psilopogon lineatus,Psilopogon lineatus,0.9990,data/chunks_48k/Psilopogon lineatus_18_c003.wav,data/chunks_16k/Psilopogon lineatus_18_c003.wav
Psilopogon lineatus_18_c004,Psilopogon lineatus,Psilopogon lineatus,0.9985,data/chunks_48k/Psilopogon lineatus_18_c004.wav,data/chunks_16k/Psilopogon lineatus_18_c004.wav
Psilopogon lineatus_19_c000,Psilopogon lineatus,Psilopogon lineatus,0.9864,data/chunks_48k/Psilopogon lineatus_19_c000.wav,data/chunks_16k/Psilopogon lineatus_19_c000.wav
Psilopogon lineatus_19_c001,Psilopogon lineatus,Psilopogon lineatus,0.9946,data/chunks_48k/Psilopogon lineatus_19_c001.wav,data/chunks_16k/Psilopogon lineatus_19_c001.wav
Psilopogon lineatus_19_c002,Psilopogon lineatus,Psilopogon lineatus,0.9958,data/chunks_48k/Psilopogon lineatus_19_c002.wav,data/chunks_16k/Psilopogon lineatus_19_c002.wav
Psilopogon lineatus_19_c003,Psilopogon lineatus,Psilopogon lineatus,0.9987,data/chunks_48k/Psilopogon lineatus_19_c003.wav,data/chunks_16k/Psilopogon lineatus_19_c003.wav
Psilopogon lineatus_19_c004,Psilopogon lineatus,Psilopogon lineatus,0.9980,data/chunks_48k/Psilopogon lineatus_19_c004.wav,data/chunks_16k/Psilopogon lineatus_19_c004.wav
Psilopogon lineatus_19_c005,Psilopogon lineatus,Psilopogon lineatus,0.9959,data/chunks_48k/Psilopogon lineatus_19_c005.wav,data/chunks_16k/Psilopogon lineatus_19_c005.wav
Psilopogon lineatus_19_c006,Psilopogon lineatus,Psilopogon lineatus,0.9990,data/chunks_48k/Psilopogon lineatus_19_c006.wav,data/chunks_16k/Psilopogon lineatus_19_c006.wav
Psilopogon lineatus_19_c007,Psilopogon lineatus,Psilopogon lineatus,0.9822,data/chunks_48k/Psilopogon lineatus_19_c007.wav,data/chunks_16k/Psilopogon lineatus_19_c007.wav
Psilopogon lineatus_1_c000,Psilopogon lineatus,Psilopogon lineatus,0.9865,data/chunks_48k/Psilopogon lineatus_1_c000.wav,data/chunks_16k/Psilopogon lineatus_1_c000.wav
Psilopogon lineatus_1_c001,Psilopogon lineatus,Psilopogon lineatus,0.9918,data/chunks_48k/Psilopogon lineatus_1_c001.wav,data/chunks_16k/Psilopogon lineatus_1_c001.wav
Psilopogon lineatus_1_c003,Psilopogon lineatus,Psilopogon lineatus,0.6546,data/chunks_48k/Psilopogon lineatus_1_c003.wav,data/chunks_16k/Psilopogon lineatus_1_c003.wav
Psilopogon lineatus_1_c006,Psilopogon lineatus,Psilopogon lineatus,0.9832,data/chunks_48k/Psilopogon lineatus_1_c006.wav,data/chunks_16k/Psilopogon lineatus_1_c006.wav
Psilopogon lineatus_20_c000,Psilopogon lineatus,Psilopogon lineatus,0.9933,data/chunks_48k/Psilopogon lineatus_20_c000.wav,data/chunks_16k/Psilopogon lineatus_20_c000.wav
Psilopogon lineatus_20_c001,Psilopogon lineatus,Psilopogon lineatus,0.5300,data/chunks_48k/Psilopogon lineatus_20_c001.wav,data/chunks_16k/Psilopogon lineatus_20_c001.wav
Psilopogon lineatus_21_c000,Psilopogon lineatus,Psilopogon lineatus,0.9987,data/chunks_48k/Psilopogon lineatus_21_c000.wav,data/chunks_16k/Psilopogon lineatus_21_c000.wav
Psilopogon lineatus_21_c001,Psilopogon lineatus,Psilopogon lineatus,0.9708,data/chunks_48k/Psilopogon lineatus_21_c001.wav,data/chunks_16k/Psilopogon lineatus_21_c001.wav
Psilopogon lineatus_21_c002,Psilopogon lineatus,Psilopogon lineatus,0.9718,data/chunks_48k/Psilopogon lineatus_21_c002.wav,data/chunks_16k/Psilopogon lineatus_21_c002.wav
Psilopogon lineatus_21_c003,Psilopogon lineatus,Psilopogon lineatus,0.9659,data/chunks_48k/Psilopogon lineatus_21_c003.wav,data/chunks_16k/Psilopogon lineatus_21_c003.wav
Psilopogon lineatus_21_c004,Psilopogon lineatus,Psilopogon lineatus,0.8488,data/chunks_48k/Psilopogon lineatus_21_c004.wav,data/chunks_16k/Psilopogon lineatus_21_c004.wav
Psilopogon lineatus_21_c005,Psilopogon lineatus,Psilopogon lineatus,0.9920,data/chunks_48k/Psilopogon lineatus_21_c005.wav,data/chunks_16k/Psilopogon lineatus_21_c005.wav
Psilopogon lineatus_21_c006,Psilopogon lineatus,Psilopogon lineatus,0.9890,data/chunks_48k/Psilopogon lineatus_21_c006.wav,data/chunks_16k/Psilopogon lineatus_21_c006.wav
Psilopogon lineatus_21_c007,Psilopogon lineatus,Psilopogon lineatus,0.9930,data/chunks_48k/Psilopogon lineatus_21_c007.wav,data/chunks_16k/Psilopogon lineatus_21_c007.wav
Psilopogon lineatus_21_c009,Psilopogon lineatus,Psilopogon lineatus,0.9963,data/chunks_48k/Psilopogon lineatus_21_c009.wav,data/chunks_16k/Psilopogon lineatus_21_c009.wav
Psilopogon lineatus_21_c010,Psilopogon lineatus,Psilopogon lineatus,0.9969,data/chunks_48k/Psilopogon lineatus_21_c010.wav,data/chunks_16k/Psilopogon lineatus_21_c010.wav
Psilopogon lineatus_21_c011,Psilopogon lineatus,Psilopogon lineatus,0.9872,data/chunks_48k/Psilopogon lineatus_21_c011.wav,data/chunks_16k/Psilopogon lineatus_21_c011.wav
Psilopogon lineatus_21_c012,Psilopogon lineatus,Psilopogon lineatus,0.9990,data/chunks_48k/Psilopogon lineatus_21_c012.wav,data/chunks_16k/Psilopogon lineatus_21_c012.wav
Psilopogon lineatus_21_c013,Psilopogon lineatus,Psilopogon lineatus,0.9976,data/chunks_48k/Psilopogon lineatus_21_c013.wav,data/chunks_16k/Psilopogon lineatus_21_c013.wav
Psilopogon lineatus_21_c015,Psilopogon lineatus,Psilopogon lineatus,0.9346,data/chunks_48k/Psilopogon lineatus_21_c015.wav,data/chunks_16k/Psilopogon lineatus_21_c015.wav
Psilopogon lineatus_21_c016,Psilopogon lineatus,Psilopogon lineatus,0.9930,data/chunks_48k/Psilopogon lineatus_21_c016.wav,data/chunks_16k/Psilopogon lineatus_21_c016.wav
Psilopogon lineatus_22_c000,Psilopogon lineatus,Psilopogon lineatus,0.9980,data/chunks_48k/Psilopogon lineatus_22_c000.wav,data/chunks_16k/Psilopogon lineatus_22_c000.wav
Psilopogon lineatus_22_c001,Psilopogon lineatus,Psilopogon lineatus,0.9867,data/chunks_48k/Psilopogon lineatus_22_c001.wav,data/chunks_16k/Psilopogon lineatus_22_c001.wav
Psilopogon lineatus_2_c000,Psilopogon lineatus,Psilopogon lineatus,0.9941,data/chunks_48k/Psilopogon lineatus_2_c000.wav,data/chunks_16k/Psilopogon lineatus_2_c000.wav
Psilopogon lineatus_2_c001,Psilopogon lineatus,Psilopogon lineatus,0.9653,data/chunks_48k/Psilopogon lineatus_2_c001.wav,data/chunks_16k/Psilopogon lineatus_2_c001.wav
Psilopogon lineatus_2_c002,Psilopogon lineatus,Psilopogon lineatus,0.9951,data/chunks_48k/Psilopogon lineatus_2_c002.wav,data/chunks_16k/Psilopogon lineatus_2_c002.wav
Psilopogon lineatus_2_c004,Psilopogon lineatus,Psilopogon lineatus,0.9203,data/chunks_48k/Psilopogon lineatus_2_c004.wav,data/chunks_16k/Psilopogon lineatus_2_c004.wav
Psilopogon lineatus_2_c005,Psilopogon lineatus,Psilopogon lineatus,0.7376,data/chunks_48k/Psilopogon lineatus_2_c005.wav,data/chunks_16k/Psilopogon lineatus_2_c005.wav
Psilopogon lineatus_2_c006,Psilopogon lineatus,Psilopogon lineatus,0.9763,data/chunks_48k/Psilopogon lineatus_2_c006.wav,data/chunks_16k/Psilopogon lineatus_2_c006.wav
Psilopogon lineatus_2_c007,Psilopogon lineatus,Psilopogon lineatus,0.9925,data/chunks_48k/Psilopogon lineatus_2_c007.wav,data/chunks_16k/Psilopogon lineatus_2_c007.wav
Psilopogon lineatus_2_c008,Psilopogon lineatus,Psilopogon lineatus,0.9864,data/chunks_48k/Psilopogon lineatus_2_c008.wav,data/chunks_16k/Psilopogon lineatus_2_c008.wav
Psilopogon lineatus_3_c000,Psilopogon lineatus,Psilopogon lineatus,0.9814,data/chunks_48k/Psilopogon lineatus_3_c000.wav,data/chunks_16k/Psilopogon lineatus_3_c000.wav
Psilopogon lineatus_3_c001,Psilopogon lineatus,Psilopogon lineatus,0.9228,data/chunks_48k/Psilopogon lineatus_3_c001.wav,data/chunks_16k/Psilopogon lineatus_3_c001.wav
Psilopogon lineatus_3_c002,Psilopogon lineatus,Psilopogon lineatus,0.6442,data/chunks_48k/Psilopogon lineatus_3_c002.wav,data/chunks_16k/Psilopogon lineatus_3_c002.wav
Psilopogon lineatus_4_c000,Psilopogon lineatus,Psilopogon lineatus,0.9975,data/chunks_48k/Psilopogon lineatus_4_c000.wav,data/chunks_16k/Psilopogon lineatus_4_c000.wav
Psilopogon lineatus_4_c001,Psilopogon lineatus,Psilopogon lineatus,0.9899,data/chunks_48k/Psilopogon lineatus_4_c001.wav,data/chunks_16k/Psilopogon lineatus_4_c001.wav
Psilopogon lineatus_4_c002,Psilopogon lineatus,Psilopogon lineatus,0.9553,data/chunks_48k/Psilopogon lineatus_4_c002.wav,data/chunks_16k/Psilopogon lineatus_4_c002.wav
Psilopogon lineatus_4_c003,Psilopogon lineatus,Psilopogon lineatus,0.9929,data/chunks_48k/Psilopogon lineatus_4_c003.wav,data/chunks_16k/Psilopogon lineatus_4_c003.wav
Psilopogon lineatus_4_c004,Psilopogon lineatus,Psilopogon lineatus,0.9937,data/chunks_48k/Psilopogon lineatus_4_c004.wav,data/chunks_16k/Psilopogon lineatus_4_c004.wav
Psilopogon lineatus_4_c005,Psilopogon lineatus,Psilopogon lineatus,0.9736,data/chunks_48k/Psilopogon lineatus_4_c005.wav,data/chunks_16k/Psilopogon lineatus_4_c005.wav
Psilopogon lineatus_4_c006,Psilopogon lineatus,Psilopogon lineatus,0.9852,data/chunks_48k/Psilopogon lineatus_4_c006.wav,data/chunks_16k/Psilopogon lineatus_4_c006.wav
Psilopogon lineatus_4_c007,Psilopogon lineatus,Psilopogon lineatus,0.9956,data/chunks_48k/Psilopogon lineatus_4_c007.wav,data/chunks_16k/Psilopogon lineatus_4_c007.wav
Psilopogon lineatus_4_c008,Psilopogon lineatus,Psilopogon lineatus,0.9899,data/chunks_48k/Psilopogon lineatus_4_c008.wav,data/chunks_16k/Psilopogon lineatus_4_c008.wav
Psilopogon lineatus_4_c009,Psilopogon lineatus,Psilopogon lineatus,0.9822,data/chunks_48k/Psilopogon lineatus_4_c009.wav,data/chunks_16k/Psilopogon lineatus_4_c009.wav
Psilopogon lineatus_4_c010,Psilopogon lineatus,Psilopogon lineatus,0.9765,data/chunks_48k/Psilopogon lineatus_4_c010.wav,data/chunks_16k/Psilopogon lineatus_4_c010.wav
Psilopogon lineatus_4_c011,Psilopogon lineatus,Psilopogon lineatus,0.9884,data/chunks_48k/Psilopogon lineatus_4_c011.wav,data/chunks_16k/Psilopogon lineatus_4_c011.wav
Psilopogon lineatus_4_c012,Psilopogon lineatus,Psilopogon lineatus,0.9894,data/chunks_48k/Psilopogon lineatus_4_c012.wav,data/chunks_16k/Psilopogon lineatus_4_c012.wav
Psilopogon lineatus_5_c000,Psilopogon lineatus,Psilopogon lineatus,0.8928,data/chunks_48k/Psilopogon lineatus_5_c000.wav,data/chunks_16k/Psilopogon lineatus_5_c000.wav
Psilopogon lineatus_5_c001,Psilopogon lineatus,Psilopogon lineatus,0.9970,data/chunks_48k/Psilopogon lineatus_5_c001.wav,data/chunks_16k/Psilopogon lineatus_5_c001.wav
Psilopogon lineatus_5_c002,Psilopogon lineatus,Psilopogon lineatus,0.9450,data/chunks_48k/Psilopogon lineatus_5_c002.wav,data/chunks_16k/Psilopogon lineatus_5_c002.wav
Psilopogon lineatus_5_c003,Psilopogon lineatus,Psilopogon lineatus,0.9257,data/chunks_48k/Psilopogon lineatus_5_c003.wav,data/chunks_16k/Psilopogon lineatus_5_c003.wav
Psilopogon lineatus_5_c004,Psilopogon lineatus,Psilopogon lineatus,0.9193,data/chunks_48k/Psilopogon lineatus_5_c004.wav,data/chunks_16k/Psilopogon lineatus_5_c004.wav
Psilopogon lineatus_5_c005,Psilopogon lineatus,Psilopogon lineatus,0.9290,data/chunks_48k/Psilopogon lineatus_5_c005.wav,data/chunks_16k/Psilopogon lineatus_5_c005.wav
Psilopogon lineatus_5_c006,Psilopogon lineatus,Psilopogon lineatus,0.5185,data/chunks_48k/Psilopogon lineatus_5_c006.wav,data/chunks_16k/Psilopogon lineatus_5_c006.wav
Psilopogon lineatus_5_c007,Psilopogon lineatus,Psilopogon lineatus,0.9733,data/chunks_48k/Psilopogon lineatus_5_c007.wav,data/chunks_16k/Psilopogon lineatus_5_c007.wav
Psilopogon lineatus_5_c008,Psilopogon lineatus,Psilopogon lineatus,0.9943,data/chunks_48k/Psilopogon lineatus_5_c008.wav,data/chunks_16k/Psilopogon lineatus_5_c008.wav
Psilopogon lineatus_5_c009,Psilopogon lineatus,Psilopogon lineatus,0.9929,data/chunks_48k/Psilopogon lineatus_5_c009.wav,data/chunks_16k/Psilopogon lineatus_5_c009.wav
Psilopogon lineatus_5_c010,Psilopogon lineatus,Psilopogon lineatus,0.8255,data/chunks_48k/Psilopogon lineatus_5_c010.wav,data/chunks_16k/Psilopogon lineatus_5_c010.wav
Psilopogon lineatus_5_c011,Psilopogon lineatus,Psilopogon lineatus,0.9846,data/chunks_48k/Psilopogon lineatus_5_c011.wav,data/chunks_16k/Psilopogon lineatus_5_c011.wav
Psilopogon lineatus_6_c000,Psilopogon lineatus,Psilopogon lineatus,0.9865,data/chunks_48k/Psilopogon lineatus_6_c000.wav,data/chunks_16k/Psilopogon lineatus_6_c000.wav
Psilopogon lineatus_6_c001,Psilopogon lineatus,Psilopogon lineatus,0.9918,data/chunks_48k/Psilopogon lineatus_6_c001.wav,data/chunks_16k/Psilopogon lineatus_6_c001.wav
Psilopogon lineatus_6_c003,Psilopogon lineatus,Psilopogon lineatus,0.6546,data/chunks_48k/Psilopogon lineatus_6_c003.wav,data/chunks_16k/Psilopogon lineatus_6_c003.wav
Psilopogon lineatus_6_c006,Psilopogon lineatus,Psilopogon lineatus,0.9832,data/chunks_48k/Psilopogon lineatus_6_c006.wav,data/chunks_16k/Psilopogon lineatus_6_c006.wav
Psilopogon lineatus_7_c000,Psilopogon lineatus,Psilopogon lineatus,0.7536,data/chunks_48k/Psilopogon lineatus_7_c000.wav,data/chunks_16k/Psilopogon lineatus_7_c000.wav
Psilopogon lineatus_7_c001,Psilopogon lineatus,Psilopogon lineatus,0.7707,data/chunks_48k/Psilopogon lineatus_7_c001.wav,data/chunks_16k/Psilopogon lineatus_7_c001.wav
Psilopogon lineatus_7_c003,Psilopogon lineatus,Psilopogon lineatus,0.8967,data/chunks_48k/Psilopogon lineatus_7_c003.wav,data/chunks_16k/Psilopogon lineatus_7_c003.wav
Psilopogon lineatus_7_c004,Psilopogon lineatus,Psilopogon lineatus,0.7881,data/chunks_48k/Psilopogon lineatus_7_c004.wav,data/chunks_16k/Psilopogon lineatus_7_c004.wav
Psilopogon lineatus_8_c000,Psilopogon lineatus,Psilopogon lineatus,0.9221,data/chunks_48k/Psilopogon lineatus_8_c000.wav,data/chunks_16k/Psilopogon lineatus_8_c000.wav
Psilopogon lineatus_8_c001,Psilopogon lineatus,Psilopogon lineatus,0.9901,data/chunks_48k/Psilopogon lineatus_8_c001.wav,data/chunks_16k/Psilopogon lineatus_8_c001.wav
Psilopogon lineatus_9_c000,Psilopogon lineatus,Psilopogon lineatus,0.7724,data/chunks_48k/Psilopogon lineatus_9_c000.wav,data/chunks_16k/Psilopogon lineatus_9_c000.wav
Psilopogon lineatus_9_c001,Psilopogon lineatus,Psilopogon lineatus,0.9695,data/chunks_48k/Psilopogon lineatus_9_c001.wav,data/chunks_16k/Psilopogon lineatus_9_c001.wav
Psilopogon lineatus_9_c002,Psilopogon lineatus,Psilopogon lineatus,0.8024,data/chunks_48k/Psilopogon lineatus_9_c002.wav,data/chunks_16k/Psilopogon lineatus_9_c002.wav
Psilopogon lineatus_9_c003,Psilopogon lineatus,Psilopogon lineatus,0.6354,data/chunks_48k/Psilopogon lineatus_9_c003.wav,data/chunks_16k/Psilopogon lineatus_9_c003.wav
Psilopogon lineatus_9_c004,Psilopogon lineatus,Psilopogon lineatus,0.8838,data/chunks_48k/Psilopogon lineatus_9_c004.wav,data/chunks_16k/Psilopogon lineatus_9_c004.wav
Psilopogon lineatus_9_c005,Psilopogon lineatus,Psilopogon lineatus,0.7984,data/chunks_48k/Psilopogon lineatus_9_c005.wav,data/chunks_16k/Psilopogon lineatus_9_c005.wav
Psittacula eupatria_10_c000,Psittacula eupatria,Psittacula eupatria,0.9835,data/chunks_48k/Psittacula eupatria_10_c000.wav,data/chunks_16k/Psittacula eupatria_10_c000.wav
Psittacula eupatria_10_c001,Psittacula eupatria,Psittacula eupatria,0.9964,data/chunks_48k/Psittacula eupatria_10_c001.wav,data/chunks_16k/Psittacula eupatria_10_c001.wav
Psittacula eupatria_11_c000,Psittacula eupatria,Psittacula eupatria,0.9693,data/chunks_48k/Psittacula eupatria_11_c000.wav,data/chunks_16k/Psittacula eupatria_11_c000.wav
Psittacula eupatria_11_c001,Psittacula eupatria,Psittacula eupatria,0.7346,data/chunks_48k/Psittacula eupatria_11_c001.wav,data/chunks_16k/Psittacula eupatria_11_c001.wav
Psittacula eupatria_11_c002,Psittacula eupatria,Psittacula eupatria,0.9772,data/chunks_48k/Psittacula eupatria_11_c002.wav,data/chunks_16k/Psittacula eupatria_11_c002.wav
Psittacula eupatria_11_c003,Psittacula eupatria,Psittacula eupatria,0.8015,data/chunks_48k/Psittacula eupatria_11_c003.wav,data/chunks_16k/Psittacula eupatria_11_c003.wav
Psittacula eupatria_11_c004,Psittacula eupatria,Psittacula eupatria,0.8892,data/chunks_48k/Psittacula eupatria_11_c004.wav,data/chunks_16k/Psittacula eupatria_11_c004.wav
Psittacula eupatria_11_c005,Psittacula eupatria,Psittacula eupatria,0.9546,data/chunks_48k/Psittacula eupatria_11_c005.wav,data/chunks_16k/Psittacula eupatria_11_c005.wav
Psittacula eupatria_11_c006,Psittacula eupatria,Psittacula eupatria,0.6668,data/chunks_48k/Psittacula eupatria_11_c006.wav,data/chunks_16k/Psittacula eupatria_11_c006.wav
Psittacula eupatria_11_c007,Psittacula eupatria,Psittacula eupatria,0.9941,data/chunks_48k/Psittacula eupatria_11_c007.wav,data/chunks_16k/Psittacula eupatria_11_c007.wav
Psittacula eupatria_17_c001,Psittacula eupatria,Psittacula eupatria,0.5945,data/chunks_48k/Psittacula eupatria_17_c001.wav,data/chunks_16k/Psittacula eupatria_17_c001.wav
Psittacula eupatria_18_c003,Psittacula eupatria,Psittacula eupatria,0.7610,data/chunks_48k/Psittacula eupatria_18_c003.wav,data/chunks_16k/Psittacula eupatria_18_c003.wav
Psittacula eupatria_1_c001,Psittacula eupatria,Psittacula eupatria,0.5945,data/chunks_48k/Psittacula eupatria_1_c001.wav,data/chunks_16k/Psittacula eupatria_1_c001.wav
Psittacula eupatria_20_c000,Psittacula eupatria,Psittacula eupatria,0.6275,data/chunks_48k/Psittacula eupatria_20_c000.wav,data/chunks_16k/Psittacula eupatria_20_c000.wav
Psittacula eupatria_22_c001,Psittacula eupatria,Psittacula eupatria,0.8438,data/chunks_48k/Psittacula eupatria_22_c001.wav,data/chunks_16k/Psittacula eupatria_22_c001.wav
Psittacula eupatria_22_c003,Psittacula eupatria,Psittacula eupatria,0.5372,data/chunks_48k/Psittacula eupatria_22_c003.wav,data/chunks_16k/Psittacula eupatria_22_c003.wav
Psittacula eupatria_23_c000,Psittacula eupatria,Psittacula eupatria,0.7436,data/chunks_48k/Psittacula eupatria_23_c000.wav,data/chunks_16k/Psittacula eupatria_23_c000.wav
Psittacula eupatria_23_c001,Psittacula eupatria,Psittacula eupatria,0.9642,data/chunks_48k/Psittacula eupatria_23_c001.wav,data/chunks_16k/Psittacula eupatria_23_c001.wav
Psittacula eupatria_23_c002,Psittacula eupatria,Psittacula eupatria,0.7673,data/chunks_48k/Psittacula eupatria_23_c002.wav,data/chunks_16k/Psittacula eupatria_23_c002.wav
Psittacula eupatria_26_c000,Psittacula eupatria,Psittacula eupatria,0.7893,data/chunks_48k/Psittacula eupatria_26_c000.wav,data/chunks_16k/Psittacula eupatria_26_c000.wav
Psittacula eupatria_26_c001,Psittacula eupatria,Psittacula eupatria,0.9860,data/chunks_48k/Psittacula eupatria_26_c001.wav,data/chunks_16k/Psittacula eupatria_26_c001.wav
Psittacula eupatria_28_c000,Psittacula eupatria,Psittacula eupatria,0.9903,data/chunks_48k/Psittacula eupatria_28_c000.wav,data/chunks_16k/Psittacula eupatria_28_c000.wav
Psittacula eupatria_28_c002,Psittacula eupatria,Psittacula eupatria,0.9988,data/chunks_48k/Psittacula eupatria_28_c002.wav,data/chunks_16k/Psittacula eupatria_28_c002.wav
Psittacula eupatria_28_c004,Psittacula eupatria,Psittacula eupatria,0.9129,data/chunks_48k/Psittacula eupatria_28_c004.wav,data/chunks_16k/Psittacula eupatria_28_c004.wav
Psittacula eupatria_28_c005,Psittacula eupatria,Psittacula eupatria,0.9996,data/chunks_48k/Psittacula eupatria_28_c005.wav,data/chunks_16k/Psittacula eupatria_28_c005.wav
Psittacula eupatria_28_c007,Psittacula eupatria,Psittacula eupatria,0.9959,data/chunks_48k/Psittacula eupatria_28_c007.wav,data/chunks_16k/Psittacula eupatria_28_c007.wav
Psittacula eupatria_28_c008,Psittacula eupatria,Psittacula eupatria,0.9896,data/chunks_48k/Psittacula eupatria_28_c008.wav,data/chunks_16k/Psittacula eupatria_28_c008.wav
Psittacula eupatria_28_c009,Psittacula eupatria,Psittacula eupatria,0.9712,data/chunks_48k/Psittacula eupatria_28_c009.wav,data/chunks_16k/Psittacula eupatria_28_c009.wav
Psittacula eupatria_28_c010,Psittacula eupatria,Psittacula eupatria,0.9988,data/chunks_48k/Psittacula eupatria_28_c010.wav,data/chunks_16k/Psittacula eupatria_28_c010.wav
Psittacula eupatria_28_c011,Psittacula eupatria,Psittacula eupatria,0.9783,data/chunks_48k/Psittacula eupatria_28_c011.wav,data/chunks_16k/Psittacula eupatria_28_c011.wav
Psittacula eupatria_28_c012,Psittacula eupatria,Psittacula eupatria,0.9891,data/chunks_48k/Psittacula eupatria_28_c012.wav,data/chunks_16k/Psittacula eupatria_28_c012.wav
Psittacula eupatria_28_c013,Psittacula eupatria,Psittacula eupatria,0.9710,data/chunks_48k/Psittacula eupatria_28_c013.wav,data/chunks_16k/Psittacula eupatria_28_c013.wav
Psittacula eupatria_28_c015,Psittacula eupatria,Psittacula eupatria,0.9911,data/chunks_48k/Psittacula eupatria_28_c015.wav,data/chunks_16k/Psittacula eupatria_28_c015.wav
Psittacula eupatria_2_c000,Psittacula eupatria,Psittacula eupatria,0.9989,data/chunks_48k/Psittacula eupatria_2_c000.wav,data/chunks_16k/Psittacula eupatria_2_c000.wav
Psittacula eupatria_2_c001,Psittacula eupatria,Psittacula eupatria,0.9985,data/chunks_48k/Psittacula eupatria_2_c001.wav,data/chunks_16k/Psittacula eupatria_2_c001.wav
Psittacula eupatria_2_c002,Psittacula eupatria,Psittacula eupatria,0.9602,data/chunks_48k/Psittacula eupatria_2_c002.wav,data/chunks_16k/Psittacula eupatria_2_c002.wav
Psittacula eupatria_4_c000,Psittacula eupatria,Psittacula eupatria,0.9917,data/chunks_48k/Psittacula eupatria_4_c000.wav,data/chunks_16k/Psittacula eupatria_4_c000.wav
Psittacula eupatria_4_c001,Psittacula eupatria,Psittacula eupatria,0.9993,data/chunks_48k/Psittacula eupatria_4_c001.wav,data/chunks_16k/Psittacula eupatria_4_c001.wav
Psittacula eupatria_4_c002,Psittacula eupatria,Psittacula eupatria,0.9981,data/chunks_48k/Psittacula eupatria_4_c002.wav,data/chunks_16k/Psittacula eupatria_4_c002.wav
Psittacula eupatria_4_c003,Psittacula eupatria,Psittacula eupatria,0.9998,data/chunks_48k/Psittacula eupatria_4_c003.wav,data/chunks_16k/Psittacula eupatria_4_c003.wav
Psittacula eupatria_4_c004,Psittacula eupatria,Psittacula eupatria,0.9954,data/chunks_48k/Psittacula eupatria_4_c004.wav,data/chunks_16k/Psittacula eupatria_4_c004.wav
Psittacula eupatria_4_c005,Psittacula eupatria,Psittacula eupatria,0.9976,data/chunks_48k/Psittacula eupatria_4_c005.wav,data/chunks_16k/Psittacula eupatria_4_c005.wav
Psittacula eupatria_5_c000,Psittacula eupatria,Psittacula eupatria,0.9597,data/chunks_48k/Psittacula eupatria_5_c000.wav,data/chunks_16k/Psittacula eupatria_5_c000.wav
Psittacula eupatria_5_c001,Psittacula eupatria,Psittacula eupatria,0.9497,data/chunks_48k/Psittacula eupatria_5_c001.wav,data/chunks_16k/Psittacula eupatria_5_c001.wav
Psittacula eupatria_5_c002,Psittacula eupatria,Psittacula eupatria,0.9328,data/chunks_48k/Psittacula eupatria_5_c002.wav,data/chunks_16k/Psittacula eupatria_5_c002.wav
Psittacula eupatria_5_c003,Psittacula eupatria,Psittacula eupatria,0.9763,data/chunks_48k/Psittacula eupatria_5_c003.wav,data/chunks_16k/Psittacula eupatria_5_c003.wav
Psittacula eupatria_5_c004,Psittacula eupatria,Psittacula eupatria,0.9518,data/chunks_48k/Psittacula eupatria_5_c004.wav,data/chunks_16k/Psittacula eupatria_5_c004.wav
Psittacula eupatria_5_c005,Psittacula eupatria,Psittacula eupatria,0.9684,data/chunks_48k/Psittacula eupatria_5_c005.wav,data/chunks_16k/Psittacula eupatria_5_c005.wav
Psittacula eupatria_5_c006,Psittacula eupatria,Psittacula eupatria,0.9281,data/chunks_48k/Psittacula eupatria_5_c006.wav,data/chunks_16k/Psittacula eupatria_5_c006.wav
Psittacula eupatria_5_c007,Psittacula eupatria,Psittacula eupatria,0.6688,data/chunks_48k/Psittacula eupatria_5_c007.wav,data/chunks_16k/Psittacula eupatria_5_c007.wav
Psittacula eupatria_6_c000,Psittacula eupatria,Psittacula eupatria,0.9447,data/chunks_48k/Psittacula eupatria_6_c000.wav,data/chunks_16k/Psittacula eupatria_6_c000.wav
Psittacula eupatria_6_c001,Psittacula eupatria,Psittacula eupatria,0.6084,data/chunks_48k/Psittacula eupatria_6_c001.wav,data/chunks_16k/Psittacula eupatria_6_c001.wav
Psittacula eupatria_6_c004,Psittacula eupatria,Psittacula eupatria,0.8086,data/chunks_48k/Psittacula eupatria_6_c004.wav,data/chunks_16k/Psittacula eupatria_6_c004.wav
Psittacula eupatria_6_c005,Psittacula eupatria,Psittacula eupatria,0.7879,data/chunks_48k/Psittacula eupatria_6_c005.wav,data/chunks_16k/Psittacula eupatria_6_c005.wav
Psittacula eupatria_6_c006,Psittacula eupatria,Psittacula eupatria,0.8536,data/chunks_48k/Psittacula eupatria_6_c006.wav,data/chunks_16k/Psittacula eupatria_6_c006.wav
Psittacula eupatria_6_c007,Psittacula eupatria,Psittacula eupatria,0.9986,data/chunks_48k/Psittacula eupatria_6_c007.wav,data/chunks_16k/Psittacula eupatria_6_c007.wav
Psittacula eupatria_6_c008,Psittacula eupatria,Psittacula eupatria,0.9427,data/chunks_48k/Psittacula eupatria_6_c008.wav,data/chunks_16k/Psittacula eupatria_6_c008.wav
Psittacula eupatria_6_c009,Psittacula eupatria,Psittacula eupatria,0.8536,data/chunks_48k/Psittacula eupatria_6_c009.wav,data/chunks_16k/Psittacula eupatria_6_c009.wav
Psittacula eupatria_7_c000,Psittacula eupatria,Psittacula eupatria,0.9918,data/chunks_48k/Psittacula eupatria_7_c000.wav,data/chunks_16k/Psittacula eupatria_7_c000.wav
Psittacula eupatria_7_c001,Psittacula eupatria,Psittacula eupatria,0.9598,data/chunks_48k/Psittacula eupatria_7_c001.wav,data/chunks_16k/Psittacula eupatria_7_c001.wav
Rimator malacoptilus_10_c000,Rimator malacoptilus,Rimator malacoptilus,0.9997,data/chunks_48k/Rimator malacoptilus_10_c000.wav,data/chunks_16k/Rimator malacoptilus_10_c000.wav
Rimator malacoptilus_10_c001,Rimator malacoptilus,Rimator malacoptilus,0.9989,data/chunks_48k/Rimator malacoptilus_10_c001.wav,data/chunks_16k/Rimator malacoptilus_10_c001.wav
Rimator malacoptilus_10_c002,Rimator malacoptilus,Rimator malacoptilus,0.9964,data/chunks_48k/Rimator malacoptilus_10_c002.wav,data/chunks_16k/Rimator malacoptilus_10_c002.wav
Rimator malacoptilus_10_c003,Rimator malacoptilus,Rimator malacoptilus,0.9993,data/chunks_48k/Rimator malacoptilus_10_c003.wav,data/chunks_16k/Rimator malacoptilus_10_c003.wav
Rimator malacoptilus_10_c004,Rimator malacoptilus,Rimator malacoptilus,0.9997,data/chunks_48k/Rimator malacoptilus_10_c004.wav,data/chunks_16k/Rimator malacoptilus_10_c004.wav
Rimator malacoptilus_10_c005,Rimator malacoptilus,Rimator malacoptilus,0.9995,data/chunks_48k/Rimator malacoptilus_10_c005.wav,data/chunks_16k/Rimator malacoptilus_10_c005.wav
Rimator malacoptilus_10_c006,Rimator malacoptilus,Rimator malacoptilus,0.9981,data/chunks_48k/Rimator malacoptilus_10_c006.wav,data/chunks_16k/Rimator malacoptilus_10_c006.wav
Rimator malacoptilus_10_c007,Rimator malacoptilus,Rimator malacoptilus,0.9398,data/chunks_48k/Rimator malacoptilus_10_c007.wav,data/chunks_16k/Rimator malacoptilus_10_c007.wav
Rimator malacoptilus_10_c008,Rimator malacoptilus,Rimator malacoptilus,0.9976,data/chunks_48k/Rimator malacoptilus_10_c008.wav,data/chunks_16k/Rimator malacoptilus_10_c008.wav
Rimator malacoptilus_10_c009,Rimator malacoptilus,Rimator malacoptilus,0.9986,data/chunks_48k/Rimator malacoptilus_10_c009.wav,data/chunks_16k/Rimator malacoptilus_10_c009.wav
Rimator malacoptilus_10_c010,Rimator malacoptilus,Rimator malacoptilus,0.9997,data/chunks_48k/Rimator malacoptilus_10_c010.wav,data/chunks_16k/Rimator malacoptilus_10_c010.wav
Rimator malacoptilus_10_c011,Rimator malacoptilus,Rimator malacoptilus,0.9994,data/chunks_48k/Rimator malacoptilus_10_c011.wav,data/chunks_16k/Rimator malacoptilus_10_c011.wav
Rimator malacoptilus_11_c000,Rimator malacoptilus,Rimator malacoptilus,0.9860,data/chunks_48k/Rimator malacoptilus_11_c000.wav,data/chunks_16k/Rimator malacoptilus_11_c000.wav
Rimator malacoptilus_11_c001,Rimator malacoptilus,Rimator malacoptilus,0.9946,data/chunks_48k/Rimator malacoptilus_11_c001.wav,data/chunks_16k/Rimator malacoptilus_11_c001.wav
Rimator malacoptilus_11_c002,Rimator malacoptilus,Rimator malacoptilus,0.9867,data/chunks_48k/Rimator malacoptilus_11_c002.wav,data/chunks_16k/Rimator malacoptilus_11_c002.wav
Rimator malacoptilus_11_c003,Rimator malacoptilus,Rimator malacoptilus,0.9890,data/chunks_48k/Rimator malacoptilus_11_c003.wav,data/chunks_16k/Rimator malacoptilus_11_c003.wav
Rimator malacoptilus_11_c004,Rimator malacoptilus,Rimator malacoptilus,0.9989,data/chunks_48k/Rimator malacoptilus_11_c004.wav,data/chunks_16k/Rimator malacoptilus_11_c004.wav
Rimator malacoptilus_11_c005,Rimator malacoptilus,Rimator malacoptilus,0.9992,data/chunks_48k/Rimator malacoptilus_11_c005.wav,data/chunks_16k/Rimator malacoptilus_11_c005.wav
Rimator malacoptilus_12_c000,Rimator malacoptilus,Rimator malacoptilus,0.9948,data/chunks_48k/Rimator malacoptilus_12_c000.wav,data/chunks_16k/Rimator malacoptilus_12_c000.wav
Rimator malacoptilus_12_c001,Rimator malacoptilus,Rimator malacoptilus,0.9859,data/chunks_48k/Rimator malacoptilus_12_c001.wav,data/chunks_16k/Rimator malacoptilus_12_c001.wav
Rimator malacoptilus_12_c002,Rimator malacoptilus,Rimator malacoptilus,0.9954,data/chunks_48k/Rimator malacoptilus_12_c002.wav,data/chunks_16k/Rimator malacoptilus_12_c002.wav
Rimator malacoptilus_12_c003,Rimator malacoptilus,Rimator malacoptilus,0.9976,data/chunks_48k/Rimator malacoptilus_12_c003.wav,data/chunks_16k/Rimator malacoptilus_12_c003.wav
Rimator malacoptilus_12_c004,Rimator malacoptilus,Rimator malacoptilus,0.9948,data/chunks_48k/Rimator malacoptilus_12_c004.wav,data/chunks_16k/Rimator malacoptilus_12_c004.wav
Rimator malacoptilus_12_c006,Rimator malacoptilus,Rimator malacoptilus,0.9969,data/chunks_48k/Rimator malacoptilus_12_c006.wav,data/chunks_16k/Rimator malacoptilus_12_c006.wav
Rimator malacoptilus_12_c007,Rimator malacoptilus,Rimator malacoptilus,0.9962,data/chunks_48k/Rimator malacoptilus_12_c007.wav,data/chunks_16k/Rimator malacoptilus_12_c007.wav
Rimator malacoptilus_12_c009,Rimator malacoptilus,Rimator malacoptilus,0.9928,data/chunks_48k/Rimator malacoptilus_12_c009.wav,data/chunks_16k/Rimator malacoptilus_12_c009.wav
Rimator malacoptilus_13_c000,Rimator malacoptilus,Rimator malacoptilus,0.9997,data/chunks_48k/Rimator malacoptilus_13_c000.wav,data/chunks_16k/Rimator malacoptilus_13_c000.wav
Rimator malacoptilus_13_c001,Rimator malacoptilus,Rimator malacoptilus,0.9989,data/chunks_48k/Rimator malacoptilus_13_c001.wav,data/chunks_16k/Rimator malacoptilus_13_c001.wav
Rimator malacoptilus_13_c002,Rimator malacoptilus,Rimator malacoptilus,0.9964,data/chunks_48k/Rimator malacoptilus_13_c002.wav,data/chunks_16k/Rimator malacoptilus_13_c002.wav
Rimator malacoptilus_13_c003,Rimator malacoptilus,Rimator malacoptilus,0.9993,data/chunks_48k/Rimator malacoptilus_13_c003.wav,data/chunks_16k/Rimator malacoptilus_13_c003.wav
Rimator malacoptilus_13_c004,Rimator malacoptilus,Rimator malacoptilus,0.9997,data/chunks_48k/Rimator malacoptilus_13_c004.wav,data/chunks_16k/Rimator malacoptilus_13_c004.wav
Rimator malacoptilus_13_c005,Rimator malacoptilus,Rimator malacoptilus,0.9995,data/chunks_48k/Rimator malacoptilus_13_c005.wav,data/chunks_16k/Rimator malacoptilus_13_c005.wav
Rimator malacoptilus_13_c006,Rimator malacoptilus,Rimator malacoptilus,0.9981,data/chunks_48k/Rimator malacoptilus_13_c006.wav,data/chunks_16k/Rimator malacoptilus_13_c006.wav
Rimator malacoptilus_13_c007,Rimator malacoptilus,Rimator malacoptilus,0.9398,data/chunks_48k/Rimator malacoptilus_13_c007.wav,data/chunks_16k/Rimator malacoptilus_13_c007.wav
Rimator malacoptilus_13_c008,Rimator malacoptilus,Rimator malacoptilus,0.9976,data/chunks_48k/Rimator malacoptilus_13_c008.wav,data/chunks_16k/Rimator malacoptilus_13_c008.wav
Rimator malacoptilus_13_c009,Rimator malacoptilus,Rimator malacoptilus,0.9986,data/chunks_48k/Rimator malacoptilus_13_c009.wav,data/chunks_16k/Rimator malacoptilus_13_c009.wav
Rimator malacoptilus_13_c010,Rimator malacoptilus,Rimator malacoptilus,0.9997,data/chunks_48k/Rimator malacoptilus_13_c010.wav,data/chunks_16k/Rimator malacoptilus_13_c010.wav
Rimator malacoptilus_13_c011,Rimator malacoptilus,Rimator malacoptilus,0.9994,data/chunks_48k/Rimator malacoptilus_13_c011.wav,data/chunks_16k/Rimator malacoptilus_13_c011.wav
Rimator malacoptilus_14_c000,Rimator malacoptilus,Rimator malacoptilus,0.9996,data/chunks_48k/Rimator malacoptilus_14_c000.wav,data/chunks_16k/Rimator malacoptilus_14_c000.wav
Rimator malacoptilus_14_c002,Rimator malacoptilus,Rimator malacoptilus,0.9993,data/chunks_48k/Rimator malacoptilus_14_c002.wav,data/chunks_16k/Rimator malacoptilus_14_c002.wav
Rimator malacoptilus_14_c003,Rimator malacoptilus,Rimator malacoptilus,0.9982,data/chunks_48k/Rimator malacoptilus_14_c003.wav,data/chunks_16k/Rimator malacoptilus_14_c003.wav
Rimator malacoptilus_14_c004,Rimator malacoptilus,Rimator malacoptilus,0.9953,data/chunks_48k/Rimator malacoptilus_14_c004.wav,data/chunks_16k/Rimator malacoptilus_14_c004.wav
Rimator malacoptilus_14_c005,Rimator malacoptilus,Rimator malacoptilus,0.9979,data/chunks_48k/Rimator malacoptilus_14_c005.wav,data/chunks_16k/Rimator malacoptilus_14_c005.wav
Rimator malacoptilus_14_c006,Rimator malacoptilus,Rimator malacoptilus,0.9985,data/chunks_48k/Rimator malacoptilus_14_c006.wav,data/chunks_16k/Rimator malacoptilus_14_c006.wav
Rimator malacoptilus_14_c007,Rimator malacoptilus,Rimator malacoptilus,0.9977,data/chunks_48k/Rimator malacoptilus_14_c007.wav,data/chunks_16k/Rimator malacoptilus_14_c007.wav
Rimator malacoptilus_14_c008,Rimator malacoptilus,Rimator malacoptilus,0.9966,data/chunks_48k/Rimator malacoptilus_14_c008.wav,data/chunks_16k/Rimator malacoptilus_14_c008.wav
Rimator malacoptilus_14_c009,Rimator malacoptilus,Rimator malacoptilus,0.9993,data/chunks_48k/Rimator malacoptilus_14_c009.wav,data/chunks_16k/Rimator malacoptilus_14_c009.wav
Rimator malacoptilus_14_c010,Rimator malacoptilus,Rimator malacoptilus,0.9445,data/chunks_48k/Rimator malacoptilus_14_c010.wav,data/chunks_16k/Rimator malacoptilus_14_c010.wav
Rimator malacoptilus_14_c011,Rimator malacoptilus,Rimator malacoptilus,0.9964,data/chunks_48k/Rimator malacoptilus_14_c011.wav,data/chunks_16k/Rimator malacoptilus_14_c011.wav
Rimator malacoptilus_17_c004,Rimator malacoptilus,Rimator malacoptilus,0.9995,data/chunks_48k/Rimator malacoptilus_17_c004.wav,data/chunks_16k/Rimator malacoptilus_17_c004.wav
Rimator malacoptilus_17_c005,Rimator malacoptilus,Rimator malacoptilus,0.9978,data/chunks_48k/Rimator malacoptilus_17_c005.wav,data/chunks_16k/Rimator malacoptilus_17_c005.wav
Rimator malacoptilus_17_c006,Rimator malacoptilus,Rimator malacoptilus,0.9992,data/chunks_48k/Rimator malacoptilus_17_c006.wav,data/chunks_16k/Rimator malacoptilus_17_c006.wav
Rimator malacoptilus_17_c007,Rimator malacoptilus,Rimator malacoptilus,0.9972,data/chunks_48k/Rimator malacoptilus_17_c007.wav,data/chunks_16k/Rimator malacoptilus_17_c007.wav
Rimator malacoptilus_18_c000,Rimator malacoptilus,Rimator malacoptilus,0.8237,data/chunks_48k/Rimator malacoptilus_18_c000.wav,data/chunks_16k/Rimator malacoptilus_18_c000.wav
Rimator malacoptilus_18_c002,Rimator malacoptilus,Rimator malacoptilus,0.8705,data/chunks_48k/Rimator malacoptilus_18_c002.wav,data/chunks_16k/Rimator malacoptilus_18_c002.wav
Rimator malacoptilus_18_c004,Rimator malacoptilus,Rimator malacoptilus,0.8584,data/chunks_48k/Rimator malacoptilus_18_c004.wav,data/chunks_16k/Rimator malacoptilus_18_c004.wav
Rimator malacoptilus_18_c008,Rimator malacoptilus,Rimator malacoptilus,0.8587,data/chunks_48k/Rimator malacoptilus_18_c008.wav,data/chunks_16k/Rimator malacoptilus_18_c008.wav
Rimator malacoptilus_18_c010,Rimator malacoptilus,Rimator malacoptilus,0.9353,data/chunks_48k/Rimator malacoptilus_18_c010.wav,data/chunks_16k/Rimator malacoptilus_18_c010.wav
Rimator malacoptilus_19_c000,Rimator malacoptilus,Rimator malacoptilus,0.9999,data/chunks_48k/Rimator malacoptilus_19_c000.wav,data/chunks_16k/Rimator malacoptilus_19_c000.wav
Rimator malacoptilus_19_c001,Rimator malacoptilus,Rimator malacoptilus,0.9999,data/chunks_48k/Rimator malacoptilus_19_c001.wav,data/chunks_16k/Rimator malacoptilus_19_c001.wav
Rimator malacoptilus_19_c002,Rimator malacoptilus,Rimator malacoptilus,0.9998,data/chunks_48k/Rimator malacoptilus_19_c002.wav,data/chunks_16k/Rimator malacoptilus_19_c002.wav
Rimator malacoptilus_19_c003,Rimator malacoptilus,Rimator malacoptilus,0.9998,data/chunks_48k/Rimator malacoptilus_19_c003.wav,data/chunks_16k/Rimator malacoptilus_19_c003.wav
Rimator malacoptilus_19_c004,Rimator malacoptilus,Rimator malacoptilus,0.9120,data/chunks_48k/Rimator malacoptilus_19_c004.wav,data/chunks_16k/Rimator malacoptilus_19_c004.wav
Rimator malacoptilus_1_c000,Rimator malacoptilus,Rimator malacoptilus,0.9999,data/chunks_48k/Rimator malacoptilus_1_c000.wav,data/chunks_16k/Rimator malacoptilus_1_c000.wav
Rimator malacoptilus_20_c002,Rimator malacoptilus,Rimator malacoptilus,0.5723,data/chunks_48k/Rimator malacoptilus_20_c002.wav,data/chunks_16k/Rimator malacoptilus_20_c002.wav
Rimator malacoptilus_20_c005,Rimator malacoptilus,Rimator malacoptilus,0.9657,data/chunks_48k/Rimator malacoptilus_20_c005.wav,data/chunks_16k/Rimator malacoptilus_20_c005.wav
Rimator malacoptilus_20_c006,Rimator malacoptilus,Rimator malacoptilus,0.9276,data/chunks_48k/Rimator malacoptilus_20_c006.wav,data/chunks_16k/Rimator malacoptilus_20_c006.wav
Rimator malacoptilus_20_c008,Rimator malacoptilus,Rimator malacoptilus,0.9841,data/chunks_48k/Rimator malacoptilus_20_c008.wav,data/chunks_16k/Rimator malacoptilus_20_c008.wav
Rimator malacoptilus_2_c000,Rimator malacoptilus,Rimator malacoptilus,1.0000,data/chunks_48k/Rimator malacoptilus_2_c000.wav,data/chunks_16k/Rimator malacoptilus_2_c000.wav
Rimator malacoptilus_2_c001,Rimator malacoptilus,Rimator malacoptilus,0.9990,data/chunks_48k/Rimator malacoptilus_2_c001.wav,data/chunks_16k/Rimator malacoptilus_2_c001.wav
Rimator malacoptilus_2_c002,Rimator malacoptilus,Rimator malacoptilus,0.9849,data/chunks_48k/Rimator malacoptilus_2_c002.wav,data/chunks_16k/Rimator malacoptilus_2_c002.wav
Rimator malacoptilus_2_c004,Rimator malacoptilus,Rimator malacoptilus,1.0000,data/chunks_48k/Rimator malacoptilus_2_c004.wav,data/chunks_16k/Rimator malacoptilus_2_c004.wav
Rimator malacoptilus_2_c005,Rimator malacoptilus,Rimator malacoptilus,0.9998,data/chunks_48k/Rimator malacoptilus_2_c005.wav,data/chunks_16k/Rimator malacoptilus_2_c005.wav
Rimator malacoptilus_2_c006,Rimator malacoptilus,Rimator malacoptilus,0.9999,data/chunks_48k/Rimator malacoptilus_2_c006.wav,data/chunks_16k/Rimator malacoptilus_2_c006.wav
Rimator malacoptilus_2_c007,Rimator malacoptilus,Rimator malacoptilus,0.9999,data/chunks_48k/Rimator malacoptilus_2_c007.wav,data/chunks_16k/Rimator malacoptilus_2_c007.wav
Rimator malacoptilus_2_c008,Rimator malacoptilus,Rimator malacoptilus,0.9997,data/chunks_48k/Rimator malacoptilus_2_c008.wav,data/chunks_16k/Rimator malacoptilus_2_c008.wav
Rimator malacoptilus_2_c010,Rimator malacoptilus,Rimator malacoptilus,0.8623,data/chunks_48k/Rimator malacoptilus_2_c010.wav,data/chunks_16k/Rimator malacoptilus_2_c010.wav
Rimator malacoptilus_2_c011,Rimator malacoptilus,Rimator malacoptilus,1.0000,data/chunks_48k/Rimator malacoptilus_2_c011.wav,data/chunks_16k/Rimator malacoptilus_2_c011.wav
Rimator malacoptilus_2_c012,Rimator malacoptilus,Rimator malacoptilus,0.9999,data/chunks_48k/Rimator malacoptilus_2_c012.wav,data/chunks_16k/Rimator malacoptilus_2_c012.wav
Rimator malacoptilus_2_c013,Rimator malacoptilus,Rimator malacoptilus,0.9997,data/chunks_48k/Rimator malacoptilus_2_c013.wav,data/chunks_16k/Rimator malacoptilus_2_c013.wav
Rimator malacoptilus_2_c014,Rimator malacoptilus,Rimator malacoptilus,1.0000,data/chunks_48k/Rimator malacoptilus_2_c014.wav,data/chunks_16k/Rimator malacoptilus_2_c014.wav
Rimator malacoptilus_2_c015,Rimator malacoptilus,Rimator malacoptilus,0.9999,data/chunks_48k/Rimator malacoptilus_2_c015.wav,data/chunks_16k/Rimator malacoptilus_2_c015.wav
Rimator malacoptilus_2_c016,Rimator malacoptilus,Rimator malacoptilus,1.0000,data/chunks_48k/Rimator malacoptilus_2_c016.wav,data/chunks_16k/Rimator malacoptilus_2_c016.wav
Rimator malacoptilus_2_c017,Rimator malacoptilus,Rimator malacoptilus,0.9999,data/chunks_48k/Rimator malacoptilus_2_c017.wav,data/chunks_16k/Rimator malacoptilus_2_c017.wav
Rimator malacoptilus_2_c018,Rimator malacoptilus,Rimator malacoptilus,1.0000,data/chunks_48k/Rimator malacoptilus_2_c018.wav,data/chunks_16k/Rimator malacoptilus_2_c018.wav
Rimator malacoptilus_2_c019,Rimator malacoptilus,Rimator malacoptilus,0.9999,data/chunks_48k/Rimator malacoptilus_2_c019.wav,data/chunks_16k/Rimator malacoptilus_2_c019.wav
Rimator malacoptilus_3_c000,Rimator malacoptilus,Rimator malacoptilus,0.9996,data/chunks_48k/Rimator malacoptilus_3_c000.wav,data/chunks_16k/Rimator malacoptilus_3_c000.wav
Rimator malacoptilus_3_c001,Rimator malacoptilus,Rimator malacoptilus,0.9993,data/chunks_48k/Rimator malacoptilus_3_c001.wav,data/chunks_16k/Rimator malacoptilus_3_c001.wav
Rimator malacoptilus_3_c002,Rimator malacoptilus,Rimator malacoptilus,0.9972,data/chunks_48k/Rimator malacoptilus_3_c002.wav,data/chunks_16k/Rimator malacoptilus_3_c002.wav
Rimator malacoptilus_3_c003,Rimator malacoptilus,Rimator malacoptilus,0.9996,data/chunks_48k/Rimator malacoptilus_3_c003.wav,data/chunks_16k/Rimator malacoptilus_3_c003.wav
Rimator malacoptilus_3_c004,Rimator malacoptilus,Rimator malacoptilus,0.9957,data/chunks_48k/Rimator malacoptilus_3_c004.wav,data/chunks_16k/Rimator malacoptilus_3_c004.wav
Rimator malacoptilus_3_c005,Rimator malacoptilus,Rimator malacoptilus,0.9991,data/chunks_48k/Rimator malacoptilus_3_c005.wav,data/chunks_16k/Rimator malacoptilus_3_c005.wav
Rimator malacoptilus_3_c006,Rimator malacoptilus,Rimator malacoptilus,0.9998,data/chunks_48k/Rimator malacoptilus_3_c006.wav,data/chunks_16k/Rimator malacoptilus_3_c006.wav
Rimator malacoptilus_3_c007,Rimator malacoptilus,Rimator malacoptilus,0.9997,data/chunks_48k/Rimator malacoptilus_3_c007.wav,data/chunks_16k/Rimator malacoptilus_3_c007.wav
Rimator malacoptilus_3_c008,Rimator malacoptilus,Rimator malacoptilus,0.9975,data/chunks_48k/Rimator malacoptilus_3_c008.wav,data/chunks_16k/Rimator malacoptilus_3_c008.wav
Rimator malacoptilus_3_c009,Rimator malacoptilus,Rimator malacoptilus,0.9994,data/chunks_48k/Rimator malacoptilus_3_c009.wav,data/chunks_16k/Rimator malacoptilus_3_c009.wav
Rimator malacoptilus_3_c010,Rimator malacoptilus,Rimator malacoptilus,1.0000,data/chunks_48k/Rimator malacoptilus_3_c010.wav,data/chunks_16k/Rimator malacoptilus_3_c010.wav
Rimator malacoptilus_3_c011,Rimator malacoptilus,Rimator malacoptilus,0.9997,data/chunks_48k/Rimator malacoptilus_3_c011.wav,data/chunks_16k/Rimator malacoptilus_3_c011.wav
Rimator malacoptilus_3_c012,Rimator malacoptilus,Rimator malacoptilus,0.9953,data/chunks_48k/Rimator malacoptilus_3_c012.wav,data/chunks_16k/Rimator malacoptilus_3_c012.wav
Rimator malacoptilus_3_c013,Rimator malacoptilus,Rimator malacoptilus,0.9623,data/chunks_48k/Rimator malacoptilus_3_c013.wav,data/chunks_16k/Rimator malacoptilus_3_c013.wav
Rimator malacoptilus_3_c014,Rimator malacoptilus,Rimator malacoptilus,0.9991,data/chunks_48k/Rimator malacoptilus_3_c014.wav,data/chunks_16k/Rimator malacoptilus_3_c014.wav
Rimator malacoptilus_3_c015,Rimator malacoptilus,Rimator malacoptilus,0.9999,data/chunks_48k/Rimator malacoptilus_3_c015.wav,data/chunks_16k/Rimator malacoptilus_3_c015.wav
Rimator malacoptilus_4_c000,Rimator malacoptilus,Rimator malacoptilus,0.9999,data/chunks_48k/Rimator malacoptilus_4_c000.wav,data/chunks_16k/Rimator malacoptilus_4_c000.wav
Rimator malacoptilus_5_c000,Rimator malacoptilus,Rimator malacoptilus,0.9947,data/chunks_48k/Rimator malacoptilus_5_c000.wav,data/chunks_16k/Rimator malacoptilus_5_c000.wav
Rimator malacoptilus_5_c001,Rimator malacoptilus,Rimator malacoptilus,0.9988,data/chunks_48k/Rimator malacoptilus_5_c001.wav,data/chunks_16k/Rimator malacoptilus_5_c001.wav
Rimator malacoptilus_5_c002,Rimator malacoptilus,Rimator malacoptilus,1.0000,data/chunks_48k/Rimator malacoptilus_5_c002.wav,data/chunks_16k/Rimator malacoptilus_5_c002.wav
Rimator malacoptilus_5_c003,Rimator malacoptilus,Rimator malacoptilus,0.9080,data/chunks_48k/Rimator malacoptilus_5_c003.wav,data/chunks_16k/Rimator malacoptilus_5_c003.wav
Rimator malacoptilus_5_c004,Rimator malacoptilus,Rimator malacoptilus,0.9996,data/chunks_48k/Rimator malacoptilus_5_c004.wav,data/chunks_16k/Rimator malacoptilus_5_c004.wav
Rimator malacoptilus_5_c005,Rimator malacoptilus,Rimator malacoptilus,0.9999,data/chunks_48k/Rimator malacoptilus_5_c005.wav,data/chunks_16k/Rimator malacoptilus_5_c005.wav
Rimator malacoptilus_5_c006,Rimator malacoptilus,Rimator malacoptilus,0.9997,data/chunks_48k/Rimator malacoptilus_5_c006.wav,data/chunks_16k/Rimator malacoptilus_5_c006.wav
Rimator malacoptilus_5_c007,Rimator malacoptilus,Rimator malacoptilus,0.9987,data/chunks_48k/Rimator malacoptilus_5_c007.wav,data/chunks_16k/Rimator malacoptilus_5_c007.wav
Rimator malacoptilus_5_c008,Rimator malacoptilus,Rimator malacoptilus,0.9938,data/chunks_48k/Rimator malacoptilus_5_c008.wav,data/chunks_16k/Rimator malacoptilus_5_c008.wav
Rimator malacoptilus_5_c009,Rimator malacoptilus,Rimator malacoptilus,1.0000,data/chunks_48k/Rimator malacoptilus_5_c009.wav,data/chunks_16k/Rimator malacoptilus_5_c009.wav
Rimator malacoptilus_5_c010,Rimator malacoptilus,Rimator malacoptilus,1.0000,data/chunks_48k/Rimator malacoptilus_5_c010.wav,data/chunks_16k/Rimator malacoptilus_5_c010.wav
Rimator malacoptilus_5_c011,Rimator malacoptilus,Rimator malacoptilus,0.9999,data/chunks_48k/Rimator malacoptilus_5_c011.wav,data/chunks_16k/Rimator malacoptilus_5_c011.wav
Rimator malacoptilus_5_c012,Rimator malacoptilus,Rimator malacoptilus,1.0000,data/chunks_48k/Rimator malacoptilus_5_c012.wav,data/chunks_16k/Rimator malacoptilus_5_c012.wav
Rimator malacoptilus_7_c000,Rimator malacoptilus,Rimator malacoptilus,0.9290,data/chunks_48k/Rimator malacoptilus_7_c000.wav,data/chunks_16k/Rimator malacoptilus_7_c000.wav
Rimator malacoptilus_7_c001,Rimator malacoptilus,Rimator malacoptilus,0.9857,data/chunks_48k/Rimator malacoptilus_7_c001.wav,data/chunks_16k/Rimator malacoptilus_7_c001.wav
Rimator malacoptilus_7_c002,Rimator malacoptilus,Rimator malacoptilus,0.9991,data/chunks_48k/Rimator malacoptilus_7_c002.wav,data/chunks_16k/Rimator malacoptilus_7_c002.wav
Rimator malacoptilus_7_c003,Rimator malacoptilus,Rimator malacoptilus,0.5469,data/chunks_48k/Rimator malacoptilus_7_c003.wav,data/chunks_16k/Rimator malacoptilus_7_c003.wav
Rimator malacoptilus_8_c000,Rimator malacoptilus,Rimator malacoptilus,0.9856,data/chunks_48k/Rimator malacoptilus_8_c000.wav,data/chunks_16k/Rimator malacoptilus_8_c000.wav
Rimator malacoptilus_8_c001,Rimator malacoptilus,Rimator malacoptilus,0.9998,data/chunks_48k/Rimator malacoptilus_8_c001.wav,data/chunks_16k/Rimator malacoptilus_8_c001.wav
Rimator malacoptilus_8_c002,Rimator malacoptilus,Rimator malacoptilus,0.9629,data/chunks_48k/Rimator malacoptilus_8_c002.wav,data/chunks_16k/Rimator malacoptilus_8_c002.wav
Rimator malacoptilus_8_c004,Rimator malacoptilus,Rimator malacoptilus,0.9998,data/chunks_48k/Rimator malacoptilus_8_c004.wav,data/chunks_16k/Rimator malacoptilus_8_c004.wav
Rimator malacoptilus_8_c005,Rimator malacoptilus,Rimator malacoptilus,0.9995,data/chunks_48k/Rimator malacoptilus_8_c005.wav,data/chunks_16k/Rimator malacoptilus_8_c005.wav
Rimator malacoptilus_8_c006,Rimator malacoptilus,Rimator malacoptilus,0.9995,data/chunks_48k/Rimator malacoptilus_8_c006.wav,data/chunks_16k/Rimator malacoptilus_8_c006.wav
Rimator malacoptilus_8_c007,Rimator malacoptilus,Rimator malacoptilus,0.9992,data/chunks_48k/Rimator malacoptilus_8_c007.wav,data/chunks_16k/Rimator malacoptilus_8_c007.wav
Rimator malacoptilus_8_c009,Rimator malacoptilus,Rimator malacoptilus,0.9841,data/chunks_48k/Rimator malacoptilus_8_c009.wav,data/chunks_16k/Rimator malacoptilus_8_c009.wav
Rimator malacoptilus_9_c000,Rimator malacoptilus,Rimator malacoptilus,0.9483,data/chunks_48k/Rimator malacoptilus_9_c000.wav,data/chunks_16k/Rimator malacoptilus_9_c000.wav
Rimator malacoptilus_9_c001,Rimator malacoptilus,Rimator malacoptilus,0.9858,data/chunks_48k/Rimator malacoptilus_9_c001.wav,data/chunks_16k/Rimator malacoptilus_9_c001.wav
Rimator malacoptilus_9_c002,Rimator malacoptilus,Rimator malacoptilus,0.9827,data/chunks_48k/Rimator malacoptilus_9_c002.wav,data/chunks_16k/Rimator malacoptilus_9_c002.wav
Rimator malacoptilus_9_c003,Rimator malacoptilus,Rimator malacoptilus,0.9664,data/chunks_48k/Rimator malacoptilus_9_c003.wav,data/chunks_16k/Rimator malacoptilus_9_c003.wav
Rimator malacoptilus_9_c005,Rimator malacoptilus,Rimator malacoptilus,0.7298,data/chunks_48k/Rimator malacoptilus_9_c005.wav,data/chunks_16k/Rimator malacoptilus_9_c005.wav
Rimator malacoptilus_9_c006,Rimator malacoptilus,Rimator malacoptilus,0.9554,data/chunks_48k/Rimator malacoptilus_9_c006.wav,data/chunks_16k/Rimator malacoptilus_9_c006.wav
Rimator malacoptilus_9_c007,Rimator malacoptilus,Rimator malacoptilus,0.9777,data/chunks_48k/Rimator malacoptilus_9_c007.wav,data/chunks_16k/Rimator malacoptilus_9_c007.wav
Riparia chinensis_1_c000,Riparia chinensis,Riparia chinensis,0.5733,data/chunks_48k/Riparia chinensis_1_c000.wav,data/chunks_16k/Riparia chinensis_1_c000.wav
Riparia chinensis_2_c000,Riparia chinensis,Riparia chinensis,0.6168,data/chunks_48k/Riparia chinensis_2_c000.wav,data/chunks_16k/Riparia chinensis_2_c000.wav
Riparia chinensis_5_c000,Riparia chinensis,Riparia chinensis,0.5733,data/chunks_48k/Riparia chinensis_5_c000.wav,data/chunks_16k/Riparia chinensis_5_c000.wav
Spelaeornis oatesi_2_c000,Spelaeornis oatesi,Spelaeornis oatesi,0.9933,data/chunks_48k/Spelaeornis oatesi_2_c000.wav,data/chunks_16k/Spelaeornis oatesi_2_c000.wav
Spelaeornis oatesi_2_c001,Spelaeornis oatesi,Spelaeornis oatesi,0.9969,data/chunks_48k/Spelaeornis oatesi_2_c001.wav,data/chunks_16k/Spelaeornis oatesi_2_c001.wav
Spelaeornis oatesi_2_c002,Spelaeornis oatesi,Spelaeornis oatesi,0.9973,data/chunks_48k/Spelaeornis oatesi_2_c002.wav,data/chunks_16k/Spelaeornis oatesi_2_c002.wav
Spelaeornis oatesi_2_c003,Spelaeornis oatesi,Spelaeornis oatesi,0.9975,data/chunks_48k/Spelaeornis oatesi_2_c003.wav,data/chunks_16k/Spelaeornis oatesi_2_c003.wav
Spelaeornis oatesi_2_c004,Spelaeornis oatesi,Spelaeornis oatesi,0.9978,data/chunks_48k/Spelaeornis oatesi_2_c004.wav,data/chunks_16k/Spelaeornis oatesi_2_c004.wav
Spelaeornis oatesi_2_c006,Spelaeornis oatesi,Spelaeornis oatesi,0.9757,data/chunks_48k/Spelaeornis oatesi_2_c006.wav,data/chunks_16k/Spelaeornis oatesi_2_c006.wav
Spelaeornis oatesi_2_c007,Spelaeornis oatesi,Spelaeornis oatesi,0.9811,data/chunks_48k/Spelaeornis oatesi_2_c007.wav,data/chunks_16k/Spelaeornis oatesi_2_c007.wav
Spelaeornis oatesi_2_c008,Spelaeornis oatesi,Spelaeornis oatesi,0.9872,data/chunks_48k/Spelaeornis oatesi_2_c008.wav,data/chunks_16k/Spelaeornis oatesi_2_c008.wav
Spelaeornis oatesi_3_c000,Spelaeornis oatesi,Spelaeornis oatesi,0.9993,data/chunks_48k/Spelaeornis oatesi_3_c000.wav,data/chunks_16k/Spelaeornis oatesi_3_c000.wav
Spelaeornis oatesi_3_c001,Spelaeornis oatesi,Spelaeornis oatesi,0.9978,data/chunks_48k/Spelaeornis oatesi_3_c001.wav,data/chunks_16k/Spelaeornis oatesi_3_c001.wav
Spelaeornis oatesi_3_c003,Spelaeornis oatesi,Spelaeornis oatesi,0.9992,data/chunks_48k/Spelaeornis oatesi_3_c003.wav,data/chunks_16k/Spelaeornis oatesi_3_c003.wav
Spelaeornis oatesi_3_c005,Spelaeornis oatesi,Spelaeornis oatesi,0.9991,data/chunks_48k/Spelaeornis oatesi_3_c005.wav,data/chunks_16k/Spelaeornis oatesi_3_c005.wav
Spelaeornis oatesi_3_c007,Spelaeornis oatesi,Spelaeornis oatesi,0.9998,data/chunks_48k/Spelaeornis oatesi_3_c007.wav,data/chunks_16k/Spelaeornis oatesi_3_c007.wav
Spelaeornis oatesi_3_c008,Spelaeornis oatesi,Spelaeornis oatesi,0.9993,data/chunks_48k/Spelaeornis oatesi_3_c008.wav,data/chunks_16k/Spelaeornis oatesi_3_c008.wav
Spelaeornis oatesi_3_c012,Spelaeornis oatesi,Spelaeornis oatesi,0.9996,data/chunks_48k/Spelaeornis oatesi_3_c012.wav,data/chunks_16k/Spelaeornis oatesi_3_c012.wav
Spelaeornis oatesi_5_c000,Spelaeornis oatesi,Spelaeornis oatesi,0.9996,data/chunks_48k/Spelaeornis oatesi_5_c000.wav,data/chunks_16k/Spelaeornis oatesi_5_c000.wav
Spelaeornis oatesi_5_c002,Spelaeornis oatesi,Spelaeornis oatesi,0.9963,data/chunks_48k/Spelaeornis oatesi_5_c002.wav,data/chunks_16k/Spelaeornis oatesi_5_c002.wav
Spelaeornis oatesi_5_c004,Spelaeornis oatesi,Spelaeornis oatesi,0.9880,data/chunks_48k/Spelaeornis oatesi_5_c004.wav,data/chunks_16k/Spelaeornis oatesi_5_c004.wav
Spelaeornis oatesi_5_c006,Spelaeornis oatesi,Spelaeornis oatesi,0.9939,data/chunks_48k/Spelaeornis oatesi_5_c006.wav,data/chunks_16k/Spelaeornis oatesi_5_c006.wav
Spelaeornis oatesi_5_c009,Spelaeornis oatesi,Spelaeornis oatesi,0.9968,data/chunks_48k/Spelaeornis oatesi_5_c009.wav,data/chunks_16k/Spelaeornis oatesi_5_c009.wav
Spelaeornis oatesi_5_c012,Spelaeornis oatesi,Spelaeornis oatesi,0.9988,data/chunks_48k/Spelaeornis oatesi_5_c012.wav,data/chunks_16k/Spelaeornis oatesi_5_c012.wav
Stachyridopsis ambigua_12_c000,Stachyridopsis ambigua,Stachyridopsis ambigua,0.9585,data/chunks_48k/Stachyridopsis ambigua_12_c000.wav,data/chunks_16k/Stachyridopsis ambigua_12_c000.wav
Stachyridopsis ambigua_12_c001,Stachyridopsis ambigua,Stachyridopsis ambigua,0.9535,data/chunks_48k/Stachyridopsis ambigua_12_c001.wav,data/chunks_16k/Stachyridopsis ambigua_12_c001.wav
Stachyridopsis ambigua_12_c002,Stachyridopsis ambigua,Stachyridopsis ambigua,0.9557,data/chunks_48k/Stachyridopsis ambigua_12_c002.wav,data/chunks_16k/Stachyridopsis ambigua_12_c002.wav
Stachyridopsis ambigua_12_c003,Stachyridopsis ambigua,Stachyridopsis ambigua,0.8679,data/chunks_48k/Stachyridopsis ambigua_12_c003.wav,data/chunks_16k/Stachyridopsis ambigua_12_c003.wav
Stachyridopsis ambigua_13_c002,Stachyridopsis ambigua,Stachyridopsis ambigua,0.9906,data/chunks_48k/Stachyridopsis ambigua_13_c002.wav,data/chunks_16k/Stachyridopsis ambigua_13_c002.wav
Stachyridopsis ambigua_13_c003,Stachyridopsis ambigua,Stachyridopsis ambigua,0.9284,data/chunks_48k/Stachyridopsis ambigua_13_c003.wav,data/chunks_16k/Stachyridopsis ambigua_13_c003.wav
Stachyridopsis ambigua_13_c004,Stachyridopsis ambigua,Stachyridopsis ambigua,0.9777,data/chunks_48k/Stachyridopsis ambigua_13_c004.wav,data/chunks_16k/Stachyridopsis ambigua_13_c004.wav
Stachyridopsis ambigua_13_c006,Stachyridopsis ambigua,Stachyridopsis ambigua,0.8507,data/chunks_48k/Stachyridopsis ambigua_13_c006.wav,data/chunks_16k/Stachyridopsis ambigua_13_c006.wav
Stachyridopsis ambigua_13_c007,Stachyridopsis ambigua,Stachyridopsis ambigua,0.7815,data/chunks_48k/Stachyridopsis ambigua_13_c007.wav,data/chunks_16k/Stachyridopsis ambigua_13_c007.wav
Stachyridopsis ambigua_13_c008,Stachyridopsis ambigua,Stachyridopsis ambigua,0.9057,data/chunks_48k/Stachyridopsis ambigua_13_c008.wav,data/chunks_16k/Stachyridopsis ambigua_13_c008.wav
Stachyridopsis ambigua_13_c009,Stachyridopsis ambigua,Stachyridopsis ambigua,0.9411,data/chunks_48k/Stachyridopsis ambigua_13_c009.wav,data/chunks_16k/Stachyridopsis ambigua_13_c009.wav
Stachyridopsis ambigua_13_c011,Stachyridopsis ambigua,Stachyridopsis ambigua,0.9906,data/chunks_48k/Stachyridopsis ambigua_13_c011.wav,data/chunks_16k/Stachyridopsis ambigua_13_c011.wav
Stachyridopsis ambigua_13_c013,Stachyridopsis ambigua,Stachyridopsis ambigua,0.6195,data/chunks_48k/Stachyridopsis ambigua_13_c013.wav,data/chunks_16k/Stachyridopsis ambigua_13_c013.wav
Stachyridopsis ambigua_13_c014,Stachyridopsis ambigua,Stachyridopsis ambigua,0.9812,data/chunks_48k/Stachyridopsis ambigua_13_c014.wav,data/chunks_16k/Stachyridopsis ambigua_13_c014.wav
Stachyridopsis ambigua_13_c015,Stachyridopsis ambigua,Stachyridopsis ambigua,0.6868,data/chunks_48k/Stachyridopsis ambigua_13_c015.wav,data/chunks_16k/Stachyridopsis ambigua_13_c015.wav
Stachyridopsis ambigua_13_c016,Stachyridopsis ambigua,Stachyridopsis ambigua,0.9677,data/chunks_48k/Stachyridopsis ambigua_13_c016.wav,data/chunks_16k/Stachyridopsis ambigua_13_c016.wav
Stachyridopsis ambigua_13_c017,Stachyridopsis ambigua,Stachyridopsis ambigua,0.5905,data/chunks_48k/Stachyridopsis ambigua_13_c017.wav,data/chunks_16k/Stachyridopsis ambigua_13_c017.wav
Stachyridopsis ambigua_6_c000,Stachyridopsis ambigua,Stachyridopsis ambigua,0.5143,data/chunks_48k/Stachyridopsis ambigua_6_c000.wav,data/chunks_16k/Stachyridopsis ambigua_6_c000.wav
Stachyridopsis ambigua_6_c007,Stachyridopsis ambigua,Stachyridopsis ambigua,0.6055,data/chunks_48k/Stachyridopsis ambigua_6_c007.wav,data/chunks_16k/Stachyridopsis ambigua_6_c007.wav
Stachyridopsis ambigua_7_c000,Stachyridopsis ambigua,Stachyridopsis ambigua,0.6923,data/chunks_48k/Stachyridopsis ambigua_7_c000.wav,data/chunks_16k/Stachyridopsis ambigua_7_c000.wav
Sturnia malabarica_13_c000,Sturnia malabarica,Sturnia malabarica,0.9476,data/chunks_48k/Sturnia malabarica_13_c000.wav,data/chunks_16k/Sturnia malabarica_13_c000.wav
Sturnia malabarica_14_c000,Sturnia malabarica,Sturnia malabarica,0.7751,data/chunks_48k/Sturnia malabarica_14_c000.wav,data/chunks_16k/Sturnia malabarica_14_c000.wav
Sturnia malabarica_14_c003,Sturnia malabarica,Sturnia malabarica,0.9291,data/chunks_48k/Sturnia malabarica_14_c003.wav,data/chunks_16k/Sturnia malabarica_14_c003.wav
Sturnia malabarica_16_c004,Sturnia malabarica,Sturnia malabarica,0.7432,data/chunks_48k/Sturnia malabarica_16_c004.wav,data/chunks_16k/Sturnia malabarica_16_c004.wav
Sturnia malabarica_18_c000,Sturnia malabarica,Sturnia malabarica,0.9361,data/chunks_48k/Sturnia malabarica_18_c000.wav,data/chunks_16k/Sturnia malabarica_18_c000.wav
Sturnia malabarica_1_c000,Sturnia malabarica,Sturnia malabarica,0.5710,data/chunks_48k/Sturnia malabarica_1_c000.wav,data/chunks_16k/Sturnia malabarica_1_c000.wav
Sturnia malabarica_1_c001,Sturnia malabarica,Sturnia malabarica,0.9018,data/chunks_48k/Sturnia malabarica_1_c001.wav,data/chunks_16k/Sturnia malabarica_1_c001.wav
Sturnia malabarica_1_c002,Sturnia malabarica,Sturnia malabarica,0.9901,data/chunks_48k/Sturnia malabarica_1_c002.wav,data/chunks_16k/Sturnia malabarica_1_c002.wav
Sturnia malabarica_1_c003,Sturnia malabarica,Sturnia malabarica,0.9140,data/chunks_48k/Sturnia malabarica_1_c003.wav,data/chunks_16k/Sturnia malabarica_1_c003.wav
Sturnia malabarica_2_c000,Sturnia malabarica,Sturnia malabarica,0.8169,data/chunks_48k/Sturnia malabarica_2_c000.wav,data/chunks_16k/Sturnia malabarica_2_c000.wav
Sturnia malabarica_2_c001,Sturnia malabarica,Sturnia malabarica,0.9311,data/chunks_48k/Sturnia malabarica_2_c001.wav,data/chunks_16k/Sturnia malabarica_2_c001.wav
Sturnia malabarica_2_c002,Sturnia malabarica,Sturnia malabarica,0.7714,data/chunks_48k/Sturnia malabarica_2_c002.wav,data/chunks_16k/Sturnia malabarica_2_c002.wav
Sturnia malabarica_3_c000,Sturnia malabarica,Sturnia malabarica,0.8104,data/chunks_48k/Sturnia malabarica_3_c000.wav,data/chunks_16k/Sturnia malabarica_3_c000.wav
Sturnia malabarica_3_c001,Sturnia malabarica,Sturnia malabarica,0.9473,data/chunks_48k/Sturnia malabarica_3_c001.wav,data/chunks_16k/Sturnia malabarica_3_c001.wav
Sturnia malabarica_3_c002,Sturnia malabarica,Sturnia malabarica,0.7738,data/chunks_48k/Sturnia malabarica_3_c002.wav,data/chunks_16k/Sturnia malabarica_3_c002.wav
Sturnia malabarica_3_c006,Sturnia malabarica,Sturnia malabarica,0.6365,data/chunks_48k/Sturnia malabarica_3_c006.wav,data/chunks_16k/Sturnia malabarica_3_c006.wav
Todiramphus chloris_10_c001,Todiramphus chloris,Todiramphus chloris,0.7167,data/chunks_48k/Todiramphus chloris_10_c001.wav,data/chunks_16k/Todiramphus chloris_10_c001.wav
Todiramphus chloris_11_c002,Todiramphus chloris,Todiramphus chloris,0.5086,data/chunks_48k/Todiramphus chloris_11_c002.wav,data/chunks_16k/Todiramphus chloris_11_c002.wav
Todiramphus chloris_12_c000,Todiramphus chloris,Todiramphus chloris,0.7947,data/chunks_48k/Todiramphus chloris_12_c000.wav,data/chunks_16k/Todiramphus chloris_12_c000.wav
Todiramphus chloris_12_c001,Todiramphus chloris,Todiramphus chloris,0.9340,data/chunks_48k/Todiramphus chloris_12_c001.wav,data/chunks_16k/Todiramphus chloris_12_c001.wav
Todiramphus chloris_12_c002,Todiramphus chloris,Todiramphus chloris,0.8803,data/chunks_48k/Todiramphus chloris_12_c002.wav,data/chunks_16k/Todiramphus chloris_12_c002.wav
Todiramphus chloris_12_c003,Todiramphus chloris,Todiramphus chloris,0.8246,data/chunks_48k/Todiramphus chloris_12_c003.wav,data/chunks_16k/Todiramphus chloris_12_c003.wav
Todiramphus chloris_13_c001,Todiramphus chloris,Todiramphus chloris,0.5924,data/chunks_48k/Todiramphus chloris_13_c001.wav,data/chunks_16k/Todiramphus chloris_13_c001.wav
Todiramphus chloris_13_c003,Todiramphus chloris,Todiramphus chloris,0.9104,data/chunks_48k/Todiramphus chloris_13_c003.wav,data/chunks_16k/Todiramphus chloris_13_c003.wav
Todiramphus chloris_13_c005,Todiramphus chloris,Todiramphus chloris,0.5739,data/chunks_48k/Todiramphus chloris_13_c005.wav,data/chunks_16k/Todiramphus chloris_13_c005.wav
Todiramphus chloris_13_c010,Todiramphus chloris,Todiramphus chloris,0.8008,data/chunks_48k/Todiramphus chloris_13_c010.wav,data/chunks_16k/Todiramphus chloris_13_c010.wav
Todiramphus chloris_13_c011,Todiramphus chloris,Todiramphus chloris,0.7093,data/chunks_48k/Todiramphus chloris_13_c011.wav,data/chunks_16k/Todiramphus chloris_13_c011.wav
Todiramphus chloris_1_c002,Todiramphus chloris,Todiramphus chloris,0.6772,data/chunks_48k/Todiramphus chloris_1_c002.wav,data/chunks_16k/Todiramphus chloris_1_c002.wav
Todiramphus chloris_1_c004,Todiramphus chloris,Todiramphus chloris,0.8756,data/chunks_48k/Todiramphus chloris_1_c004.wav,data/chunks_16k/Todiramphus chloris_1_c004.wav
Todiramphus chloris_1_c005,Todiramphus chloris,Todiramphus chloris,0.8905,data/chunks_48k/Todiramphus chloris_1_c005.wav,data/chunks_16k/Todiramphus chloris_1_c005.wav
Todiramphus chloris_20_c000,Todiramphus chloris,Todiramphus chloris,0.9820,data/chunks_48k/Todiramphus chloris_20_c000.wav,data/chunks_16k/Todiramphus chloris_20_c000.wav
Todiramphus chloris_20_c001,Todiramphus chloris,Todiramphus chloris,0.6685,data/chunks_48k/Todiramphus chloris_20_c001.wav,data/chunks_16k/Todiramphus chloris_20_c001.wav
Todiramphus chloris_20_c002,Todiramphus chloris,Todiramphus chloris,0.7892,data/chunks_48k/Todiramphus chloris_20_c002.wav,data/chunks_16k/Todiramphus chloris_20_c002.wav
Todiramphus chloris_2_c000,Todiramphus chloris,Todiramphus chloris,0.9619,data/chunks_48k/Todiramphus chloris_2_c000.wav,data/chunks_16k/Todiramphus chloris_2_c000.wav
Todiramphus chloris_2_c001,Todiramphus chloris,Todiramphus chloris,0.7284,data/chunks_48k/Todiramphus chloris_2_c001.wav,data/chunks_16k/Todiramphus chloris_2_c001.wav
Todiramphus chloris_7_c002,Todiramphus chloris,Todiramphus chloris,0.6847,data/chunks_48k/Todiramphus chloris_7_c002.wav,data/chunks_16k/Todiramphus chloris_7_c002.wav
Todiramphus chloris_8_c000,Todiramphus chloris,Todiramphus chloris,0.6139,data/chunks_48k/Todiramphus chloris_8_c000.wav,data/chunks_16k/Todiramphus chloris_8_c000.wav
Todiramphus chloris_8_c001,Todiramphus chloris,Todiramphus chloris,0.6826,data/chunks_48k/Todiramphus chloris_8_c001.wav,data/chunks_16k/Todiramphus chloris_8_c001.wav
Todiramphus chloris_9_c002,Todiramphus chloris,Todiramphus chloris,0.6772,data/chunks_48k/Todiramphus chloris_9_c002.wav,data/chunks_16k/Todiramphus chloris_9_c002.wav
Todiramphus chloris_9_c004,Todiramphus chloris,Todiramphus chloris,0.8756,data/chunks_48k/Todiramphus chloris_9_c004.wav,data/chunks_16k/Todiramphus chloris_9_c004.wav
Todiramphus chloris_9_c005,Todiramphus chloris,Todiramphus chloris,0.8905,data/chunks_48k/Todiramphus chloris_9_c005.wav,data/chunks_16k/Todiramphus chloris_9_c005.wav
