chunk_id,species,recording_id,split,in_raw,in_cleaned
Arborophila torqueola_10_c000,Arborophila torqueola,10,test,1,1
Arborophila torqueola_10_c001,Arborophila torqueola,10,test,1,1
Arborophila torqueola_10_c002,Arborophila torqueola,10,test,1,1
Arborophila torqueola_10_c004,Arborophila torqueola,10,test,1,1
Arborophila torqueola_10_c005,Arborophila torqueola,10,test,1,1
Arborophila torqueola_10_c006,Arborophila torqueola,10,test,1,1
Arborophila torqueola_10_c007,Arborophila torqueola,10,test,1,1
Arborophila torqueola_10_c008,Arborophila torqueola,10,test,1,1
Arborophila torqueola_11_c000,Arborophila torqueola,11,train,1,1
Arborophila torqueola_11_c001,Arborophila torqueola,11,train,1,1
Arborophila torqueola_12_c000,Arborophila torqueola,12,train,1,1
Arborophila torqueola_12_c001,Arborophila torqueola,12,train,1,1
Arborophila torqueola_12_c002,Arborophila torqueola,12,train,1,1
Arborophila torqueola_12_c003,Arborophila torqueola,12,train,1,1
Arborophila torqueola_12_c004,Arborophila torqueola,12,train,1,1
Arborophila torqueola_12_c005,Arborophila torqueola,12,train,1,1
Arborophila torqueola_12_c006,Arborophila torqueola,12,train,1,1
Arborophila torqueola_12_c007,Arborophila torqueola,12,train,1,1
Arborophila torqueola_12_c008,Arborophila torqueola,12,train,1,1
Arborophila torqueola_12_c009,Arborophila torqueola,12,train,1,1
Arborophila torqueola_12_c010,Arborophila torqueola,12,train,1,1
Arborophila torqueola_12_c011,Arborophila torqueola,12,train,1,1
Arborophila torqueola_12_c012,Arborophila torqueola,12,train,1,1
Arborophila torqueola_12_c013,Arborophila torqueola,12,train,1,1
Arborophila torqueola_13_c000,Arborophila torqueola,13,train,1,1
Arborophila torqueola_13_c001,Arborophila torqueola,13,train,1,1
Arborophila torqueola_13_c002,Arborophila torqueola,13,train,1,1
Arborophila torqueola_13_c003,Arborophila torqueola,13,train,1,1
Arborophila torqueola_13_c004,Arborophila torqueola,13,train,1,0
Arborophila torqueola_13_c005,Arborophila torqueola,13,train,1,1
Arborophila torqueola_13_c006,Arborophila torqueola,13,train,1,1
Arborophila torqueola_13_c007,Arborophila torqueola,13,train,1,1
Arborophila torqueola_13_c008,Arborophila torqueola,13,train,1,1
Arborophila torqueola_13_c009,Arborophila torqueola,13,train,1,1
Arborophila torqueola_13_c010,Arborophila torqueola,13,train,1,1
Arborophila torqueola_13_c011,Arborophila torqueola,13,train,1,1
Arborophila torqueola_13_c012,Arborophila torqueola,13,train,1,1
Arborophila torqueola_13_c013,Arborophila torqueola,13,train,1,1
Arborophila torqueola_13_c014,Arborophila torqueola,13,train,1,1
Arborophila torqueola_13_c015,Arborophila torqueola,13,train,1,1
Arborophila torqueola_13_c016,Arborophila torqueola,13,train,1,1
Arborophila torqueola_13_c017,Arborophila torqueola,13,train,1,1
Arborophila torqueola_13_c018,Arborophila torqueola,13,train,1,1
Arborophila torqueola_13_c019,Arborophila torqueola,13,train,1,1
Arborophila torqueola_13_c020,Arborophila torqueola,13,train,1,1
Arborophila torqueola_13_c021,Arborophila torqueola,13,train,1,1
Arborophila torqueola_13_c022,Arborophila torqueola,13,train,1,1
Arborophila torqueola_13_c023,Arborophila torqueola,13,train,1,1
Arborophila torqueola_13_c024,Arborophila torqueola,13,train,1,1
Arborophila torqueola_13_c025,Arborophila torqueola,13,train,1,0
Arborophila torqueola_13_c026,Arborophila torqueola,13,train,1,0
Arborophila torqueola_14_c000,Arborophila torqueola,14,train,1,1
Arborophila torqueola_14_c001,Arborophila torqueola,14,train,1,1
Arborophila torqueola_15_c000,Arborophila torqueola,15,train,1,1
Arborophila torqueola_15_c001,Arborophila torqueola,15,train,1,1
Arborophila torqueola_15_c002,Arborophila torqueola,15,train,1,0
Arborophila torqueola_15_c003,Arborophila torqueola,15,train,1,1
Arborophila torqueola_16_c000,Arborophila torqueola,16,test,1,0
Arborophila torqueola_16_c001,Arborophila torqueola,16,test,1,0
Arborophila torqueola_16_c002,Arborophila torqueola,16,test,1,0
Arborophila torqueola_16_c003,Arborophila torqueola,16,test,1,0
Arborophila torqueola_17_c000,Arborophila torqueola,17,val,1,0
Arborophila torqueola_17_c001,Arborophila torqueola,17,val,1,0
Arborophila torqueola_17_c002,Arborophila torqueola,17,val,1,1
Arborophila torqueola_17_c003,Arborophila torqueola,17,val,1,0
Arborophila torqueola_17_c004,Arborophila torqueola,17,val,1,1
Arborophila torqueola_17_c005,Arborophila torqueola,17,val,1,1
Arborophila torqueola_18_c000,Arborophila torqueola,18,train,1,1
Arborophila torqueola_18_c001,Arborophila torqueola,18,train,1,1
Arborophila torqueola_18_c002,Arborophila torqueola,18,train,1,1
Arborophila torqueola_18_c003,Arborophila torqueola,18,train,1,1
Arborophila torqueola_18_c004,Arborophila torqueola,18,train,1,1
Arborophila torqueola_19_c000,Arborophila torqueola,19,train,1,0
Arborophila torqueola_19_c001,Arborophila torqueola,19,train,1,0
Arborophila torqueola_19_c002,Arborophila torqueola,19,train,1,0
Arborophila torqueola_19_c003,Arborophila torqueola,19,train,1,0
Arborophila torqueola_19_c004,Arborophila torqueola,19,train,1,0
Arborophila torqueola_1_c000,Arborophila torqueola,1,train,1,1
Arborophila torqueola_1_c002,Arborophila torqueola,1,train,1,1
Arborophila torqueola_1_c004,Arborophila torqueola,1,train,1,1
Arborophila torqueola_1_c005,Arborophila torqueola,1,train,1,1
Arborophila torqueola_1_c006,Arborophila torqueola,1,train,1,1
Arborophila torqueola_1_c007,Arborophila torqueola,1,train,1,1
Arborophila torqueola_1_c008,Arborophila torqueola,1,train,1,1
Arborophila torqueola_1_c009,Arborophila torqueola,1,train,1,1
Arborophila torqueola_1_c010,Arborophila torqueola,1,train,1,1
Arborophila torqueola_1_c011,Arborophila torqueola,1,train,1,1
Arborophila torqueola_20_c000,Arborophila torqueola,20,train,1,1
Arborophila torqueola_20_c001,Arborophila torqueola,20,train,1,1
Arborophila torqueola_20_c002,Arborophila torqueola,20,train,1,1
Arborophila torqueola_20_c003,Arborophila torqueola,20,train,1,1
Arborophila torqueola_20_c004,Arborophila torqueola,20,train,1,1
Arborophila torqueola_20_c005,Arborophila torqueola,20,train,1,1
Arborophila torqueola_20_c006,Arborophila torqueola,20,train,1,1
Arborophila torqueola_20_c007,Arborophila torqueola,20,train,1,1
Arborophila torqueola_20_c008,Arborophila torqueola,20,train,1,1
Arborophila torqueola_20_c009,Arborophila torqueola,20,train,1,1
Arborophila torqueola_20_c010,Arborophila torqueola,20,train,1,0
Arborophila torqueola_21_c000,Arborophila torqueola,21,train,1,1
Arborophila torqueola_21_c001,Arborophila torqueola,21,train,1,1
Arborophila torqueola_21_c002,Arborophila torqueola,21,train,1,1
Arborophila torqueola_21_c003,Arborophila torqueola,21,train,1,1
Arborophila torqueola_21_c004,Arborophila torqueola,21,train,1,1
Arborophila torqueola_22_c000,Arborophila torqueola,22,train,1,0
Arborophila torqueola_22_c001,Arborophila torqueola,22,train,1,0
Arborophila torqueola_22_c002,Arborophila torqueola,22,train,1,0
Arborophila torqueola_22_c003,Arborophila torqueola,22,train,1,0
Arborophila torqueola_23_c001,Arborophila torqueola,23,train,1,1
Arborophila torqueola_23_c003,Arborophila torqueola,23,train,1,1
Arborophila torqueola_23_c004,Arborophila torqueola,23,train,1,0
Arborophila torqueola_23_c005,Arborophila torqueola,23,train,1,0
Arborophila torqueola_24_c000,Arborophila torqueola,24,train,1,1
Arborophila torqueola_24_c001,Arborophila torqueola,24,train,1,1
Arborophila torqueola_24_c002,Arborophila torqueola,24,train,1,1
Arborophila torqueola_24_c003,Arborophila torqueola,24,train,1,1
Arborophila torqueola_24_c004,Arborophila torqueola,24,train,1,1
Arborophila torqueola_24_c005,Arborophila torqueola,24,train,1,0
Arborophila torqueola_24_c006,Arborophila torqueola,24,train,1,1
Arborophila torqueola_24_c007,Arborophila torqueola,24,train,1,1
Arborophila torqueola_24_c008,Arborophila torqueola,24,train,1,1
Arborophila torqueola_24_c009,Arborophila torqueola,24,train,1,0
Arborophila torqueola_24_c010,Arborophila torqueola,24,train,1,1
Arborophila torqueola_24_c011,Arborophila torqueola,24,train,1,1
Arborophila torqueola_24_c012,Arborophila torqueola,24,train,1,0
Arborophila torqueola_25_c000,Arborophila torqueola,25,train,1,1
Arborophila torqueola_25_c001,Arborophila torqueola,25,train,1,1
Arborophila torqueola_25_c002,Arborophila torqueola,25,train,1,1
Arborophila torqueola_25_c003,Arborophila torqueola,25,train,1,1
Arborophila torqueola_25_c004,Arborophila torqueola,25,train,1,1
Arborophila torqueola_25_c005,Arborophila torqueola,25,train,1,1
Arborophila torqueola_25_c006,Arborophila torqueola,25,train,1,1
Arborophila torqueola_25_c007,Arborophila torqueola,25,train,1,1
Arborophila torqueola_26_c000,Arborophila torqueola,26,train,1,1
Arborophila torqueola_26_c001,Arborophila torqueola,26,train,1,1
Arborophila torqueola_26_c002,Arborophila torqueola,26,train,1,1
Arborophila torqueola_26_c003,Arborophila torqueola,26,train,1,1
Arborophila torqueola_26_c004,Arborophila torqueola,26,train,1,1
Arborophila torqueola_26_c006,Arborophila torqueola,26,train,1,1
Arborophila torqueola_26_c007,Arborophila torqueola,26,train,1,1
Arborophila torqueola_26_c008,Arborophila torqueola,26,train,1,1
Arborophila torqueola_26_c009,Arborophila torqueola,26,train,1,1
Arborophila torqueola_26_c010,Arborophila torqueola,26,train,1,1
Arborophila torqueola_26_c011,Arborophila torqueola,26,train,1,1
Arborophila torqueola_26_c012,Arborophila torqueola,26,train,1,1
Arborophila torqueola_26_c013,Arborophila torqueola,26,train,1,1
Arborophila torqueola_27_c000,Arborophila torqueola,27,train,1,1
Arborophila torqueola_27_c001,Arborophila torqueola,27,train,1,1
Arborophila torqueola_27_c002,Arborophila torqueola,27,train,1,1
Arborophila torqueola_27_c003,Arborophila torqueola,27,train,1,1
Arborophila torqueola_28_c000,Arborophila torqueola,28,train,1,1
Arborophila torqueola_28_c001,Arborophila torqueola,28,train,1,1
Arborophila torqueola_28_c002,Arborophila torqueola,28,train,1,1
Arborophila torqueola_28_c003,Arborophila torqueola,28,train,1,1
Arborophila torqueola_28_c004,Arborophila torqueola,28,train,1,1
Arborophila torqueola_28_c005,Arborophila torqueola,28,train,1,1
Arborophila torqueola_28_c006,Arborophila torqueola,28,train,1,1
Arborophila torqueola_28_c007,Arborophila torqueola,28,train,1,1
Arborophila torqueola_28_c008,Arborophila torqueola,28,train,1,1
Arborophila torqueola_28_c009,Arborophila torqueola,28,train,1,1
Arborophila torqueola_28_c010,Arborophila torqueola,28,train,1,1
Arborophila torqueola_28_c011,Arborophila torqueola,28,train,1,1
Arborophila torqueola_28_c012,Arborophila torqueola,28,train,1,1
Arborophila torqueola_28_c013,Arborophila torqueola,28,train,1,1
Arborophila torqueola_28_c014,Arborophila torqueola,28,train,1,1
Arborophila torqueola_28_c015,Arborophila torqueola,28,train,1,1
Arborophila torqueola_28_c016,Arborophila torqueola,28,train,1,1
Arborophila torqueola_28_c017,Arborophila torqueola,28,train,1,1
Arborophila torqueola_28_c018,Arborophila torqueola,28,train,1,1
Arborophila torqueola_28_c020,Arborophila torqueola,28,train,1,1
Arborophila torqueola_28_c021,Arborophila torqueola,28,train,1,1
Arborophila torqueola_28_c022,Arborophila torqueola,28,train,1,1
Arborophila torqueola_28_c023,Arborophila torqueola,28,train,1,1
Arborophila torqueola_28_c024,Arborophila torqueola,28,train,1,0
Arborophila torqueola_28_c025,Arborophila torqueola,28,train,1,1
Arborophila torqueola_28_c026,Arborophila torqueola,28,train,1,1
Arborophila torqueola_29_c000,Arborophila torqueola,29,train,1,0
Arborophila torqueola_29_c001,Arborophila torqueola,29,train,1,0
Arborophila torqueola_29_c002,Arborophila torqueola,29,train,1,0
Arborophila torqueola_29_c003,Arborophila torqueola,29,train,1,0
Arborophila torqueola_29_c004,Arborophila torqueola,29,train,1,0
Arborophila torqueola_29_c005,Arborophila torqueola,29,train,1,0
Arborophila torqueola_29_c006,Arborophila torqueola,29,train,1,0
Arborophila torqueola_2_c000,Arborophila torqueola,2,train,1,0
Arborophila torqueola_2_c001,Arborophila torqueola,2,train,1,1
Arborophila torqueola_2_c002,Arborophila torqueola,2,train,1,0
Arborophila torqueola_2_c003,Arborophila torqueola,2,train,1,1
Arborophila torqueola_2_c004,Arborophila torqueola,2,train,1,0
Arborophila torqueola_2_c005,Arborophila torqueola,2,train,1,1
Arborophila torqueola_2_c006,Arborophila torqueola,2,train,1,1
Arborophila torqueola_2_c007,Arborophila torqueola,2,train,1,1
Arborophila torqueola_2_c008,Arborophila torqueola,2,train,1,0
Arborophila torqueola_2_c009,Arborophila torqueola,2,train,1,0
Arborophila torqueola_2_c010,Arborophila torqueola,2,train,1,1
Arborophila torqueola_2_c011,Arborophila torqueola,2,train,1,1
Arborophila torqueola_2_c012,Arborophila torqueola,2,train,1,0
Arborophila torqueola_2_c013,Arborophila torqueola,2,train,1,1
Arborophila torqueola_2_c014,Arborophila torqueola,2,train,1,0
Arborophila torqueola_2_c015,Arborophila torqueola,2,train,1,1
Arborophila torqueola_2_c016,Arborophila torqueola,2,train,1,1
Arborophila torqueola_2_c017,Arborophila torqueola,2,train,1,0
Arborophila torqueola_2_c018,Arborophila torqueola,2,train,1,1
Arborophila torqueola_2_c019,Arborophila torqueola,2,train,1,0
Arborophila torqueola_2_c020,Arborophila torqueola,2,train,1,0
Arborophila torqueola_2_c021,Arborophila torqueola,2,train,1,0
Arborophila torqueola_2_c022,Arborophila torqueola,2,train,1,0
Arborophila torqueola_2_c023,Arborophila torqueola,2,train,1,0
Arborophila torqueola_2_c024,Arborophila torqueola,2,train,1,0
Arborophila torqueola_30_c001,Arborophila torqueola,30,test,1,0
Arborophila torqueola_31_c000,Arborophila torqueola,31,train,1,1
Arborophila torqueola_31_c001,Arborophila torqueola,31,train,1,1
Arborophila torqueola_31_c002,Arborophila torqueola,31,train,1,1
Arborophila torqueola_31_c003,Arborophila torqueola,31,train,1,1
Arborophila torqueola_31_c004,Arborophila torqueola,31,train,1,1
Arborophila torqueola_31_c005,Arborophila torqueola,31,train,1,1
Arborophila torqueola_31_c006,Arborophila torqueola,31,train,1,1
Arborophila torqueola_31_c007,Arborophila torqueola,31,train,1,1
Arborophila torqueola_31_c008,Arborophila torqueola,31,train,1,1
Arborophila torqueola_31_c009,Arborophila torqueola,31,train,1,1
Arborophila torqueola_31_c010,Arborophila torqueola,31,train,1,1
Arborophila torqueola_31_c011,Arborophila torqueola,31,train,1,1
Arborophila torqueola_31_c013,Arborophila torqueola,31,train,1,1
Arborophila torqueola_32_c000,Arborophila torqueola,32,train,1,1
Arborophila torqueola_32_c001,Arborophila torqueola,32,train,1,1
Arborophila torqueola_32_c002,Arborophila torqueola,32,train,1,1
Arborophila torqueola_32_c003,Arborophila torqueola,32,train,1,1
Arborophila torqueola_32_c004,Arborophila torqueola,32,train,1,1
Arborophila torqueola_32_c005,Arborophila torqueola,32,train,1,1
Arborophila torqueola_32_c006,Arborophila torqueola,32,train,1,1
Arborophila torqueola_32_c007,Arborophila torqueola,32,train,1,1
Arborophila torqueola_32_c008,Arborophila torqueola,32,train,1,1
Arborophila torqueola_32_c009,Arborophila torqueola,32,train,1,1
Arborophila torqueola_32_c010,Arborophila torqueola,32,train,1,1
Arborophila torqueola_32_c011,Arborophila torqueola,32,train,1,1
Arborophila torqueola_32_c012,Arborophila torqueola,32,train,1,1
Arborophila torqueola_32_c013,Arborophila torqueola,32,train,1,1
Arborophila torqueola_32_c014,Arborophila torqueola,32,train,1,1
Arborophila torqueola_32_c015,Arborophila torqueola,32,train,1,1
Arborophila torqueola_33_c000,Arborophila torqueola,33,train,1,1
Arborophila torqueola_33_c001,Arborophila torqueola,33,train,1,1
Arborophila torqueola_33_c002,Arborophila torqueola,33,train,1,1
Arborophila torqueola_33_c003,Arborophila torqueola,33,train,1,1
Arborophila torqueola_33_c004,Arborophila torqueola,33,train,1,1
Arborophila torqueola_33_c005,Arborophila torqueola,33,train,1,1
Arborophila torqueola_33_c006,Arborophila torqueola,33,train,1,1
Arborophila torqueola_3_c000,Arborophila torqueola,3,train,1,1
Arborophila torqueola_3_c001,Arborophila torqueola,3,train,1,1
Arborophila torqueola_3_c002,Arborophila torqueola,3,train,1,1
Arborophila torqueola_3_c003,Arborophila torqueola,3,train,1,1
Arborophila torqueola_3_c004,Arborophila torqueola,3,train,1,1
Arborophila torqueola_3_c005,Arborophila torqueola,3,train,1,1
Arborophila torqueola_3_c006,Arborophila torqueola,3,train,1,1
Arborophila torqueola_3_c007,Arborophila torqueola,3,train,1,1
Arborophila torqueola_3_c008,Arborophila torqueola,3,train,1,1
Arborophila torqueola_3_c009,Arborophila torqueola,3,train,1,1
Arborophila torqueola_4_c000,Arborophila torqueola,4,train,1,1
Arborophila torqueola_4_c001,Arborophila torqueola,4,train,1,0
Arborophila torqueola_4_c002,Arborophila torqueola,4,train,1,1
Arborophila torqueola_4_c003,Arborophila torqueola,4,train,1,1
Arborophila torqueola_4_c004,Arborophila torqueola,4,train,1,1
Arborophila torqueola_4_c005,Arborophila torqueola,4,train,1,1
Arborophila torqueola_4_c006,Arborophila torqueola,4,train,1,1
Arborophila torqueola_4_c007,Arborophila torqueola,4,train,1,1
Arborophila torqueola_4_c008,Arborophila torqueola,4,train,1,1
Arborophila torqueola_4_c009,Arborophila torqueola,4,train,1,1
Arborophila torqueola_4_c010,Arborophila torqueola,4,train,1,1
Arborophila torqueola_4_c011,Arborophila torqueola,4,train,1,0
Arborophila torqueola_4_c012,Arborophila torqueola,4,train,1,1
Arborophila torqueola_4_c013,Arborophila torqueola,4,train,1,0
Arborophila torqueola_4_c014,Arborophila torqueola,4,train,1,1
Arborophila torqueola_5_c001,Arborophila torqueola,5,val,1,1
Arborophila torqueola_5_c002,Arborophila torqueola,5,val,1,1
Arborophila torqueola_5_c003,Arborophila torqueola,5,val,1,0
Arborophila torqueola_5_c004,Arborophila torqueola,5,val,1,0
Arborophila torqueola_5_c005,Arborophila torqueola,5,val,1,0
Arborophila torqueola_5_c006,Arborophila torqueola,5,val,1,0
Arborophila torqueola_6_c000,Arborophila torqueola,6,train,1,1
Arborophila torqueola_6_c001,Arborophila torqueola,6,train,1,1
Arborophila torqueola_6_c002,Arborophila torqueola,6,train,1,1
Arborophila torqueola_6_c003,Arborophila torqueola,6,train,1,1
Arborophila torqueola_6_c004,Arborophila torqueola,6,train,1,1
Arborophila torqueola_6_c005,Arborophila torqueola,6,train,1,1
Arborophila torqueola_6_c006,Arborophila torqueola,6,train,1,1
Arborophila torqueola_6_c007,Arborophila torqueola,6,train,1,1
Arborophila torqueola_6_c008,Arborophila torqueola,6,train,1,1
Arborophila torqueola_6_c009,Arborophila torqueola,6,train,1,1
Arborophila torqueola_6_c010,Arborophila torqueola,6,train,1,1
Arborophila torqueola_6_c011,Arborophila torqueola,6,train,1,1
Arborophila torqueola_6_c012,Arborophila torqueola,6,train,1,1
Arborophila torqueola_6_c013,Arborophila torqueola,6,train,1,1
Arborophila torqueola_6_c014,Arborophila torqueola,6,train,1,1
Arborophila torqueola_6_c016,Arborophila torqueola,6,train,1,1
Arborophila torqueola_6_c017,Arborophila torqueola,6,train,1,1
Arborophila torqueola_6_c018,Arborophila torqueola,6,train,1,1
Arborophila torqueola_6_c019,Arborophila torqueola,6,train,1,1
Arborophila torqueola_7_c000,Arborophila torqueola,7,train,1,1
Arborophila torqueola_7_c001,Arborophila torqueola,7,train,1,1
Arborophila torqueola_7_c002,Arborophila torqueola,7,train,1,1
Arborophila torqueola_7_c003,Arborophila torqueola,7,train,1,1
Arborophila torqueola_7_c004,Arborophila torqueola,7,train,1,1
Arborophila torqueola_7_c005,Arborophila torqueola,7,train,1,1
Arborophila torqueola_7_c006,Arborophila torqueola,7,train,1,1
Arborophila torqueola_8_c000,Arborophila torqueola,8,train,1,1
Arborophila torqueola_8_c001,Arborophila torqueola,8,train,1,1
Arborophila torqueola_8_c002,Arborophila torqueola,8,train,1,1
Arborophila torqueola_8_c003,Arborophila torqueola,8,train,1,1
Arborophila torqueola_8_c004,Arborophila torqueola,8,train,1,1
Arborophila torqueola_8_c005,Arborophila torqueola,8,train,1,1
Arborophila torqueola_8_c006,Arborophila torqueola,8,train,1,1
Arborophila torqueola_8_c007,Arborophila torqueola,8,train,1,1
Arborophila torqueola_8_c008,Arborophila torqueola,8,train,1,1
Arborophila torqueola_8_c009,Arborophila torqueola,8,train,1,1
Arborophila torqueola_8_c010,Arborophila torqueola,8,train,1,1
Arborophila torqueola_8_c011,Arborophila torqueola,8,train,1,1
Arborophila torqueola_8_c012,Arborophila torqueola,8,train,1,1
Arborophila torqueola_8_c013,Arborophila torqueola,8,train,1,1
Arborophila torqueola_8_c014,Arborophila torqueola,8,train,1,1
Arborophila torqueola_8_c015,Arborophila torqueola,8,train,1,1
Arborophila torqueola_8_c016,Arborophila torqueola,8,train,1,1
Arborophila torqueola_8_c017,Arborophila torqueola,8,train,1,1
Arborophila torqueola_8_c018,Arborophila torqueola,8,train,1,1
Arborophila torqueola_8_c020,Arborophila torqueola,8,train,1,1
Arborophila torqueola_9_c000,Arborophila torqueola,9,val,1,1
Arborophila torqueola_9_c001,Arborophila torqueola,9,val,1,1
Arborophila torqueola_9_c002,Arborophila torqueola,9,val,1,0
Arborophila torqueola_9_c003,Arborophila torqueola,9,val,1,1
Arborophila torqueola_9_c004,Arborophila torqueola,9,val,1,0
Arborophila torqueola_9_c005,Arborophila torqueola,9,val,1,0
Arborophila torqueola_9_c006,Arborophila torqueola,9,val,1,1
Arborophila torqueola_9_c007,Arborophila torqueola,9,val,1,0
Arborophila torqueola_9_c008,Arborophila torqueola,9,val,1,1
Arborophila torqueola_9_c009,Arborophila torqueola,9,val,1,1
Arborophila torqueola_9_c010,Arborophila torqueola,9,val,1,1
Arborophila torqueola_9_c011,Arborophila torqueola,9,val,1,1
Arborophila torqueola_9_c012,Arborophila torqueola,9,val,1,1
Cuculus micropterus_10_c000,Cuculus micropterus,10,train,1,1
Cuculus micropterus_10_c001,Cuculus micropterus,10,train,1,1
Cuculus micropterus_10_c002,Cuculus micropterus,10,train,1,1
Cuculus micropterus_10_c003,Cuculus micropterus,10,train,1,1
Cuculus micropterus_10_c004,Cuculus micropterus,10,train,1,1
Cuculus micropterus_10_c005,Cuculus micropterus,10,train,1,1
Cuculus micropterus_10_c006,Cuculus micropterus,10,train,1,1
Cuculus micropterus_10_c007,Cuculus micropterus,10,train,1,1
Cuculus micropterus_10_c008,Cuculus micropterus,10,train,1,1
Cuculus micropterus_10_c009,Cuculus micropterus,10,train,1,1
Cuculus micropterus_10_c010,Cuculus micropterus,10,train,1,1
Cuculus micropterus_10_c011,Cuculus micropterus,10,train,1,1
Cuculus micropterus_10_c012,Cuculus micropterus,10,train,1,1
Cuculus micropterus_11_c001,Cuculus micropterus,11,train,1,1
Cuculus micropterus_11_c004,Cuculus micropterus,11,train,1,1
Cuculus micropterus_11_c005,Cuculus micropterus,11,train,1,1
Cuculus micropterus_11_c006,Cuculus micropterus,11,train,1,1
Cuculus micropterus_12_c000,Cuculus micropterus,12,train,1,1
Cuculus micropterus_12_c001,Cuculus micropterus,12,train,1,1
Cuculus micropterus_12_c002,Cuculus micropterus,12,train,1,1
Cuculus micropterus_12_c003,Cuculus micropterus,12,train,1,1
Cuculus micropterus_12_c004,Cuculus micropterus,12,train,1,1
Cuculus micropterus_12_c005,Cuculus micropterus,12,train,1,1
Cuculus micropterus_12_c006,Cuculus micropterus,12,train,1,1
Cuculus micropterus_12_c007,Cuculus micropterus,12,train,1,1
Cuculus micropterus_12_c008,Cuculus micropterus,12,train,1,1
Cuculus micropterus_12_c009,Cuculus micropterus,12,train,1,1
Cuculus micropterus_12_c010,Cuculus micropterus,12,train,1,1
Cuculus micropterus_13_c000,Cuculus micropterus,13,train,1,1
Cuculus micropterus_13_c001,Cuculus micropterus,13,train,1,1
Cuculus micropterus_13_c002,Cuculus micropterus,13,train,1,1
Cuculus micropterus_13_c003,Cuculus micropterus,13,train,1,1
Cuculus micropterus_14_c000,Cuculus micropterus,14,val,1,1
Cuculus micropterus_14_c001,Cuculus micropterus,14,val,1,0
Cuculus micropterus_15_c000,Cuculus micropterus,15,val,1,1
Cuculus micropterus_15_c001,Cuculus micropterus,15,val,1,1
Cuculus micropterus_16_c000,Cuculus micropterus,16,train,1,1
Cuculus micropterus_16_c001,Cuculus micropterus,16,train,1,1
Cuculus micropterus_16_c002,Cuculus micropterus,16,train,1,1
Cuculus micropterus_16_c003,Cuculus micropterus,16,train,1,1
Cuculus micropterus_17_c000,Cuculus micropterus,17,train,1,1
Cuculus micropterus_17_c002,Cuculus micropterus,17,train,1,1
Cuculus micropterus_17_c003,Cuculus micropterus,17,train,1,1
Cuculus micropterus_18_c000,Cuculus micropterus,18,test,1,1
Cuculus micropterus_18_c001,Cuculus micropterus,18,test,1,1
Cuculus micropterus_18_c002,Cuculus micropterus,18,test,1,1
Cuculus micropterus_19_c000,Cuculus micropterus,19,train,1,0
Cuculus micropterus_19_c001,Cuculus micropterus,19,train,1,0
Cuculus micropterus_19_c002,Cuculus micropterus,19,train,1,0
Cuculus micropterus_19_c003,Cuculus micropterus,19,train,1,1
Cuculus micropterus_19_c004,Cuculus micropterus,19,train,1,1
Cuculus micropterus_19_c005,Cuculus micropterus,19,train,1,1
Cuculus micropterus_19_c006,Cuculus micropterus,19,train,1,0
Cuculus micropterus_19_c007,Cuculus micropterus,19,train,1,1
Cuculus micropterus_19_c008,Cuculus micropterus,19,train,1,0
Cuculus micropterus_1_c000,Cuculus micropterus,1,train,1,1
Cuculus micropterus_1_c001,Cuculus micropterus,1,train,1,1
Cuculus micropterus_1_c002,Cuculus micropterus,1,train,1,1
Cuculus micropterus_1_c003,Cuculus micropterus,1,train,1,1
Cuculus micropterus_1_c004,Cuculus micropterus,1,train,1,0
Cuculus micropterus_1_c005,Cuculus micropterus,1,train,1,1
Cuculus micropterus_20_c000,Cuculus micropterus,20,train,1,1
Cuculus micropterus_21_c000,Cuculus micropterus,21,test,1,1
Cuculus micropterus_21_c001,Cuculus micropterus,21,test,1,1
Cuculus micropterus_21_c002,Cuculus micropterus,21,test,1,1
Cuculus micropterus_21_c003,Cuculus micropterus,21,test,1,1
Cuculus micropterus_21_c004,Cuculus micropterus,21,test,1,1
Cuculus micropterus_22_c000,Cuculus micropterus,22,train,1,1
Cuculus micropterus_22_c001,Cuculus micropterus,22,train,1,1
Cuculus micropterus_22_c002,Cuculus micropterus,22,train,1,1
Cuculus micropterus_22_c003,Cuculus micropterus,22,train,1,1
Cuculus micropterus_23_c000,Cuculus micropterus,23,train,1,1
Cuculus micropterus_23_c001,Cuculus micropterus,23,train,1,1
Cuculus micropterus_23_c002,Cuculus micropterus,23,train,1,1
Cuculus micropterus_23_c003,Cuculus micropterus,23,train,1,1
Cuculus micropterus_24_c000,Cuculus micropterus,24,train,1,1
Cuculus micropterus_24_c001,Cuculus micropterus,24,train,1,1
Cuculus micropterus_24_c002,Cuculus micropterus,24,train,1,1
Cuculus micropterus_24_c003,Cuculus micropterus,24,train,1,1
Cuculus micropterus_24_c004,Cuculus micropterus,24,train,1,0
Cuculus micropterus_25_c000,Cuculus micropterus,25,test,1,1
Cuculus micropterus_25_c001,Cuculus micropterus,25,test,1,1
Cuculus micropterus_26_c000,Cuculus micropterus,26,train,1,1
Cuculus micropterus_26_c001,Cuculus micropterus,26,train,1,1
Cuculus micropterus_26_c002,Cuculus micropterus,26,train,1,1
Cuculus micropterus_27_c000,Cuculus micropterus,27,train,1,1
Cuculus micropterus_27_c001,Cuculus micropterus,27,train,1,1
Cuculus micropterus_27_c002,Cuculus micropterus,27,train,1,1
Cuculus micropterus_27_c003,Cuculus micropterus,27,train,1,1
Cuculus micropterus_27_c004,Cuculus micropterus,27,train,1,1
Cuculus micropterus_27_c005,Cuculus micropterus,27,train,1,1
Cuculus micropterus_27_c006,Cuculus micropterus,27,train,1,1
Cuculus micropterus_27_c007,Cuculus micropterus,27,train,1,1
Cuculus micropterus_27_c008,Cuculus micropterus,27,train,1,1
Cuculus micropterus_28_c000,Cuculus micropterus,28,train,1,1
Cuculus micropterus_28_c001,Cuculus micropterus,28,train,1,1
Cuculus micropterus_29_c000,Cuculus micropterus,29,test,1,1
Cuculus micropterus_2_c000,Cuculus micropterus,2,train,1,1
Cuculus micropterus_2_c001,Cuculus micropterus,2,train,1,1
Cuculus micropterus_30_c000,Cuculus micropterus,30,train,1,1
Cuculus micropterus_30_c001,Cuculus micropterus,30,train,1,1
Cuculus micropterus_30_c002,Cuculus micropterus,30,train,1,1
Cuculus micropterus_30_c003,Cuculus micropterus,30,train,1,1
Cuculus micropterus_30_c004,Cuculus micropterus,30,train,1,0
Cuculus micropterus_30_c005,Cuculus micropterus,30,train,1,0
Cuculus micropterus_30_c007,Cuculus micropterus,30,train,1,0
Cuculus micropterus_31_c000,Cuculus micropterus,31,val,1,1
Cuculus micropterus_31_c001,Cuculus micropterus,31,val,1,1
Cuculus micropterus_31_c002,Cuculus micropterus,31,val,1,1
Cuculus micropterus_31_c003,Cuculus micropterus,31,val,1,1
Cuculus micropterus_31_c004,Cuculus micropterus,31,val,1,1
Cuculus micropterus_31_c005,Cuculus micropterus,31,val,1,1
Cuculus micropterus_31_c007,Cuculus micropterus,31,val,1,1
Cuculus micropterus_31_c008,Cuculus micropterus,31,val,1,1
Cuculus micropterus_32_c000,Cuculus micropterus,32,train,1,1
Cuculus micropterus_32_c001,Cuculus micropterus,32,train,1,1
Cuculus micropterus_32_c002,Cuculus micropterus,32,train,1,1
Cuculus micropterus_32_c003,Cuculus micropterus,32,train,1,1
Cuculus micropterus_32_c004,Cuculus micropterus,32,train,1,0
Cuculus micropterus_33_c000,Cuculus micropterus,33,train,1,1
Cuculus micropterus_33_c001,Cuculus micropterus,33,train,1,1
Cuculus micropterus_34_c000,Cuculus micropterus,34,train,1,1
Cuculus micropterus_34_c001,Cuculus micropterus,34,train,1,1
Cuculus micropterus_34_c002,Cuculus micropterus,34,train,1,1
Cuculus micropterus_34_c003,Cuculus micropterus,34,train,1,1
Cuculus micropterus_34_c004,Cuculus micropterus,34,train,1,1
Cuculus micropterus_35_c000,Cuculus micropterus,35,train,1,1
Cuculus micropterus_35_c001,Cuculus micropterus,35,train,1,1
Cuculus micropterus_35_c002,Cuculus micropterus,35,train,1,1
Cuculus micropterus_35_c003,Cuculus micropterus,35,train,1,1
Cuculus micropterus_35_c004,Cuculus micropterus,35,train,1,1
Cuculus micropterus_35_c005,Cuculus micropterus,35,train,1,1
Cuculus micropterus_35_c006,Cuculus micropterus,35,train,1,1
Cuculus micropterus_35_c007,Cuculus micropterus,35,train,1,1
Cuculus micropterus_35_c008,Cuculus micropterus,35,train,1,1
Cuculus micropterus_35_c009,Cuculus micropterus,35,train,1,0
Cuculus micropterus_35_c010,Cuculus micropterus,35,train,1,1
Cuculus micropterus_35_c011,Cuculus micropterus,35,train,1,0
Cuculus micropterus_35_c012,Cuculus micropterus,35,train,1,1
Cuculus micropterus_35_c013,Cuculus micropterus,35,train,1,1
Cuculus micropterus_35_c014,Cuculus micropterus,35,train,1,1
Cuculus micropterus_36_c000,Cuculus micropterus,36,train,1,1
Cuculus micropterus_36_c001,Cuculus micropterus,36,train,1,1
Cuculus micropterus_36_c002,Cuculus micropterus,36,train,1,1
Cuculus micropterus_36_c003,Cuculus micropterus,36,train,1,1
Cuculus micropterus_36_c004,Cuculus micropterus,36,train,1,1
Cuculus micropterus_36_c005,Cuculus micropterus,36,train,1,1
Cuculus micropterus_37_c000,Cuculus micropterus,37,train,1,1
Cuculus micropterus_37_c001,Cuculus micropterus,37,train,1,1
Cuculus micropterus_38_c000,Cuculus micropterus,38,train,1,1
Cuculus micropterus_38_c001,Cuculus micropterus,38,train,1,1
Cuculus micropterus_38_c002,Cuculus micropterus,38,train,1,0
Cuculus micropterus_38_c003,Cuculus micropterus,38,train,1,1
Cuculus micropterus_38_c004,Cuculus micropterus,38,train,1,1
Cuculus micropterus_39_c000,Cuculus micropterus,39,train,1,1
Cuculus micropterus_39_c001,Cuculus micropterus,39,train,1,1
Cuculus micropterus_39_c002,Cuculus micropterus,39,train,1,1
Cuculus micropterus_39_c003,Cuculus micropterus,39,train,1,1
Cuculus micropterus_3_c000,Cuculus micropterus,3,val,1,1
Cuculus micropterus_3_c001,Cuculus micropterus,3,val,1,1
Cuculus micropterus_3_c002,Cuculus micropterus,3,val,1,1
Cuculus micropterus_3_c003,Cuculus micropterus,3,val,1,1
Cuculus micropterus_3_c004,Cuculus micropterus,3,val,1,1
Cuculus micropterus_3_c005,Cuculus micropterus,3,val,1,1
Cuculus micropterus_40_c000,Cuculus micropterus,40,train,1,1
Cuculus micropterus_40_c001,Cuculus micropterus,40,train,1,1
Cuculus micropterus_40_c002,Cuculus micropterus,40,train,1,1
Cuculus micropterus_40_c003,Cuculus micropterus,40,train,1,1
Cuculus micropterus_40_c004,Cuculus micropterus,40,train,1,1
Cuculus micropterus_41_c000,Cuculus micropterus,41,train,1,1
Cuculus micropterus_41_c001,Cuculus micropterus,41,train,1,1
Cuculus micropterus_41_c002,Cuculus micropterus,41,train,1,1
Cuculus micropterus_41_c003,Cuculus micropterus,41,train,1,1
Cuculus micropterus_42_c000,Cuculus micropterus,42,train,1,1
Cuculus micropterus_42_c001,Cuculus micropterus,42,train,1,0
Cuculus micropterus_43_c000,Cuculus micropterus,43,train,1,1
Cuculus micropterus_43_c001,Cuculus micropterus,43,train,1,1
Cuculus micropterus_43_c002,Cuculus micropterus,43,train,1,1
Cuculus micropterus_43_c003,Cuculus micropterus,43,train,1,1
Cuculus micropterus_43_c004,Cuculus micropterus,43,train,1,1
Cuculus micropterus_43_c005,Cuculus micropterus,43,train,1,1
Cuculus micropterus_43_c006,Cuculus micropterus,43,train,1,1
Cuculus micropterus_43_c007,Cuculus micropterus,43,train,1,1
Cuculus micropterus_43_c008,Cuculus micropterus,43,train,1,1
Cuculus micropterus_43_c009,Cuculus micropterus,43,train,1,1
Cuculus micropterus_43_c010,Cuculus micropterus,43,train,1,1
Cuculus micropterus_43_c011,Cuculus micropterus,43,train,1,1
Cuculus micropterus_43_c012,Cuculus micropterus,43,train,1,1
Cuculus micropterus_44_c000,Cuculus micropterus,44,train,1,1
Cuculus micropterus_44_c001,Cuculus micropterus,44,train,1,1
Cuculus micropterus_44_c002,Cuculus micropterus,44,train,1,1
Cuculus micropterus_44_c003,Cuculus micropterus,44,train,1,1
Cuculus micropterus_44_c004,Cuculus micropterus,44,train,1,1
Cuculus micropterus_44_c005,Cuculus micropterus,44,train,1,1
Cuculus micropterus_44_c006,Cuculus micropterus,44,train,1,1
Cuculus micropterus_44_c007,Cuculus micropterus,44,train,1,1
Cuculus micropterus_44_c008,Cuculus micropterus,44,train,1,0
Cuculus micropterus_44_c009,Cuculus micropterus,44,train,1,1
Cuculus micropterus_44_c010,Cuculus micropterus,44,train,1,1
Cuculus micropterus_44_c011,Cuculus micropterus,44,train,1,1
Cuculus micropterus_44_c012,Cuculus micropterus,44,train,1,1
Cuculus micropterus_45_c000,Cuculus micropterus,45,train,1,1
Cuculus micropterus_45_c001,Cuculus micropterus,45,train,1,1
Cuculus micropterus_45_c002,Cuculus micropterus,45,train,1,1
Cuculus micropterus_45_c003,Cuculus micropterus,45,train,1,1
Cuculus micropterus_45_c004,Cuculus micropterus,45,train,1,0
Cuculus micropterus_45_c005,Cuculus micropterus,45,train,1,0
Cuculus micropterus_45_c006,Cuculus micropterus,45,train,1,1
Cuculus micropterus_45_c008,Cuculus micropterus,45,train,1,1
Cuculus micropterus_45_c009,Cuculus micropterus,45,train,1,1
Cuculus micropterus_45_c010,Cuculus micropterus,45,train,1,1
Cuculus micropterus_45_c011,Cuculus micropterus,45,train,1,1
Cuculus micropterus_45_c012,Cuculus micropterus,45,train,1,1
Cuculus micropterus_45_c013,Cuculus micropterus,45,train,1,1
Cuculus micropterus_46_c000,Cuculus micropterus,46,train,1,1
Cuculus micropterus_46_c001,Cuculus micropterus,46,train,1,1
Cuculus micropterus_46_c002,Cuculus micropterus,46,train,1,1
Cuculus micropterus_46_c003,Cuculus micropterus,46,train,1,1
Cuculus micropterus_46_c004,Cuculus micropterus,46,train,1,1
Cuculus micropterus_46_c005,Cuculus micropterus,46,train,1,1
Cuculus micropterus_46_c006,Cuculus micropterus,46,train,1,1
Cuculus micropterus_46_c007,Cuculus micropterus,46,train,1,1
Cuculus micropterus_46_c008,Cuculus micropterus,46,train,1,1
Cuculus micropterus_46_c009,Cuculus micropterus,46,train,1,1
Cuculus micropterus_46_c010,Cuculus micropterus,46,train,1,1
Cuculus micropterus_46_c011,Cuculus micropterus,46,train,1,1
Cuculus micropterus_46_c012,Cuculus micropterus,46,train,1,1
Cuculus micropterus_47_c000,Cuculus micropterus,47,train,1,1
Cuculus micropterus_47_c001,Cuculus micropterus,47,train,1,1
Cuculus micropterus_47_c002,Cuculus micropterus,47,train,1,1
Cuculus micropterus_47_c003,Cuculus micropterus,47,train,1,1
Cuculus micropterus_48_c000,Cuculus micropterus,48,train,1,1
Cuculus micropterus_48_c001,Cuculus micropterus,48,train,1,1
Cuculus micropterus_48_c002,Cuculus micropterus,48,train,1,1
Cuculus micropterus_49_c000,Cuculus micropterus,49,train,1,1
Cuculus micropterus_49_c001,Cuculus micropterus,49,train,1,1
Cuculus micropterus_49_c002,Cuculus micropterus,49,train,1,1
Cuculus micropterus_49_c003,Cuculus micropterus,49,train,1,1
Cuculus micropterus_49_c004,Cuculus micropterus,49,train,1,1
Cuculus micropterus_4_c000,Cuculus micropterus,4,train,1,1
Cuculus micropterus_4_c001,Cuculus micropterus,4,train,1,1
Cuculus micropterus_4_c002,Cuculus micropterus,4,train,1,1
Cuculus micropterus_4_c003,Cuculus micropterus,4,train,1,1
Cuculus micropterus_4_c004,Cuculus micropterus,4,train,1,1
Cuculus micropterus_4_c005,Cuculus micropterus,4,train,1,1
Cuculus micropterus_4_c006,Cuculus micropterus,4,train,1,1
Cuculus micropterus_4_c007,Cuculus micropterus,4,train,1,1
Cuculus micropterus_4_c008,Cuculus micropterus,4,train,1,1
Cuculus micropterus_4_c009,Cuculus micropterus,4,train,1,1
Cuculus micropterus_4_c011,Cuculus micropterus,4,train,1,1
Cuculus micropterus_4_c012,Cuculus micropterus,4,train,1,0
Cuculus micropterus_50_c000,Cuculus micropterus,50,train,1,1
Cuculus micropterus_50_c001,Cuculus micropterus,50,train,1,1
Cuculus micropterus_50_c002,Cuculus micropterus,50,train,1,1
Cuculus micropterus_50_c003,Cuculus micropterus,50,train,1,1
Cuculus micropterus_51_c000,Cuculus micropterus,51,train,1,1
Cuculus micropterus_51_c001,Cuculus micropterus,51,train,1,1
Cuculus micropterus_51_c002,Cuculus micropterus,51,train,1,1
Cuculus micropterus_51_c003,Cuculus micropterus,51,train,1,1
Cuculus micropterus_52_c000,Cuculus micropterus,52,train,1,1
Cuculus micropterus_52_c001,Cuculus micropterus,52,train,1,1
Cuculus micropterus_53_c000,Cuculus micropterus,53,train,1,1
Cuculus micropterus_53_c001,Cuculus micropterus,53,train,1,1
Cuculus micropterus_54_c000,Cuculus micropterus,54,test,1,1
Cuculus micropterus_54_c001,Cuculus micropterus,54,test,1,1
Cuculus micropterus_56_c000,Cuculus micropterus,56,train,1,1
Cuculus micropterus_56_c001,Cuculus micropterus,56,train,1,1
Cuculus micropterus_56_c002,Cuculus micropterus,56,train,1,1
Cuculus micropterus_56_c003,Cuculus micropterus,56,train,1,1
Cuculus micropterus_56_c004,Cuculus micropterus,56,train,1,1
Cuculus micropterus_56_c005,Cuculus micropterus,56,train,1,1
Cuculus micropterus_57_c000,Cuculus micropterus,57,train,1,1
Cuculus micropterus_57_c001,Cuculus micropterus,57,train,1,1
Cuculus micropterus_57_c002,Cuculus micropterus,57,train,1,0
Cuculus micropterus_57_c003,Cuculus micropterus,57,train,1,1
Cuculus micropterus_57_c004,Cuculus micropterus,57,train,1,1
Cuculus micropterus_58_c000,Cuculus micropterus,58,train,1,1
Cuculus micropterus_58_c002,Cuculus micropterus,58,train,1,1
Cuculus micropterus_58_c003,Cuculus micropterus,58,train,1,1
Cuculus micropterus_58_c004,Cuculus micropterus,58,train,1,0
Cuculus micropterus_59_c000,Cuculus micropterus,59,train,1,1
Cuculus micropterus_59_c001,Cuculus micropterus,59,train,1,1
Cuculus micropterus_60_c000,Cuculus micropterus,60,test,1,1
Cuculus micropterus_60_c001,Cuculus micropterus,60,test,1,1
Cuculus micropterus_60_c002,Cuculus micropterus,60,test,1,1
Cuculus micropterus_60_c003,Cuculus micropterus,60,test,1,1
Cuculus micropterus_60_c004,Cuculus micropterus,60,test,1,1
Cuculus micropterus_60_c005,Cuculus micropterus,60,test,1,1
Cuculus micropterus_60_c006,Cuculus micropterus,60,test,1,1
Cuculus micropterus_60_c007,Cuculus micropterus,60,test,1,1
Cuculus micropterus_60_c008,Cuculus micropterus,60,test,1,1
Cuculus micropterus_60_c010,Cuculus micropterus,60,test,1,1
Cuculus micropterus_60_c011,Cuculus micropterus,60,test,1,1
Cuculus micropterus_60_c012,Cuculus micropterus,60,test,1,1
Cuculus micropterus_61_c000,Cuculus micropterus,61,train,1,1
Cuculus micropterus_61_c001,Cuculus micropterus,61,train,1,1
Cuculus micropterus_62_c000,Cuculus micropterus,62,val,1,1
Cuculus micropterus_62_c001,Cuculus micropterus,62,val,1,1
Cuculus micropterus_62_c002,Cuculus micropterus,62,val,1,1
Cuculus micropterus_62_c003,Cuculus micropterus,62,val,1,1
Cuculus micropterus_62_c004,Cuculus micropterus,62,val,1,0
Cuculus micropterus_63_c000,Cuculus micropterus,63,train,1,1
Cuculus micropterus_63_c001,Cuculus micropterus,63,train,1,1
Cuculus micropterus_63_c002,Cuculus micropterus,63,train,1,1
Cuculus micropterus_63_c003,Cuculus micropterus,63,train,1,1
Cuculus micropterus_63_c004,Cuculus micropterus,63,train,1,0
Cuculus micropterus_63_c005,Cuculus micropterus,63,train,1,0
Cuculus micropterus_63_c006,Cuculus micropterus,63,train,1,0
Cuculus micropterus_63_c007,Cuculus micropterus,63,train,1,0
Cuculus micropterus_64_c000,Cuculus micropterus,64,train,1,1
Cuculus micropterus_64_c001,Cuculus micropterus,64,train,1,1
Cuculus micropterus_64_c002,Cuculus micropterus,64,train,1,1
Cuculus micropterus_64_c003,Cuculus micropterus,64,train,1,1
Cuculus micropterus_65_c000,Cuculus micropterus,65,train,1,1
Cuculus micropterus_65_c001,Cuculus micropterus,65,train,1,1
Cuculus micropterus_65_c002,Cuculus micropterus,65,train,1,1
Cuculus micropterus_65_c003,Cuculus micropterus,65,train,1,1
Cuculus micropterus_66_c000,Cuculus micropterus,66,train,1,1
Cuculus micropterus_66_c001,Cuculus micropterus,66,train,1,1
Cuculus micropterus_66_c002,Cuculus micropterus,66,train,1,1
Cuculus micropterus_66_c003,Cuculus micropterus,66,train,1,0
Cuculus micropterus_66_c004,Cuculus micropterus,66,train,1,1
Cuculus micropterus_66_c005,Cuculus micropterus,66,train,1,1
Cuculus micropterus_66_c006,Cuculus micropterus,66,train,1,1
Cuculus micropterus_66_c007,Cuculus micropterus,66,train,1,1
Cuculus micropterus_66_c008,Cuculus micropterus,66,train,1,1
Cuculus micropterus_6_c000,Cuculus micropterus,6,train,1,1
Cuculus micropterus_6_c001,Cuculus micropterus,6,train,1,1
Cuculus micropterus_6_c002,Cuculus micropterus,6,train,1,1
Cuculus micropterus_6_c003,Cuculus micropterus,6,train,1,1
Cuculus micropterus_7_c000,Cuculus micropterus,7,train,1,1
Cuculus micropterus_7_c001,Cuculus micropterus,7,train,1,1
Cuculus micropterus_7_c002,Cuculus micropterus,7,train,1,1
Cuculus micropterus_7_c003,Cuculus micropterus,7,train,1,0
Cuculus micropterus_7_c004,Cuculus micropterus,7,train,1,1
Cuculus micropterus_7_c005,Cuculus micropterus,7,train,1,1
Cuculus micropterus_7_c006,Cuculus micropterus,7,train,1,1
Cuculus micropterus_7_c007,Cuculus micropterus,7,train,1,1
Cuculus micropterus_7_c008,Cuculus micropterus,7,train,1,1
Cuculus micropterus_8_c000,Cuculus micropterus,8,val,1,1
Cuculus micropterus_8_c001,Cuculus micropterus,8,val,1,1
Cuculus micropterus_8_c002,Cuculus micropterus,8,val,1,1
Cuculus micropterus_8_c003,Cuculus micropterus,8,val,1,1
Cuculus micropterus_8_c004,Cuculus micropterus,8,val,1,1
Cuculus micropterus_8_c005,Cuculus micropterus,8,val,1,1
Cuculus micropterus_8_c006,Cuculus micropterus,8,val,1,1
Cuculus micropterus_8_c007,Cuculus micropterus,8,val,1,1
Cuculus micropterus_8_c008,Cuculus micropterus,8,val,1,1
Cuculus micropterus_8_c009,Cuculus micropterus,8,val,1,1
Cuculus micropterus_8_c010,Cuculus micropterus,8,val,1,1
Cuculus micropterus_8_c011,Cuculus micropterus,8,val,1,1
Cuculus micropterus_8_c012,Cuculus micropterus,8,val,1,1
Cuculus micropterus_8_c013,Cuculus micropterus,8,val,1,1
Cuculus micropterus_8_c014,Cuculus micropterus,8,val,1,1
Cuculus micropterus_8_c015,Cuculus micropterus,8,val,1,1
Cuculus micropterus_8_c016,Cuculus micropterus,8,val,1,1
Cuculus micropterus_8_c017,Cuculus micropterus,8,val,1,1
Cuculus micropterus_8_c018,Cuculus micropterus,8,val,1,1
Cuculus micropterus_8_c019,Cuculus micropterus,8,val,1,1
Cuculus micropterus_8_c020,Cuculus micropterus,8,val,1,1
Cuculus micropterus_8_c021,Cuculus micropterus,8,val,1,1
Cuculus micropterus_8_c022,Cuculus micropterus,8,val,1,1
Cuculus micropterus_8_c023,Cuculus micropterus,8,val,1,1
Cuculus micropterus_8_c024,Cuculus micropterus,8,val,1,1
Cuculus micropterus_8_c025,Cuculus micropterus,8,val,1,1
Cuculus micropterus_8_c026,Cuculus micropterus,8,val,1,1
Cuculus micropterus_8_c027,Cuculus micropterus,8,val,1,1
Cuculus micropterus_8_c028,Cuculus micropterus,8,val,1,1
Cuculus micropterus_8_c029,Cuculus micropterus,8,val,1,1
Cuculus micropterus_8_c030,Cuculus micropterus,8,val,1,1
Cuculus micropterus_8_c031,Cuculus micropterus,8,val,1,1
Cuculus micropterus_8_c032,Cuculus micropterus,8,val,1,1
Cuculus micropterus_8_c033,Cuculus micropterus,8,val,1,1
Cuculus micropterus_8_c034,Cuculus micropterus,8,val,1,1
Cuculus micropterus_8_c035,Cuculus micropterus,8,val,1,1
Cuculus micropterus_8_c036,Cuculus micropterus,8,val,1,1
Cuculus micropterus_9_c000,Cuculus micropterus,9,train,1,1
Cuculus micropterus_9_c001,Cuculus micropterus,9,train,1,1
Cuculus micropterus_9_c002,Cuculus micropterus,9,train,1,1
Cuculus micropterus_9_c003,Cuculus micropterus,9,train,1,1
Cuculus micropterus_9_c004,Cuculus micropterus,9,train,1,1
Cuculus micropterus_9_c005,Cuculus micropterus,9,train,1,1
Cuculus micropterus_9_c006,Cuculus micropterus,9,train,1,1
Cuculus micropterus_9_c007,Cuculus micropterus,9,train,1,1
Cuculus micropterus_9_c008,Cuculus micropterus,9,train,1,1
Cuculus micropterus_9_c009,Cuculus micropterus,9,train,1,1
Cuculus micropterus_9_c010,Cuculus micropterus,9,train,1,1
Cuculus micropterus_9_c011,Cuculus micropterus,9,train,1,1
Cuculus micropterus_9_c012,Cuculus micropterus,9,train,1,1
Cuculus micropterus_9_c013,Cuculus micropterus,9,train,1,1
Cyornis unicolor_10_c000,Cyornis unicolor,10,train,1,1
Cyornis unicolor_10_c001,Cyornis unicolor,10,train,1,1
Cyornis unicolor_10_c002,Cyornis unicolor,10,train,1,1
Cyornis unicolor_10_c003,Cyornis unicolor,10,train,1,1
Cyornis unicolor_10_c004,Cyornis unicolor,10,train,1,1
Cyornis unicolor_10_c005,Cyornis unicolor,10,train,1,1
Cyornis unicolor_10_c006,Cyornis unicolor,10,train,1,1
Cyornis unicolor_10_c007,Cyornis unicolor,10,train,1,0
Cyornis unicolor_10_c008,Cyornis unicolor,10,train,1,0
Cyornis unicolor_10_c009,Cyornis unicolor,10,train,1,1
Cyornis unicolor_10_c010,Cyornis unicolor,10,train,1,1
Cyornis unicolor_10_c011,Cyornis unicolor,10,train,1,1
Cyornis unicolor_10_c012,Cyornis unicolor,10,train,1,1
Cyornis unicolor_10_c013,Cyornis unicolor,10,train,1,1
Cyornis unicolor_10_c014,Cyornis unicolor,10,train,1,1
Cyornis unicolor_10_c015,Cyornis unicolor,10,train,1,1
Cyornis unicolor_10_c016,Cyornis unicolor,10,train,1,1
Cyornis unicolor_10_c017,Cyornis unicolor,10,train,1,1
Cyornis unicolor_10_c018,Cyornis unicolor,10,train,1,1
Cyornis unicolor_10_c019,Cyornis unicolor,10,train,1,1
Cyornis unicolor_10_c020,Cyornis unicolor,10,train,1,1
Cyornis unicolor_10_c021,Cyornis unicolor,10,train,1,1
Cyornis unicolor_10_c022,Cyornis unicolor,10,train,1,1
Cyornis unicolor_10_c023,Cyornis unicolor,10,train,1,1
Cyornis unicolor_10_c024,Cyornis unicolor,10,train,1,1
Cyornis unicolor_10_c025,Cyornis unicolor,10,train,1,1
Cyornis unicolor_10_c026,Cyornis unicolor,10,train,1,1
Cyornis unicolor_11_c000,Cyornis unicolor,11,test,1,1
Cyornis unicolor_11_c001,Cyornis unicolor,11,test,1,1
Cyornis unicolor_11_c002,Cyornis unicolor,11,test,1,1
Cyornis unicolor_11_c003,Cyornis unicolor,11,test,1,1
Cyornis unicolor_11_c004,Cyornis unicolor,11,test,1,1
Cyornis unicolor_11_c005,Cyornis unicolor,11,test,1,1
Cyornis unicolor_11_c006,Cyornis unicolor,11,test,1,1
Cyornis unicolor_11_c007,Cyornis unicolor,11,test,1,1
Cyornis unicolor_11_c008,Cyornis unicolor,11,test,1,1
Cyornis unicolor_11_c010,Cyornis unicolor,11,test,1,0
Cyornis unicolor_11_c011,Cyornis unicolor,11,test,1,1
Cyornis unicolor_11_c012,Cyornis unicolor,11,test,1,1
Cyornis unicolor_11_c013,Cyornis unicolor,11,test,1,1
Cyornis unicolor_11_c014,Cyornis unicolor,11,test,1,1
Cyornis unicolor_11_c015,Cyornis unicolor,11,test,1,1
Cyornis unicolor_11_c016,Cyornis unicolor,11,test,1,1
Cyornis unicolor_12_c000,Cyornis unicolor,12,train,1,1
Cyornis unicolor_12_c001,Cyornis unicolor,12,train,1,1
Cyornis unicolor_12_c002,Cyornis unicolor,12,train,1,1
Cyornis unicolor_12_c003,Cyornis unicolor,12,train,1,1
Cyornis unicolor_12_c004,Cyornis unicolor,12,train,1,0
Cyornis unicolor_13_c000,Cyornis unicolor,13,train,1,1
Cyornis unicolor_13_c001,Cyornis unicolor,13,train,1,0
Cyornis unicolor_14_c000,Cyornis unicolor,14,train,1,1
Cyornis unicolor_14_c001,Cyornis unicolor,14,train,1,0
Cyornis unicolor_14_c002,Cyornis unicolor,14,train,1,0
Cyornis unicolor_14_c003,Cyornis unicolor,14,train,1,0
Cyornis unicolor_14_c004,Cyornis unicolor,14,train,1,0
Cyornis unicolor_14_c005,Cyornis unicolor,14,train,1,1
Cyornis unicolor_15_c000,Cyornis unicolor,15,val,1,0
Cyornis unicolor_15_c001,Cyornis unicolor,15,val,1,1
Cyornis unicolor_15_c002,Cyornis unicolor,15,val,1,1
Cyornis unicolor_15_c003,Cyornis unicolor,15,val,1,0
Cyornis unicolor_15_c004,Cyornis unicolor,15,val,1,1
Cyornis unicolor_15_c005,Cyornis unicolor,15,val,1,1
Cyornis unicolor_15_c006,Cyornis unicolor,15,val,1,1
Cyornis unicolor_15_c007,Cyornis unicolor,15,val,1,0
Cyornis unicolor_15_c008,Cyornis unicolor,15,val,1,0
Cyornis unicolor_15_c009,Cyornis unicolor,15,val,1,1
Cyornis unicolor_15_c010,Cyornis unicolor,15,val,1,1
Cyornis unicolor_15_c011,Cyornis unicolor,15,val,1,1
Cyornis unicolor_15_c012,Cyornis unicolor,15,val,1,1
Cyornis unicolor_15_c013,Cyornis unicolor,15,val,1,0
Cyornis unicolor_15_c014,Cyornis unicolor,15,val,1,0
Cyornis unicolor_15_c015,Cyornis unicolor,15,val,1,1
Cyornis unicolor_15_c016,Cyornis unicolor,15,val,1,0
Cyornis unicolor_16_c000,Cyornis unicolor,16,train,1,1
Cyornis unicolor_16_c001,Cyornis unicolor,16,train,1,0
Cyornis unicolor_16_c002,Cyornis unicolor,16,train,1,0
Cyornis unicolor_16_c003,Cyornis unicolor,16,train,1,1
Cyornis unicolor_16_c004,Cyornis unicolor,16,train,1,0
Cyornis unicolor_16_c005,Cyornis unicolor,16,train,1,1
Cyornis unicolor_16_c006,Cyornis unicolor,16,train,1,0
Cyornis unicolor_16_c007,Cyornis unicolor,16,train,1,1
Cyornis unicolor_16_c008,Cyornis unicolor,16,train,1,0
Cyornis unicolor_16_c010,Cyornis unicolor,16,train,1,0
Cyornis unicolor_16_c011,Cyornis unicolor,16,train,1,1
Cyornis unicolor_16_c012,Cyornis unicolor,16,train,1,1
Cyornis unicolor_16_c014,Cyornis unicolor,16,train,1,1
Cyornis unicolor_16_c015,Cyornis unicolor,16,train,1,0
Cyornis unicolor_16_c016,Cyornis unicolor,16,train,1,0
Cyornis unicolor_17_c000,Cyornis unicolor,17,test,1,1
Cyornis unicolor_17_c001,Cyornis unicolor,17,test,1,1
Cyornis unicolor_17_c002,Cyornis unicolor,17,test,1,0
Cyornis unicolor_17_c003,Cyornis unicolor,17,test,1,1
Cyornis unicolor_17_c004,Cyornis unicolor,17,test,1,0
Cyornis unicolor_18_c000,Cyornis unicolor,18,train,1,1
Cyornis unicolor_18_c001,Cyornis unicolor,18,train,1,1
Cyornis unicolor_18_c002,Cyornis unicolor,18,train,1,0
Cyornis unicolor_19_c000,Cyornis unicolor,19,train,1,1
Cyornis unicolor_19_c001,Cyornis unicolor,19,train,1,1
Cyornis unicolor_19_c002,Cyornis unicolor,19,train,1,1
Cyornis unicolor_19_c003,Cyornis unicolor,19,train,1,0
Cyornis unicolor_19_c004,Cyornis unicolor,19,train,1,1
Cyornis unicolor_19_c005,Cyornis unicolor,19,train,1,0
Cyornis unicolor_19_c006,Cyornis unicolor,19,train,1,0
Cyornis unicolor_19_c007,Cyornis unicolor,19,train,1,0
Cyornis unicolor_19_c009,Cyornis unicolor,19,train,1,1
Cyornis unicolor_19_c010,Cyornis unicolor,19,train,1,1
Cyornis unicolor_19_c011,Cyornis unicolor,19,train,1,0
Cyornis unicolor_19_c012,Cyornis unicolor,19,train,1,1
Cyornis unicolor_19_c013,Cyornis unicolor,19,train,1,1
Cyornis unicolor_19_c014,Cyornis unicolor,19,train,1,0
Cyornis unicolor_19_c015,Cyornis unicolor,19,train,1,1
Cyornis unicolor_19_c016,Cyornis unicolor,19,train,1,0
Cyornis unicolor_1_c000,Cyornis unicolor,1,train,1,0
Cyornis unicolor_1_c001,Cyornis unicolor,1,train,1,0
Cyornis unicolor_1_c002,Cyornis unicolor,1,train,1,0
Cyornis unicolor_1_c003,Cyornis unicolor,1,train,1,0
Cyornis unicolor_1_c004,Cyornis unicolor,1,train,1,1
Cyornis unicolor_1_c005,Cyornis unicolor,1,train,1,0
Cyornis unicolor_1_c006,Cyornis unicolor,1,train,1,0
Cyornis unicolor_1_c007,Cyornis unicolor,1,train,1,1
Cyornis unicolor_1_c008,Cyornis unicolor,1,train,1,0
Cyornis unicolor_1_c010,Cyornis unicolor,1,train,1,0
Cyornis unicolor_1_c011,Cyornis unicolor,1,train,1,1
Cyornis unicolor_20_c000,Cyornis unicolor,20,test,1,1
Cyornis unicolor_20_c001,Cyornis unicolor,20,test,1,1
Cyornis unicolor_20_c002,Cyornis unicolor,20,test,1,1
Cyornis unicolor_20_c003,Cyornis unicolor,20,test,1,0
Cyornis unicolor_20_c004,Cyornis unicolor,20,test,1,1
Cyornis unicolor_20_c005,Cyornis unicolor,20,test,1,0
Cyornis unicolor_20_c006,Cyornis unicolor,20,test,1,1
Cyornis unicolor_20_c007,Cyornis unicolor,20,test,1,1
Cyornis unicolor_21_c000,Cyornis unicolor,21,train,1,1
Cyornis unicolor_21_c001,Cyornis unicolor,21,train,1,1
Cyornis unicolor_21_c002,Cyornis unicolor,21,train,1,1
Cyornis unicolor_21_c003,Cyornis unicolor,21,train,1,0
Cyornis unicolor_21_c004,Cyornis unicolor,21,train,1,1
Cyornis unicolor_21_c005,Cyornis unicolor,21,train,1,0
Cyornis unicolor_21_c006,Cyornis unicolor,21,train,1,0
Cyornis unicolor_21_c007,Cyornis unicolor,21,train,1,1
Cyornis unicolor_22_c000,Cyornis unicolor,22,train,1,1
Cyornis unicolor_22_c001,Cyornis unicolor,22,train,1,0
Cyornis unicolor_22_c002,Cyornis unicolor,22,train,1,1
Cyornis unicolor_22_c003,Cyornis unicolor,22,train,1,1
Cyornis unicolor_22_c004,Cyornis unicolor,22,train,1,1
Cyornis unicolor_22_c005,Cyornis unicolor,22,train,1,0
Cyornis unicolor_22_c006,Cyornis unicolor,22,train,1,1
Cyornis unicolor_22_c007,Cyornis unicolor,22,train,1,0
Cyornis unicolor_22_c008,Cyornis unicolor,22,train,1,0
Cyornis unicolor_22_c009,Cyornis unicolor,22,train,1,1
Cyornis unicolor_23_c000,Cyornis unicolor,23,train,1,1
Cyornis unicolor_23_c001,Cyornis unicolor,23,train,1,0
Cyornis unicolor_23_c002,Cyornis unicolor,23,train,1,0
Cyornis unicolor_23_c003,Cyornis unicolor,23,train,1,1
Cyornis unicolor_23_c004,Cyornis unicolor,23,train,1,1
Cyornis unicolor_23_c005,Cyornis unicolor,23,train,1,0
Cyornis unicolor_23_c006,Cyornis unicolor,23,train,1,1
Cyornis unicolor_23_c007,Cyornis unicolor,23,train,1,0
Cyornis unicolor_23_c008,Cyornis unicolor,23,train,1,1
Cyornis unicolor_24_c000,Cyornis unicolor,24,train,1,1
Cyornis unicolor_24_c001,Cyornis unicolor,24,train,1,1
Cyornis unicolor_24_c002,Cyornis unicolor,24,train,1,0
Cyornis unicolor_24_c003,Cyornis unicolor,24,train,1,1
Cyornis unicolor_24_c004,Cyornis unicolor,24,train,1,0
Cyornis unicolor_24_c005,Cyornis unicolor,24,train,1,1
Cyornis unicolor_24_c006,Cyornis unicolor,24,train,1,1
Cyornis unicolor_25_c000,Cyornis unicolor,25,train,1,1
Cyornis unicolor_25_c001,Cyornis unicolor,25,train,1,0
Cyornis unicolor_25_c002,Cyornis unicolor,25,train,1,1
Cyornis unicolor_25_c003,Cyornis unicolor,25,train,1,1
Cyornis unicolor_25_c004,Cyornis unicolor,25,train,1,1
Cyornis unicolor_25_c005,Cyornis unicolor,25,train,1,0
Cyornis unicolor_25_c006,Cyornis unicolor,25,train,1,1
Cyornis unicolor_25_c007,Cyornis unicolor,25,train,1,1
Cyornis unicolor_25_c008,Cyornis unicolor,25,train,1,1
Cyornis unicolor_25_c009,Cyornis unicolor,25,train,1,0
Cyornis unicolor_25_c011,Cyornis unicolor,25,train,1,0
Cyornis unicolor_25_c012,Cyornis unicolor,25,train,1,0
Cyornis unicolor_25_c013,Cyornis unicolor,25,train,1,1
Cyornis unicolor_25_c014,Cyornis unicolor,25,train,1,1
Cyornis unicolor_26_c001,Cyornis unicolor,26,val,1,0
Cyornis unicolor_26_c002,Cyornis unicolor,26,val,1,0
Cyornis unicolor_26_c004,Cyornis unicolor,26,val,1,0
Cyornis unicolor_26_c005,Cyornis unicolor,26,val,1,0
Cyornis unicolor_26_c006,Cyornis unicolor,26,val,1,0
Cyornis unicolor_27_c000,Cyornis unicolor,27,train,1,1
Cyornis unicolor_27_c002,Cyornis unicolor,27,train,1,1
Cyornis unicolor_27_c003,Cyornis unicolor,27,train,1,1
Cyornis unicolor_27_c004,Cyornis unicolor,27,train,1,0
Cyornis unicolor_27_c005,Cyornis unicolor,27,train,1,0
Cyornis unicolor_27_c006,Cyornis unicolor,27,train,1,1
Cyornis unicolor_27_c007,Cyornis unicolor,27,train,1,1
Cyornis unicolor_27_c008,Cyornis unicolor,27,train,1,0
Cyornis unicolor_27_c009,Cyornis unicolor,27,train,1,1
Cyornis unicolor_27_c010,Cyornis unicolor,27,train,1,1
Cyornis unicolor_27_c011,Cyornis unicolor,27,train,1,1
Cyornis unicolor_28_c000,Cyornis unicolor,28,train,1,1
Cyornis unicolor_28_c001,Cyornis unicolor,28,train,1,1
Cyornis unicolor_28_c002,Cyornis unicolor,28,train,1,1
Cyornis unicolor_2_c000,Cyornis unicolor,2,train,1,1
Cyornis unicolor_2_c001,Cyornis unicolor,2,train,1,1
Cyornis unicolor_2_c002,Cyornis unicolor,2,train,1,1
Cyornis unicolor_2_c003,Cyornis unicolor,2,train,1,0
Cyornis unicolor_2_c004,Cyornis unicolor,2,train,1,0
Cyornis unicolor_2_c005,Cyornis unicolor,2,train,1,0
Cyornis unicolor_2_c006,Cyornis unicolor,2,train,1,0
Cyornis unicolor_3_c000,Cyornis unicolor,3,train,1,1
Cyornis unicolor_3_c001,Cyornis unicolor,3,train,1,0
Cyornis unicolor_3_c002,Cyornis unicolor,3,train,1,1
Cyornis unicolor_3_c003,Cyornis unicolor,3,train,1,0
Cyornis unicolor_3_c004,Cyornis unicolor,3,train,1,1
Cyornis unicolor_3_c005,Cyornis unicolor,3,train,1,1
Cyornis unicolor_4_c000,Cyornis unicolor,4,val,1,1
Cyornis unicolor_4_c001,Cyornis unicolor,4,val,1,1
Cyornis unicolor_4_c002,Cyornis unicolor,4,val,1,1
Cyornis unicolor_4_c003,Cyornis unicolor,4,val,1,1
Cyornis unicolor_4_c004,Cyornis unicolor,4,val,1,1
Cyornis unicolor_4_c005,Cyornis unicolor,4,val,1,1
Cyornis unicolor_4_c006,Cyornis unicolor,4,val,1,1
Cyornis unicolor_4_c007,Cyornis unicolor,4,val,1,1
Cyornis unicolor_4_c008,Cyornis unicolor,4,val,1,0
Cyornis unicolor_4_c009,Cyornis unicolor,4,val,1,1
Cyornis unicolor_4_c010,Cyornis unicolor,4,val,1,1
Cyornis unicolor_4_c012,Cyornis unicolor,4,val,1,1
Cyornis unicolor_4_c013,Cyornis unicolor,4,val,1,1
Cyornis unicolor_4_c014,Cyornis unicolor,4,val,1,1
Cyornis unicolor_4_c016,Cyornis unicolor,4,val,1,1
Cyornis unicolor_5_c000,Cyornis unicolor,5,train,1,1
Cyornis unicolor_5_c001,Cyornis unicolor,5,train,1,0
Cyornis unicolor_5_c002,Cyornis unicolor,5,train,1,0
Cyornis unicolor_5_c003,Cyornis unicolor,5,train,1,0
Cyornis unicolor_5_c004,Cyornis unicolor,5,train,1,0
Cyornis unicolor_5_c005,Cyornis unicolor,5,train,1,1
Cyornis unicolor_5_c006,Cyornis unicolor,5,train,1,1
Cyornis unicolor_5_c007,Cyornis unicolor,5,train,1,0
Cyornis unicolor_5_c008,Cyornis unicolor,5,train,1,1
Cyornis unicolor_5_c009,Cyornis unicolor,5,train,1,0
Cyornis unicolor_5_c010,Cyornis unicolor,5,train,1,0
Cyornis unicolor_5_c011,Cyornis unicolor,5,train,1,0
Cyornis unicolor_6_c000,Cyornis unicolor,6,train,1,1
Cyornis unicolor_6_c001,Cyornis unicolor,6,train,1,0
Cyornis unicolor_6_c002,Cyornis unicolor,6,train,1,0
Cyornis unicolor_6_c003,Cyornis unicolor,6,train,1,0
Cyornis unicolor_6_c004,Cyornis unicolor,6,train,1,0
Cyornis unicolor_7_c000,Cyornis unicolor,7,train,1,1
Cyornis unicolor_7_c001,Cyornis unicolor,7,train,1,1
Cyornis unicolor_7_c002,Cyornis unicolor,7,train,1,1
Cyornis unicolor_7_c003,Cyornis unicolor,7,train,1,0
Cyornis unicolor_7_c004,Cyornis unicolor,7,train,1,1
Cyornis unicolor_7_c005,Cyornis unicolor,7,train,1,0
Cyornis unicolor_8_c000,Cyornis unicolor,8,train,1,1
Cyornis unicolor_8_c001,Cyornis unicolor,8,train,1,1
Cyornis unicolor_8_c002,Cyornis unicolor,8,train,1,1
Cyornis unicolor_8_c003,Cyornis unicolor,8,train,1,1
Cyornis unicolor_8_c004,Cyornis unicolor,8,train,1,1
Cyornis unicolor_8_c005,Cyornis unicolor,8,train,1,0
Cyornis unicolor_8_c006,Cyornis unicolor,8,train,1,0
Cyornis unicolor_8_c007,Cyornis unicolor,8,train,1,1
Cyornis unicolor_9_c000,Cyornis unicolor,9,train,1,0
Cyornis unicolor_9_c001,Cyornis unicolor,9,train,1,1
Cyornis unicolor_9_c002,Cyornis unicolor,9,train,1,1
Cyornis unicolor_9_c003,Cyornis unicolor,9,train,1,0
Cyornis unicolor_9_c005,Cyornis unicolor,9,train,1,1
Cyornis unicolor_9_c006,Cyornis unicolor,9,train,1,1
Glaucidium cuculoides_10_c000,Glaucidium cuculoides,10,train,1,1
Glaucidium cuculoides_10_c001,Glaucidium cuculoides,10,train,1,0
Glaucidium cuculoides_10_c002,Glaucidium cuculoides,10,train,1,0
Glaucidium cuculoides_10_c003,Glaucidium cuculoides,10,train,1,0
Glaucidium cuculoides_10_c004,Glaucidium cuculoides,10,train,1,0
Glaucidium cuculoides_10_c005,Glaucidium cuculoides,10,train,1,0
Glaucidium cuculoides_10_c006,Glaucidium cuculoides,10,train,1,0
Glaucidium cuculoides_11_c000,Glaucidium cuculoides,11,train,1,0
Glaucidium cuculoides_12_c000,Glaucidium cuculoides,12,train,1,0
Glaucidium cuculoides_12_c001,Glaucidium cuculoides,12,train,1,0
Glaucidium cuculoides_12_c002,Glaucidium cuculoides,12,train,1,0
Glaucidium cuculoides_12_c003,Glaucidium cuculoides,12,train,1,0
Glaucidium cuculoides_12_c004,Glaucidium cuculoides,12,train,1,0
Glaucidium cuculoides_12_c005,Glaucidium cuculoides,12,train,1,0
Glaucidium cuculoides_12_c006,Glaucidium cuculoides,12,train,1,0
Glaucidium cuculoides_12_c007,Glaucidium cuculoides,12,train,1,0
Glaucidium cuculoides_12_c008,Glaucidium cuculoides,12,train,1,0
Glaucidium cuculoides_12_c009,Glaucidium cuculoides,12,train,1,0
Glaucidium cuculoides_12_c010,Glaucidium cuculoides,12,train,1,0
Glaucidium cuculoides_12_c011,Glaucidium cuculoides,12,train,1,0
Glaucidium cuculoides_12_c012,Glaucidium cuculoides,12,train,1,0
Glaucidium cuculoides_12_c013,Glaucidium cuculoides,12,train,1,0
Glaucidium cuculoides_12_c014,Glaucidium cuculoides,12,train,1,0
Glaucidium cuculoides_12_c016,Glaucidium cuculoides,12,train,1,0
Glaucidium cuculoides_12_c017,Glaucidium cuculoides,12,train,1,0
Glaucidium cuculoides_12_c018,Glaucidium cuculoides,12,train,1,0
Glaucidium cuculoides_12_c019,Glaucidium cuculoides,12,train,1,0
Glaucidium cuculoides_12_c020,Glaucidium cuculoides,12,train,1,0
Glaucidium cuculoides_12_c021,Glaucidium cuculoides,12,train,1,0
Glaucidium cuculoides_12_c022,Glaucidium cuculoides,12,train,1,0
Glaucidium cuculoides_12_c023,Glaucidium cuculoides,12,train,1,0
Glaucidium cuculoides_12_c024,Glaucidium cuculoides,12,train,1,0
Glaucidium cuculoides_12_c025,Glaucidium cuculoides,12,train,1,0
Glaucidium cuculoides_12_c026,Glaucidium cuculoides,12,train,1,0
Glaucidium cuculoides_13_c000,Glaucidium cuculoides,13,val,1,1
Glaucidium cuculoides_13_c001,Glaucidium cuculoides,13,val,1,0
Glaucidium cuculoides_13_c002,Glaucidium cuculoides,13,val,1,0
Glaucidium cuculoides_13_c003,Glaucidium cuculoides,13,val,1,0
Glaucidium cuculoides_14_c001,Glaucidium cuculoides,14,train,1,1
Glaucidium cuculoides_14_c002,Glaucidium cuculoides,14,train,1,0
Glaucidium cuculoides_14_c003,Glaucidium cuculoides,14,train,1,0
Glaucidium cuculoides_14_c004,Glaucidium cuculoides,14,train,1,0
Glaucidium cuculoides_14_c005,Glaucidium cuculoides,14,train,1,0
Glaucidium cuculoides_14_c006,Glaucidium cuculoides,14,train,1,0
Glaucidium cuculoides_15_c000,Glaucidium cuculoides,15,train,1,1
Glaucidium cuculoides_15_c001,Glaucidium cuculoides,15,train,1,1
Glaucidium cuculoides_15_c002,Glaucidium cuculoides,15,train,1,0
Glaucidium cuculoides_15_c003,Glaucidium cuculoides,15,train,1,0
Glaucidium cuculoides_15_c005,Glaucidium cuculoides,15,train,1,0
Glaucidium cuculoides_15_c006,Glaucidium cuculoides,15,train,1,0
Glaucidium cuculoides_16_c000,Glaucidium cuculoides,16,test,1,1
Glaucidium cuculoides_17_c000,Glaucidium cuculoides,17,train,1,0
Glaucidium cuculoides_17_c001,Glaucidium cuculoides,17,train,1,0
Glaucidium cuculoides_17_c002,Glaucidium cuculoides,17,train,1,0
Glaucidium cuculoides_17_c003,Glaucidium cuculoides,17,train,1,0
Glaucidium cuculoides_17_c004,Glaucidium cuculoides,17,train,1,0
Glaucidium cuculoides_17_c005,Glaucidium cuculoides,17,train,1,1
Glaucidium cuculoides_17_c006,Glaucidium cuculoides,17,train,1,1
Glaucidium cuculoides_18_c000,Glaucidium cuculoides,18,test,1,0
Glaucidium cuculoides_18_c001,Glaucidium cuculoides,18,test,1,0
Glaucidium cuculoides_19_c000,Glaucidium cuculoides,19,test,1,1
Glaucidium cuculoides_19_c001,Glaucidium cuculoides,19,test,1,1
Glaucidium cuculoides_1_c000,Glaucidium cuculoides,1,train,1,1
Glaucidium cuculoides_1_c001,Glaucidium cuculoides,1,train,1,1
Glaucidium cuculoides_1_c002,Glaucidium cuculoides,1,train,1,0
Glaucidium cuculoides_1_c003,Glaucidium cuculoides,1,train,1,1
Glaucidium cuculoides_1_c004,Glaucidium cuculoides,1,train,1,0
Glaucidium cuculoides_20_c000,Glaucidium cuculoides,20,train,1,1
Glaucidium cuculoides_20_c001,Glaucidium cuculoides,20,train,1,0
Glaucidium cuculoides_21_c000,Glaucidium cuculoides,21,train,1,1
Glaucidium cuculoides_21_c001,Glaucidium cuculoides,21,train,1,1
Glaucidium cuculoides_21_c002,Glaucidium cuculoides,21,train,1,1
Glaucidium cuculoides_21_c003,Glaucidium cuculoides,21,train,1,0
Glaucidium cuculoides_21_c004,Glaucidium cuculoides,21,train,1,0
Glaucidium cuculoides_21_c005,Glaucidium cuculoides,21,train,1,0
Glaucidium cuculoides_21_c006,Glaucidium cuculoides,21,train,1,1
Glaucidium cuculoides_21_c007,Glaucidium cuculoides,21,train,1,0
Glaucidium cuculoides_21_c008,Glaucidium cuculoides,21,train,1,1
Glaucidium cuculoides_21_c009,Glaucidium cuculoides,21,train,1,0
Glaucidium cuculoides_22_c000,Glaucidium cuculoides,22,train,1,1
Glaucidium cuculoides_22_c001,Glaucidium cuculoides,22,train,1,1
Glaucidium cuculoides_23_c000,Glaucidium cuculoides,23,train,1,1
Glaucidium cuculoides_23_c001,Glaucidium cuculoides,23,train,1,1
Glaucidium cuculoides_23_c002,Glaucidium cuculoides,23,train,1,0
Glaucidium cuculoides_23_c003,Glaucidium cuculoides,23,train,1,0
Glaucidium cuculoides_24_c000,Glaucidium cuculoides,24,train,1,1
Glaucidium cuculoides_24_c001,Glaucidium cuculoides,24,train,1,1
Glaucidium cuculoides_25_c000,Glaucidium cuculoides,25,train,1,1
Glaucidium cuculoides_25_c001,Glaucidium cuculoides,25,train,1,1
Glaucidium cuculoides_25_c002,Glaucidium cuculoides,25,train,1,0
Glaucidium cuculoides_25_c003,Glaucidium cuculoides,25,train,1,0
Glaucidium cuculoides_25_c004,Glaucidium cuculoides,25,train,1,0
Glaucidium cuculoides_25_c005,Glaucidium cuculoides,25,train,1,1
Glaucidium cuculoides_25_c006,Glaucidium cuculoides,25,train,1,1
Glaucidium cuculoides_25_c008,Glaucidium cuculoides,25,train,1,0
Glaucidium cuculoides_25_c009,Glaucidium cuculoides,25,train,1,0
Glaucidium cuculoides_25_c010,Glaucidium cuculoides,25,train,1,0
Glaucidium cuculoides_25_c011,Glaucidium cuculoides,25,train,1,1
Glaucidium cuculoides_26_c000,Glaucidium cuculoides,26,train,1,0
Glaucidium cuculoides_26_c001,Glaucidium cuculoides,26,train,1,1
Glaucidium cuculoides_26_c002,Glaucidium cuculoides,26,train,1,1
Glaucidium cuculoides_27_c000,Glaucidium cuculoides,27,train,1,1
Glaucidium cuculoides_27_c001,Glaucidium cuculoides,27,train,1,1
Glaucidium cuculoides_27_c002,Glaucidium cuculoides,27,train,1,1
Glaucidium cuculoides_28_c000,Glaucidium cuculoides,28,train,1,0
Glaucidium cuculoides_28_c001,Glaucidium cuculoides,28,train,1,0
Glaucidium cuculoides_28_c002,Glaucidium cuculoides,28,train,1,0
Glaucidium cuculoides_28_c003,Glaucidium cuculoides,28,train,1,0
Glaucidium cuculoides_29_c000,Glaucidium cuculoides,29,train,1,1
Glaucidium cuculoides_29_c001,Glaucidium cuculoides,29,train,1,1
Glaucidium cuculoides_29_c002,Glaucidium cuculoides,29,train,1,1
Glaucidium cuculoides_29_c004,Glaucidium cuculoides,29,train,1,1
Glaucidium cuculoides_29_c005,Glaucidium cuculoides,29,train,1,1
Glaucidium cuculoides_29_c007,Glaucidium cuculoides,29,train,1,0
Glaucidium cuculoides_29_c008,Glaucidium cuculoides,29,train,1,1
Glaucidium cuculoides_29_c009,Glaucidium cuculoides,29,train,1,1
Glaucidium cuculoides_29_c010,Glaucidium cuculoides,29,train,1,1
Glaucidium cuculoides_29_c011,Glaucidium cuculoides,29,train,1,1
Glaucidium cuculoides_29_c012,Glaucidium cuculoides,29,train,1,1
Glaucidium cuculoides_29_c013,Glaucidium cuculoides,29,train,1,1
Glaucidium cuculoides_29_c014,Glaucidium cuculoides,29,train,1,1
Glaucidium cuculoides_29_c015,Glaucidium cuculoides,29,train,1,1
Glaucidium cuculoides_29_c016,Glaucidium cuculoides,29,train,1,1
Glaucidium cuculoides_29_c017,Glaucidium cuculoides,29,train,1,0
Glaucidium cuculoides_2_c000,Glaucidium cuculoides,2,train,1,1
Glaucidium cuculoides_2_c001,Glaucidium cuculoides,2,train,1,1
Glaucidium cuculoides_2_c002,Glaucidium cuculoides,2,train,1,0
Glaucidium cuculoides_2_c003,Glaucidium cuculoides,2,train,1,0
Glaucidium cuculoides_2_c004,Glaucidium cuculoides,2,train,1,0
Glaucidium cuculoides_2_c005,Glaucidium cuculoides,2,train,1,0
Glaucidium cuculoides_2_c006,Glaucidium cuculoides,2,train,1,0
Glaucidium cuculoides_2_c007,Glaucidium cuculoides,2,train,1,1
Glaucidium cuculoides_2_c008,Glaucidium cuculoides,2,train,1,1
Glaucidium cuculoides_2_c009,Glaucidium cuculoides,2,train,1,1
Glaucidium cuculoides_30_c000,Glaucidium cuculoides,30,train,1,1
Glaucidium cuculoides_30_c002,Glaucidium cuculoides,30,train,1,1
Glaucidium cuculoides_30_c003,Glaucidium cuculoides,30,train,1,1
Glaucidium cuculoides_30_c004,Glaucidium cuculoides,30,train,1,1
Glaucidium cuculoides_30_c005,Glaucidium cuculoides,30,train,1,1
Glaucidium cuculoides_30_c006,Glaucidium cuculoides,30,train,1,1
Glaucidium cuculoides_30_c008,Glaucidium cuculoides,30,train,1,1
Glaucidium cuculoides_30_c010,Glaucidium cuculoides,30,train,1,1
Glaucidium cuculoides_30_c011,Glaucidium cuculoides,30,train,1,1
Glaucidium cuculoides_30_c012,Glaucidium cuculoides,30,train,1,1
Glaucidium cuculoides_30_c013,Glaucidium cuculoides,30,train,1,1
Glaucidium cuculoides_30_c014,Glaucidium cuculoides,30,train,1,1
Glaucidium cuculoides_30_c015,Glaucidium cuculoides,30,train,1,1
Glaucidium cuculoides_30_c016,Glaucidium cuculoides,30,train,1,1
Glaucidium cuculoides_30_c017,Glaucidium cuculoides,30,train,1,1
Glaucidium cuculoides_31_c000,Glaucidium cuculoides,31,val,1,1
Glaucidium cuculoides_31_c001,Glaucidium cuculoides,31,val,1,0
Glaucidium cuculoides_31_c002,Glaucidium cuculoides,31,val,1,0
Glaucidium cuculoides_31_c003,Glaucidium cuculoides,31,val,1,0
Glaucidium cuculoides_31_c004,Glaucidium cuculoides,31,val,1,0
Glaucidium cuculoides_31_c005,Glaucidium cuculoides,31,val,1,0
Glaucidium cuculoides_31_c006,Glaucidium cuculoides,31,val,1,0
Glaucidium cuculoides_31_c007,Glaucidium cuculoides,31,val,1,0
Glaucidium cuculoides_31_c008,Glaucidium cuculoides,31,val,1,1
Glaucidium cuculoides_31_c009,Glaucidium cuculoides,31,val,1,0
Glaucidium cuculoides_31_c010,Glaucidium cuculoides,31,val,1,0
Glaucidium cuculoides_31_c011,Glaucidium cuculoides,31,val,1,0
Glaucidium cuculoides_31_c012,Glaucidium cuculoides,31,val,1,0
Glaucidium cuculoides_31_c013,Glaucidium cuculoides,31,val,1,0
Glaucidium cuculoides_31_c014,Glaucidium cuculoides,31,val,1,0
Glaucidium cuculoides_31_c015,Glaucidium cuculoides,31,val,1,0
Glaucidium cuculoides_31_c016,Glaucidium cuculoides,31,val,1,0
Glaucidium cuculoides_31_c017,Glaucidium cuculoides,31,val,1,0
Glaucidium cuculoides_31_c018,Glaucidium cuculoides,31,val,1,0
Glaucidium cuculoides_31_c019,Glaucidium cuculoides,31,val,1,0
Glaucidium cuculoides_31_c020,Glaucidium cuculoides,31,val,1,0
Glaucidium cuculoides_31_c021,Glaucidium cuculoides,31,val,1,0
Glaucidium cuculoides_31_c022,Glaucidium cuculoides,31,val,1,0
Glaucidium cuculoides_31_c023,Glaucidium cuculoides,31,val,1,1
Glaucidium cuculoides_31_c024,Glaucidium cuculoides,31,val,1,0
Glaucidium cuculoides_31_c025,Glaucidium cuculoides,31,val,1,0
Glaucidium cuculoides_31_c027,Glaucidium cuculoides,31,val,1,0
Glaucidium cuculoides_31_c028,Glaucidium cuculoides,31,val,1,0
Glaucidium cuculoides_31_c029,Glaucidium cuculoides,31,val,1,0
Glaucidium cuculoides_31_c030,Glaucidium cuculoides,31,val,1,1
Glaucidium cuculoides_31_c031,Glaucidium cuculoides,31,val,1,0
Glaucidium cuculoides_31_c032,Glaucidium cuculoides,31,val,1,1
Glaucidium cuculoides_31_c033,Glaucidium cuculoides,31,val,1,0
Glaucidium cuculoides_31_c036,Glaucidium cuculoides,31,val,1,0
Glaucidium cuculoides_31_c037,Glaucidium cuculoides,31,val,1,0
Glaucidium cuculoides_31_c038,Glaucidium cuculoides,31,val,1,0
Glaucidium cuculoides_31_c039,Glaucidium cuculoides,31,val,1,0
Glaucidium cuculoides_31_c040,Glaucidium cuculoides,31,val,1,0
Glaucidium cuculoides_31_c041,Glaucidium cuculoides,31,val,1,1
Glaucidium cuculoides_31_c042,Glaucidium cuculoides,31,val,1,0
Glaucidium cuculoides_31_c043,Glaucidium cuculoides,31,val,1,0
Glaucidium cuculoides_31_c044,Glaucidium cuculoides,31,val,1,0
Glaucidium cuculoides_31_c045,Glaucidium cuculoides,31,val,1,0
Glaucidium cuculoides_31_c046,Glaucidium cuculoides,31,val,1,0
Glaucidium cuculoides_31_c047,Glaucidium cuculoides,31,val,1,0
Glaucidium cuculoides_31_c048,Glaucidium cuculoides,31,val,1,0
Glaucidium cuculoides_31_c049,Glaucidium cuculoides,31,val,1,0
Glaucidium cuculoides_31_c050,Glaucidium cuculoides,31,val,1,0
Glaucidium cuculoides_31_c051,Glaucidium cuculoides,31,val,1,0
Glaucidium cuculoides_31_c052,Glaucidium cuculoides,31,val,1,1
Glaucidium cuculoides_31_c053,Glaucidium cuculoides,31,val,1,0
Glaucidium cuculoides_31_c054,Glaucidium cuculoides,31,val,1,0
Glaucidium cuculoides_32_c000,Glaucidium cuculoides,32,train,1,1
Glaucidium cuculoides_32_c001,Glaucidium cuculoides,32,train,1,1
Glaucidium cuculoides_32_c002,Glaucidium cuculoides,32,train,1,0
Glaucidium cuculoides_32_c003,Glaucidium cuculoides,32,train,1,1
Glaucidium cuculoides_32_c004,Glaucidium cuculoides,32,train,1,1
Glaucidium cuculoides_33_c000,Glaucidium cuculoides,33,train,1,0
Glaucidium cuculoides_33_c001,Glaucidium cuculoides,33,train,1,1
Glaucidium cuculoides_34_c000,Glaucidium cuculoides,34,test,1,0
Glaucidium cuculoides_34_c001,Glaucidium cuculoides,34,test,1,0
Glaucidium cuculoides_34_c002,Glaucidium cuculoides,34,test,1,1
Glaucidium cuculoides_34_c003,Glaucidium cuculoides,34,test,1,0
Glaucidium cuculoides_35_c000,Glaucidium cuculoides,35,train,1,0
Glaucidium cuculoides_35_c001,Glaucidium cuculoides,35,train,1,0
Glaucidium cuculoides_36_c000,Glaucidium cuculoides,36,val,1,0
Glaucidium cuculoides_36_c001,Glaucidium cuculoides,36,val,1,0
Glaucidium cuculoides_36_c002,Glaucidium cuculoides,36,val,1,0
Glaucidium cuculoides_37_c000,Glaucidium cuculoides,37,train,1,0
Glaucidium cuculoides_37_c001,Glaucidium cuculoides,37,train,1,1
Glaucidium cuculoides_37_c002,Glaucidium cuculoides,37,train,1,1
Glaucidium cuculoides_37_c003,Glaucidium cuculoides,37,train,1,0
Glaucidium cuculoides_37_c004,Glaucidium cuculoides,37,train,1,0
Glaucidium cuculoides_38_c000,Glaucidium cuculoides,38,train,1,0
Glaucidium cuculoides_38_c001,Glaucidium cuculoides,38,train,1,0
Glaucidium cuculoides_38_c002,Glaucidium cuculoides,38,train,1,0
Glaucidium cuculoides_38_c003,Glaucidium cuculoides,38,train,1,0
Glaucidium cuculoides_38_c004,Glaucidium cuculoides,38,train,1,0
Glaucidium cuculoides_38_c005,Glaucidium cuculoides,38,train,1,0
Glaucidium cuculoides_38_c006,Glaucidium cuculoides,38,train,1,0
Glaucidium cuculoides_38_c007,Glaucidium cuculoides,38,train,1,0
Glaucidium cuculoides_39_c000,Glaucidium cuculoides,39,train,1,1
Glaucidium cuculoides_39_c001,Glaucidium cuculoides,39,train,1,1
Glaucidium cuculoides_39_c002,Glaucidium cuculoides,39,train,1,1
Glaucidium cuculoides_39_c003,Glaucidium cuculoides,39,train,1,0
Glaucidium cuculoides_39_c004,Glaucidium cuculoides,39,train,1,0
Glaucidium cuculoides_39_c005,Glaucidium cuculoides,39,train,1,0
Glaucidium cuculoides_39_c006,Glaucidium cuculoides,39,train,1,0
Glaucidium cuculoides_3_c000,Glaucidium cuculoides,3,train,1,1
Glaucidium cuculoides_3_c001,Glaucidium cuculoides,3,train,1,0
Glaucidium cuculoides_3_c002,Glaucidium cuculoides,3,train,1,0
Glaucidium cuculoides_40_c000,Glaucidium cuculoides,40,train,1,1
Glaucidium cuculoides_40_c001,Glaucidium cuculoides,40,train,1,0
Glaucidium cuculoides_41_c000,Glaucidium cuculoides,41,val,1,0
Glaucidium cuculoides_4_c000,Glaucidium cuculoides,4,train,1,0
Glaucidium cuculoides_4_c001,Glaucidium cuculoides,4,train,1,0
Glaucidium cuculoides_5_c000,Glaucidium cuculoides,5,train,1,0
Glaucidium cuculoides_6_c000,Glaucidium cuculoides,6,train,1,0
Glaucidium cuculoides_6_c001,Glaucidium cuculoides,6,train,1,0
Glaucidium cuculoides_6_c002,Glaucidium cuculoides,6,train,1,1
Glaucidium cuculoides_6_c003,Glaucidium cuculoides,6,train,1,1
Glaucidium cuculoides_6_c004,Glaucidium cuculoides,6,train,1,1
Glaucidium cuculoides_6_c005,Glaucidium cuculoides,6,train,1,0
Glaucidium cuculoides_7_c000,Glaucidium cuculoides,7,train,1,1
Glaucidium cuculoides_7_c001,Glaucidium cuculoides,7,train,1,1
Glaucidium cuculoides_8_c000,Glaucidium cuculoides,8,train,1,0
Glaucidium cuculoides_8_c001,Glaucidium cuculoides,8,train,1,1
Glaucidium cuculoides_8_c002,Glaucidium cuculoides,8,train,1,1
Glaucidium cuculoides_8_c003,Glaucidium cuculoides,8,train,1,0
Glaucidium cuculoides_8_c004,Glaucidium cuculoides,8,train,1,0
Glaucidium cuculoides_8_c005,Glaucidium cuculoides,8,train,1,1
Glaucidium cuculoides_8_c006,Glaucidium cuculoides,8,train,1,0
Glaucidium cuculoides_8_c007,Glaucidium cuculoides,8,train,1,0
Glaucidium cuculoides_9_c000,Glaucidium cuculoides,9,train,1,0
Liocichla phoenicea_10_c000,Liocichla phoenicea,10,train,1,0
Liocichla phoenicea_10_c001,Liocichla phoenicea,10,train,1,0
Liocichla phoenicea_10_c002,Liocichla phoenicea,10,train,1,1
Liocichla phoenicea_10_c003,Liocichla phoenicea,10,train,1,1
Liocichla phoenicea_10_c004,Liocichla phoenicea,10,train,1,1
Liocichla phoenicea_10_c005,Liocichla phoenicea,10,train,1,1
Liocichla phoenicea_10_c006,Liocichla phoenicea,10,train,1,1
Liocichla phoenicea_10_c007,Liocichla phoenicea,10,train,1,0
Liocichla phoenicea_10_c008,Liocichla phoenicea,10,train,1,0
Liocichla phoenicea_10_c009,Liocichla phoenicea,10,train,1,0
Liocichla phoenicea_10_c010,Liocichla phoenicea,10,train,1,0
Liocichla phoenicea_11_c000,Liocichla phoenicea,11,train,1,1
Liocichla phoenicea_11_c001,Liocichla phoenicea,11,train,1,1
Liocichla phoenicea_11_c002,Liocichla phoenicea,11,train,1,1
Liocichla phoenicea_11_c003,Liocichla phoenicea,11,train,1,0
Liocichla phoenicea_11_c004,Liocichla phoenicea,11,train,1,1
Liocichla phoenicea_11_c005,Liocichla phoenicea,11,train,1,1
Liocichla phoenicea_12_c000,Liocichla phoenicea,12,val,1,0
Liocichla phoenicea_12_c001,Liocichla phoenicea,12,val,1,1
Liocichla phoenicea_12_c002,Liocichla phoenicea,12,val,1,0
Liocichla phoenicea_12_c003,Liocichla phoenicea,12,val,1,1
Liocichla phoenicea_12_c004,Liocichla phoenicea,12,val,1,1
Liocichla phoenicea_12_c005,Liocichla phoenicea,12,val,1,0
Liocichla phoenicea_12_c006,Liocichla phoenicea,12,val,1,0
Liocichla phoenicea_12_c007,Liocichla phoenicea,12,val,1,1
Liocichla phoenicea_12_c008,Liocichla phoenicea,12,val,1,0
Liocichla phoenicea_12_c009,Liocichla phoenicea,12,val,1,1
Liocichla phoenicea_12_c010,Liocichla phoenicea,12,val,1,0
Liocichla phoenicea_12_c011,Liocichla phoenicea,12,val,1,1
Liocichla phoenicea_12_c012,Liocichla phoenicea,12,val,1,1
Liocichla phoenicea_13_c000,Liocichla phoenicea,13,train,1,1
Liocichla phoenicea_13_c001,Liocichla phoenicea,13,train,1,1
Liocichla phoenicea_13_c002,Liocichla phoenicea,13,train,1,0
Liocichla phoenicea_13_c003,Liocichla phoenicea,13,train,1,0
Liocichla phoenicea_13_c004,Liocichla phoenicea,13,train,1,0
Liocichla phoenicea_13_c007,Liocichla phoenicea,13,train,1,1
Liocichla phoenicea_13_c008,Liocichla phoenicea,13,train,1,0
Liocichla phoenicea_13_c009,Liocichla phoenicea,13,train,1,1
Liocichla phoenicea_13_c010,Liocichla phoenicea,13,train,1,0
Liocichla phoenicea_13_c011,Liocichla phoenicea,13,train,1,0
Liocichla phoenicea_13_c012,Liocichla phoenicea,13,train,1,0
Liocichla phoenicea_13_c013,Liocichla phoenicea,13,train,1,1
Liocichla phoenicea_13_c014,Liocichla phoenicea,13,train,1,1
Liocichla phoenicea_13_c015,Liocichla phoenicea,13,train,1,0
Liocichla phoenicea_13_c016,Liocichla phoenicea,13,train,1,1
Liocichla phoenicea_13_c017,Liocichla phoenicea,13,train,1,1
Liocichla phoenicea_13_c018,Liocichla phoenicea,13,train,1,1
Liocichla phoenicea_13_c019,Liocichla phoenicea,13,train,1,1
Liocichla phoenicea_13_c020,Liocichla phoenicea,13,train,1,1
Liocichla phoenicea_13_c021,Liocichla phoenicea,13,train,1,1
Liocichla phoenicea_13_c022,Liocichla phoenicea,13,train,1,1
Liocichla phoenicea_13_c023,Liocichla phoenicea,13,train,1,1
Liocichla phoenicea_13_c024,Liocichla phoenicea,13,train,1,1
Liocichla phoenicea_13_c025,Liocichla phoenicea,13,train,1,1
Liocichla phoenicea_13_c026,Liocichla phoenicea,13,train,1,1
Liocichla phoenicea_13_c027,Liocichla phoenicea,13,train,1,1
Liocichla phoenicea_13_c028,Liocichla phoenicea,13,train,1,1
Liocichla phoenicea_13_c029,Liocichla phoenicea,13,train,1,1
Liocichla phoenicea_13_c030,Liocichla phoenicea,13,train,1,1
Liocichla phoenicea_13_c031,Liocichla phoenicea,13,train,1,1
Liocichla phoenicea_13_c032,Liocichla phoenicea,13,train,1,1
Liocichla phoenicea_13_c034,Liocichla phoenicea,13,train,1,1
Liocichla phoenicea_14_c000,Liocichla phoenicea,14,train,1,1
Liocichla phoenicea_14_c001,Liocichla phoenicea,14,train,1,1
Liocichla phoenicea_14_c003,Liocichla phoenicea,14,train,1,0
Liocichla phoenicea_14_c004,Liocichla phoenicea,14,train,1,1
Liocichla phoenicea_14_c005,Liocichla phoenicea,14,train,1,1
Liocichla phoenicea_15_c000,Liocichla phoenicea,15,train,1,0
Liocichla phoenicea_15_c001,Liocichla phoenicea,15,train,1,0
Liocichla phoenicea_15_c002,Liocichla phoenicea,15,train,1,0
Liocichla phoenicea_15_c003,Liocichla phoenicea,15,train,1,0
Liocichla phoenicea_16_c000,Liocichla phoenicea,16,train,1,1
Liocichla phoenicea_16_c001,Liocichla phoenicea,16,train,1,0
Liocichla phoenicea_16_c002,Liocichla phoenicea,16,train,1,0
Liocichla phoenicea_16_c003,Liocichla phoenicea,16,train,1,1
Liocichla phoenicea_16_c004,Liocichla phoenicea,16,train,1,0
Liocichla phoenicea_16_c005,Liocichla phoenicea,16,train,1,0
Liocichla phoenicea_17_c000,Liocichla phoenicea,17,train,1,1
Liocichla phoenicea_17_c001,Liocichla phoenicea,17,train,1,1
Liocichla phoenicea_17_c002,Liocichla phoenicea,17,train,1,1
Liocichla phoenicea_17_c003,Liocichla phoenicea,17,train,1,1
Liocichla phoenicea_17_c004,Liocichla phoenicea,17,train,1,1
Liocichla phoenicea_18_c000,Liocichla phoenicea,18,train,1,1
Liocichla phoenicea_18_c001,Liocichla phoenicea,18,train,1,1
Liocichla phoenicea_18_c002,Liocichla phoenicea,18,train,1,1
Liocichla phoenicea_19_c000,Liocichla phoenicea,19,train,1,1
Liocichla phoenicea_19_c001,Liocichla phoenicea,19,train,1,1
Liocichla phoenicea_19_c002,Liocichla phoenicea,19,train,1,1
Liocichla phoenicea_19_c003,Liocichla phoenicea,19,train,1,1
Liocichla phoenicea_1_c000,Liocichla phoenicea,1,test,1,0
Liocichla phoenicea_1_c001,Liocichla phoenicea,1,test,1,0
Liocichla phoenicea_1_c002,Liocichla phoenicea,1,test,1,0
Liocichla phoenicea_1_c003,Liocichla phoenicea,1,test,1,0
Liocichla phoenicea_1_c004,Liocichla phoenicea,1,test,1,0
Liocichla phoenicea_20_c000,Liocichla phoenicea,20,train,1,1
Liocichla phoenicea_20_c001,Liocichla phoenicea,20,train,1,0
Liocichla phoenicea_21_c000,Liocichla phoenicea,21,train,1,1
Liocichla phoenicea_21_c002,Liocichla phoenicea,21,train,1,1
Liocichla phoenicea_21_c003,Liocichla phoenicea,21,train,1,0
Liocichla phoenicea_21_c004,Liocichla phoenicea,21,train,1,1
Liocichla phoenicea_21_c005,Liocichla phoenicea,21,train,1,1
Liocichla phoenicea_21_c006,Liocichla phoenicea,21,train,1,1
Liocichla phoenicea_21_c007,Liocichla phoenicea,21,train,1,1
Liocichla phoenicea_21_c008,Liocichla phoenicea,21,train,1,1
Liocichla phoenicea_21_c009,Liocichla phoenicea,21,train,1,0
Liocichla phoenicea_21_c010,Liocichla phoenicea,21,train,1,1
Liocichla phoenicea_21_c011,Liocichla phoenicea,21,train,1,0
Liocichla phoenicea_21_c012,Liocichla phoenicea,21,train,1,1
Liocichla phoenicea_22_c000,Liocichla phoenicea,22,train,1,0
Liocichla phoenicea_22_c001,Liocichla phoenicea,22,train,1,1
Liocichla phoenicea_22_c002,Liocichla phoenicea,22,train,1,0
Liocichla phoenicea_22_c003,Liocichla phoenicea,22,train,1,0
Liocichla phoenicea_22_c005,Liocichla phoenicea,22,train,1,0
Liocichla phoenicea_22_c006,Liocichla phoenicea,22,train,1,0
Liocichla phoenicea_23_c000,Liocichla phoenicea,23,test,1,1
Liocichla phoenicea_23_c001,Liocichla phoenicea,23,test,1,1
Liocichla phoenicea_23_c002,Liocichla phoenicea,23,test,1,1
Liocichla phoenicea_23_c003,Liocichla phoenicea,23,test,1,1
Liocichla phoenicea_23_c004,Liocichla phoenicea,23,test,1,1
Liocichla phoenicea_23_c005,Liocichla phoenicea,23,test,1,1
Liocichla phoenicea_23_c006,Liocichla phoenicea,23,test,1,1
Liocichla phoenicea_2_c000,Liocichla phoenicea,2,val,1,1
Liocichla phoenicea_2_c001,Liocichla phoenicea,2,val,1,1
Liocichla phoenicea_2_c002,Liocichla phoenicea,2,val,1,1
Liocichla phoenicea_2_c003,Liocichla phoenicea,2,val,1,1
Liocichla phoenicea_2_c004,Liocichla phoenicea,2,val,1,1
Liocichla phoenicea_2_c005,Liocichla phoenicea,2,val,1,1
Liocichla phoenicea_2_c006,Liocichla phoenicea,2,val,1,1
Liocichla phoenicea_2_c007,Liocichla phoenicea,2,val,1,1
Liocichla phoenicea_2_c008,Liocichla phoenicea,2,val,1,1
Liocichla phoenicea_2_c010,Liocichla phoenicea,2,val,1,1
Liocichla phoenicea_2_c011,Liocichla phoenicea,2,val,1,1
Liocichla phoenicea_3_c000,Liocichla phoenicea,3,train,1,1
Liocichla phoenicea_3_c001,Liocichla phoenicea,3,train,1,0
Liocichla phoenicea_3_c002,Liocichla phoenicea,3,train,1,0
Liocichla phoenicea_3_c004,Liocichla phoenicea,3,train,1,0
Liocichla phoenicea_3_c005,Liocichla phoenicea,3,train,1,0
Liocichla phoenicea_3_c006,Liocichla phoenicea,3,train,1,0
Liocichla phoenicea_3_c007,Liocichla phoenicea,3,train,1,0
Liocichla phoenicea_4_c000,Liocichla phoenicea,4,train,1,1
Liocichla phoenicea_4_c001,Liocichla phoenicea,4,train,1,1
Liocichla phoenicea_4_c002,Liocichla phoenicea,4,train,1,1
Liocichla phoenicea_4_c003,Liocichla phoenicea,4,train,1,1
Liocichla phoenicea_4_c004,Liocichla phoenicea,4,train,1,1
Liocichla phoenicea_4_c005,Liocichla phoenicea,4,train,1,1
Liocichla phoenicea_4_c006,Liocichla phoenicea,4,train,1,0
Liocichla phoenicea_4_c007,Liocichla phoenicea,4,train,1,1
Liocichla phoenicea_4_c008,Liocichla phoenicea,4,train,1,0
Liocichla phoenicea_4_c009,Liocichla phoenicea,4,train,1,0
Liocichla phoenicea_5_c000,Liocichla phoenicea,5,train,1,1
Liocichla phoenicea_5_c001,Liocichla phoenicea,5,train,1,1
Liocichla phoenicea_5_c002,Liocichla phoenicea,5,train,1,1
Liocichla phoenicea_5_c003,Liocichla phoenicea,5,train,1,1
Liocichla phoenicea_5_c004,Liocichla phoenicea,5,train,1,1
Liocichla phoenicea_5_c005,Liocichla phoenicea,5,train,1,1
Liocichla phoenicea_6_c000,Liocichla phoenicea,6,train,1,1
Liocichla phoenicea_6_c001,Liocichla phoenicea,6,train,1,1
Liocichla phoenicea_6_c002,Liocichla phoenicea,6,train,1,1
Liocichla phoenicea_6_c003,Liocichla phoenicea,6,train,1,1
Liocichla phoenicea_6_c004,Liocichla phoenicea,6,train,1,1
Liocichla phoenicea_6_c005,Liocichla phoenicea,6,train,1,0
Liocichla phoenicea_6_c006,Liocichla phoenicea,6,train,1,1
Liocichla phoenicea_6_c007,Liocichla phoenicea,6,train,1,1
Liocichla phoenicea_6_c008,Liocichla phoenicea,6,train,1,0
Liocichla phoenicea_6_c009,Liocichla phoenicea,6,train,1,1
Liocichla phoenicea_6_c010,Liocichla phoenicea,6,train,1,1
Liocichla phoenicea_6_c011,Liocichla phoenicea,6,train,1,0
Liocichla phoenicea_7_c000,Liocichla phoenicea,7,train,1,1
Liocichla phoenicea_7_c001,Liocichla phoenicea,7,train,1,0
Liocichla phoenicea_7_c002,Liocichla phoenicea,7,train,1,0
Liocichla phoenicea_7_c003,Liocichla phoenicea,7,train,1,0
Liocichla phoenicea_8_c000,Liocichla phoenicea,8,train,1,1
Liocichla phoenicea_8_c001,Liocichla phoenicea,8,train,1,1
Liocichla phoenicea_8_c002,Liocichla phoenicea,8,train,1,0
Liocichla phoenicea_8_c003,Liocichla phoenicea,8,train,1,0
Liocichla phoenicea_8_c004,Liocichla phoenicea,8,train,1,0
Liocichla phoenicea_8_c005,Liocichla phoenicea,8,train,1,0
Liocichla phoenicea_8_c006,Liocichla phoenicea,8,train,1,1
Liocichla phoenicea_8_c007,Liocichla phoenicea,8,train,1,0
Liocichla phoenicea_9_c000,Liocichla phoenicea,9,train,1,0
Liocichla phoenicea_9_c003,Liocichla phoenicea,9,train,1,1
Liocichla phoenicea_9_c004,Liocichla phoenicea,9,train,1,1
Liocichla phoenicea_9_c005,Liocichla phoenicea,9,train,1,0
Liocichla phoenicea_9_c006,Liocichla phoenicea,9,train,1,1
Liocichla phoenicea_9_c007,Liocichla phoenicea,9,train,1,1
Liocichla phoenicea_9_c008,Liocichla phoenicea,9,train,1,1
Liocichla phoenicea_9_c009,Liocichla phoenicea,9,train,1,0
Liocichla phoenicea_9_c010,Liocichla phoenicea,9,train,1,1
Liocichla phoenicea_9_c011,Liocichla phoenicea,9,train,1,1
Pellorneum ruficeps_100_c000,Pellorneum ruficeps,100,train,1,1
Pellorneum ruficeps_100_c001,Pellorneum ruficeps,100,train,1,1
Pellorneum ruficeps_100_c002,Pellorneum ruficeps,100,train,1,0
Pellorneum ruficeps_100_c003,Pellorneum ruficeps,100,train,1,1
Pellorneum ruficeps_100_c004,Pellorneum ruficeps,100,train,1,1
Pellorneum ruficeps_100_c005,Pellorneum ruficeps,100,train,1,1
Pellorneum ruficeps_100_c006,Pellorneum ruficeps,100,train,1,1
Pellorneum ruficeps_100_c007,Pellorneum ruficeps,100,train,1,1
Pellorneum ruficeps_100_c008,Pellorneum ruficeps,100,train,1,1
Pellorneum ruficeps_101_c000,Pellorneum ruficeps,101,train,1,1
Pellorneum ruficeps_101_c001,Pellorneum ruficeps,101,train,1,1
Pellorneum ruficeps_101_c002,Pellorneum ruficeps,101,train,1,1
Pellorneum ruficeps_101_c003,Pellorneum ruficeps,101,train,1,1
Pellorneum ruficeps_101_c004,Pellorneum ruficeps,101,train,1,1
Pellorneum ruficeps_101_c005,Pellorneum ruficeps,101,train,1,1
Pellorneum ruficeps_101_c006,Pellorneum ruficeps,101,train,1,1
Pellorneum ruficeps_102_c000,Pellorneum ruficeps,102,train,1,1
Pellorneum ruficeps_102_c001,Pellorneum ruficeps,102,train,1,1
Pellorneum ruficeps_102_c002,Pellorneum ruficeps,102,train,1,1
Pellorneum ruficeps_102_c003,Pellorneum ruficeps,102,train,1,1
Pellorneum ruficeps_102_c004,Pellorneum ruficeps,102,train,1,1
Pellorneum ruficeps_102_c005,Pellorneum ruficeps,102,train,1,1
Pellorneum ruficeps_102_c006,Pellorneum ruficeps,102,train,1,1
Pellorneum ruficeps_102_c007,Pellorneum ruficeps,102,train,1,0
Pellorneum ruficeps_102_c008,Pellorneum ruficeps,102,train,1,1
Pellorneum ruficeps_102_c010,Pellorneum ruficeps,102,train,1,1
Pellorneum ruficeps_102_c011,Pellorneum ruficeps,102,train,1,1
Pellorneum ruficeps_102_c012,Pellorneum ruficeps,102,train,1,1
Pellorneum ruficeps_102_c013,Pellorneum ruficeps,102,train,1,1
Pellorneum ruficeps_102_c014,Pellorneum ruficeps,102,train,1,1
Pellorneum ruficeps_102_c015,Pellorneum ruficeps,102,train,1,1
Pellorneum ruficeps_10_c000,Pellorneum ruficeps,10,train,1,1
Pellorneum ruficeps_10_c001,Pellorneum ruficeps,10,train,1,1
Pellorneum ruficeps_10_c002,Pellorneum ruficeps,10,train,1,1
Pellorneum ruficeps_10_c003,Pellorneum ruficeps,10,train,1,0
Pellorneum ruficeps_10_c004,Pellorneum ruficeps,10,train,1,0
Pellorneum ruficeps_11_c000,Pellorneum ruficeps,11,train,1,1
Pellorneum ruficeps_11_c001,Pellorneum ruficeps,11,train,1,1
Pellorneum ruficeps_11_c002,Pellorneum ruficeps,11,train,1,1
Pellorneum ruficeps_11_c003,Pellorneum ruficeps,11,train,1,1
Pellorneum ruficeps_11_c004,Pellorneum ruficeps,11,train,1,1
Pellorneum ruficeps_11_c005,Pellorneum ruficeps,11,train,1,1
Pellorneum ruficeps_11_c006,Pellorneum ruficeps,11,train,1,1
Pellorneum ruficeps_11_c007,Pellorneum ruficeps,11,train,1,1
Pellorneum ruficeps_11_c008,Pellorneum ruficeps,11,train,1,1
Pellorneum ruficeps_11_c009,Pellorneum ruficeps,11,train,1,1
Pellorneum ruficeps_12_c000,Pellorneum ruficeps,12,train,1,0
Pellorneum ruficeps_12_c001,Pellorneum ruficeps,12,train,1,0
Pellorneum ruficeps_12_c002,Pellorneum ruficeps,12,train,1,0
Pellorneum ruficeps_12_c003,Pellorneum ruficeps,12,train,1,0
Pellorneum ruficeps_13_c000,Pellorneum ruficeps,13,train,1,1
Pellorneum ruficeps_13_c001,Pellorneum ruficeps,13,train,1,1
Pellorneum ruficeps_13_c002,Pellorneum ruficeps,13,train,1,1
Pellorneum ruficeps_13_c003,Pellorneum ruficeps,13,train,1,1
Pellorneum ruficeps_14_c000,Pellorneum ruficeps,14,val,1,1
Pellorneum ruficeps_14_c001,Pellorneum ruficeps,14,val,1,1
Pellorneum ruficeps_14_c002,Pellorneum ruficeps,14,val,1,1
Pellorneum ruficeps_14_c003,Pellorneum ruficeps,14,val,1,1
Pellorneum ruficeps_14_c004,Pellorneum ruficeps,14,val,1,1
Pellorneum ruficeps_14_c005,Pellorneum ruficeps,14,val,1,1
Pellorneum ruficeps_14_c006,Pellorneum ruficeps,14,val,1,1
Pellorneum ruficeps_14_c007,Pellorneum ruficeps,14,val,1,1
Pellorneum ruficeps_14_c008,Pellorneum ruficeps,14,val,1,1
Pellorneum ruficeps_14_c009,Pellorneum ruficeps,14,val,1,1
Pellorneum ruficeps_14_c010,Pellorneum ruficeps,14,val,1,1
Pellorneum ruficeps_14_c011,Pellorneum ruficeps,14,val,1,1
Pellorneum ruficeps_14_c012,Pellorneum ruficeps,14,val,1,1
Pellorneum ruficeps_14_c013,Pellorneum ruficeps,14,val,1,1
Pellorneum ruficeps_14_c014,Pellorneum ruficeps,14,val,1,1
Pellorneum ruficeps_15_c000,Pellorneum ruficeps,15,train,1,1
Pellorneum ruficeps_15_c001,Pellorneum ruficeps,15,train,1,1
Pellorneum ruficeps_15_c002,Pellorneum ruficeps,15,train,1,1
Pellorneum ruficeps_15_c003,Pellorneum ruficeps,15,train,1,1
Pellorneum ruficeps_15_c004,Pellorneum ruficeps,15,train,1,1
Pellorneum ruficeps_15_c005,Pellorneum ruficeps,15,train,1,1
Pellorneum ruficeps_15_c006,Pellorneum ruficeps,15,train,1,0
Pellorneum ruficeps_16_c000,Pellorneum ruficeps,16,train,1,1
Pellorneum ruficeps_16_c001,Pellorneum ruficeps,16,train,1,1
Pellorneum ruficeps_16_c002,Pellorneum ruficeps,16,train,1,1
Pellorneum ruficeps_16_c003,Pellorneum ruficeps,16,train,1,1
Pellorneum ruficeps_16_c004,Pellorneum ruficeps,16,train,1,0
Pellorneum ruficeps_16_c005,Pellorneum ruficeps,16,train,1,1
Pellorneum ruficeps_16_c006,Pellorneum ruficeps,16,train,1,0
Pellorneum ruficeps_16_c007,Pellorneum ruficeps,16,train,1,0
Pellorneum ruficeps_16_c008,Pellorneum ruficeps,16,train,1,1
Pellorneum ruficeps_16_c009,Pellorneum ruficeps,16,train,1,1
Pellorneum ruficeps_16_c010,Pellorneum ruficeps,16,train,1,1
Pellorneum ruficeps_16_c011,Pellorneum ruficeps,16,train,1,1
Pellorneum ruficeps_16_c012,Pellorneum ruficeps,16,train,1,1
Pellorneum ruficeps_16_c013,Pellorneum ruficeps,16,train,1,1
Pellorneum ruficeps_16_c014,Pellorneum ruficeps,16,train,1,1
Pellorneum ruficeps_16_c015,Pellorneum ruficeps,16,train,1,1
Pellorneum ruficeps_16_c016,Pellorneum ruficeps,16,train,1,1
Pellorneum ruficeps_16_c017,Pellorneum ruficeps,16,train,1,1
Pellorneum ruficeps_16_c018,Pellorneum ruficeps,16,train,1,1
Pellorneum ruficeps_16_c019,Pellorneum ruficeps,16,train,1,1
Pellorneum ruficeps_16_c020,Pellorneum ruficeps,16,train,1,0
Pellorneum ruficeps_16_c021,Pellorneum ruficeps,16,train,1,1
Pellorneum ruficeps_16_c022,Pellorneum ruficeps,16,train,1,1
Pellorneum ruficeps_16_c023,Pellorneum ruficeps,16,train,1,1
Pellorneum ruficeps_16_c024,Pellorneum ruficeps,16,train,1,1
Pellorneum ruficeps_16_c025,Pellorneum ruficeps,16,train,1,1
Pellorneum ruficeps_17_c000,Pellorneum ruficeps,17,train,1,0
Pellorneum ruficeps_17_c002,Pellorneum ruficeps,17,train,1,0
Pellorneum ruficeps_17_c003,Pellorneum ruficeps,17,train,1,0
Pellorneum ruficeps_17_c004,Pellorneum ruficeps,17,train,1,0
Pellorneum ruficeps_17_c005,Pellorneum ruficeps,17,train,1,1
Pellorneum ruficeps_17_c006,Pellorneum ruficeps,17,train,1,0
Pellorneum ruficeps_17_c007,Pellorneum ruficeps,17,train,1,1
Pellorneum ruficeps_17_c008,Pellorneum ruficeps,17,train,1,0
Pellorneum ruficeps_17_c009,Pellorneum ruficeps,17,train,1,0
Pellorneum ruficeps_17_c010,Pellorneum ruficeps,17,train,1,0
Pellorneum ruficeps_17_c012,Pellorneum ruficeps,17,train,1,1
Pellorneum ruficeps_17_c013,Pellorneum ruficeps,17,train,1,0
Pellorneum ruficeps_17_c014,Pellorneum ruficeps,17,train,1,0
Pellorneum ruficeps_17_c015,Pellorneum ruficeps,17,train,1,1
Pellorneum ruficeps_17_c016,Pellorneum ruficeps,17,train,1,1
Pellorneum ruficeps_17_c017,Pellorneum ruficeps,17,train,1,1
Pellorneum ruficeps_18_c000,Pellorneum ruficeps,18,train,1,0
Pellorneum ruficeps_18_c001,Pellorneum ruficeps,18,train,1,1
Pellorneum ruficeps_18_c002,Pellorneum ruficeps,18,train,1,0
Pellorneum ruficeps_18_c003,Pellorneum ruficeps,18,train,1,0
Pellorneum ruficeps_19_c000,Pellorneum ruficeps,19,train,1,1
Pellorneum ruficeps_19_c001,Pellorneum ruficeps,19,train,1,1
Pellorneum ruficeps_19_c002,Pellorneum ruficeps,19,train,1,0
Pellorneum ruficeps_1_c000,Pellorneum ruficeps,1,train,1,1
Pellorneum ruficeps_1_c001,Pellorneum ruficeps,1,train,1,1
Pellorneum ruficeps_1_c002,Pellorneum ruficeps,1,train,1,1
Pellorneum ruficeps_1_c003,Pellorneum ruficeps,1,train,1,1
Pellorneum ruficeps_20_c000,Pellorneum ruficeps,20,val,1,1
Pellorneum ruficeps_20_c001,Pellorneum ruficeps,20,val,1,1
Pellorneum ruficeps_20_c002,Pellorneum ruficeps,20,val,1,1
Pellorneum ruficeps_20_c003,Pellorneum ruficeps,20,val,1,1
Pellorneum ruficeps_21_c000,Pellorneum ruficeps,21,train,1,1
Pellorneum ruficeps_21_c001,Pellorneum ruficeps,21,train,1,1
Pellorneum ruficeps_21_c002,Pellorneum ruficeps,21,train,1,1
Pellorneum ruficeps_21_c003,Pellorneum ruficeps,21,train,1,1
Pellorneum ruficeps_22_c000,Pellorneum ruficeps,22,train,1,1
Pellorneum ruficeps_22_c001,Pellorneum ruficeps,22,train,1,1
Pellorneum ruficeps_23_c000,Pellorneum ruficeps,23,train,1,1
Pellorneum ruficeps_23_c001,Pellorneum ruficeps,23,train,1,1
Pellorneum ruficeps_23_c002,Pellorneum ruficeps,23,train,1,1
Pellorneum ruficeps_23_c003,Pellorneum ruficeps,23,train,1,1
Pellorneum ruficeps_23_c004,Pellorneum ruficeps,23,train,1,1
Pellorneum ruficeps_23_c005,Pellorneum ruficeps,23,train,1,1
Pellorneum ruficeps_23_c006,Pellorneum ruficeps,23,train,1,1
Pellorneum ruficeps_23_c007,Pellorneum ruficeps,23,train,1,1
Pellorneum ruficeps_23_c008,Pellorneum ruficeps,23,train,1,1
Pellorneum ruficeps_23_c009,Pellorneum ruficeps,23,train,1,1
Pellorneum ruficeps_23_c010,Pellorneum ruficeps,23,train,1,1
Pellorneum ruficeps_23_c011,Pellorneum ruficeps,23,train,1,1
Pellorneum ruficeps_23_c012,Pellorneum ruficeps,23,train,1,1
Pellorneum ruficeps_23_c013,Pellorneum ruficeps,23,train,1,1
Pellorneum ruficeps_23_c014,Pellorneum ruficeps,23,train,1,1
Pellorneum ruficeps_23_c015,Pellorneum ruficeps,23,train,1,1
Pellorneum ruficeps_24_c000,Pellorneum ruficeps,24,train,1,1
Pellorneum ruficeps_24_c001,Pellorneum ruficeps,24,train,1,0
Pellorneum ruficeps_25_c000,Pellorneum ruficeps,25,train,1,1
Pellorneum ruficeps_25_c001,Pellorneum ruficeps,25,train,1,1
Pellorneum ruficeps_25_c002,Pellorneum ruficeps,25,train,1,1
Pellorneum ruficeps_25_c003,Pellorneum ruficeps,25,train,1,1
Pellorneum ruficeps_25_c004,Pellorneum ruficeps,25,train,1,1
Pellorneum ruficeps_25_c005,Pellorneum ruficeps,25,train,1,1
Pellorneum ruficeps_26_c000,Pellorneum ruficeps,26,train,1,1
Pellorneum ruficeps_26_c001,Pellorneum ruficeps,26,train,1,1
Pellorneum ruficeps_26_c002,Pellorneum ruficeps,26,train,1,1
Pellorneum ruficeps_26_c003,Pellorneum ruficeps,26,train,1,1
Pellorneum ruficeps_26_c004,Pellorneum ruficeps,26,train,1,1
Pellorneum ruficeps_26_c005,Pellorneum ruficeps,26,train,1,1
Pellorneum ruficeps_26_c006,Pellorneum ruficeps,26,train,1,1
Pellorneum ruficeps_26_c007,Pellorneum ruficeps,26,train,1,1
Pellorneum ruficeps_26_c008,Pellorneum ruficeps,26,train,1,1
Pellorneum ruficeps_26_c009,Pellorneum ruficeps,26,train,1,1
Pellorneum ruficeps_26_c010,Pellorneum ruficeps,26,train,1,1
Pellorneum ruficeps_26_c011,Pellorneum ruficeps,26,train,1,1
Pellorneum ruficeps_26_c012,Pellorneum ruficeps,26,train,1,1
Pellorneum ruficeps_26_c013,Pellorneum ruficeps,26,train,1,1
Pellorneum ruficeps_26_c014,Pellorneum ruficeps,26,train,1,1
Pellorneum ruficeps_26_c015,Pellorneum ruficeps,26,train,1,1
Pellorneum ruficeps_26_c016,Pellorneum ruficeps,26,train,1,1
Pellorneum ruficeps_26_c017,Pellorneum ruficeps,26,train,1,1
Pellorneum ruficeps_26_c018,Pellorneum ruficeps,26,train,1,1
Pellorneum ruficeps_27_c000,Pellorneum ruficeps,27,train,1,1
Pellorneum ruficeps_27_c001,Pellorneum ruficeps,27,train,1,1
Pellorneum ruficeps_27_c002,Pellorneum ruficeps,27,train,1,1
Pellorneum ruficeps_27_c003,Pellorneum ruficeps,27,train,1,1
Pellorneum ruficeps_27_c004,Pellorneum ruficeps,27,train,1,1
Pellorneum ruficeps_28_c000,Pellorneum ruficeps,28,train,1,1
Pellorneum ruficeps_28_c001,Pellorneum ruficeps,28,train,1,1
Pellorneum ruficeps_28_c002,Pellorneum ruficeps,28,train,1,1
Pellorneum ruficeps_28_c003,Pellorneum ruficeps,28,train,1,1
Pellorneum ruficeps_29_c000,Pellorneum ruficeps,29,train,1,1
Pellorneum ruficeps_29_c001,Pellorneum ruficeps,29,train,1,0
Pellorneum ruficeps_29_c002,Pellorneum ruficeps,29,train,1,0
Pellorneum ruficeps_29_c003,Pellorneum ruficeps,29,train,1,0
Pellorneum ruficeps_2_c000,Pellorneum ruficeps,2,train,1,1
Pellorneum ruficeps_2_c001,Pellorneum ruficeps,2,train,1,0
Pellorneum ruficeps_2_c002,Pellorneum ruficeps,2,train,1,1
Pellorneum ruficeps_2_c003,Pellorneum ruficeps,2,train,1,1
Pellorneum ruficeps_2_c004,Pellorneum ruficeps,2,train,1,0
Pellorneum ruficeps_30_c000,Pellorneum ruficeps,30,train,1,1
Pellorneum ruficeps_31_c000,Pellorneum ruficeps,31,test,1,1
Pellorneum ruficeps_32_c000,Pellorneum ruficeps,32,val,1,1
Pellorneum ruficeps_32_c001,Pellorneum ruficeps,32,val,1,0
Pellorneum ruficeps_32_c002,Pellorneum ruficeps,32,val,1,1
Pellorneum ruficeps_32_c003,Pellorneum ruficeps,32,val,1,1
Pellorneum ruficeps_32_c004,Pellorneum ruficeps,32,val,1,1
Pellorneum ruficeps_32_c005,Pellorneum ruficeps,32,val,1,1
Pellorneum ruficeps_32_c006,Pellorneum ruficeps,32,val,1,0
Pellorneum ruficeps_32_c007,Pellorneum ruficeps,32,val,1,0
Pellorneum ruficeps_32_c008,Pellorneum ruficeps,32,val,1,0
Pellorneum ruficeps_32_c009,Pellorneum ruficeps,32,val,1,0
Pellorneum ruficeps_32_c010,Pellorneum ruficeps,32,val,1,0
Pellorneum ruficeps_32_c011,Pellorneum ruficeps,32,val,1,0
Pellorneum ruficeps_32_c012,Pellorneum ruficeps,32,val,1,0
Pellorneum ruficeps_32_c013,Pellorneum ruficeps,32,val,1,1
Pellorneum ruficeps_32_c014,Pellorneum ruficeps,32,val,1,1
Pellorneum ruficeps_32_c015,Pellorneum ruficeps,32,val,1,1
Pellorneum ruficeps_32_c016,Pellorneum ruficeps,32,val,1,0
Pellorneum ruficeps_32_c017,Pellorneum ruficeps,32,val,1,1
Pellorneum ruficeps_32_c018,Pellorneum ruficeps,32,val,1,0
Pellorneum ruficeps_32_c019,Pellorneum ruficeps,32,val,1,1
Pellorneum ruficeps_32_c020,Pellorneum ruficeps,32,val,1,1
Pellorneum ruficeps_32_c021,Pellorneum ruficeps,32,val,1,1
Pellorneum ruficeps_32_c023,Pellorneum ruficeps,32,val,1,0
Pellorneum ruficeps_32_c024,Pellorneum ruficeps,32,val,1,0
Pellorneum ruficeps_32_c025,Pellorneum ruficeps,32,val,1,1
Pellorneum ruficeps_32_c026,Pellorneum ruficeps,32,val,1,1
Pellorneum ruficeps_32_c027,Pellorneum ruficeps,32,val,1,1
Pellorneum ruficeps_32_c028,Pellorneum ruficeps,32,val,1,1
Pellorneum ruficeps_32_c029,Pellorneum ruficeps,32,val,1,1
Pellorneum ruficeps_32_c030,Pellorneum ruficeps,32,val,1,1
Pellorneum ruficeps_32_c031,Pellorneum ruficeps,32,val,1,0
Pellorneum ruficeps_32_c032,Pellorneum ruficeps,32,val,1,0
Pellorneum ruficeps_32_c033,Pellorneum ruficeps,32,val,1,1
Pellorneum ruficeps_32_c034,Pellorneum ruficeps,32,val,1,1
Pellorneum ruficeps_32_c035,Pellorneum ruficeps,32,val,1,1
Pellorneum ruficeps_32_c036,Pellorneum ruficeps,32,val,1,1
Pellorneum ruficeps_32_c037,Pellorneum ruficeps,32,val,1,0
Pellorneum ruficeps_32_c038,Pellorneum ruficeps,32,val,1,0
Pellorneum ruficeps_32_c039,Pellorneum ruficeps,32,val,1,1
Pellorneum ruficeps_32_c040,Pellorneum ruficeps,32,val,1,1
Pellorneum ruficeps_32_c041,Pellorneum ruficeps,32,val,1,0
Pellorneum ruficeps_33_c000,Pellorneum ruficeps,33,train,1,1
Pellorneum ruficeps_33_c001,Pellorneum ruficeps,33,train,1,1
Pellorneum ruficeps_33_c003,Pellorneum ruficeps,33,train,1,1
Pellorneum ruficeps_34_c000,Pellorneum ruficeps,34,train,1,1
Pellorneum ruficeps_34_c001,Pellorneum ruficeps,34,train,1,1
Pellorneum ruficeps_34_c002,Pellorneum ruficeps,34,train,1,0
Pellorneum ruficeps_35_c000,Pellorneum ruficeps,35,val,1,0
Pellorneum ruficeps_35_c001,Pellorneum ruficeps,35,val,1,1
Pellorneum ruficeps_35_c002,Pellorneum ruficeps,35,val,1,0
Pellorneum ruficeps_36_c000,Pellorneum ruficeps,36,train,1,1
Pellorneum ruficeps_36_c001,Pellorneum ruficeps,36,train,1,1
Pellorneum ruficeps_36_c002,Pellorneum ruficeps,36,train,1,1
Pellorneum ruficeps_37_c000,Pellorneum ruficeps,37,train,1,0
Pellorneum ruficeps_37_c001,Pellorneum ruficeps,37,train,1,0
Pellorneum ruficeps_37_c002,Pellorneum ruficeps,37,train,1,1
Pellorneum ruficeps_37_c003,Pellorneum ruficeps,37,train,1,1
Pellorneum ruficeps_37_c004,Pellorneum ruficeps,37,train,1,0
Pellorneum ruficeps_37_c005,Pellorneum ruficeps,37,train,1,0
Pellorneum ruficeps_37_c006,Pellorneum ruficeps,37,train,1,0
Pellorneum ruficeps_38_c000,Pellorneum ruficeps,38,train,1,0
Pellorneum ruficeps_38_c001,Pellorneum ruficeps,38,train,1,1
Pellorneum ruficeps_38_c002,Pellorneum ruficeps,38,train,1,1
Pellorneum ruficeps_38_c003,Pellorneum ruficeps,38,train,1,0
Pellorneum ruficeps_39_c000,Pellorneum ruficeps,39,train,1,1
Pellorneum ruficeps_39_c001,Pellorneum ruficeps,39,train,1,1
Pellorneum ruficeps_39_c002,Pellorneum ruficeps,39,train,1,1
Pellorneum ruficeps_39_c003,Pellorneum ruficeps,39,train,1,1
Pellorneum ruficeps_39_c004,Pellorneum ruficeps,39,train,1,1
Pellorneum ruficeps_39_c005,Pellorneum ruficeps,39,train,1,1
Pellorneum ruficeps_3_c000,Pellorneum ruficeps,3,test,1,1
Pellorneum ruficeps_3_c001,Pellorneum ruficeps,3,test,1,1
Pellorneum ruficeps_3_c002,Pellorneum ruficeps,3,test,1,1
Pellorneum ruficeps_3_c004,Pellorneum ruficeps,3,test,1,1
Pellorneum ruficeps_40_c000,Pellorneum ruficeps,40,train,1,1
Pellorneum ruficeps_40_c001,Pellorneum ruficeps,40,train,1,1
Pellorneum ruficeps_40_c002,Pellorneum ruficeps,40,train,1,1
Pellorneum ruficeps_40_c003,Pellorneum ruficeps,40,train,1,1
Pellorneum ruficeps_40_c004,Pellorneum ruficeps,40,train,1,1
Pellorneum ruficeps_40_c005,Pellorneum ruficeps,40,train,1,0
Pellorneum ruficeps_40_c006,Pellorneum ruficeps,40,train,1,0
Pellorneum ruficeps_40_c007,Pellorneum ruficeps,40,train,1,0
Pellorneum ruficeps_40_c008,Pellorneum ruficeps,40,train,1,0
Pellorneum ruficeps_40_c009,Pellorneum ruficeps,40,train,1,1
Pellorneum ruficeps_40_c010,Pellorneum ruficeps,40,train,1,0
Pellorneum ruficeps_40_c011,Pellorneum ruficeps,40,train,1,1
Pellorneum ruficeps_40_c012,Pellorneum ruficeps,40,train,1,1
Pellorneum ruficeps_40_c013,Pellorneum ruficeps,40,train,1,1
Pellorneum ruficeps_40_c014,Pellorneum ruficeps,40,train,1,0
Pellorneum ruficeps_41_c000,Pellorneum ruficeps,41,train,1,1
Pellorneum ruficeps_41_c001,Pellorneum ruficeps,41,train,1,1
Pellorneum ruficeps_41_c002,Pellorneum ruficeps,41,train,1,0
Pellorneum ruficeps_41_c003,Pellorneum ruficeps,41,train,1,1
Pellorneum ruficeps_41_c004,Pellorneum ruficeps,41,train,1,1
Pellorneum ruficeps_41_c005,Pellorneum ruficeps,41,train,1,0
Pellorneum ruficeps_42_c000,Pellorneum ruficeps,42,test,1,1
Pellorneum ruficeps_42_c001,Pellorneum ruficeps,42,test,1,1
Pellorneum ruficeps_42_c002,Pellorneum ruficeps,42,test,1,1
Pellorneum ruficeps_42_c003,Pellorneum ruficeps,42,test,1,1
Pellorneum ruficeps_43_c000,Pellorneum ruficeps,43,train,1,1
Pellorneum ruficeps_43_c001,Pellorneum ruficeps,43,train,1,1
Pellorneum ruficeps_43_c002,Pellorneum ruficeps,43,train,1,1
Pellorneum ruficeps_43_c003,Pellorneum ruficeps,43,train,1,1
Pellorneum ruficeps_43_c004,Pellorneum ruficeps,43,train,1,1
Pellorneum ruficeps_44_c000,Pellorneum ruficeps,44,train,1,1
Pellorneum ruficeps_44_c001,Pellorneum ruficeps,44,train,1,0
Pellorneum ruficeps_45_c000,Pellorneum ruficeps,45,train,1,0
Pellorneum ruficeps_45_c001,Pellorneum ruficeps,45,train,1,0
Pellorneum ruficeps_45_c002,Pellorneum ruficeps,45,train,1,0
Pellorneum ruficeps_46_c000,Pellorneum ruficeps,46,val,1,1
Pellorneum ruficeps_46_c001,Pellorneum ruficeps,46,val,1,1
Pellorneum ruficeps_46_c002,Pellorneum ruficeps,46,val,1,1
Pellorneum ruficeps_47_c000,Pellorneum ruficeps,47,train,1,1
Pellorneum ruficeps_47_c001,Pellorneum ruficeps,47,train,1,1
Pellorneum ruficeps_48_c000,Pellorneum ruficeps,48,train,1,0
Pellorneum ruficeps_48_c001,Pellorneum ruficeps,48,train,1,0
Pellorneum ruficeps_48_c002,Pellorneum ruficeps,48,train,1,0
Pellorneum ruficeps_48_c003,Pellorneum ruficeps,48,train,1,0
Pellorneum ruficeps_48_c004,Pellorneum ruficeps,48,train,1,0
Pellorneum ruficeps_49_c000,Pellorneum ruficeps,49,train,1,1
Pellorneum ruficeps_49_c001,Pellorneum ruficeps,49,train,1,1
Pellorneum ruficeps_49_c002,Pellorneum ruficeps,49,train,1,1
Pellorneum ruficeps_49_c003,Pellorneum ruficeps,49,train,1,0
Pellorneum ruficeps_49_c004,Pellorneum ruficeps,49,train,1,1
Pellorneum ruficeps_49_c005,Pellorneum ruficeps,49,train,1,1
Pellorneum ruficeps_49_c006,Pellorneum ruficeps,49,train,1,0
Pellorneum ruficeps_4_c000,Pellorneum ruficeps,4,train,1,1
Pellorneum ruficeps_4_c001,Pellorneum ruficeps,4,train,1,1
Pellorneum ruficeps_4_c002,Pellorneum ruficeps,4,train,1,0
Pellorneum ruficeps_50_c000,Pellorneum ruficeps,50,train,1,1
Pellorneum ruficeps_50_c001,Pellorneum ruficeps,50,train,1,1
Pellorneum ruficeps_50_c002,Pellorneum ruficeps,50,train,1,0
Pellorneum ruficeps_50_c003,Pellorneum ruficeps,50,train,1,1
Pellorneum ruficeps_50_c004,Pellorneum ruficeps,50,train,1,1
Pellorneum ruficeps_50_c005,Pellorneum ruficeps,50,train,1,1
Pellorneum ruficeps_50_c006,Pellorneum ruficeps,50,train,1,0
Pellorneum ruficeps_50_c007,Pellorneum ruficeps,50,train,1,0
Pellorneum ruficeps_50_c008,Pellorneum ruficeps,50,train,1,1
Pellorneum ruficeps_50_c009,Pellorneum ruficeps,50,train,1,1
Pellorneum ruficeps_50_c010,Pellorneum ruficeps,50,train,1,1
Pellorneum ruficeps_50_c011,Pellorneum ruficeps,50,train,1,1
Pellorneum ruficeps_50_c012,Pellorneum ruficeps,50,train,1,1
Pellorneum ruficeps_51_c000,Pellorneum ruficeps,51,train,1,1
Pellorneum ruficeps_51_c001,Pellorneum ruficeps,51,train,1,1
Pellorneum ruficeps_51_c002,Pellorneum ruficeps,51,train,1,1
Pellorneum ruficeps_51_c003,Pellorneum ruficeps,51,train,1,1
Pellorneum ruficeps_51_c004,Pellorneum ruficeps,51,train,1,1
Pellorneum ruficeps_52_c000,Pellorneum ruficeps,52,train,1,1
Pellorneum ruficeps_52_c001,Pellorneum ruficeps,52,train,1,1
Pellorneum ruficeps_52_c002,Pellorneum ruficeps,52,train,1,1
Pellorneum ruficeps_52_c003,Pellorneum ruficeps,52,train,1,1
Pellorneum ruficeps_52_c004,Pellorneum ruficeps,52,train,1,1
Pellorneum ruficeps_52_c005,Pellorneum ruficeps,52,train,1,1
Pellorneum ruficeps_52_c006,Pellorneum ruficeps,52,train,1,1
Pellorneum ruficeps_52_c007,Pellorneum ruficeps,52,train,1,1
Pellorneum ruficeps_52_c008,Pellorneum ruficeps,52,train,1,1
Pellorneum ruficeps_52_c009,Pellorneum ruficeps,52,train,1,1
Pellorneum ruficeps_52_c010,Pellorneum ruficeps,52,train,1,1
Pellorneum ruficeps_52_c011,Pellorneum ruficeps,52,train,1,1
Pellorneum ruficeps_52_c012,Pellorneum ruficeps,52,train,1,1
Pellorneum ruficeps_53_c000,Pellorneum ruficeps,53,test,1,1
Pellorneum ruficeps_53_c001,Pellorneum ruficeps,53,test,1,1
Pellorneum ruficeps_53_c002,Pellorneum ruficeps,53,test,1,1
Pellorneum ruficeps_53_c003,Pellorneum ruficeps,53,test,1,1
Pellorneum ruficeps_53_c004,Pellorneum ruficeps,53,test,1,1
Pellorneum ruficeps_53_c005,Pellorneum ruficeps,53,test,1,1
Pellorneum ruficeps_54_c000,Pellorneum ruficeps,54,train,1,0
Pellorneum ruficeps_54_c001,Pellorneum ruficeps,54,train,1,0
Pellorneum ruficeps_54_c002,Pellorneum ruficeps,54,train,1,1
Pellorneum ruficeps_54_c003,Pellorneum ruficeps,54,train,1,0
Pellorneum ruficeps_54_c004,Pellorneum ruficeps,54,train,1,1
Pellorneum ruficeps_54_c005,Pellorneum ruficeps,54,train,1,1
Pellorneum ruficeps_54_c006,Pellorneum ruficeps,54,train,1,0
Pellorneum ruficeps_54_c007,Pellorneum ruficeps,54,train,1,1
Pellorneum ruficeps_55_c000,Pellorneum ruficeps,55,train,1,1
Pellorneum ruficeps_56_c000,Pellorneum ruficeps,56,train,1,0
Pellorneum ruficeps_56_c001,Pellorneum ruficeps,56,train,1,1
Pellorneum ruficeps_56_c002,Pellorneum ruficeps,56,train,1,1
Pellorneum ruficeps_56_c003,Pellorneum ruficeps,56,train,1,1
Pellorneum ruficeps_57_c000,Pellorneum ruficeps,57,train,1,1
Pellorneum ruficeps_57_c001,Pellorneum ruficeps,57,train,1,1
Pellorneum ruficeps_58_c000,Pellorneum ruficeps,58,val,1,1
Pellorneum ruficeps_58_c001,Pellorneum ruficeps,58,val,1,1
Pellorneum ruficeps_58_c002,Pellorneum ruficeps,58,val,1,1
Pellorneum ruficeps_58_c003,Pellorneum ruficeps,58,val,1,1
Pellorneum ruficeps_58_c004,Pellorneum ruficeps,58,val,1,1
Pellorneum ruficeps_59_c000,Pellorneum ruficeps,59,val,1,1
Pellorneum ruficeps_59_c001,Pellorneum ruficeps,59,val,1,1
Pellorneum ruficeps_59_c002,Pellorneum ruficeps,59,val,1,1
Pellorneum ruficeps_59_c003,Pellorneum ruficeps,59,val,1,1
Pellorneum ruficeps_59_c004,Pellorneum ruficeps,59,val,1,0
Pellorneum ruficeps_5_c000,Pellorneum ruficeps,5,val,1,0
Pellorneum ruficeps_5_c001,Pellorneum ruficeps,5,val,1,0
Pellorneum ruficeps_5_c002,Pellorneum ruficeps,5,val,1,0
Pellorneum ruficeps_5_c003,Pellorneum ruficeps,5,val,1,0
Pellorneum ruficeps_5_c004,Pellorneum ruficeps,5,val,1,0
Pellorneum ruficeps_5_c005,Pellorneum ruficeps,5,val,1,0
Pellorneum ruficeps_5_c006,Pellorneum ruficeps,5,val,1,0
Pellorneum ruficeps_5_c007,Pellorneum ruficeps,5,val,1,0
Pellorneum ruficeps_5_c008,Pellorneum ruficeps,5,val,1,0
Pellorneum ruficeps_5_c009,Pellorneum ruficeps,5,val,1,0
Pellorneum ruficeps_60_c000,Pellorneum ruficeps,60,train,1,1
Pellorneum ruficeps_60_c001,Pellorneum ruficeps,60,train,1,1
Pellorneum ruficeps_60_c002,Pellorneum ruficeps,60,train,1,1
Pellorneum ruficeps_60_c003,Pellorneum ruficeps,60,train,1,1
Pellorneum ruficeps_61_c000,Pellorneum ruficeps,61,train,1,1
Pellorneum ruficeps_61_c001,Pellorneum ruficeps,61,train,1,1
Pellorneum ruficeps_61_c002,Pellorneum ruficeps,61,train,1,1
Pellorneum ruficeps_61_c003,Pellorneum ruficeps,61,train,1,0
Pellorneum ruficeps_62_c000,Pellorneum ruficeps,62,train,1,1
Pellorneum ruficeps_62_c001,Pellorneum ruficeps,62,train,1,0
Pellorneum ruficeps_62_c002,Pellorneum ruficeps,62,train,1,0
Pellorneum ruficeps_62_c003,Pellorneum ruficeps,62,train,1,0
Pellorneum ruficeps_62_c004,Pellorneum ruficeps,62,train,1,0
Pellorneum ruficeps_63_c000,Pellorneum ruficeps,63,train,1,1
Pellorneum ruficeps_63_c001,Pellorneum ruficeps,63,train,1,1
Pellorneum ruficeps_63_c002,Pellorneum ruficeps,63,train,1,1
Pellorneum ruficeps_64_c000,Pellorneum ruficeps,64,train,1,1
Pellorneum ruficeps_64_c001,Pellorneum ruficeps,64,train,1,1
Pellorneum ruficeps_64_c002,Pellorneum ruficeps,64,train,1,1
Pellorneum ruficeps_64_c003,Pellorneum ruficeps,64,train,1,1
Pellorneum ruficeps_64_c004,Pellorneum ruficeps,64,train,1,1
Pellorneum ruficeps_64_c005,Pellorneum ruficeps,64,train,1,1
Pellorneum ruficeps_64_c006,Pellorneum ruficeps,64,train,1,1
Pellorneum ruficeps_64_c007,Pellorneum ruficeps,64,train,1,1
Pellorneum ruficeps_64_c008,Pellorneum ruficeps,64,train,1,1
Pellorneum ruficeps_64_c009,Pellorneum ruficeps,64,train,1,1
Pellorneum ruficeps_65_c000,Pellorneum ruficeps,65,train,1,0
Pellorneum ruficeps_65_c001,Pellorneum ruficeps,65,train,1,1
Pellorneum ruficeps_65_c002,Pellorneum ruficeps,65,train,1,0
Pellorneum ruficeps_65_c003,Pellorneum ruficeps,65,train,1,0
Pellorneum ruficeps_65_c004,Pellorneum ruficeps,65,train,1,1
Pellorneum ruficeps_65_c005,Pellorneum ruficeps,65,train,1,0
Pellorneum ruficeps_65_c006,Pellorneum ruficeps,65,train,1,0
Pellorneum ruficeps_65_c007,Pellorneum ruficeps,65,train,1,1
Pellorneum ruficeps_65_c008,Pellorneum ruficeps,65,train,1,1
Pellorneum ruficeps_65_c009,Pellorneum ruficeps,65,train,1,0
Pellorneum ruficeps_65_c010,Pellorneum ruficeps,65,train,1,0
Pellorneum ruficeps_65_c011,Pellorneum ruficeps,65,train,1,0
Pellorneum ruficeps_65_c012,Pellorneum ruficeps,65,train,1,0
Pellorneum ruficeps_65_c013,Pellorneum ruficeps,65,train,1,0
Pellorneum ruficeps_66_c000,Pellorneum ruficeps,66,train,1,1
Pellorneum ruficeps_66_c001,Pellorneum ruficeps,66,train,1,1
Pellorneum ruficeps_66_c002,Pellorneum ruficeps,66,train,1,1
Pellorneum ruficeps_66_c003,Pellorneum ruficeps,66,train,1,1
Pellorneum ruficeps_67_c000,Pellorneum ruficeps,67,val,1,1
Pellorneum ruficeps_67_c001,Pellorneum ruficeps,67,val,1,1
Pellorneum ruficeps_67_c002,Pellorneum ruficeps,67,val,1,0
Pellorneum ruficeps_67_c003,Pellorneum ruficeps,67,val,1,0
Pellorneum ruficeps_67_c004,Pellorneum ruficeps,67,val,1,0
Pellorneum ruficeps_67_c005,Pellorneum ruficeps,67,val,1,1
Pellorneum ruficeps_67_c006,Pellorneum ruficeps,67,val,1,1
Pellorneum ruficeps_67_c007,Pellorneum ruficeps,67,val,1,1
Pellorneum ruficeps_67_c008,Pellorneum ruficeps,67,val,1,0
Pellorneum ruficeps_68_c000,Pellorneum ruficeps,68,train,1,1
Pellorneum ruficeps_68_c001,Pellorneum ruficeps,68,train,1,1
Pellorneum ruficeps_68_c002,Pellorneum ruficeps,68,train,1,1
Pellorneum ruficeps_68_c003,Pellorneum ruficeps,68,train,1,1
Pellorneum ruficeps_68_c004,Pellorneum ruficeps,68,train,1,1
Pellorneum ruficeps_68_c005,Pellorneum ruficeps,68,train,1,1
Pellorneum ruficeps_68_c006,Pellorneum ruficeps,68,train,1,1
Pellorneum ruficeps_69_c000,Pellorneum ruficeps,69,train,1,1
Pellorneum ruficeps_69_c001,Pellorneum ruficeps,69,train,1,1
Pellorneum ruficeps_69_c002,Pellorneum ruficeps,69,train,1,1
Pellorneum ruficeps_69_c003,Pellorneum ruficeps,69,train,1,1
Pellorneum ruficeps_69_c004,Pellorneum ruficeps,69,train,1,1
Pellorneum ruficeps_69_c005,Pellorneum ruficeps,69,train,1,1
Pellorneum ruficeps_69_c006,Pellorneum ruficeps,69,train,1,0
Pellorneum ruficeps_69_c007,Pellorneum ruficeps,69,train,1,1
Pellorneum ruficeps_69_c008,Pellorneum ruficeps,69,train,1,1
Pellorneum ruficeps_69_c009,Pellorneum ruficeps,69,train,1,1
Pellorneum ruficeps_69_c010,Pellorneum ruficeps,69,train,1,1
Pellorneum ruficeps_69_c011,Pellorneum ruficeps,69,train,1,1
Pellorneum ruficeps_69_c012,Pellorneum ruficeps,69,train,1,1
Pellorneum ruficeps_69_c013,Pellorneum ruficeps,69,train,1,1
Pellorneum ruficeps_69_c014,Pellorneum ruficeps,69,train,1,1
Pellorneum ruficeps_69_c015,Pellorneum ruficeps,69,train,1,1
Pellorneum ruficeps_69_c016,Pellorneum ruficeps,69,train,1,1
Pellorneum ruficeps_69_c017,Pellorneum ruficeps,69,train,1,1
Pellorneum ruficeps_69_c018,Pellorneum ruficeps,69,train,1,0
Pellorneum ruficeps_69_c019,Pellorneum ruficeps,69,train,1,0
Pellorneum ruficeps_6_c000,Pellorneum ruficeps,6,train,1,0
Pellorneum ruficeps_70_c000,Pellorneum ruficeps,70,train,1,1
Pellorneum ruficeps_70_c001,Pellorneum ruficeps,70,train,1,1
Pellorneum ruficeps_70_c002,Pellorneum ruficeps,70,train,1,1
Pellorneum ruficeps_70_c003,Pellorneum ruficeps,70,train,1,1
Pellorneum ruficeps_70_c004,Pellorneum ruficeps,70,train,1,1
Pellorneum ruficeps_70_c005,Pellorneum ruficeps,70,train,1,1
Pellorneum ruficeps_70_c006,Pellorneum ruficeps,70,train,1,0
Pellorneum ruficeps_70_c007,Pellorneum ruficeps,70,train,1,1
Pellorneum ruficeps_71_c000,Pellorneum ruficeps,71,train,1,1
Pellorneum ruficeps_71_c001,Pellorneum ruficeps,71,train,1,0
Pellorneum ruficeps_71_c002,Pellorneum ruficeps,71,train,1,1
Pellorneum ruficeps_71_c003,Pellorneum ruficeps,71,train,1,1
Pellorneum ruficeps_72_c000,Pellorneum ruficeps,72,train,1,0
Pellorneum ruficeps_72_c001,Pellorneum ruficeps,72,train,1,0
Pellorneum ruficeps_72_c002,Pellorneum ruficeps,72,train,1,0
Pellorneum ruficeps_72_c003,Pellorneum ruficeps,72,train,1,1
Pellorneum ruficeps_73_c000,Pellorneum ruficeps,73,train,1,0
Pellorneum ruficeps_73_c001,Pellorneum ruficeps,73,train,1,0
Pellorneum ruficeps_73_c002,Pellorneum ruficeps,73,train,1,0
Pellorneum ruficeps_73_c003,Pellorneum ruficeps,73,train,1,0
Pellorneum ruficeps_73_c004,Pellorneum ruficeps,73,train,1,0
Pellorneum ruficeps_73_c005,Pellorneum ruficeps,73,train,1,1
Pellorneum ruficeps_73_c006,Pellorneum ruficeps,73,train,1,0
Pellorneum ruficeps_73_c007,Pellorneum ruficeps,73,train,1,1
Pellorneum ruficeps_73_c008,Pellorneum ruficeps,73,train,1,1
Pellorneum ruficeps_73_c009,Pellorneum ruficeps,73,train,1,1
Pellorneum ruficeps_73_c010,Pellorneum ruficeps,73,train,1,1
Pellorneum ruficeps_73_c011,Pellorneum ruficeps,73,train,1,1
Pellorneum ruficeps_74_c000,Pellorneum ruficeps,74,train,1,1
Pellorneum ruficeps_74_c001,Pellorneum ruficeps,74,train,1,1
Pellorneum ruficeps_74_c002,Pellorneum ruficeps,74,train,1,0
Pellorneum ruficeps_74_c003,Pellorneum ruficeps,74,train,1,0
Pellorneum ruficeps_74_c004,Pellorneum ruficeps,74,train,1,0
Pellorneum ruficeps_74_c005,Pellorneum ruficeps,74,train,1,0
Pellorneum ruficeps_74_c006,Pellorneum ruficeps,74,train,1,0
Pellorneum ruficeps_74_c007,Pellorneum ruficeps,74,train,1,0
Pellorneum ruficeps_74_c008,Pellorneum ruficeps,74,train,1,0
Pellorneum ruficeps_74_c009,Pellorneum ruficeps,74,train,1,0
Pellorneum ruficeps_74_c010,Pellorneum ruficeps,74,train,1,0
Pellorneum ruficeps_74_c011,Pellorneum ruficeps,74,train,1,0
Pellorneum ruficeps_74_c012,Pellorneum ruficeps,74,train,1,0
Pellorneum ruficeps_74_c013,Pellorneum ruficeps,74,train,1,0
Pellorneum ruficeps_74_c014,Pellorneum ruficeps,74,train,1,0
Pellorneum ruficeps_74_c015,Pellorneum ruficeps,74,train,1,0
Pellorneum ruficeps_74_c016,Pellorneum ruficeps,74,train,1,0
Pellorneum ruficeps_74_c017,Pellorneum ruficeps,74,train,1,0
Pellorneum ruficeps_74_c018,Pellorneum ruficeps,74,train,1,0
Pellorneum ruficeps_74_c019,Pellorneum ruficeps,74,train,1,0
Pellorneum ruficeps_74_c020,Pellorneum ruficeps,74,train,1,0
Pellorneum ruficeps_74_c021,Pellorneum ruficeps,74,train,1,0
Pellorneum ruficeps_74_c022,Pellorneum ruficeps,74,train,1,0
Pellorneum ruficeps_74_c023,Pellorneum ruficeps,74,train,1,0
Pellorneum ruficeps_74_c024,Pellorneum ruficeps,74,train,1,0
Pellorneum ruficeps_74_c025,Pellorneum ruficeps,74,train,1,0
Pellorneum ruficeps_74_c026,Pellorneum ruficeps,74,train,1,0
Pellorneum ruficeps_74_c027,Pellorneum ruficeps,74,train,1,0
Pellorneum ruficeps_74_c028,Pellorneum ruficeps,74,train,1,0
Pellorneum ruficeps_74_c029,Pellorneum ruficeps,74,train,1,0
Pellorneum ruficeps_74_c030,Pellorneum ruficeps,74,train,1,0
Pellorneum ruficeps_74_c031,Pellorneum ruficeps,74,train,1,0
Pellorneum ruficeps_74_c032,Pellorneum ruficeps,74,train,1,0
Pellorneum ruficeps_74_c033,Pellorneum ruficeps,74,train,1,0
Pellorneum ruficeps_74_c034,Pellorneum ruficeps,74,train,1,1
Pellorneum ruficeps_74_c035,Pellorneum ruficeps,74,train,1,1
Pellorneum ruficeps_74_c036,Pellorneum ruficeps,74,train,1,1
Pellorneum ruficeps_74_c037,Pellorneum ruficeps,74,train,1,1
Pellorneum ruficeps_74_c038,Pellorneum ruficeps,74,train,1,1
Pellorneum ruficeps_74_c040,Pellorneum ruficeps,74,train,1,1
Pellorneum ruficeps_74_c041,Pellorneum ruficeps,74,train,1,1
Pellorneum ruficeps_74_c042,Pellorneum ruficeps,74,train,1,1
Pellorneum ruficeps_75_c000,Pellorneum ruficeps,75,train,1,1
Pellorneum ruficeps_75_c001,Pellorneum ruficeps,75,train,1,1
Pellorneum ruficeps_75_c002,Pellorneum ruficeps,75,train,1,1
Pellorneum ruficeps_75_c003,Pellorneum ruficeps,75,train,1,1
Pellorneum ruficeps_75_c004,Pellorneum ruficeps,75,train,1,1
Pellorneum ruficeps_75_c005,Pellorneum ruficeps,75,train,1,1
Pellorneum ruficeps_75_c006,Pellorneum ruficeps,75,train,1,0
Pellorneum ruficeps_75_c007,Pellorneum ruficeps,75,train,1,1
Pellorneum ruficeps_75_c008,Pellorneum ruficeps,75,train,1,1
Pellorneum ruficeps_75_c009,Pellorneum ruficeps,75,train,1,1
Pellorneum ruficeps_75_c010,Pellorneum ruficeps,75,train,1,1
Pellorneum ruficeps_75_c011,Pellorneum ruficeps,75,train,1,1
Pellorneum ruficeps_75_c012,Pellorneum ruficeps,75,train,1,1
Pellorneum ruficeps_75_c013,Pellorneum ruficeps,75,train,1,1
Pellorneum ruficeps_75_c014,Pellorneum ruficeps,75,train,1,1
Pellorneum ruficeps_75_c015,Pellorneum ruficeps,75,train,1,1
Pellorneum ruficeps_75_c016,Pellorneum ruficeps,75,train,1,1
Pellorneum ruficeps_75_c017,Pellorneum ruficeps,75,train,1,1
Pellorneum ruficeps_75_c018,Pellorneum ruficeps,75,train,1,1
Pellorneum ruficeps_75_c019,Pellorneum ruficeps,75,train,1,1
Pellorneum ruficeps_76_c000,Pellorneum ruficeps,76,train,1,1
Pellorneum ruficeps_76_c001,Pellorneum ruficeps,76,train,1,1
Pellorneum ruficeps_76_c002,Pellorneum ruficeps,76,train,1,1
Pellorneum ruficeps_76_c003,Pellorneum ruficeps,76,train,1,1
Pellorneum ruficeps_76_c004,Pellorneum ruficeps,76,train,1,1
Pellorneum ruficeps_76_c005,Pellorneum ruficeps,76,train,1,1
Pellorneum ruficeps_76_c006,Pellorneum ruficeps,76,train,1,1
Pellorneum ruficeps_76_c007,Pellorneum ruficeps,76,train,1,1
Pellorneum ruficeps_76_c008,Pellorneum ruficeps,76,train,1,1
Pellorneum ruficeps_76_c009,Pellorneum ruficeps,76,train,1,1
Pellorneum ruficeps_76_c010,Pellorneum ruficeps,76,train,1,1
Pellorneum ruficeps_77_c000,Pellorneum ruficeps,77,train,1,1
Pellorneum ruficeps_77_c001,Pellorneum ruficeps,77,train,1,1
Pellorneum ruficeps_77_c002,Pellorneum ruficeps,77,train,1,1
Pellorneum ruficeps_77_c003,Pellorneum ruficeps,77,train,1,1
Pellorneum ruficeps_77_c004,Pellorneum ruficeps,77,train,1,1
Pellorneum ruficeps_77_c005,Pellorneum ruficeps,77,train,1,0
Pellorneum ruficeps_77_c006,Pellorneum ruficeps,77,train,1,0
Pellorneum ruficeps_77_c007,Pellorneum ruficeps,77,train,1,0
Pellorneum ruficeps_78_c000,Pellorneum ruficeps,78,train,1,1
Pellorneum ruficeps_78_c001,Pellorneum ruficeps,78,train,1,1
Pellorneum ruficeps_78_c002,Pellorneum ruficeps,78,train,1,1
Pellorneum ruficeps_78_c003,Pellorneum ruficeps,78,train,1,0
Pellorneum ruficeps_78_c004,Pellorneum ruficeps,78,train,1,1
Pellorneum ruficeps_78_c005,Pellorneum ruficeps,78,train,1,1
Pellorneum ruficeps_78_c006,Pellorneum ruficeps,78,train,1,1
Pellorneum ruficeps_79_c000,Pellorneum ruficeps,79,train,1,1
Pellorneum ruficeps_79_c001,Pellorneum ruficeps,79,train,1,1
Pellorneum ruficeps_79_c002,Pellorneum ruficeps,79,train,1,1
Pellorneum ruficeps_7_c000,Pellorneum ruficeps,7,test,1,1
Pellorneum ruficeps_7_c001,Pellorneum ruficeps,7,test,1,1
Pellorneum ruficeps_7_c002,Pellorneum ruficeps,7,test,1,1
Pellorneum ruficeps_7_c003,Pellorneum ruficeps,7,test,1,0
Pellorneum ruficeps_7_c004,Pellorneum ruficeps,7,test,1,1
Pellorneum ruficeps_7_c005,Pellorneum ruficeps,7,test,1,1
Pellorneum ruficeps_80_c000,Pellorneum ruficeps,80,train,1,1
Pellorneum ruficeps_80_c001,Pellorneum ruficeps,80,train,1,1
Pellorneum ruficeps_80_c002,Pellorneum ruficeps,80,train,1,1
Pellorneum ruficeps_80_c003,Pellorneum ruficeps,80,train,1,1
Pellorneum ruficeps_80_c004,Pellorneum ruficeps,80,train,1,1
Pellorneum ruficeps_80_c005,Pellorneum ruficeps,80,train,1,1
Pellorneum ruficeps_81_c000,Pellorneum ruficeps,81,train,1,1
Pellorneum ruficeps_81_c001,Pellorneum ruficeps,81,train,1,0
Pellorneum ruficeps_82_c000,Pellorneum ruficeps,82,val,1,0
Pellorneum ruficeps_82_c001,Pellorneum ruficeps,82,val,1,0
Pellorneum ruficeps_82_c002,Pellorneum ruficeps,82,val,1,0
Pellorneum ruficeps_82_c003,Pellorneum ruficeps,82,val,1,0
Pellorneum ruficeps_82_c004,Pellorneum ruficeps,82,val,1,1
Pellorneum ruficeps_82_c005,Pellorneum ruficeps,82,val,1,1
Pellorneum ruficeps_82_c006,Pellorneum ruficeps,82,val,1,0
Pellorneum ruficeps_83_c000,Pellorneum ruficeps,83,train,1,0
Pellorneum ruficeps_83_c001,Pellorneum ruficeps,83,train,1,1
Pellorneum ruficeps_83_c002,Pellorneum ruficeps,83,train,1,1
Pellorneum ruficeps_83_c003,Pellorneum ruficeps,83,train,1,1
Pellorneum ruficeps_83_c004,Pellorneum ruficeps,83,train,1,0
Pellorneum ruficeps_83_c005,Pellorneum ruficeps,83,train,1,1
Pellorneum ruficeps_83_c006,Pellorneum ruficeps,83,train,1,0
Pellorneum ruficeps_83_c007,Pellorneum ruficeps,83,train,1,1
Pellorneum ruficeps_83_c008,Pellorneum ruficeps,83,train,1,1
Pellorneum ruficeps_83_c009,Pellorneum ruficeps,83,train,1,0
Pellorneum ruficeps_83_c010,Pellorneum ruficeps,83,train,1,1
Pellorneum ruficeps_83_c011,Pellorneum ruficeps,83,train,1,1
Pellorneum ruficeps_84_c000,Pellorneum ruficeps,84,test,1,0
Pellorneum ruficeps_84_c001,Pellorneum ruficeps,84,test,1,1
Pellorneum ruficeps_84_c002,Pellorneum ruficeps,84,test,1,0
Pellorneum ruficeps_84_c003,Pellorneum ruficeps,84,test,1,0
Pellorneum ruficeps_85_c000,Pellorneum ruficeps,85,train,1,1
Pellorneum ruficeps_85_c001,Pellorneum ruficeps,85,train,1,1
Pellorneum ruficeps_85_c002,Pellorneum ruficeps,85,train,1,1
Pellorneum ruficeps_85_c003,Pellorneum ruficeps,85,train,1,1
Pellorneum ruficeps_86_c000,Pellorneum ruficeps,86,train,1,1
Pellorneum ruficeps_86_c001,Pellorneum ruficeps,86,train,1,0
Pellorneum ruficeps_86_c003,Pellorneum ruficeps,86,train,1,0
Pellorneum ruficeps_86_c004,Pellorneum ruficeps,86,train,1,0
Pellorneum ruficeps_86_c005,Pellorneum ruficeps,86,train,1,0
Pellorneum ruficeps_86_c006,Pellorneum ruficeps,86,train,1,0
Pellorneum ruficeps_86_c007,Pellorneum ruficeps,86,train,1,0
Pellorneum ruficeps_86_c008,Pellorneum ruficeps,86,train,1,0
Pellorneum ruficeps_86_c009,Pellorneum ruficeps,86,train,1,0
Pellorneum ruficeps_86_c010,Pellorneum ruficeps,86,train,1,0
Pellorneum ruficeps_86_c011,Pellorneum ruficeps,86,train,1,0
Pellorneum ruficeps_86_c012,Pellorneum ruficeps,86,train,1,0
Pellorneum ruficeps_86_c013,Pellorneum ruficeps,86,train,1,0
Pellorneum ruficeps_86_c014,Pellorneum ruficeps,86,train,1,0
Pellorneum ruficeps_86_c015,Pellorneum ruficeps,86,train,1,0
Pellorneum ruficeps_86_c016,Pellorneum ruficeps,86,train,1,0
Pellorneum ruficeps_86_c017,Pellorneum ruficeps,86,train,1,0
Pellorneum ruficeps_86_c018,Pellorneum ruficeps,86,train,1,0
Pellorneum ruficeps_86_c019,Pellorneum ruficeps,86,train,1,0
Pellorneum ruficeps_86_c020,Pellorneum ruficeps,86,train,1,0
Pellorneum ruficeps_86_c021,Pellorneum ruficeps,86,train,1,0
Pellorneum ruficeps_86_c022,Pellorneum ruficeps,86,train,1,0
Pellorneum ruficeps_86_c023,Pellorneum ruficeps,86,train,1,0
Pellorneum ruficeps_86_c024,Pellorneum ruficeps,86,train,1,0
Pellorneum ruficeps_86_c025,Pellorneum ruficeps,86,train,1,0
Pellorneum ruficeps_86_c026,Pellorneum ruficeps,86,train,1,0
Pellorneum ruficeps_86_c027,Pellorneum ruficeps,86,train,1,0
Pellorneum ruficeps_86_c028,Pellorneum ruficeps,86,train,1,0
Pellorneum ruficeps_86_c029,Pellorneum ruficeps,86,train,1,0
Pellorneum ruficeps_86_c030,Pellorneum ruficeps,86,train,1,0
Pellorneum ruficeps_86_c031,Pellorneum ruficeps,86,train,1,0
Pellorneum ruficeps_86_c032,Pellorneum ruficeps,86,train,1,0
Pellorneum ruficeps_86_c033,Pellorneum ruficeps,86,train,1,0
Pellorneum ruficeps_86_c034,Pellorneum ruficeps,86,train,1,0
Pellorneum ruficeps_86_c035,Pellorneum ruficeps,86,train,1,0
Pellorneum ruficeps_86_c036,Pellorneum ruficeps,86,train,1,0
Pellorneum ruficeps_86_c037,Pellorneum ruficeps,86,train,1,0
Pellorneum ruficeps_86_c038,Pellorneum ruficeps,86,train,1,0
Pellorneum ruficeps_86_c039,Pellorneum ruficeps,86,train,1,0
Pellorneum ruficeps_87_c000,Pellorneum ruficeps,87,test,1,1
Pellorneum ruficeps_87_c001,Pellorneum ruficeps,87,test,1,0
Pellorneum ruficeps_87_c002,Pellorneum ruficeps,87,test,1,0
Pellorneum ruficeps_87_c003,Pellorneum ruficeps,87,test,1,1
Pellorneum ruficeps_87_c004,Pellorneum ruficeps,87,test,1,1
Pellorneum ruficeps_87_c005,Pellorneum ruficeps,87,test,1,1
Pellorneum ruficeps_87_c006,Pellorneum ruficeps,87,test,1,0
Pellorneum ruficeps_87_c007,Pellorneum ruficeps,87,test,1,0
Pellorneum ruficeps_87_c008,Pellorneum ruficeps,87,test,1,0
Pellorneum ruficeps_87_c009,Pellorneum ruficeps,87,test,1,0
Pellorneum ruficeps_87_c010,Pellorneum ruficeps,87,test,1,1
Pellorneum ruficeps_87_c011,Pellorneum ruficeps,87,test,1,1
Pellorneum ruficeps_87_c012,Pellorneum ruficeps,87,test,1,0
Pellorneum ruficeps_87_c013,Pellorneum ruficeps,87,test,1,0
Pellorneum ruficeps_87_c014,Pellorneum ruficeps,87,test,1,0
Pellorneum ruficeps_87_c015,Pellorneum ruficeps,87,test,1,0
Pellorneum ruficeps_87_c016,Pellorneum ruficeps,87,test,1,0
Pellorneum ruficeps_87_c017,Pellorneum ruficeps,87,test,1,1
Pellorneum ruficeps_87_c018,Pellorneum ruficeps,87,test,1,0
Pellorneum ruficeps_87_c019,Pellorneum ruficeps,87,test,1,1
Pellorneum ruficeps_87_c020,Pellorneum ruficeps,87,test,1,0
Pellorneum ruficeps_87_c021,Pellorneum ruficeps,87,test,1,1
Pellorneum ruficeps_87_c022,Pellorneum ruficeps,87,test,1,0
Pellorneum ruficeps_87_c023,Pellorneum ruficeps,87,test,1,1
Pellorneum ruficeps_87_c024,Pellorneum ruficeps,87,test,1,1
Pellorneum ruficeps_88_c000,Pellorneum ruficeps,88,train,1,1
Pellorneum ruficeps_88_c001,Pellorneum ruficeps,88,train,1,1
Pellorneum ruficeps_89_c000,Pellorneum ruficeps,89,train,1,1
Pellorneum ruficeps_89_c001,Pellorneum ruficeps,89,train,1,1
Pellorneum ruficeps_89_c002,Pellorneum ruficeps,89,train,1,1
Pellorneum ruficeps_89_c003,Pellorneum ruficeps,89,train,1,1
Pellorneum ruficeps_89_c004,Pellorneum ruficeps,89,train,1,1
Pellorneum ruficeps_8_c000,Pellorneum ruficeps,8,train,1,0
Pellorneum ruficeps_8_c001,Pellorneum ruficeps,8,train,1,0
Pellorneum ruficeps_8_c002,Pellorneum ruficeps,8,train,1,0
Pellorneum ruficeps_8_c003,Pellorneum ruficeps,8,train,1,0
Pellorneum ruficeps_8_c004,Pellorneum ruficeps,8,train,1,0
Pellorneum ruficeps_8_c005,Pellorneum ruficeps,8,train,1,0
Pellorneum ruficeps_8_c006,Pellorneum ruficeps,8,train,1,0
Pellorneum ruficeps_8_c007,Pellorneum ruficeps,8,train,1,0
Pellorneum ruficeps_8_c008,Pellorneum ruficeps,8,train,1,0
Pellorneum ruficeps_8_c009,Pellorneum ruficeps,8,train,1,0
Pellorneum ruficeps_8_c010,Pellorneum ruficeps,8,train,1,0
Pellorneum ruficeps_8_c011,Pellorneum ruficeps,8,train,1,0
Pellorneum ruficeps_8_c012,Pellorneum ruficeps,8,train,1,0
Pellorneum ruficeps_8_c013,Pellorneum ruficeps,8,train,1,0
Pellorneum ruficeps_8_c014,Pellorneum ruficeps,8,train,1,0
Pellorneum ruficeps_8_c015,Pellorneum ruficeps,8,train,1,0
Pellorneum ruficeps_8_c016,Pellorneum ruficeps,8,train,1,0
Pellorneum ruficeps_8_c017,Pellorneum ruficeps,8,train,1,0
Pellorneum ruficeps_8_c018,Pellorneum ruficeps,8,train,1,0
Pellorneum ruficeps_8_c019,Pellorneum ruficeps,8,train,1,0
Pellorneum ruficeps_8_c020,Pellorneum ruficeps,8,train,1,0
Pellorneum ruficeps_8_c021,Pellorneum ruficeps,8,train,1,0
Pellorneum ruficeps_8_c022,Pellorneum ruficeps,8,train,1,0
Pellorneum ruficeps_90_c000,Pellorneum ruficeps,90,train,1,1
Pellorneum ruficeps_90_c001,Pellorneum ruficeps,90,train,1,1
Pellorneum ruficeps_90_c002,Pellorneum ruficeps,90,train,1,1
Pellorneum ruficeps_90_c003,Pellorneum ruficeps,90,train,1,1
Pellorneum ruficeps_90_c004,Pellorneum ruficeps,90,train,1,1
Pellorneum ruficeps_90_c005,Pellorneum ruficeps,90,train,1,1
Pellorneum ruficeps_91_c001,Pellorneum ruficeps,91,test,1,1
Pellorneum ruficeps_91_c002,Pellorneum ruficeps,91,test,1,1
Pellorneum ruficeps_91_c003,Pellorneum ruficeps,91,test,1,1
Pellorneum ruficeps_91_c006,Pellorneum ruficeps,91,test,1,1
Pellorneum ruficeps_92_c000,Pellorneum ruficeps,92,train,1,1
Pellorneum ruficeps_92_c001,Pellorneum ruficeps,92,train,1,1
Pellorneum ruficeps_92_c002,Pellorneum ruficeps,92,train,1,0
Pellorneum ruficeps_93_c000,Pellorneum ruficeps,93,train,1,1
Pellorneum ruficeps_93_c001,Pellorneum ruficeps,93,train,1,1
Pellorneum ruficeps_93_c002,Pellorneum ruficeps,93,train,1,1
Pellorneum ruficeps_93_c003,Pellorneum ruficeps,93,train,1,1
Pellorneum ruficeps_93_c004,Pellorneum ruficeps,93,train,1,1
Pellorneum ruficeps_93_c005,Pellorneum ruficeps,93,train,1,1
Pellorneum ruficeps_93_c006,Pellorneum ruficeps,93,train,1,1
Pellorneum ruficeps_93_c007,Pellorneum ruficeps,93,train,1,1
Pellorneum ruficeps_93_c008,Pellorneum ruficeps,93,train,1,1
Pellorneum ruficeps_94_c000,Pellorneum ruficeps,94,test,1,1
Pellorneum ruficeps_94_c001,Pellorneum ruficeps,94,test,1,0
Pellorneum ruficeps_94_c002,Pellorneum ruficeps,94,test,1,1
Pellorneum ruficeps_94_c003,Pellorneum ruficeps,94,test,1,1
Pellorneum ruficeps_94_c004,Pellorneum ruficeps,94,test,1,1
Pellorneum ruficeps_95_c000,Pellorneum ruficeps,95,train,1,1
Pellorneum ruficeps_95_c001,Pellorneum ruficeps,95,train,1,1
Pellorneum ruficeps_95_c002,Pellorneum ruficeps,95,train,1,1
Pellorneum ruficeps_95_c003,Pellorneum ruficeps,95,train,1,0
Pellorneum ruficeps_95_c004,Pellorneum ruficeps,95,train,1,1
Pellorneum ruficeps_95_c005,Pellorneum ruficeps,95,train,1,1
Pellorneum ruficeps_95_c006,Pellorneum ruficeps,95,train,1,0
Pellorneum ruficeps_95_c007,Pellorneum ruficeps,95,train,1,1
Pellorneum ruficeps_96_c000,Pellorneum ruficeps,96,train,1,1
Pellorneum ruficeps_96_c001,Pellorneum ruficeps,96,train,1,1
Pellorneum ruficeps_97_c000,Pellorneum ruficeps,97,train,1,1
Pellorneum ruficeps_97_c001,Pellorneum ruficeps,97,train,1,1
Pellorneum ruficeps_97_c002,Pellorneum ruficeps,97,train,1,1
Pellorneum ruficeps_97_c003,Pellorneum ruficeps,97,train,1,1
Pellorneum ruficeps_97_c004,Pellorneum ruficeps,97,train,1,1
Pellorneum ruficeps_97_c005,Pellorneum ruficeps,97,train,1,1
Pellorneum ruficeps_97_c006,Pellorneum ruficeps,97,train,1,1
Pellorneum ruficeps_97_c007,Pellorneum ruficeps,97,train,1,1
Pellorneum ruficeps_97_c008,Pellorneum ruficeps,97,train,1,1
Pellorneum ruficeps_98_c000,Pellorneum ruficeps,98,train,1,1
Pellorneum ruficeps_99_c000,Pellorneum ruficeps,99,train,1,1
Pellorneum ruficeps_99_c001,Pellorneum ruficeps,99,train,1,0
Pellorneum ruficeps_9_c000,Pellorneum ruficeps,9,test,1,1
Pellorneum ruficeps_9_c001,Pellorneum ruficeps,9,test,1,0
Pellorneum ruficeps_9_c002,Pellorneum ruficeps,9,test,1,0
Pellorneum ruficeps_9_c003,Pellorneum ruficeps,9,test,1,1
Pellorneum ruficeps_9_c004,Pellorneum ruficeps,9,test,1,0
Pellorneum ruficeps_9_c005,Pellorneum ruficeps,9,test,1,0
Pellorneum ruficeps_9_c006,Pellorneum ruficeps,9,test,1,0
Pellorneum ruficeps_9_c007,Pellorneum ruficeps,9,test,1,1
Pellorneum ruficeps_9_c008,Pellorneum ruficeps,9,test,1,0
Pellorneum ruficeps_9_c009,Pellorneum ruficeps,9,test,1,0
Pellorneum ruficeps_9_c010,Pellorneum ruficeps,9,test,1,0
Pnoepyga pusilla_10_c000,Pnoepyga pusilla,10,train,1,1
Pnoepyga pusilla_10_c001,Pnoepyga pusilla,10,train,1,0
Pnoepyga pusilla_10_c002,Pnoepyga pusilla,10,train,1,0
Pnoepyga pusilla_10_c003,Pnoepyga pusilla,10,train,1,1
Pnoepyga pusilla_11_c000,Pnoepyga pusilla,11,train,1,1
Pnoepyga pusilla_11_c001,Pnoepyga pusilla,11,train,1,1
Pnoepyga pusilla_11_c002,Pnoepyga pusilla,11,train,1,1
Pnoepyga pusilla_11_c003,Pnoepyga pusilla,11,train,1,1
Pnoepyga pusilla_11_c005,Pnoepyga pusilla,11,train,1,1
Pnoepyga pusilla_12_c000,Pnoepyga pusilla,12,train,1,1
Pnoepyga pusilla_12_c001,Pnoepyga pusilla,12,train,1,1
Pnoepyga pusilla_12_c002,Pnoepyga pusilla,12,train,1,1
Pnoepyga pusilla_12_c003,Pnoepyga pusilla,12,train,1,1
Pnoepyga pusilla_12_c004,Pnoepyga pusilla,12,train,1,1
Pnoepyga pusilla_12_c005,Pnoepyga pusilla,12,train,1,1
Pnoepyga pusilla_12_c007,Pnoepyga pusilla,12,train,1,1
Pnoepyga pusilla_12_c008,Pnoepyga pusilla,12,train,1,0
Pnoepyga pusilla_12_c009,Pnoepyga pusilla,12,train,1,1
Pnoepyga pusilla_13_c000,Pnoepyga pusilla,13,train,1,1
Pnoepyga pusilla_13_c001,Pnoepyga pusilla,13,train,1,1
Pnoepyga pusilla_14_c000,Pnoepyga pusilla,14,train,1,1
Pnoepyga pusilla_14_c001,Pnoepyga pusilla,14,train,1,1
Pnoepyga pusilla_14_c002,Pnoepyga pusilla,14,train,1,1
Pnoepyga pusilla_14_c003,Pnoepyga pusilla,14,train,1,1
Pnoepyga pusilla_14_c004,Pnoepyga pusilla,14,train,1,1
Pnoepyga pusilla_14_c005,Pnoepyga pusilla,14,train,1,1
Pnoepyga pusilla_15_c000,Pnoepyga pusilla,15,train,1,1
Pnoepyga pusilla_15_c001,Pnoepyga pusilla,15,train,1,1
Pnoepyga pusilla_15_c002,Pnoepyga pusilla,15,train,1,1
Pnoepyga pusilla_16_c000,Pnoepyga pusilla,16,train,1,1
Pnoepyga pusilla_16_c001,Pnoepyga pusilla,16,train,1,1
Pnoepyga pusilla_16_c002,Pnoepyga pusilla,16,train,1,1
Pnoepyga pusilla_16_c003,Pnoepyga pusilla,16,train,1,1
Pnoepyga pusilla_17_c000,Pnoepyga pusilla,17,train,1,1
Pnoepyga pusilla_17_c001,Pnoepyga pusilla,17,train,1,1
Pnoepyga pusilla_17_c002,Pnoepyga pusilla,17,train,1,1
Pnoepyga pusilla_17_c003,Pnoepyga pusilla,17,train,1,1
Pnoepyga pusilla_17_c004,Pnoepyga pusilla,17,train,1,1
Pnoepyga pusilla_17_c005,Pnoepyga pusilla,17,train,1,1
Pnoepyga pusilla_17_c006,Pnoepyga pusilla,17,train,1,1
Pnoepyga pusilla_17_c007,Pnoepyga pusilla,17,train,1,1
Pnoepyga pusilla_17_c008,Pnoepyga pusilla,17,train,1,1
Pnoepyga pusilla_17_c009,Pnoepyga pusilla,17,train,1,1
Pnoepyga pusilla_18_c000,Pnoepyga pusilla,18,train,1,1
Pnoepyga pusilla_18_c001,Pnoepyga pusilla,18,train,1,1
Pnoepyga pusilla_18_c002,Pnoepyga pusilla,18,train,1,1
Pnoepyga pusilla_18_c003,Pnoepyga pusilla,18,train,1,1
Pnoepyga pusilla_18_c004,Pnoepyga pusilla,18,train,1,1
Pnoepyga pusilla_18_c005,Pnoepyga pusilla,18,train,1,1
Pnoepyga pusilla_18_c006,Pnoepyga pusilla,18,train,1,1
Pnoepyga pusilla_18_c007,Pnoepyga pusilla,18,train,1,1
Pnoepyga pusilla_18_c008,Pnoepyga pusilla,18,train,1,1
Pnoepyga pusilla_19_c001,Pnoepyga pusilla,19,train,1,1
Pnoepyga pusilla_19_c002,Pnoepyga pusilla,19,train,1,1
Pnoepyga pusilla_19_c003,Pnoepyga pusilla,19,train,1,1
Pnoepyga pusilla_19_c005,Pnoepyga pusilla,19,train,1,1
Pnoepyga pusilla_19_c006,Pnoepyga pusilla,19,train,1,1
Pnoepyga pusilla_19_c007,Pnoepyga pusilla,19,train,1,1
Pnoepyga pusilla_1_c000,Pnoepyga pusilla,1,train,1,1
Pnoepyga pusilla_1_c001,Pnoepyga pusilla,1,train,1,1
Pnoepyga pusilla_1_c002,Pnoepyga pusilla,1,train,1,1
Pnoepyga pusilla_1_c003,Pnoepyga pusilla,1,train,1,1
Pnoepyga pusilla_1_c004,Pnoepyga pusilla,1,train,1,1
Pnoepyga pusilla_1_c005,Pnoepyga pusilla,1,train,1,1
Pnoepyga pusilla_1_c007,Pnoepyga pusilla,1,train,1,1
Pnoepyga pusilla_1_c008,Pnoepyga pusilla,1,train,1,1
Pnoepyga pusilla_1_c009,Pnoepyga pusilla,1,train,1,1
Pnoepyga pusilla_1_c010,Pnoepyga pusilla,1,train,1,1
Pnoepyga pusilla_1_c011,Pnoepyga pusilla,1,train,1,1
Pnoepyga pusilla_20_c000,Pnoepyga pusilla,20,train,1,1
Pnoepyga pusilla_20_c001,Pnoepyga pusilla,20,train,1,1
Pnoepyga pusilla_20_c002,Pnoepyga pusilla,20,train,1,1
Pnoepyga pusilla_20_c003,Pnoepyga pusilla,20,train,1,1
Pnoepyga pusilla_20_c004,Pnoepyga pusilla,20,train,1,1
Pnoepyga pusilla_20_c005,Pnoepyga pusilla,20,train,1,1
Pnoepyga pusilla_20_c007,Pnoepyga pusilla,20,train,1,1
Pnoepyga pusilla_20_c008,Pnoepyga pusilla,20,train,1,1
Pnoepyga pusilla_20_c009,Pnoepyga pusilla,20,train,1,1
Pnoepyga pusilla_20_c010,Pnoepyga pusilla,20,train,1,1
Pnoepyga pusilla_21_c000,Pnoepyga pusilla,21,train,1,1
Pnoepyga pusilla_21_c001,Pnoepyga pusilla,21,train,1,1
Pnoepyga pusilla_21_c002,Pnoepyga pusilla,21,train,1,1
Pnoepyga pusilla_21_c003,Pnoepyga pusilla,21,train,1,1
Pnoepyga pusilla_21_c004,Pnoepyga pusilla,21,train,1,1
Pnoepyga pusilla_21_c005,Pnoepyga pusilla,21,train,1,1
Pnoepyga pusilla_21_c006,Pnoepyga pusilla,21,train,1,1
Pnoepyga pusilla_22_c000,Pnoepyga pusilla,22,train,1,1
Pnoepyga pusilla_22_c001,Pnoepyga pusilla,22,train,1,1
Pnoepyga pusilla_22_c002,Pnoepyga pusilla,22,train,1,1
Pnoepyga pusilla_22_c003,Pnoepyga pusilla,22,train,1,1
Pnoepyga pusilla_22_c004,Pnoepyga pusilla,22,train,1,1
Pnoepyga pusilla_22_c005,Pnoepyga pusilla,22,train,1,1
Pnoepyga pusilla_22_c006,Pnoepyga pusilla,22,train,1,1
Pnoepyga pusilla_22_c007,Pnoepyga pusilla,22,train,1,0
Pnoepyga pusilla_22_c008,Pnoepyga pusilla,22,train,1,1
Pnoepyga pusilla_22_c009,Pnoepyga pusilla,22,train,1,1
Pnoepyga pusilla_23_c001,Pnoepyga pusilla,23,train,1,1
Pnoepyga pusilla_23_c002,Pnoepyga pusilla,23,train,1,1
Pnoepyga pusilla_23_c003,Pnoepyga pusilla,23,train,1,1
Pnoepyga pusilla_23_c004,Pnoepyga pusilla,23,train,1,1
Pnoepyga pusilla_23_c005,Pnoepyga pusilla,23,train,1,1
Pnoepyga pusilla_23_c006,Pnoepyga pusilla,23,train,1,1
Pnoepyga pusilla_23_c007,Pnoepyga pusilla,23,train,1,1
Pnoepyga pusilla_23_c008,Pnoepyga pusilla,23,train,1,1
Pnoepyga pusilla_23_c009,Pnoepyga pusilla,23,train,1,1
Pnoepyga pusilla_23_c010,Pnoepyga pusilla,23,train,1,1
Pnoepyga pusilla_23_c011,Pnoepyga pusilla,23,train,1,1
Pnoepyga pusilla_23_c012,Pnoepyga pusilla,23,train,1,1
Pnoepyga pusilla_23_c013,Pnoepyga pusilla,23,train,1,1
Pnoepyga pusilla_23_c014,Pnoepyga pusilla,23,train,1,1
Pnoepyga pusilla_23_c015,Pnoepyga pusilla,23,train,1,1
Pnoepyga pusilla_24_c000,Pnoepyga pusilla,24,train,1,1
Pnoepyga pusilla_24_c001,Pnoepyga pusilla,24,train,1,1
Pnoepyga pusilla_24_c002,Pnoepyga pusilla,24,train,1,1
Pnoepyga pusilla_24_c003,Pnoepyga pusilla,24,train,1,1
Pnoepyga pusilla_24_c004,Pnoepyga pusilla,24,train,1,1
Pnoepyga pusilla_24_c005,Pnoepyga pusilla,24,train,1,1
Pnoepyga pusilla_25_c000,Pnoepyga pusilla,25,val,1,1
Pnoepyga pusilla_25_c001,Pnoepyga pusilla,25,val,1,1
Pnoepyga pusilla_25_c002,Pnoepyga pusilla,25,val,1,0
Pnoepyga pusilla_25_c003,Pnoepyga pusilla,25,val,1,1
Pnoepyga pusilla_25_c004,Pnoepyga pusilla,25,val,1,1
Pnoepyga pusilla_25_c005,Pnoepyga pusilla,25,val,1,0
Pnoepyga pusilla_25_c006,Pnoepyga pusilla,25,val,1,1
Pnoepyga pusilla_25_c007,Pnoepyga pusilla,25,val,1,0
Pnoepyga pusilla_25_c008,Pnoepyga pusilla,25,val,1,1
Pnoepyga pusilla_26_c000,Pnoepyga pusilla,26,train,1,0
Pnoepyga pusilla_26_c001,Pnoepyga pusilla,26,train,1,1
Pnoepyga pusilla_26_c002,Pnoepyga pusilla,26,train,1,1
Pnoepyga pusilla_26_c003,Pnoepyga pusilla,26,train,1,0
Pnoepyga pusilla_27_c000,Pnoepyga pusilla,27,train,1,1
Pnoepyga pusilla_27_c001,Pnoepyga pusilla,27,train,1,1
Pnoepyga pusilla_27_c002,Pnoepyga pusilla,27,train,1,1
Pnoepyga pusilla_27_c003,Pnoepyga pusilla,27,train,1,1
Pnoepyga pusilla_27_c004,Pnoepyga pusilla,27,train,1,1
Pnoepyga pusilla_28_c000,Pnoepyga pusilla,28,train,1,0
Pnoepyga pusilla_29_c000,Pnoepyga pusilla,29,val,1,1
Pnoepyga pusilla_29_c001,Pnoepyga pusilla,29,val,1,1
Pnoepyga pusilla_29_c003,Pnoepyga pusilla,29,val,1,1
Pnoepyga pusilla_29_c004,Pnoepyga pusilla,29,val,1,1
Pnoepyga pusilla_29_c005,Pnoepyga pusilla,29,val,1,1
Pnoepyga pusilla_29_c006,Pnoepyga pusilla,29,val,1,1
Pnoepyga pusilla_29_c007,Pnoepyga pusilla,29,val,1,1
Pnoepyga pusilla_29_c008,Pnoepyga pusilla,29,val,1,1
Pnoepyga pusilla_29_c009,Pnoepyga pusilla,29,val,1,1
Pnoepyga pusilla_29_c010,Pnoepyga pusilla,29,val,1,1
Pnoepyga pusilla_29_c011,Pnoepyga pusilla,29,val,1,1
Pnoepyga pusilla_29_c012,Pnoepyga pusilla,29,val,1,1
Pnoepyga pusilla_29_c013,Pnoepyga pusilla,29,val,1,1
Pnoepyga pusilla_29_c014,Pnoepyga pusilla,29,val,1,1
Pnoepyga pusilla_29_c015,Pnoepyga pusilla,29,val,1,1
Pnoepyga pusilla_29_c016,Pnoepyga pusilla,29,val,1,1
Pnoepyga pusilla_2_c000,Pnoepyga pusilla,2,train,1,1
Pnoepyga pusilla_2_c001,Pnoepyga pusilla,2,train,1,1
Pnoepyga pusilla_2_c002,Pnoepyga pusilla,2,train,1,1
Pnoepyga pusilla_2_c003,Pnoepyga pusilla,2,train,1,1
Pnoepyga pusilla_2_c004,Pnoepyga pusilla,2,train,1,1
Pnoepyga pusilla_3_c000,Pnoepyga pusilla,3,test,1,1
Pnoepyga pusilla_3_c001,Pnoepyga pusilla,3,test,1,1
Pnoepyga pusilla_4_c000,Pnoepyga pusilla,4,test,1,1
Pnoepyga pusilla_4_c001,Pnoepyga pusilla,4,test,1,1
Pnoepyga pusilla_4_c002,Pnoepyga pusilla,4,test,1,1
Pnoepyga pusilla_4_c003,Pnoepyga pusilla,4,test,1,1
Pnoepyga pusilla_4_c004,Pnoepyga pusilla,4,test,1,1
Pnoepyga pusilla_5_c000,Pnoepyga pusilla,5,train,1,1
Pnoepyga pusilla_5_c001,Pnoepyga pusilla,5,train,1,1
Pnoepyga pusilla_5_c002,Pnoepyga pusilla,5,train,1,1
Pnoepyga pusilla_5_c003,Pnoepyga pusilla,5,train,1,1
Pnoepyga pusilla_5_c004,Pnoepyga pusilla,5,train,1,1
Pnoepyga pusilla_5_c005,Pnoepyga pusilla,5,train,1,1
Pnoepyga pusilla_5_c006,Pnoepyga pusilla,5,train,1,1
Pnoepyga pusilla_5_c007,Pnoepyga pusilla,5,train,1,1
Pnoepyga pusilla_5_c008,Pnoepyga pusilla,5,train,1,1
Pnoepyga pusilla_5_c009,Pnoepyga pusilla,5,train,1,1
Pnoepyga pusilla_6_c001,Pnoepyga pusilla,6,test,1,1
Pnoepyga pusilla_6_c002,Pnoepyga pusilla,6,test,1,1
Pnoepyga pusilla_6_c003,Pnoepyga pusilla,6,test,1,1
Pnoepyga pusilla_6_c004,Pnoepyga pusilla,6,test,1,1
Pnoepyga pusilla_6_c005,Pnoepyga pusilla,6,test,1,1
Pnoepyga pusilla_6_c006,Pnoepyga pusilla,6,test,1,1
Pnoepyga pusilla_7_c000,Pnoepyga pusilla,7,train,1,1
Pnoepyga pusilla_7_c001,Pnoepyga pusilla,7,train,1,0
Pnoepyga pusilla_7_c002,Pnoepyga pusilla,7,train,1,0
Pnoepyga pusilla_7_c003,Pnoepyga pusilla,7,train,1,0
Pnoepyga pusilla_7_c004,Pnoepyga pusilla,7,train,1,1
Pnoepyga pusilla_7_c005,Pnoepyga pusilla,7,train,1,1
Pnoepyga pusilla_7_c006,Pnoepyga pusilla,7,train,1,1
Pnoepyga pusilla_7_c007,Pnoepyga pusilla,7,train,1,0
Pnoepyga pusilla_7_c008,Pnoepyga pusilla,7,train,1,1
Pnoepyga pusilla_7_c009,Pnoepyga pusilla,7,train,1,1
Pnoepyga pusilla_8_c000,Pnoepyga pusilla,8,train,1,1
Pnoepyga pusilla_8_c001,Pnoepyga pusilla,8,train,1,1
Pnoepyga pusilla_8_c002,Pnoepyga pusilla,8,train,1,1
Pnoepyga pusilla_8_c003,Pnoepyga pusilla,8,train,1,1
Pnoepyga pusilla_8_c004,Pnoepyga pusilla,8,train,1,1
Pnoepyga pusilla_9_c000,Pnoepyga pusilla,9,val,1,1
Pnoepyga pusilla_9_c002,Pnoepyga pusilla,9,val,1,1
Pnoepyga pusilla_9_c003,Pnoepyga pusilla,9,val,1,1
Pnoepyga pusilla_9_c004,Pnoepyga pusilla,9,val,1,1
Pomatorhinus ruficollis_10_c000,Pomatorhinus ruficollis,10,train,1,1
Pomatorhinus ruficollis_10_c001,Pomatorhinus ruficollis,10,train,1,1
Pomatorhinus ruficollis_10_c002,Pomatorhinus ruficollis,10,train,1,1
Pomatorhinus ruficollis_10_c003,Pomatorhinus ruficollis,10,train,1,1
Pomatorhinus ruficollis_10_c004,Pomatorhinus ruficollis,10,train,1,1
Pomatorhinus ruficollis_10_c005,Pomatorhinus ruficollis,10,train,1,1
Pomatorhinus ruficollis_10_c006,Pomatorhinus ruficollis,10,train,1,1
Pomatorhinus ruficollis_10_c007,Pomatorhinus ruficollis,10,train,1,1
Pomatorhinus ruficollis_10_c008,Pomatorhinus ruficollis,10,train,1,1
Pomatorhinus ruficollis_10_c009,Pomatorhinus ruficollis,10,train,1,1
Pomatorhinus ruficollis_11_c000,Pomatorhinus ruficollis,11,val,1,1
Pomatorhinus ruficollis_11_c001,Pomatorhinus ruficollis,11,val,1,1
Pomatorhinus ruficollis_11_c002,Pomatorhinus ruficollis,11,val,1,1
Pomatorhinus ruficollis_11_c003,Pomatorhinus ruficollis,11,val,1,1
Pomatorhinus ruficollis_12_c000,Pomatorhinus ruficollis,12,train,1,1
Pomatorhinus ruficollis_12_c001,Pomatorhinus ruficollis,12,train,1,1
Pomatorhinus ruficollis_12_c002,Pomatorhinus ruficollis,12,train,1,1
Pomatorhinus ruficollis_13_c000,Pomatorhinus ruficollis,13,train,1,1
Pomatorhinus ruficollis_13_c001,Pomatorhinus ruficollis,13,train,1,1
Pomatorhinus ruficollis_13_c002,Pomatorhinus ruficollis,13,train,1,1
Pomatorhinus ruficollis_13_c003,Pomatorhinus ruficollis,13,train,1,1
Pomatorhinus ruficollis_13_c004,Pomatorhinus ruficollis,13,train,1,1
Pomatorhinus ruficollis_13_c006,Pomatorhinus ruficollis,13,train,1,1
Pomatorhinus ruficollis_13_c007,Pomatorhinus ruficollis,13,train,1,0
Pomatorhinus ruficollis_13_c008,Pomatorhinus ruficollis,13,train,1,1
Pomatorhinus ruficollis_13_c009,Pomatorhinus ruficollis,13,train,1,1
Pomatorhinus ruficollis_14_c000,Pomatorhinus ruficollis,14,val,1,1
Pomatorhinus ruficollis_14_c001,Pomatorhinus ruficollis,14,val,1,1
Pomatorhinus ruficollis_14_c002,Pomatorhinus ruficollis,14,val,1,1
Pomatorhinus ruficollis_15_c000,Pomatorhinus ruficollis,15,train,1,1
Pomatorhinus ruficollis_15_c001,Pomatorhinus ruficollis,15,train,1,1
Pomatorhinus ruficollis_15_c002,Pomatorhinus ruficollis,15,train,1,1
Pomatorhinus ruficollis_15_c003,Pomatorhinus ruficollis,15,train,1,1
Pomatorhinus ruficollis_16_c000,Pomatorhinus ruficollis,16,test,1,1
Pomatorhinus ruficollis_16_c001,Pomatorhinus ruficollis,16,test,1,0
Pomatorhinus ruficollis_16_c002,Pomatorhinus ruficollis,16,test,1,1
Pomatorhinus ruficollis_16_c003,Pomatorhinus ruficollis,16,test,1,1
Pomatorhinus ruficollis_16_c004,Pomatorhinus ruficollis,16,test,1,1
Pomatorhinus ruficollis_16_c005,Pomatorhinus ruficollis,16,test,1,1
Pomatorhinus ruficollis_16_c006,Pomatorhinus ruficollis,16,test,1,1
Pomatorhinus ruficollis_16_c007,Pomatorhinus ruficollis,16,test,1,0
Pomatorhinus ruficollis_16_c008,Pomatorhinus ruficollis,16,test,1,1
Pomatorhinus ruficollis_16_c009,Pomatorhinus ruficollis,16,test,1,0
Pomatorhinus ruficollis_17_c000,Pomatorhinus ruficollis,17,train,1,1
Pomatorhinus ruficollis_17_c001,Pomatorhinus ruficollis,17,train,1,1
Pomatorhinus ruficollis_17_c002,Pomatorhinus ruficollis,17,train,1,1
Pomatorhinus ruficollis_17_c004,Pomatorhinus ruficollis,17,train,1,1
Pomatorhinus ruficollis_17_c006,Pomatorhinus ruficollis,17,train,1,1
Pomatorhinus ruficollis_17_c007,Pomatorhinus ruficollis,17,train,1,1
Pomatorhinus ruficollis_18_c000,Pomatorhinus ruficollis,18,train,1,1
Pomatorhinus ruficollis_18_c001,Pomatorhinus ruficollis,18,train,1,0
Pomatorhinus ruficollis_18_c002,Pomatorhinus ruficollis,18,train,1,1
Pomatorhinus ruficollis_18_c003,Pomatorhinus ruficollis,18,train,1,1
Pomatorhinus ruficollis_18_c004,Pomatorhinus ruficollis,18,train,1,1
Pomatorhinus ruficollis_18_c005,Pomatorhinus ruficollis,18,train,1,1
Pomatorhinus ruficollis_18_c006,Pomatorhinus ruficollis,18,train,1,1
Pomatorhinus ruficollis_18_c007,Pomatorhinus ruficollis,18,train,1,1
Pomatorhinus ruficollis_18_c008,Pomatorhinus ruficollis,18,train,1,1
Pomatorhinus ruficollis_18_c009,Pomatorhinus ruficollis,18,train,1,0
Pomatorhinus ruficollis_18_c011,Pomatorhinus ruficollis,18,train,1,1
Pomatorhinus ruficollis_18_c012,Pomatorhinus ruficollis,18,train,1,1
Pomatorhinus ruficollis_18_c013,Pomatorhinus ruficollis,18,train,1,1
Pomatorhinus ruficollis_18_c014,Pomatorhinus ruficollis,18,train,1,1
Pomatorhinus ruficollis_18_c015,Pomatorhinus ruficollis,18,train,1,1
Pomatorhinus ruficollis_18_c016,Pomatorhinus ruficollis,18,train,1,1
Pomatorhinus ruficollis_18_c017,Pomatorhinus ruficollis,18,train,1,1
Pomatorhinus ruficollis_18_c018,Pomatorhinus ruficollis,18,train,1,1
Pomatorhinus ruficollis_18_c019,Pomatorhinus ruficollis,18,train,1,1
Pomatorhinus ruficollis_18_c020,Pomatorhinus ruficollis,18,train,1,1
Pomatorhinus ruficollis_18_c021,Pomatorhinus ruficollis,18,train,1,1
Pomatorhinus ruficollis_18_c022,Pomatorhinus ruficollis,18,train,1,0
Pomatorhinus ruficollis_19_c000,Pomatorhinus ruficollis,19,train,1,1
Pomatorhinus ruficollis_19_c001,Pomatorhinus ruficollis,19,train,1,0
Pomatorhinus ruficollis_19_c002,Pomatorhinus ruficollis,19,train,1,1
Pomatorhinus ruficollis_19_c003,Pomatorhinus ruficollis,19,train,1,0
Pomatorhinus ruficollis_19_c004,Pomatorhinus ruficollis,19,train,1,1
Pomatorhinus ruficollis_19_c005,Pomatorhinus ruficollis,19,train,1,1
Pomatorhinus ruficollis_19_c006,Pomatorhinus ruficollis,19,train,1,1
Pomatorhinus ruficollis_1_c000,Pomatorhinus ruficollis,1,train,1,1
Pomatorhinus ruficollis_1_c001,Pomatorhinus ruficollis,1,train,1,0
Pomatorhinus ruficollis_1_c002,Pomatorhinus ruficollis,1,train,1,1
Pomatorhinus ruficollis_1_c003,Pomatorhinus ruficollis,1,train,1,0
Pomatorhinus ruficollis_1_c004,Pomatorhinus ruficollis,1,train,1,0
Pomatorhinus ruficollis_1_c005,Pomatorhinus ruficollis,1,train,1,1
Pomatorhinus ruficollis_1_c006,Pomatorhinus ruficollis,1,train,1,0
Pomatorhinus ruficollis_1_c007,Pomatorhinus ruficollis,1,train,1,0
Pomatorhinus ruficollis_1_c008,Pomatorhinus ruficollis,1,train,1,0
Pomatorhinus ruficollis_1_c009,Pomatorhinus ruficollis,1,train,1,0
Pomatorhinus ruficollis_1_c010,Pomatorhinus ruficollis,1,train,1,0
Pomatorhinus ruficollis_1_c011,Pomatorhinus ruficollis,1,train,1,0
Pomatorhinus ruficollis_1_c012,Pomatorhinus ruficollis,1,train,1,0
Pomatorhinus ruficollis_1_c013,Pomatorhinus ruficollis,1,train,1,0
Pomatorhinus ruficollis_1_c014,Pomatorhinus ruficollis,1,train,1,0
Pomatorhinus ruficollis_20_c000,Pomatorhinus ruficollis,20,train,1,1
Pomatorhinus ruficollis_21_c000,Pomatorhinus ruficollis,21,train,1,1
Pomatorhinus ruficollis_21_c001,Pomatorhinus ruficollis,21,train,1,1
Pomatorhinus ruficollis_21_c002,Pomatorhinus ruficollis,21,train,1,0
Pomatorhinus ruficollis_21_c003,Pomatorhinus ruficollis,21,train,1,1
Pomatorhinus ruficollis_21_c004,Pomatorhinus ruficollis,21,train,1,1
Pomatorhinus ruficollis_21_c005,Pomatorhinus ruficollis,21,train,1,1
Pomatorhinus ruficollis_22_c000,Pomatorhinus ruficollis,22,train,1,1
Pomatorhinus ruficollis_22_c001,Pomatorhinus ruficollis,22,train,1,1
Pomatorhinus ruficollis_22_c002,Pomatorhinus ruficollis,22,train,1,1
Pomatorhinus ruficollis_23_c000,Pomatorhinus ruficollis,23,test,1,1
Pomatorhinus ruficollis_23_c001,Pomatorhinus ruficollis,23,test,1,1
Pomatorhinus ruficollis_24_c000,Pomatorhinus ruficollis,24,train,1,1
Pomatorhinus ruficollis_24_c001,Pomatorhinus ruficollis,24,train,1,1
Pomatorhinus ruficollis_24_c002,Pomatorhinus ruficollis,24,train,1,0
Pomatorhinus ruficollis_24_c003,Pomatorhinus ruficollis,24,train,1,1
Pomatorhinus ruficollis_24_c004,Pomatorhinus ruficollis,24,train,1,1
Pomatorhinus ruficollis_24_c005,Pomatorhinus ruficollis,24,train,1,1
Pomatorhinus ruficollis_24_c006,Pomatorhinus ruficollis,24,train,1,1
Pomatorhinus ruficollis_24_c007,Pomatorhinus ruficollis,24,train,1,0
Pomatorhinus ruficollis_24_c008,Pomatorhinus ruficollis,24,train,1,1
Pomatorhinus ruficollis_24_c009,Pomatorhinus ruficollis,24,train,1,1
Pomatorhinus ruficollis_24_c010,Pomatorhinus ruficollis,24,train,1,1
Pomatorhinus ruficollis_24_c011,Pomatorhinus ruficollis,24,train,1,1
Pomatorhinus ruficollis_24_c012,Pomatorhinus ruficollis,24,train,1,1
Pomatorhinus ruficollis_24_c013,Pomatorhinus ruficollis,24,train,1,1
Pomatorhinus ruficollis_24_c014,Pomatorhinus ruficollis,24,train,1,1
Pomatorhinus ruficollis_24_c015,Pomatorhinus ruficollis,24,train,1,1
Pomatorhinus ruficollis_24_c016,Pomatorhinus ruficollis,24,train,1,1
Pomatorhinus ruficollis_24_c017,Pomatorhinus ruficollis,24,train,1,1
Pomatorhinus ruficollis_24_c018,Pomatorhinus ruficollis,24,train,1,1
Pomatorhinus ruficollis_24_c019,Pomatorhinus ruficollis,24,train,1,1
Pomatorhinus ruficollis_24_c020,Pomatorhinus ruficollis,24,train,1,1
Pomatorhinus ruficollis_24_c021,Pomatorhinus ruficollis,24,train,1,1
Pomatorhinus ruficollis_24_c022,Pomatorhinus ruficollis,24,train,1,1
Pomatorhinus ruficollis_24_c023,Pomatorhinus ruficollis,24,train,1,1
Pomatorhinus ruficollis_24_c024,Pomatorhinus ruficollis,24,train,1,1
Pomatorhinus ruficollis_24_c026,Pomatorhinus ruficollis,24,train,1,1
Pomatorhinus ruficollis_24_c027,Pomatorhinus ruficollis,24,train,1,1
Pomatorhinus ruficollis_24_c028,Pomatorhinus ruficollis,24,train,1,1
Pomatorhinus ruficollis_24_c029,Pomatorhinus ruficollis,24,train,1,1
Pomatorhinus ruficollis_24_c030,Pomatorhinus ruficollis,24,train,1,1
Pomatorhinus ruficollis_24_c031,Pomatorhinus ruficollis,24,train,1,1
Pomatorhinus ruficollis_25_c000,Pomatorhinus ruficollis,25,train,1,0
Pomatorhinus ruficollis_25_c001,Pomatorhinus ruficollis,25,train,1,0
Pomatorhinus ruficollis_25_c002,Pomatorhinus ruficollis,25,train,1,0
Pomatorhinus ruficollis_25_c003,Pomatorhinus ruficollis,25,train,1,0
Pomatorhinus ruficollis_25_c004,Pomatorhinus ruficollis,25,train,1,0
Pomatorhinus ruficollis_26_c000,Pomatorhinus ruficollis,26,train,1,0
Pomatorhinus ruficollis_26_c001,Pomatorhinus ruficollis,26,train,1,1
Pomatorhinus ruficollis_26_c002,Pomatorhinus ruficollis,26,train,1,1
Pomatorhinus ruficollis_27_c000,Pomatorhinus ruficollis,27,train,1,0
Pomatorhinus ruficollis_27_c001,Pomatorhinus ruficollis,27,train,1,1
Pomatorhinus ruficollis_27_c002,Pomatorhinus ruficollis,27,train,1,1
Pomatorhinus ruficollis_27_c003,Pomatorhinus ruficollis,27,train,1,1
Pomatorhinus ruficollis_27_c004,Pomatorhinus ruficollis,27,train,1,0
Pomatorhinus ruficollis_27_c005,Pomatorhinus ruficollis,27,train,1,0
Pomatorhinus ruficollis_27_c006,Pomatorhinus ruficollis,27,train,1,0
Pomatorhinus ruficollis_27_c007,Pomatorhinus ruficollis,27,train,1,0
Pomatorhinus ruficollis_27_c008,Pomatorhinus ruficollis,27,train,1,1
Pomatorhinus ruficollis_27_c009,Pomatorhinus ruficollis,27,train,1,1
Pomatorhinus ruficollis_28_c000,Pomatorhinus ruficollis,28,train,1,1
Pomatorhinus ruficollis_28_c001,Pomatorhinus ruficollis,28,train,1,1
Pomatorhinus ruficollis_28_c002,Pomatorhinus ruficollis,28,train,1,1
Pomatorhinus ruficollis_28_c003,Pomatorhinus ruficollis,28,train,1,1
Pomatorhinus ruficollis_28_c004,Pomatorhinus ruficollis,28,train,1,1
Pomatorhinus ruficollis_29_c000,Pomatorhinus ruficollis,29,train,1,1
Pomatorhinus ruficollis_29_c001,Pomatorhinus ruficollis,29,train,1,1
Pomatorhinus ruficollis_29_c002,Pomatorhinus ruficollis,29,train,1,1
Pomatorhinus ruficollis_29_c003,Pomatorhinus ruficollis,29,train,1,1
Pomatorhinus ruficollis_29_c004,Pomatorhinus ruficollis,29,train,1,1
Pomatorhinus ruficollis_2_c000,Pomatorhinus ruficollis,2,train,1,1
Pomatorhinus ruficollis_2_c001,Pomatorhinus ruficollis,2,train,1,1
Pomatorhinus ruficollis_2_c003,Pomatorhinus ruficollis,2,train,1,1
Pomatorhinus ruficollis_30_c000,Pomatorhinus ruficollis,30,train,1,1
Pomatorhinus ruficollis_30_c001,Pomatorhinus ruficollis,30,train,1,1
Pomatorhinus ruficollis_30_c003,Pomatorhinus ruficollis,30,train,1,1
Pomatorhinus ruficollis_30_c004,Pomatorhinus ruficollis,30,train,1,1
Pomatorhinus ruficollis_30_c005,Pomatorhinus ruficollis,30,train,1,1
Pomatorhinus ruficollis_30_c006,Pomatorhinus ruficollis,30,train,1,1
Pomatorhinus ruficollis_30_c007,Pomatorhinus ruficollis,30,train,1,1
Pomatorhinus ruficollis_30_c008,Pomatorhinus ruficollis,30,train,1,1
Pomatorhinus ruficollis_31_c001,Pomatorhinus ruficollis,31,train,1,1
Pomatorhinus ruficollis_31_c002,Pomatorhinus ruficollis,31,train,1,1
Pomatorhinus ruficollis_31_c003,Pomatorhinus ruficollis,31,train,1,1
Pomatorhinus ruficollis_31_c004,Pomatorhinus ruficollis,31,train,1,1
Pomatorhinus ruficollis_31_c005,Pomatorhinus ruficollis,31,train,1,1
Pomatorhinus ruficollis_31_c006,Pomatorhinus ruficollis,31,train,1,1
Pomatorhinus ruficollis_32_c000,Pomatorhinus ruficollis,32,test,1,1
Pomatorhinus ruficollis_32_c001,Pomatorhinus ruficollis,32,test,1,1
Pomatorhinus ruficollis_32_c002,Pomatorhinus ruficollis,32,test,1,1
Pomatorhinus ruficollis_32_c003,Pomatorhinus ruficollis,32,test,1,1
Pomatorhinus ruficollis_32_c005,Pomatorhinus ruficollis,32,test,1,1
Pomatorhinus ruficollis_32_c006,Pomatorhinus ruficollis,32,test,1,1
Pomatorhinus ruficollis_32_c007,Pomatorhinus ruficollis,32,test,1,1
Pomatorhinus ruficollis_32_c008,Pomatorhinus ruficollis,32,test,1,1
Pomatorhinus ruficollis_32_c009,Pomatorhinus ruficollis,32,test,1,1
Pomatorhinus ruficollis_33_c000,Pomatorhinus ruficollis,33,val,1,1
Pomatorhinus ruficollis_33_c001,Pomatorhinus ruficollis,33,val,1,1
Pomatorhinus ruficollis_33_c002,Pomatorhinus ruficollis,33,val,1,1
Pomatorhinus ruficollis_33_c003,Pomatorhinus ruficollis,33,val,1,1
Pomatorhinus ruficollis_33_c004,Pomatorhinus ruficollis,33,val,1,1
Pomatorhinus ruficollis_33_c005,Pomatorhinus ruficollis,33,val,1,1
Pomatorhinus ruficollis_34_c000,Pomatorhinus ruficollis,34,train,1,1
Pomatorhinus ruficollis_34_c001,Pomatorhinus ruficollis,34,train,1,0
Pomatorhinus ruficollis_34_c002,Pomatorhinus ruficollis,34,train,1,0
Pomatorhinus ruficollis_34_c003,Pomatorhinus ruficollis,34,train,1,0
Pomatorhinus ruficollis_34_c004,Pomatorhinus ruficollis,34,train,1,1
Pomatorhinus ruficollis_34_c005,Pomatorhinus ruficollis,34,train,1,0
Pomatorhinus ruficollis_34_c006,Pomatorhinus ruficollis,34,train,1,0
Pomatorhinus ruficollis_34_c007,Pomatorhinus ruficollis,34,train,1,0
Pomatorhinus ruficollis_34_c008,Pomatorhinus ruficollis,34,train,1,0
Pomatorhinus ruficollis_34_c009,Pomatorhinus ruficollis,34,train,1,0
Pomatorhinus ruficollis_34_c010,Pomatorhinus ruficollis,34,train,1,0
Pomatorhinus ruficollis_35_c000,Pomatorhinus ruficollis,35,train,1,1
Pomatorhinus ruficollis_35_c001,Pomatorhinus ruficollis,35,train,1,0
Pomatorhinus ruficollis_35_c002,Pomatorhinus ruficollis,35,train,1,1
Pomatorhinus ruficollis_35_c003,Pomatorhinus ruficollis,35,train,1,0
Pomatorhinus ruficollis_35_c004,Pomatorhinus ruficollis,35,train,1,0
Pomatorhinus ruficollis_35_c005,Pomatorhinus ruficollis,35,train,1,1
Pomatorhinus ruficollis_35_c006,Pomatorhinus ruficollis,35,train,1,0
Pomatorhinus ruficollis_35_c007,Pomatorhinus ruficollis,35,train,1,0
Pomatorhinus ruficollis_35_c008,Pomatorhinus ruficollis,35,train,1,0
Pomatorhinus ruficollis_35_c009,Pomatorhinus ruficollis,35,train,1,0
Pomatorhinus ruficollis_35_c010,Pomatorhinus ruficollis,35,train,1,0
Pomatorhinus ruficollis_35_c011,Pomatorhinus ruficollis,35,train,1,0
Pomatorhinus ruficollis_35_c012,Pomatorhinus ruficollis,35,train,1,0
Pomatorhinus ruficollis_35_c013,Pomatorhinus ruficollis,35,train,1,0
Pomatorhinus ruficollis_35_c014,Pomatorhinus ruficollis,35,train,1,0
Pomatorhinus ruficollis_36_c000,Pomatorhinus ruficollis,36,train,1,1
Pomatorhinus ruficollis_36_c001,Pomatorhinus ruficollis,36,train,1,1
Pomatorhinus ruficollis_36_c002,Pomatorhinus ruficollis,36,train,1,1
Pomatorhinus ruficollis_36_c004,Pomatorhinus ruficollis,36,train,1,1
Pomatorhinus ruficollis_36_c005,Pomatorhinus ruficollis,36,train,1,0
Pomatorhinus ruficollis_36_c006,Pomatorhinus ruficollis,36,train,1,1
Pomatorhinus ruficollis_36_c007,Pomatorhinus ruficollis,36,train,1,0
Pomatorhinus ruficollis_37_c000,Pomatorhinus ruficollis,37,train,1,1
Pomatorhinus ruficollis_37_c001,Pomatorhinus ruficollis,37,train,1,1
Pomatorhinus ruficollis_37_c002,Pomatorhinus ruficollis,37,train,1,1
Pomatorhinus ruficollis_37_c003,Pomatorhinus ruficollis,37,train,1,1
Pomatorhinus ruficollis_37_c004,Pomatorhinus ruficollis,37,train,1,1
Pomatorhinus ruficollis_37_c005,Pomatorhinus ruficollis,37,train,1,1
Pomatorhinus ruficollis_37_c006,Pomatorhinus ruficollis,37,train,1,1
Pomatorhinus ruficollis_37_c007,Pomatorhinus ruficollis,37,train,1,1
Pomatorhinus ruficollis_38_c000,Pomatorhinus ruficollis,38,train,1,0
Pomatorhinus ruficollis_38_c001,Pomatorhinus ruficollis,38,train,1,0
Pomatorhinus ruficollis_38_c002,Pomatorhinus ruficollis,38,train,1,0
Pomatorhinus ruficollis_38_c003,Pomatorhinus ruficollis,38,train,1,0
Pomatorhinus ruficollis_39_c000,Pomatorhinus ruficollis,39,train,1,1
Pomatorhinus ruficollis_39_c001,Pomatorhinus ruficollis,39,train,1,1
Pomatorhinus ruficollis_39_c002,Pomatorhinus ruficollis,39,train,1,1
Pomatorhinus ruficollis_39_c003,Pomatorhinus ruficollis,39,train,1,1
Pomatorhinus ruficollis_39_c004,Pomatorhinus ruficollis,39,train,1,1
Pomatorhinus ruficollis_3_c000,Pomatorhinus ruficollis,3,train,1,1
Pomatorhinus ruficollis_3_c001,Pomatorhinus ruficollis,3,train,1,0
Pomatorhinus ruficollis_3_c002,Pomatorhinus ruficollis,3,train,1,0
Pomatorhinus ruficollis_3_c003,Pomatorhinus ruficollis,3,train,1,0
Pomatorhinus ruficollis_40_c000,Pomatorhinus ruficollis,40,train,1,1
Pomatorhinus ruficollis_40_c001,Pomatorhinus ruficollis,40,train,1,1
Pomatorhinus ruficollis_40_c002,Pomatorhinus ruficollis,40,train,1,1
Pomatorhinus ruficollis_40_c003,Pomatorhinus ruficollis,40,train,1,1
Pomatorhinus ruficollis_40_c004,Pomatorhinus ruficollis,40,train,1,1
Pomatorhinus ruficollis_40_c005,Pomatorhinus ruficollis,40,train,1,1
Pomatorhinus ruficollis_40_c006,Pomatorhinus ruficollis,40,train,1,1
Pomatorhinus ruficollis_41_c000,Pomatorhinus ruficollis,41,train,1,1
Pomatorhinus ruficollis_41_c001,Pomatorhinus ruficollis,41,train,1,1
Pomatorhinus ruficollis_41_c002,Pomatorhinus ruficollis,41,train,1,1
Pomatorhinus ruficollis_41_c003,Pomatorhinus ruficollis,41,train,1,1
Pomatorhinus ruficollis_41_c004,Pomatorhinus ruficollis,41,train,1,1
Pomatorhinus ruficollis_41_c005,Pomatorhinus ruficollis,41,train,1,1
Pomatorhinus ruficollis_41_c007,Pomatorhinus ruficollis,41,train,1,0
Pomatorhinus ruficollis_41_c008,Pomatorhinus ruficollis,41,train,1,0
Pomatorhinus ruficollis_4_c000,Pomatorhinus ruficollis,4,train,1,1
Pomatorhinus ruficollis_4_c001,Pomatorhinus ruficollis,4,train,1,1
Pomatorhinus ruficollis_4_c002,Pomatorhinus ruficollis,4,train,1,1
Pomatorhinus ruficollis_4_c003,Pomatorhinus ruficollis,4,train,1,1
Pomatorhinus ruficollis_4_c004,Pomatorhinus ruficollis,4,train,1,1
Pomatorhinus ruficollis_4_c005,Pomatorhinus ruficollis,4,train,1,1
Pomatorhinus ruficollis_4_c006,Pomatorhinus ruficollis,4,train,1,1
Pomatorhinus ruficollis_4_c007,Pomatorhinus ruficollis,4,train,1,1
Pomatorhinus ruficollis_4_c008,Pomatorhinus ruficollis,4,train,1,1
Pomatorhinus ruficollis_4_c009,Pomatorhinus ruficollis,4,train,1,1
Pomatorhinus ruficollis_4_c010,Pomatorhinus ruficollis,4,train,1,1
Pomatorhinus ruficollis_4_c011,Pomatorhinus ruficollis,4,train,1,1
Pomatorhinus ruficollis_4_c012,Pomatorhinus ruficollis,4,train,1,1
Pomatorhinus ruficollis_4_c013,Pomatorhinus ruficollis,4,train,1,1
Pomatorhinus ruficollis_4_c014,Pomatorhinus ruficollis,4,train,1,1
Pomatorhinus ruficollis_4_c015,Pomatorhinus ruficollis,4,train,1,1
Pomatorhinus ruficollis_4_c016,Pomatorhinus ruficollis,4,train,1,1
Pomatorhinus ruficollis_4_c017,Pomatorhinus ruficollis,4,train,1,1
Pomatorhinus ruficollis_4_c018,Pomatorhinus ruficollis,4,train,1,1
Pomatorhinus ruficollis_4_c019,Pomatorhinus ruficollis,4,train,1,1
Pomatorhinus ruficollis_4_c020,Pomatorhinus ruficollis,4,train,1,1
Pomatorhinus ruficollis_5_c000,Pomatorhinus ruficollis,5,test,1,1
Pomatorhinus ruficollis_5_c001,Pomatorhinus ruficollis,5,test,1,1
Pomatorhinus ruficollis_5_c002,Pomatorhinus ruficollis,5,test,1,1
Pomatorhinus ruficollis_6_c000,Pomatorhinus ruficollis,6,train,1,1
Pomatorhinus ruficollis_6_c001,Pomatorhinus ruficollis,6,train,1,1
Pomatorhinus ruficollis_6_c002,Pomatorhinus ruficollis,6,train,1,1
Pomatorhinus ruficollis_6_c003,Pomatorhinus ruficollis,6,train,1,1
Pomatorhinus ruficollis_6_c004,Pomatorhinus ruficollis,6,train,1,1
Pomatorhinus ruficollis_6_c005,Pomatorhinus ruficollis,6,train,1,1
Pomatorhinus ruficollis_6_c006,Pomatorhinus ruficollis,6,train,1,1
Pomatorhinus ruficollis_6_c007,Pomatorhinus ruficollis,6,train,1,1
Pomatorhinus ruficollis_6_c009,Pomatorhinus ruficollis,6,train,1,1
Pomatorhinus ruficollis_6_c010,Pomatorhinus ruficollis,6,train,1,0
Pomatorhinus ruficollis_7_c000,Pomatorhinus ruficollis,7,train,1,1
Pomatorhinus ruficollis_7_c001,Pomatorhinus ruficollis,7,train,1,1
Pomatorhinus ruficollis_7_c002,Pomatorhinus ruficollis,7,train,1,1
Pomatorhinus ruficollis_7_c003,Pomatorhinus ruficollis,7,train,1,1
Pomatorhinus ruficollis_7_c004,Pomatorhinus ruficollis,7,train,1,1
Pomatorhinus ruficollis_7_c005,Pomatorhinus ruficollis,7,train,1,1
Pomatorhinus ruficollis_7_c006,Pomatorhinus ruficollis,7,train,1,1
Pomatorhinus ruficollis_7_c007,Pomatorhinus ruficollis,7,train,1,1
Pomatorhinus ruficollis_7_c008,Pomatorhinus ruficollis,7,train,1,1
Pomatorhinus ruficollis_7_c009,Pomatorhinus ruficollis,7,train,1,1
Pomatorhinus ruficollis_7_c010,Pomatorhinus ruficollis,7,train,1,1
Pomatorhinus ruficollis_8_c000,Pomatorhinus ruficollis,8,train,1,1
Pomatorhinus ruficollis_8_c001,Pomatorhinus ruficollis,8,train,1,1
Pomatorhinus ruficollis_8_c002,Pomatorhinus ruficollis,8,train,1,1
Pomatorhinus ruficollis_9_c000,Pomatorhinus ruficollis,9,val,1,1
Pomatorhinus ruficollis_9_c001,Pomatorhinus ruficollis,9,val,1,1
Pomatorhinus ruficollis_9_c002,Pomatorhinus ruficollis,9,val,1,1
Pomatorhinus ruficollis_9_c003,Pomatorhinus ruficollis,9,val,1,1
Pomatorhinus ruficollis_9_c004,Pomatorhinus ruficollis,9,val,1,0
Pomatorhinus ruficollis_9_c005,Pomatorhinus ruficollis,9,val,1,1
Pomatorhinus ruficollis_9_c006,Pomatorhinus ruficollis,9,val,1,0
Pomatorhinus ruficollis_9_c007,Pomatorhinus ruficollis,9,val,1,0
Pomatorhinus ruficollis_9_c008,Pomatorhinus ruficollis,9,val,1,1
Psilopogon lineatus_10_c000,Psilopogon lineatus,10,train,1,0
Psilopogon lineatus_10_c001,Psilopogon lineatus,10,train,1,0
Psilopogon lineatus_10_c003,Psilopogon lineatus,10,train,1,0
Psilopogon lineatus_10_c004,Psilopogon lineatus,10,train,1,0
Psilopogon lineatus_10_c005,Psilopogon lineatus,10,train,1,0
Psilopogon lineatus_10_c006,Psilopogon lineatus,10,train,1,0
Psilopogon lineatus_10_c007,Psilopogon lineatus,10,train,1,0
Psilopogon lineatus_11_c000,Psilopogon lineatus,11,train,1,1
Psilopogon lineatus_11_c001,Psilopogon lineatus,11,train,1,1
Psilopogon lineatus_11_c002,Psilopogon lineatus,11,train,1,1
Psilopogon lineatus_11_c003,Psilopogon lineatus,11,train,1,1
Psilopogon lineatus_11_c004,Psilopogon lineatus,11,train,1,1
Psilopogon lineatus_11_c005,Psilopogon lineatus,11,train,1,0
Psilopogon lineatus_11_c006,Psilopogon lineatus,11,train,1,1
Psilopogon lineatus_11_c007,Psilopogon lineatus,11,train,1,1
Psilopogon lineatus_12_c000,Psilopogon lineatus,12,train,1,0
Psilopogon lineatus_12_c001,Psilopogon lineatus,12,train,1,0
Psilopogon lineatus_12_c002,Psilopogon lineatus,12,train,1,0
Psilopogon lineatus_12_c003,Psilopogon lineatus,12,train,1,0
Psilopogon lineatus_12_c004,Psilopogon lineatus,12,train,1,0
Psilopogon lineatus_12_c005,Psilopogon lineatus,12,train,1,0
Psilopogon lineatus_12_c006,Psilopogon lineatus,12,train,1,0
Psilopogon lineatus_12_c007,Psilopogon lineatus,12,train,1,0
Psilopogon lineatus_12_c008,Psilopogon lineatus,12,train,1,0
Psilopogon lineatus_13_c000,Psilopogon lineatus,13,train,1,1
Psilopogon lineatus_13_c001,Psilopogon lineatus,13,train,1,1
Psilopogon lineatus_13_c002,Psilopogon lineatus,13,train,1,1
Psilopogon lineatus_13_c004,Psilopogon lineatus,13,train,1,0
Psilopogon lineatus_13_c005,Psilopogon lineatus,13,train,1,1
Psilopogon lineatus_13_c006,Psilopogon lineatus,13,train,1,1
Psilopogon lineatus_13_c007,Psilopogon lineatus,13,train,1,0
Psilopogon lineatus_13_c008,Psilopogon lineatus,13,train,1,1
Psilopogon lineatus_13_c009,Psilopogon lineatus,13,train,1,1
Psilopogon lineatus_13_c010,Psilopogon lineatus,13,train,1,0
Psilopogon lineatus_13_c011,Psilopogon lineatus,13,train,1,1
Psilopogon lineatus_13_c012,Psilopogon lineatus,13,train,1,1
Psilopogon lineatus_14_c000,Psilopogon lineatus,14,test,1,1
Psilopogon lineatus_14_c002,Psilopogon lineatus,14,test,1,0
Psilopogon lineatus_15_c000,Psilopogon lineatus,15,train,1,1
Psilopogon lineatus_15_c001,Psilopogon lineatus,15,train,1,0
Psilopogon lineatus_15_c002,Psilopogon lineatus,15,train,1,0
Psilopogon lineatus_15_c003,Psilopogon lineatus,15,train,1,0
Psilopogon lineatus_15_c004,Psilopogon lineatus,15,train,1,0
Psilopogon lineatus_15_c005,Psilopogon lineatus,15,train,1,0
Psilopogon lineatus_15_c006,Psilopogon lineatus,15,train,1,0
Psilopogon lineatus_15_c007,Psilopogon lineatus,15,train,1,0
Psilopogon lineatus_16_c000,Psilopogon lineatus,16,train,1,1
Psilopogon lineatus_16_c001,Psilopogon lineatus,16,train,1,1
Psilopogon lineatus_16_c002,Psilopogon lineatus,16,train,1,1
Psilopogon lineatus_16_c003,Psilopogon lineatus,16,train,1,1
Psilopogon lineatus_17_c000,Psilopogon lineatus,17,train,1,0
Psilopogon lineatus_17_c001,Psilopogon lineatus,17,train,1,0
Psilopogon lineatus_17_c002,Psilopogon lineatus,17,train,1,0
Psilopogon lineatus_17_c003,Psilopogon lineatus,17,train,1,0
Psilopogon lineatus_18_c000,Psilopogon lineatus,18,val,1,1
Psilopogon lineatus_18_c001,Psilopogon lineatus,18,val,1,1
Psilopogon lineatus_18_c002,Psilopogon lineatus,18,val,1,1
Psilopogon lineatus_18_c003,Psilopogon lineatus,18,val,1,1
Psilopogon lineatus_18_c004,Psilopogon lineatus,18,val,1,1
Psilopogon lineatus_19_c000,Psilopogon lineatus,19,train,1,1
Psilopogon lineatus_19_c002,Psilopogon lineatus,19,train,1,1
Psilopogon lineatus_19_c003,Psilopogon lineatus,19,train,1,1
Psilopogon lineatus_19_c004,Psilopogon lineatus,19,train,1,1
Psilopogon lineatus_19_c005,Psilopogon lineatus,19,train,1,1
Psilopogon lineatus_19_c006,Psilopogon lineatus,19,train,1,1
Psilopogon lineatus_19_c007,Psilopogon lineatus,19,train,1,1
Psilopogon lineatus_1_c000,Psilopogon lineatus,1,train,1,1
Psilopogon lineatus_1_c001,Psilopogon lineatus,1,train,1,1
Psilopogon lineatus_1_c002,Psilopogon lineatus,1,train,1,0
Psilopogon lineatus_1_c003,Psilopogon lineatus,1,train,1,1
Psilopogon lineatus_1_c004,Psilopogon lineatus,1,train,1,0
Psilopogon lineatus_1_c005,Psilopogon lineatus,1,train,1,0
Psilopogon lineatus_1_c006,Psilopogon lineatus,1,train,1,1
Psilopogon lineatus_20_c000,Psilopogon lineatus,20,train,1,1
Psilopogon lineatus_20_c001,Psilopogon lineatus,20,train,1,1
Psilopogon lineatus_21_c000,Psilopogon lineatus,21,train,1,1
Psilopogon lineatus_21_c001,Psilopogon lineatus,21,train,1,1
Psilopogon lineatus_21_c002,Psilopogon lineatus,21,train,1,1
Psilopogon lineatus_21_c003,Psilopogon lineatus,21,train,1,1
Psilopogon lineatus_21_c004,Psilopogon lineatus,21,train,1,1
Psilopogon lineatus_21_c005,Psilopogon lineatus,21,train,1,1
Psilopogon lineatus_21_c006,Psilopogon lineatus,21,train,1,1
Psilopogon lineatus_21_c007,Psilopogon lineatus,21,train,1,1
Psilopogon lineatus_21_c008,Psilopogon lineatus,21,train,1,0
Psilopogon lineatus_21_c009,Psilopogon lineatus,21,train,1,1
Psilopogon lineatus_21_c010,Psilopogon lineatus,21,train,1,1
Psilopogon lineatus_21_c011,Psilopogon lineatus,21,train,1,1
Psilopogon lineatus_21_c012,Psilopogon lineatus,21,train,1,1
Psilopogon lineatus_21_c013,Psilopogon lineatus,21,train,1,1
Psilopogon lineatus_21_c014,Psilopogon lineatus,21,train,1,0
Psilopogon lineatus_21_c015,Psilopogon lineatus,21,train,1,1
Psilopogon lineatus_21_c016,Psilopogon lineatus,21,train,1,1
Psilopogon lineatus_2_c000,Psilopogon lineatus,2,train,1,1
Psilopogon lineatus_2_c001,Psilopogon lineatus,2,train,1,1
Psilopogon lineatus_2_c002,Psilopogon lineatus,2,train,1,1
Psilopogon lineatus_2_c003,Psilopogon lineatus,2,train,1,0
Psilopogon lineatus_2_c004,Psilopogon lineatus,2,train,1,1
Psilopogon lineatus_2_c005,Psilopogon lineatus,2,train,1,1
Psilopogon lineatus_2_c006,Psilopogon lineatus,2,train,1,1
Psilopogon lineatus_2_c007,Psilopogon lineatus,2,train,1,1
Psilopogon lineatus_2_c008,Psilopogon lineatus,2,train,1,1
Psilopogon lineatus_3_c001,Psilopogon lineatus,3,test,1,1
Psilopogon lineatus_3_c002,Psilopogon lineatus,3,test,1,1
Psilopogon lineatus_3_c003,Psilopogon lineatus,3,test,1,0
Psilopogon lineatus_4_c000,Psilopogon lineatus,4,train,1,1
Psilopogon lineatus_4_c001,Psilopogon lineatus,4,train,1,1
Psilopogon lineatus_4_c002,Psilopogon lineatus,4,train,1,1
Psilopogon lineatus_4_c003,Psilopogon lineatus,4,train,1,1
Psilopogon lineatus_4_c004,Psilopogon lineatus,4,train,1,1
Psilopogon lineatus_4_c005,Psilopogon lineatus,4,train,1,1
Psilopogon lineatus_4_c006,Psilopogon lineatus,4,train,1,1
Psilopogon lineatus_4_c008,Psilopogon lineatus,4,train,1,1
Psilopogon lineatus_4_c009,Psilopogon lineatus,4,train,1,1
Psilopogon lineatus_4_c010,Psilopogon lineatus,4,train,1,1
Psilopogon lineatus_4_c011,Psilopogon lineatus,4,train,1,1
Psilopogon lineatus_4_c012,Psilopogon lineatus,4,train,1,1
Psilopogon lineatus_5_c000,Psilopogon lineatus,5,train,1,1
Psilopogon lineatus_5_c001,Psilopogon lineatus,5,train,1,1
Psilopogon lineatus_5_c002,Psilopogon lineatus,5,train,1,1
Psilopogon lineatus_5_c003,Psilopogon lineatus,5,train,1,1
Psilopogon lineatus_5_c004,Psilopogon lineatus,5,train,1,1
Psilopogon lineatus_5_c005,Psilopogon lineatus,5,train,1,1
Psilopogon lineatus_5_c006,Psilopogon lineatus,5,train,1,1
Psilopogon lineatus_5_c007,Psilopogon lineatus,5,train,1,1
Psilopogon lineatus_5_c008,Psilopogon lineatus,5,train,1,1
Psilopogon lineatus_5_c009,Psilopogon lineatus,5,train,1,1
Psilopogon lineatus_5_c011,Psilopogon lineatus,5,train,1,1
Psilopogon lineatus_6_c000,Psilopogon lineatus,6,val,1,1
Psilopogon lineatus_6_c001,Psilopogon lineatus,6,val,1,1
Psilopogon lineatus_6_c002,Psilopogon lineatus,6,val,1,0
Psilopogon lineatus_6_c003,Psilopogon lineatus,6,val,1,1
Psilopogon lineatus_6_c005,Psilopogon lineatus,6,val,1,0
Psilopogon lineatus_6_c006,Psilopogon lineatus,6,val,1,1
Psilopogon lineatus_7_c000,Psilopogon lineatus,7,train,1,1
Psilopogon lineatus_7_c001,Psilopogon lineatus,7,train,1,1
Psilopogon lineatus_7_c002,Psilopogon lineatus,7,train,1,0
Psilopogon lineatus_7_c003,Psilopogon lineatus,7,train,1,1
Psilopogon lineatus_7_c004,Psilopogon lineatus,7,train,1,1
Psilopogon lineatus_7_c005,Psilopogon lineatus,7,train,1,0
Psilopogon lineatus_8_c000,Psilopogon lineatus,8,train,1,1
Psilopogon lineatus_8_c001,Psilopogon lineatus,8,train,1,1
Psilopogon lineatus_9_c000,Psilopogon lineatus,9,train,1,1
Psilopogon lineatus_9_c001,Psilopogon lineatus,9,train,1,1
Psilopogon lineatus_9_c002,Psilopogon lineatus,9,train,1,1
Psilopogon lineatus_9_c003,Psilopogon lineatus,9,train,1,1
Psilopogon lineatus_9_c004,Psilopogon lineatus,9,train,1,1
Psilopogon lineatus_9_c005,Psilopogon lineatus,9,train,1,1
Psittacula eupatria_10_c001,Psittacula eupatria,10,train,1,1
Psittacula eupatria_11_c000,Psittacula eupatria,11,train,1,1
Psittacula eupatria_11_c001,Psittacula eupatria,11,train,1,1
Psittacula eupatria_11_c002,Psittacula eupatria,11,train,1,1
Psittacula eupatria_11_c003,Psittacula eupatria,11,train,1,1
Psittacula eupatria_11_c004,Psittacula eupatria,11,train,1,1
Psittacula eupatria_11_c005,Psittacula eupatria,11,train,1,1
Psittacula eupatria_11_c006,Psittacula eupatria,11,train,1,1
Psittacula eupatria_11_c007,Psittacula eupatria,11,train,1,1
Psittacula eupatria_12_c000,Psittacula eupatria,12,train,1,0
Psittacula eupatria_13_c000,Psittacula eupatria,13,train,1,0
Psittacula eupatria_13_c001,Psittacula eupatria,13,train,1,0
Psittacula eupatria_14_c000,Psittacula eupatria,14,train,1,0
Psittacula eupatria_16_c000,Psittacula eupatria,16,test,1,0
Psittacula eupatria_16_c001,Psittacula eupatria,16,test,1,0
Psittacula eupatria_17_c000,Psittacula eupatria,17,train,1,0
Psittacula eupatria_17_c001,Psittacula eupatria,17,train,1,1
Psittacula eupatria_17_c002,Psittacula eupatria,17,train,1,0
Psittacula eupatria_17_c003,Psittacula eupatria,17,train,1,0
Psittacula eupatria_17_c004,Psittacula eupatria,17,train,1,0
Psittacula eupatria_18_c000,Psittacula eupatria,18,train,1,0
Psittacula eupatria_18_c001,Psittacula eupatria,18,train,1,0
Psittacula eupatria_18_c002,Psittacula eupatria,18,train,1,0
Psittacula eupatria_18_c003,Psittacula eupatria,18,train,1,1
Psittacula eupatria_19_c000,Psittacula eupatria,19,train,1,0
Psittacula eupatria_19_c001,Psittacula eupatria,19,train,1,0
Psittacula eupatria_19_c002,Psittacula eupatria,19,train,1,0
Psittacula eupatria_1_c000,Psittacula eupatria,1,train,1,0
Psittacula eupatria_1_c001,Psittacula eupatria,1,train,1,1
Psittacula eupatria_1_c002,Psittacula eupatria,1,train,1,0
Psittacula eupatria_1_c003,Psittacula eupatria,1,train,1,0
Psittacula eupatria_1_c004,Psittacula eupatria,1,train,1,0
Psittacula eupatria_20_c000,Psittacula eupatria,20,train,1,1
Psittacula eupatria_20_c001,Psittacula eupatria,20,train,1,0
Psittacula eupatria_21_c000,Psittacula eupatria,21,train,1,0
Psittacula eupatria_21_c001,Psittacula eupatria,21,train,1,0
Psittacula eupatria_21_c002,Psittacula eupatria,21,train,1,0
Psittacula eupatria_21_c003,Psittacula eupatria,21,train,1,0
Psittacula eupatria_22_c001,Psittacula eupatria,22,train,1,1
Psittacula eupatria_22_c002,Psittacula eupatria,22,train,1,0
Psittacula eupatria_22_c003,Psittacula eupatria,22,train,1,1
Psittacula eupatria_23_c000,Psittacula eupatria,23,train,1,1
Psittacula eupatria_23_c002,Psittacula eupatria,23,train,1,1
Psittacula eupatria_23_c003,Psittacula eupatria,23,train,1,0
Psittacula eupatria_23_c004,Psittacula eupatria,23,train,1,0
Psittacula eupatria_23_c005,Psittacula eupatria,23,train,1,0
Psittacula eupatria_23_c006,Psittacula eupatria,23,train,1,0
Psittacula eupatria_24_c000,Psittacula eupatria,24,train,1,0
Psittacula eupatria_24_c001,Psittacula eupatria,24,train,1,0
Psittacula eupatria_25_c000,Psittacula eupatria,25,train,1,0
Psittacula eupatria_25_c001,Psittacula eupatria,25,train,1,0
Psittacula eupatria_25_c002,Psittacula eupatria,25,train,1,0
Psittacula eupatria_25_c003,Psittacula eupatria,25,train,1,0
Psittacula eupatria_25_c004,Psittacula eupatria,25,train,1,0
Psittacula eupatria_25_c005,Psittacula eupatria,25,train,1,0
Psittacula eupatria_25_c006,Psittacula eupatria,25,train,1,0
Psittacula eupatria_25_c007,Psittacula eupatria,25,train,1,0
Psittacula eupatria_25_c008,Psittacula eupatria,25,train,1,0
Psittacula eupatria_26_c000,Psittacula eupatria,26,train,1,1
Psittacula eupatria_26_c001,Psittacula eupatria,26,train,1,1
Psittacula eupatria_27_c000,Psittacula eupatria,27,train,1,0
Psittacula eupatria_27_c001,Psittacula eupatria,27,train,1,0
Psittacula eupatria_27_c002,Psittacula eupatria,27,train,1,0
Psittacula eupatria_27_c005,Psittacula eupatria,27,train,1,0
Psittacula eupatria_27_c006,Psittacula eupatria,27,train,1,0
Psittacula eupatria_28_c000,Psittacula eupatria,28,test,1,1
Psittacula eupatria_28_c001,Psittacula eupatria,28,test,1,0
Psittacula eupatria_28_c002,Psittacula eupatria,28,test,1,1
Psittacula eupatria_28_c003,Psittacula eupatria,28,test,1,0
Psittacula eupatria_28_c005,Psittacula eupatria,28,test,1,1
Psittacula eupatria_28_c006,Psittacula eupatria,28,test,1,0
Psittacula eupatria_28_c007,Psittacula eupatria,28,test,1,1
Psittacula eupatria_28_c008,Psittacula eupatria,28,test,1,1
Psittacula eupatria_28_c009,Psittacula eupatria,28,test,1,1
Psittacula eupatria_28_c010,Psittacula eupatria,28,test,1,1
Psittacula eupatria_28_c011,Psittacula eupatria,28,test,1,1
Psittacula eupatria_28_c012,Psittacula eupatria,28,test,1,1
Psittacula eupatria_28_c013,Psittacula eupatria,28,test,1,1
Psittacula eupatria_28_c014,Psittacula eupatria,28,test,1,0
Psittacula eupatria_28_c015,Psittacula eupatria,28,test,1,1
Psittacula eupatria_2_c000,Psittacula eupatria,2,val,1,1
Psittacula eupatria_2_c001,Psittacula eupatria,2,val,1,1
Psittacula eupatria_2_c002,Psittacula eupatria,2,val,1,1
Psittacula eupatria_3_c000,Psittacula eupatria,3,train,1,0
Psittacula eupatria_3_c001,Psittacula eupatria,3,train,1,0
Psittacula eupatria_3_c002,Psittacula eupatria,3,train,1,0
Psittacula eupatria_4_c000,Psittacula eupatria,4,val,1,1
Psittacula eupatria_4_c001,Psittacula eupatria,4,val,1,1
Psittacula eupatria_4_c002,Psittacula eupatria,4,val,1,1
Psittacula eupatria_4_c003,Psittacula eupatria,4,val,1,1
Psittacula eupatria_4_c004,Psittacula eupatria,4,val,1,1
Psittacula eupatria_4_c005,Psittacula eupatria,4,val,1,1
Psittacula eupatria_5_c000,Psittacula eupatria,5,test,1,1
Psittacula eupatria_5_c001,Psittacula eupatria,5,test,1,1
Psittacula eupatria_5_c002,Psittacula eupatria,5,test,1,1
Psittacula eupatria_5_c003,Psittacula eupatria,5,test,1,1
Psittacula eupatria_5_c004,Psittacula eupatria,5,test,1,1
Psittacula eupatria_5_c005,Psittacula eupatria,5,test,1,1
Psittacula eupatria_5_c006,Psittacula eupatria,5,test,1,1
Psittacula eupatria_5_c007,Psittacula eupatria,5,test,1,1
Psittacula eupatria_5_c008,Psittacula eupatria,5,test,1,0
Psittacula eupatria_5_c009,Psittacula eupatria,5,test,1,0
Psittacula eupatria_5_c010,Psittacula eupatria,5,test,1,0
Psittacula eupatria_6_c001,Psittacula eupatria,6,train,1,1
Psittacula eupatria_6_c002,Psittacula eupatria,6,train,1,0
Psittacula eupatria_6_c003,Psittacula eupatria,6,train,1,0
Psittacula eupatria_6_c004,Psittacula eupatria,6,train,1,1
Psittacula eupatria_6_c006,Psittacula eupatria,6,train,1,1
Psittacula eupatria_6_c007,Psittacula eupatria,6,train,1,1
Psittacula eupatria_6_c008,Psittacula eupatria,6,train,1,1
Psittacula eupatria_6_c009,Psittacula eupatria,6,train,1,1
Psittacula eupatria_6_c010,Psittacula eupatria,6,train,1,0
Psittacula eupatria_7_c000,Psittacula eupatria,7,train,1,1
Psittacula eupatria_7_c001,Psittacula eupatria,7,train,1,1
Psittacula eupatria_8_c000,Psittacula eupatria,8,val,1,0
Psittacula eupatria_8_c001,Psittacula eupatria,8,val,1,0
Psittacula eupatria_8_c002,Psittacula eupatria,8,val,1,0
Psittacula eupatria_8_c003,Psittacula eupatria,8,val,1,0
Psittacula eupatria_8_c005,Psittacula eupatria,8,val,1,0
Psittacula eupatria_8_c006,Psittacula eupatria,8,val,1,0
Psittacula eupatria_8_c007,Psittacula eupatria,8,val,1,0
Psittacula eupatria_8_c008,Psittacula eupatria,8,val,1,0
Psittacula eupatria_8_c009,Psittacula eupatria,8,val,1,0
Psittacula eupatria_8_c010,Psittacula eupatria,8,val,1,0
Psittacula eupatria_8_c011,Psittacula eupatria,8,val,1,0
Psittacula eupatria_8_c012,Psittacula eupatria,8,val,1,0
Psittacula eupatria_8_c014,Psittacula eupatria,8,val,1,0
Psittacula eupatria_8_c015,Psittacula eupatria,8,val,1,0
Psittacula eupatria_8_c016,Psittacula eupatria,8,val,1,0
Psittacula eupatria_8_c017,Psittacula eupatria,8,val,1,0
Psittacula eupatria_8_c018,Psittacula eupatria,8,val,1,0
Psittacula eupatria_8_c019,Psittacula eupatria,8,val,1,0
Psittacula eupatria_8_c020,Psittacula eupatria,8,val,1,0
Psittacula eupatria_9_c000,Psittacula eupatria,9,train,1,0
Psittacula eupatria_9_c001,Psittacula eupatria,9,train,1,0
Rimator malacoptilus_10_c000,Rimator malacoptilus,10,train,1,1
Rimator malacoptilus_10_c001,Rimator malacoptilus,10,train,1,1
Rimator malacoptilus_10_c002,Rimator malacoptilus,10,train,1,1
Rimator malacoptilus_10_c003,Rimator malacoptilus,10,train,1,1
Rimator malacoptilus_10_c004,Rimator malacoptilus,10,train,1,1
Rimator malacoptilus_10_c005,Rimator malacoptilus,10,train,1,1
Rimator malacoptilus_10_c006,Rimator malacoptilus,10,train,1,1
Rimator malacoptilus_10_c007,Rimator malacoptilus,10,train,1,1
Rimator malacoptilus_10_c008,Rimator malacoptilus,10,train,1,1
Rimator malacoptilus_10_c009,Rimator malacoptilus,10,train,1,1
Rimator malacoptilus_10_c010,Rimator malacoptilus,10,train,1,1
Rimator malacoptilus_10_c011,Rimator malacoptilus,10,train,1,1
Rimator malacoptilus_11_c001,Rimator malacoptilus,11,val,1,1
Rimator malacoptilus_11_c002,Rimator malacoptilus,11,val,1,1
Rimator malacoptilus_11_c003,Rimator malacoptilus,11,val,1,1
Rimator malacoptilus_11_c004,Rimator malacoptilus,11,val,1,1
Rimator malacoptilus_11_c005,Rimator malacoptilus,11,val,1,1
Rimator malacoptilus_11_c006,Rimator malacoptilus,11,val,1,0
Rimator malacoptilus_12_c000,Rimator malacoptilus,12,val,1,1
Rimator malacoptilus_12_c001,Rimator malacoptilus,12,val,1,1
Rimator malacoptilus_12_c002,Rimator malacoptilus,12,val,1,1
Rimator malacoptilus_12_c003,Rimator malacoptilus,12,val,1,1
Rimator malacoptilus_12_c005,Rimator malacoptilus,12,val,1,0
Rimator malacoptilus_12_c006,Rimator malacoptilus,12,val,1,1
Rimator malacoptilus_12_c007,Rimator malacoptilus,12,val,1,1
Rimator malacoptilus_12_c008,Rimator malacoptilus,12,val,1,0
Rimator malacoptilus_13_c000,Rimator malacoptilus,13,train,1,1
Rimator malacoptilus_13_c001,Rimator malacoptilus,13,train,1,1
Rimator malacoptilus_13_c002,Rimator malacoptilus,13,train,1,1
Rimator malacoptilus_13_c003,Rimator malacoptilus,13,train,1,1
Rimator malacoptilus_13_c004,Rimator malacoptilus,13,train,1,1
Rimator malacoptilus_13_c005,Rimator malacoptilus,13,train,1,1
Rimator malacoptilus_13_c007,Rimator malacoptilus,13,train,1,1
Rimator malacoptilus_13_c008,Rimator malacoptilus,13,train,1,1
Rimator malacoptilus_13_c009,Rimator malacoptilus,13,train,1,1
Rimator malacoptilus_13_c011,Rimator malacoptilus,13,train,1,1
Rimator malacoptilus_14_c000,Rimator malacoptilus,14,train,1,1
Rimator malacoptilus_14_c001,Rimator malacoptilus,14,train,1,0
Rimator malacoptilus_14_c002,Rimator malacoptilus,14,train,1,1
Rimator malacoptilus_14_c003,Rimator malacoptilus,14,train,1,1
Rimator malacoptilus_14_c004,Rimator malacoptilus,14,train,1,1
Rimator malacoptilus_14_c005,Rimator malacoptilus,14,train,1,1
Rimator malacoptilus_14_c006,Rimator malacoptilus,14,train,1,1
Rimator malacoptilus_14_c007,Rimator malacoptilus,14,train,1,1
Rimator malacoptilus_14_c008,Rimator malacoptilus,14,train,1,1
Rimator malacoptilus_14_c009,Rimator malacoptilus,14,train,1,1
Rimator malacoptilus_14_c010,Rimator malacoptilus,14,train,1,1
Rimator malacoptilus_14_c011,Rimator malacoptilus,14,train,1,1
Rimator malacoptilus_15_c000,Rimator malacoptilus,15,train,1,0
Rimator malacoptilus_15_c001,Rimator malacoptilus,15,train,1,0
Rimator malacoptilus_15_c002,Rimator malacoptilus,15,train,1,0
Rimator malacoptilus_15_c004,Rimator malacoptilus,15,train,1,0
Rimator malacoptilus_15_c005,Rimator malacoptilus,15,train,1,0
Rimator malacoptilus_15_c006,Rimator malacoptilus,15,train,1,0
Rimator malacoptilus_15_c007,Rimator malacoptilus,15,train,1,0
Rimator malacoptilus_15_c008,Rimator malacoptilus,15,train,1,0
Rimator malacoptilus_15_c009,Rimator malacoptilus,15,train,1,0
Rimator malacoptilus_16_c000,Rimator malacoptilus,16,train,1,0
Rimator malacoptilus_16_c001,Rimator malacoptilus,16,train,1,0
Rimator malacoptilus_16_c002,Rimator malacoptilus,16,train,1,0
Rimator malacoptilus_16_c003,Rimator malacoptilus,16,train,1,0
Rimator malacoptilus_17_c000,Rimator malacoptilus,17,train,1,0
Rimator malacoptilus_17_c001,Rimator malacoptilus,17,train,1,0
Rimator malacoptilus_17_c002,Rimator malacoptilus,17,train,1,0
Rimator malacoptilus_17_c003,Rimator malacoptilus,17,train,1,0
Rimator malacoptilus_17_c004,Rimator malacoptilus,17,train,1,1
Rimator malacoptilus_17_c005,Rimator malacoptilus,17,train,1,1
Rimator malacoptilus_17_c006,Rimator malacoptilus,17,train,1,1
Rimator malacoptilus_17_c007,Rimator malacoptilus,17,train,1,1
Rimator malacoptilus_18_c000,Rimator malacoptilus,18,train,1,1
Rimator malacoptilus_18_c001,Rimator malacoptilus,18,train,1,0
Rimator malacoptilus_18_c002,Rimator malacoptilus,18,train,1,1
Rimator malacoptilus_18_c003,Rimator malacoptilus,18,train,1,0
Rimator malacoptilus_18_c004,Rimator malacoptilus,18,train,1,1
Rimator malacoptilus_18_c005,Rimator malacoptilus,18,train,1,0
Rimator malacoptilus_18_c006,Rimator malacoptilus,18,train,1,0
Rimator malacoptilus_18_c007,Rimator malacoptilus,18,train,1,0
Rimator malacoptilus_18_c008,Rimator malacoptilus,18,train,1,1
Rimator malacoptilus_18_c009,Rimator malacoptilus,18,train,1,0
Rimator malacoptilus_18_c010,Rimator malacoptilus,18,train,1,1
Rimator malacoptilus_19_c000,Rimator malacoptilus,19,train,1,1
Rimator malacoptilus_19_c001,Rimator malacoptilus,19,train,1,1
Rimator malacoptilus_19_c002,Rimator malacoptilus,19,train,1,1
Rimator malacoptilus_19_c003,Rimator malacoptilus,19,train,1,1
Rimator malacoptilus_19_c004,Rimator malacoptilus,19,train,1,1
Rimator malacoptilus_1_c000,Rimator malacoptilus,1,test,1,1
Rimator malacoptilus_20_c000,Rimator malacoptilus,20,train,1,0
Rimator malacoptilus_20_c001,Rimator malacoptilus,20,train,1,0
Rimator malacoptilus_20_c002,Rimator malacoptilus,20,train,1,1
Rimator malacoptilus_20_c003,Rimator malacoptilus,20,train,1,0
Rimator malacoptilus_20_c004,Rimator malacoptilus,20,train,1,0
Rimator malacoptilus_20_c005,Rimator malacoptilus,20,train,1,1
Rimator malacoptilus_20_c006,Rimator malacoptilus,20,train,1,1
Rimator malacoptilus_20_c007,Rimator malacoptilus,20,train,1,0
Rimator malacoptilus_20_c008,Rimator malacoptilus,20,train,1,1
Rimator malacoptilus_2_c001,Rimator malacoptilus,2,train,1,1
Rimator malacoptilus_2_c002,Rimator malacoptilus,2,train,1,1
Rimator malacoptilus_2_c003,Rimator malacoptilus,2,train,1,0
Rimator malacoptilus_2_c004,Rimator malacoptilus,2,train,1,1
Rimator malacoptilus_2_c005,Rimator malacoptilus,2,train,1,1
Rimator malacoptilus_2_c006,Rimator malacoptilus,2,train,1,1
Rimator malacoptilus_2_c008,Rimator malacoptilus,2,train,1,1
Rimator malacoptilus_2_c009,Rimator malacoptilus,2,train,1,0
Rimator malacoptilus_2_c010,Rimator malacoptilus,2,train,1,1
Rimator malacoptilus_2_c011,Rimator malacoptilus,2,train,1,1
Rimator malacoptilus_2_c012,Rimator malacoptilus,2,train,1,1
Rimator malacoptilus_2_c013,Rimator malacoptilus,2,train,1,1
Rimator malacoptilus_2_c014,Rimator malacoptilus,2,train,1,1
Rimator malacoptilus_2_c015,Rimator malacoptilus,2,train,1,1
Rimator malacoptilus_2_c016,Rimator malacoptilus,2,train,1,1
Rimator malacoptilus_2_c017,Rimator malacoptilus,2,train,1,1
Rimator malacoptilus_2_c018,Rimator malacoptilus,2,train,1,1
Rimator malacoptilus_2_c019,Rimator malacoptilus,2,train,1,1
Rimator malacoptilus_2_c020,Rimator malacoptilus,2,train,1,0
Rimator malacoptilus_2_c021,Rimator malacoptilus,2,train,1,0
Rimator malacoptilus_3_c000,Rimator malacoptilus,3,train,1,1
Rimator malacoptilus_3_c001,Rimator malacoptilus,3,train,1,1
Rimator malacoptilus_3_c003,Rimator malacoptilus,3,train,1,1
Rimator malacoptilus_3_c004,Rimator malacoptilus,3,train,1,1
Rimator malacoptilus_3_c005,Rimator malacoptilus,3,train,1,1
Rimator malacoptilus_3_c007,Rimator malacoptilus,3,train,1,1
Rimator malacoptilus_3_c008,Rimator malacoptilus,3,train,1,1
Rimator malacoptilus_3_c009,Rimator malacoptilus,3,train,1,1
Rimator malacoptilus_3_c010,Rimator malacoptilus,3,train,1,1
Rimator malacoptilus_3_c011,Rimator malacoptilus,3,train,1,1
Rimator malacoptilus_3_c012,Rimator malacoptilus,3,train,1,1
Rimator malacoptilus_3_c013,Rimator malacoptilus,3,train,1,1
Rimator malacoptilus_3_c014,Rimator malacoptilus,3,train,1,1
Rimator malacoptilus_3_c015,Rimator malacoptilus,3,train,1,1
Rimator malacoptilus_4_c000,Rimator malacoptilus,4,train,1,1
Rimator malacoptilus_4_c001,Rimator malacoptilus,4,train,1,0
Rimator malacoptilus_5_c000,Rimator malacoptilus,5,train,1,1
Rimator malacoptilus_5_c001,Rimator malacoptilus,5,train,1,1
Rimator malacoptilus_5_c002,Rimator malacoptilus,5,train,1,1
Rimator malacoptilus_5_c003,Rimator malacoptilus,5,train,1,1
Rimator malacoptilus_5_c004,Rimator malacoptilus,5,train,1,1
Rimator malacoptilus_5_c005,Rimator malacoptilus,5,train,1,1
Rimator malacoptilus_5_c006,Rimator malacoptilus,5,train,1,1
Rimator malacoptilus_5_c008,Rimator malacoptilus,5,train,1,1
Rimator malacoptilus_5_c009,Rimator malacoptilus,5,train,1,1
Rimator malacoptilus_5_c010,Rimator malacoptilus,5,train,1,1
Rimator malacoptilus_5_c011,Rimator malacoptilus,5,train,1,1
Rimator malacoptilus_5_c012,Rimator malacoptilus,5,train,1,1
Rimator malacoptilus_6_c000,Rimator malacoptilus,6,train,1,0
Rimator malacoptilus_6_c001,Rimator malacoptilus,6,train,1,0
Rimator malacoptilus_6_c002,Rimator malacoptilus,6,train,1,0
Rimator malacoptilus_7_c000,Rimator malacoptilus,7,test,1,1
Rimator malacoptilus_7_c001,Rimator malacoptilus,7,test,1,1
Rimator malacoptilus_7_c002,Rimator malacoptilus,7,test,1,1
Rimator malacoptilus_7_c003,Rimator malacoptilus,7,test,1,1
Rimator malacoptilus_7_c004,Rimator malacoptilus,7,test,1,0
Rimator malacoptilus_8_c000,Rimator malacoptilus,8,train,1,1
Rimator malacoptilus_8_c001,Rimator malacoptilus,8,train,1,1
Rimator malacoptilus_8_c002,Rimator malacoptilus,8,train,1,1
Rimator malacoptilus_8_c003,Rimator malacoptilus,8,train,1,0
Rimator malacoptilus_8_c004,Rimator malacoptilus,8,train,1,1
Rimator malacoptilus_8_c005,Rimator malacoptilus,8,train,1,1
Rimator malacoptilus_8_c006,Rimator malacoptilus,8,train,1,1
Rimator malacoptilus_8_c007,Rimator malacoptilus,8,train,1,1
Rimator malacoptilus_8_c008,Rimator malacoptilus,8,train,1,0
Rimator malacoptilus_8_c009,Rimator malacoptilus,8,train,1,1
Rimator malacoptilus_9_c000,Rimator malacoptilus,9,train,1,1
Rimator malacoptilus_9_c001,Rimator malacoptilus,9,train,1,1
Rimator malacoptilus_9_c002,Rimator malacoptilus,9,train,1,1
Rimator malacoptilus_9_c003,Rimator malacoptilus,9,train,1,1
Rimator malacoptilus_9_c004,Rimator malacoptilus,9,train,1,0
Rimator malacoptilus_9_c005,Rimator malacoptilus,9,train,1,1
Rimator malacoptilus_9_c006,Rimator malacoptilus,9,train,1,1
Rimator malacoptilus_9_c007,Rimator malacoptilus,9,train,1,1
